word	translation
the	那
of	的；属于
and	和；与
to	到；向；趋于；向前
in	在...期间；在...之内；处于...之中；从事于；按照；穿着；进入；朝里；在里面；在屋里；在里面的；在朝的；执政者；交情
for	为；因为；至于；DOS批处理命令:对一组参数重复执行指定的命令
is	be的现在式第三人称；加下标次序；信息系统；国际标准；中间系统
on	在...之上；...上去；正起作用的；打开
that	那；那个；以致；因为；那么；那样
by	被；经；由；在...之旁；经过；在近处
this	这；本；这么
with	和...在一起；以；由于
you	你；你们
it	它；信息论；输入终端；智能终端；内捕获
not	不；非；未
or	或；或者
be	是；表示；在；后端；总线允许
are	be的现在时复数或第二人称单数
from	从；来自；根据
at	在；向；对；地址转换器；异常传输；自动订票
as	同样地；例如；做为；当作；当...之时；以...的方式；像...一样；因为；高级系统；先进系统；辅助存储器；自治系统
your	你的；你们的
all	所有的；全部的；一切的；全部；全然
have	有；怀有；拿；进行；已经
new	新的；陌生的；最近的；不熟悉的；新发现的；重新开始的
more	更多；多的；程度较大的；更大的；多；进一步；DOS外部命令:显示满屏后自动暂停；并显示:"--More--"；按任意键继续
an	一
was	be的过去式
we	我们
will	意志；决心；意愿；意向；干劲；遗嘱；用意志的力量驱使；决意；愿意；立遗嘱；下决心；将；必须
home	家；避难所；故乡；家庭的；国内的；打中目标的；在家；在本国；打中目标地；返回始位
can	装罐；罐头；容器；能；可以；作废字符
us	我们；美国
about	在...周围；大约；有关；关于；四处；在附近；周围
if	如果；是否；无论何时；假设；即使；条件；DOS批处理命令:根据所测试的条件决定是否执行另一条命令
page	页；记录；事件；专栏；男侍；标明...的页数；翻...的书页；分页排版；呼叫；侍候；翻书页；侍侯；页面
my	我的；迈尔(热容单位)
has	have的第三人称单数现在式
search	搜寻；查究；搜查；探求；调查；搜索；路径检索程序
free	自由的；享受政治权力的；允许的；免费的；丰富的；释放；解放；使自由；自由地；免费
but	除了；但是；仅仅
our	我们的
one	一(个)；一；任何人；一个；一致的；完整的
other	其他的；另外的；从前的；他人；另外一个
do	做；进行；完成
no	不；拒绝；否决票；没有；不是；绝非
information	消息；知识；通知；情报；信息；问讯处；起诉
time	时间；时侯；时机；时期；期限；次数；节拍；暂停；规定时间；测定...的时间；记录...的时间；计时；定时；时间的；记时的；定时的；定期的；分期的；DOS内部命令:用于显示或设定系统的时间
they	他们；它们
site	位置；场所；地点；给...择址
he	他；男孩；男人；雄性动物
up	向上的；起床的；涨的；向上；上涨；在...上面；向...的较高处
may	五月；愿能；可以；愿意
what	什么；怎么；多么；什么的；到什么程度
which	哪一个；那一个
their	他们的
news	新闻；消息；报导；新闻报导
out	外面的；熄灭的；结束的；在外；熄灭；出现；出自；离去；向
use	使用；习惯；使用价值；用法；使用权；利用；运用；耗费；惯常
any	任何的；任何
there	在那里
see	看见；查看；参观；游览；理解；知道；同意；看；观看；注意；考虑；主教的职位
only	唯一的；仅有的；最佳的；只有；仅仅；只能；但是；不过
so	如此；如是；如...那样；所以；因此；这样
his	他的；组氨酸
when	当...的时候；何时；什么时候；什么时侯；时间
contact	联系；交际；熟人；接触；使接触
here	在这里；此时；这里
business	生意；事情；业务；商业；商行；职责；企业；营业
who	谁
web	网；蛛丝；蹼；织物；圈套；卷筒纸；结网；形成网；织蜘蛛网于；使落入圈套
also	也；并且；同样地
now	现在；刚才；目前；现在的；由于
help	帮忙；帮助者；补救办法；有益的东西；帮助；接济；治疗；款待；有用；救命；招待；帮助程序；DOS外部命令: DOS命令的电子文件帮助程序
get	得到；获得；变成；使得；收获；接通；抓住；染上；到达；成为；变得；(网球等)救球；生殖；幼兽；取得指令；获取文件
PM	出纳员；军需官；调相；性能管理；处理模块；程序存储器
view	视野；风景；见解；视力；观看；视图；指望；意图；印象；看；考虑；视察；查看；估量
online	联机
first	首先；第一；优先；第一的；开始
AM	be的单数第一人称；存取管理程序；寻址方式；地址标记；变址数；调幅；辅助存储器
been	be的过去分词
would	将；愿意
how	如何；怎样；多少；多么；方式
were	be的过去式
me	我
services	服务；服务项目（service复数形式）
some	一些；一部分；若干；大约；一些的；少许的；某一的
these	这些
click	咔哒声；啪嗒声；作咔哒声；使发咔哒声；单击
its	它的
like	相似的；同样的；喜欢；愿意；想；希望；爱好；同样的人(或物)；象；如同；可能
service	服务；贡献；雇佣；公职；服役；功劳；仪式；送达；行政部门；保养；维修；武装部队的；服务性的；仆人的；耐用的；业务
than	比；除...外
find	发现；感到；找到；认为；得到；裁决；查找；DOS外部命令:在指定的文件或从键盘输入的文本行中；寻找指定的字符串；将符合条件的行或行数输出到标准输出设备上
price	价格；代价；价值；定...的价格
date	日期；约会；枣椰树；定日期；注明日期；过时
back	后面的；使后退；支持；倒退；背靠；向后地；背部；后面
top	顶部；顶端；极点；上面；上部；顶篷；最高地位；首位；陀螺；最高的；顶上的；头等的；盖；加以顶；高达；超越；结束；达到顶点；高出；TOP协议
people	人；人民；民族；平民；使住满人；居住于
had	have的过去式和过去分词
list	目录；名单；明细表；布条；条纹；列表；序列；数据清单；列出；列于表上；记入名单内；装布条
name	名字；名称；姓名；名义；名誉；文件名；命名；称呼；任命；提名；列举；姓名的；据以取名的
just	正直的；合理的；正确的；应得的；刚刚；正好；仅仅
over	结束；越过；从头到尾；在...之上；遍于...之上；上面的
state	州；状态；情形；国家；政府；领土；国务；社会地位；国家的；正式的；礼仪用的；州的；说明；陈述；规定
year	年；年度；年龄
day	天；日子；白天；工作日；日(一昼夜)；昼
into	进入...之内；朝...；深入...之中；成为...状况
email	电子信函
two	二；二个
health	健康；卫生；蓬勃；健康状态
world	世界；地球；宇宙；万物；世人；人间；领域；世事；世故；社会生活；大量
re	关于；不动产；房地产；赖斯编码
next	下一个；下一个的；其次的；贴近的；然后；下次；次于；近邻干扰
used	使用过的；二手的；习惯的
go	去；走；达到；运转；查阅；消失；结束；放弃；花费；流传；趋于；打算；剩下；以...打赌；对付；忍受；出产；为被捕者出(保释金)；尝试；进行
work	工作；劳动；职业；行为；功；作品；成果；产品；工程；做；运转；起作用；被加工；使工作；使转动；开动；使用；经营；使逐渐变得；造成
last	最后的；末尾的；最近的；持续；支持；维持；使维持；够...用；最后；后来；末尾；鞋楦头
most	最多；最大；大多数的；几乎全部的；最多的；最；极其
products	产品；商品（product的复数）
music	音乐；乐曲
buy	买；获得；购买；买得的东西
data	pl. 资料；数据；DOS内部命令:用于显示或设定系统的日期
make	制造；安排；创造；构成；使得；产生；造成；整理；布置；引起；到达；进行；开始；前进；增大；被制造；被处理；构造；性情
them	他们；她们；它们
should	应该；将要
product	产品；结果；乘积；生产物
system	系统；体系；制度；方式；秩序；分类原则；体制
post	柱；杆；准星；邮件；邮政；标竿；职位；岗位；哨所；兵营；张帖；邮递；公布；登入帐；使熟悉；布置；快速行进；急速地；记入；登记；上电自检
her	她的；她
city	城市；市；都市
add	增加；添加；附带说明；计算...总和；做加法；积累而成；增添；加法
policy	政策；方针；策略；保险单；凭单
number	数；数字；数目；号码；计算；共计；报数
such	如此的；这样的
please	请；使高兴；合...的心意；取悦；使人满意；讨好；愿意；敬请
available	可利用的；可获得的；有效的；可得的
copyright	版权；著作权
support	支持；支撑；援助；供养；支撑物；支援；帮助；忍受；证实；后援
message	消息；通讯；讯息；教训；预言；广告词；通知；通报；报告；报信；报文；信息
after	在...之后；由于；后来
best	最好的；最好地；最好的人
software	软件；软设备
then	然后；当时；那时
Jan	一月
good	善行；好处；利益；好的；优良的；上等的；愉快的；有益的；好心的；慈善的；虔诚的
video	影像；电视；图像的；电视的
well	井；泉水；源泉；好；涌出；健康的；良好的；适宜的；恰当的；很好地；适当地；好意地；很；完全；好啦
where	在哪里；哪里；地点
info	信息
rights	正当权利；权限；权限程序
public	公众；民众；公众的；公共的；公立的；公用的
books	书评；书籍（book的复数）
high	高度；高处；高的；高级的；主要的；高尚的；高原的；高音的；昂贵的；傲慢的；高度地；奢侈地
school	学校；鱼群；门派；学派；教育；训练；培养；成群地游
through	穿越；从头至尾；到底；因为；经过；穿过；对穿的；直达的；完结的
each	每个；每一；个人；各自
links	高尔夫球场
she	她
review	检讨；复习；回顾；检阅；评论；温习；再检察；复审；复习功课；写评论
years	年代；岁月；年；年龄
order	次序；规则；命令；定货；整理；定购；顺序；阶数
very	真正的；恰好的；十足的；特有的；非常；完全
privacy	隐私；隐居；秘密；个人保密权
book	书；书籍；帐簿；名册；工作簿；登记；预订
items	项目；名目；所有物品（item的复数形式）
company	公司；友伴；交往；连队；朋友；一群；陪伴
read	读；阅读；理解；有学问的；读取
group	团体；组；团；群；聚合；成群；创建组；用户组
sex	性别；性欲；区别...的性别；引起...的性欲
need	需要；必须；缺乏；必需；贫困；有必要
many	多数；多数人；许多的；许多
user	使用者；用户
said	上述的；say的过去式和过去分词
de	非对映体过量；铥(69号元素铥的别名；1916年Eder离得的假想元素)
does	做；工作；有用（do的第三人称单数形式）
set	日落；同伙；组合；集合；装置；放；安置；放置；设定；使凝结；点燃；确定；点缀；使就位；树立；分配；调整；凝固；定型；搁住；结果；适合；决心的；规定的；故意的；持久的；固定的；老套的；准备好的；设置；DOS内部命令:改变或显示分配给环境变量的值
under	在...之下；低于；下面的；从属的；在下面
general	一般；将军；大体；全面的；大体的；总的；一般的；普遍的；常规
research	研究；调查；考察
university	大学
January	一月
mail	邮件；邮政；邮递；盔甲；邮寄；给...穿盔甲
full	全部；完整；充满的；完全的；丰富的；完美的；丰满的；详尽的；完全地；整整；十分；把(衣服等)缝得宽松；漂洗
map	地图；天体图；映像；映射；绘制...地图；计划；实用程序；制造自动化协议
reviews	评论；综述；复核；复习（review的复数）
program	节目；节目单；程序；纲要；大纲；计划；规划；拟...计划；安排节目；编程序
life	生活；生命；人生；世事；生物；寿命；一生；生命力；灵魂；无期徒刑；生存
know	知道；了解；认识；确信
games	(英)体操课；体育课；运动会；比赛会；竞技会
way	路；路线；路途；方法；道路；情形；规模；习惯；行业；方面；远远地；非常
days	一生；时期；每天；在白天
management	经营；支配；管理；管理处
part	部分；局部；零件；要素；等分；职责；角色；部位；分开；分离；断绝；区别；分配；断裂；分手；部分的；局部的；部分地；有些
could	可以；能
great	大的；非常的；主要的；重大的；崇高的；伟大的；顺利地；得意地；全部；大人物；大师
united	联合的；团结的；一致的；和睦的；统一的
hotel	旅馆；客栈
real	真的；真实的；实际的；实在的；不动(产)的；实数的；实数；现实；真正地
item	项目；条款；一则；项
international	国际的；国别设定
center	中心；中心点；中锋；中央的；位在正中的；集中；定中心；居中；中央
ebay	电子港湾；易趣（知名网上购物网站）
must	必须；未发酵葡萄汁；绝对必要的事物
store	商店；贮藏；仓库；备用品；存储器；储存；供给；贮藏的；现成的；存储器操作；存储
travel	旅行；游历；行进；移动；被传播；通过；使移动
comments	注解；评论（comment的复数）
made	人工制成的；成功的；创造的；make的过去式和过去分词
development	发展；展开
report	报告；报道；传说；案情报告；爆炸声；成绩单；汇报；转述；揭发；使报到；写报道；报到
off	关着的；不再生效的；处于...境况的；休假的；空闲的；走开；...掉；...下；休息；出发；隔断；离开；脱落；不在从事......；在...之外；滚开；杀死；关闭状态；关闭；清屏命令
member	成员；会员；│肢；肢体
details	详细资料；细节（detail的复数）
line	列；线；绳；电线；线路；路线；航线；作业线；界线；战线；外形；排；家系；排成一行；顺...排列；划线于；加衬里；使有线条；使起皱纹；排队
terms	条件；条款；费用；价钱；关系；地位；交谊
before	在...之前；在前
hotels	酒店；大饭店；旅馆（hotel的复数）
did	do的过去式
send	发送；使进入；寄；派遣；发射；使陷于；寄信；派人；播送；(船的)上升运动
right	权利；右边；正义；右派；公正；正确的；对的；恰当的；正常的；正直的；正面的；右方的；正确地；以有利结果；一直；直接；向右；扶直；整理；纠正；伸冤；使昭雪；恢复平衡；右
type	类型；样式；典型；榜样；标志；符号；型；式；打字；作为代表；测定类型；用打字机打；键入；DOS内部命令:在屏幕上显示指定文件的内容
because	因为
local	地方性的；当地的；局部的；乡土的；本地的；当地居民；本地新闻；局部
those	那些
using	使用
results	结果；成绩（result的复数）
office	办公室；部；公职；职责
education	教育；训练；教育学
national	国家的；国立的；全国性的；民族的；国民的
car	汽车；客车；车
design	设计；图样；方案；企图；计划
take	拿；取；抓；带领；获得；就座；接受；吃；吸引；采取；乘；需要；花费；吃掉对方棋子；抓住；起作用；依法获得财产；收成；奏效
posted	贴出；布置；通告（post的过去分词）
internet	因特网；国际互连网；网际网络；互连网络；广域网
address	住址；演说；举止；灵巧；求爱；发表(演说或讲话)；对付；写地址；地址；寻址
community	社区；公众；共有；共同体；社会
within	内部；里头；在内部；在内心里；在...之内
States	美国
area	区域；面积；范围；空地
want	需要的东西；缺乏；贫困；需要；要；希望；应该；缺少；生活困苦
phone	电话；受话器；耳机；打电话给；打电话
dvd	abbr. 数字化视频光盘（Digital Video Disk）
shipping	装运；航行；船舶；船舶吨数；运送；海运
reserved	保留的；预备的；预定的；腼腆的；不露感情的；含蓄的；缄默的；冷淡的；用作储备的
subject	科目；主题；臣民；主语；题目；(事物的)经受者；学科；受治疗者；原因；理由；服从的；易患...的；隶属的；受支配的；在...条件下；使隶属；使受到；主体
between	在...之间
forum	论坛；公开讨论的广场；法庭；讨论会；专题讨论；公共论坛
family	家庭；家人；族；家庭的
long	长的；长久的；冗长的；做多头的；渴望；热望；极想；长久；始终；长时间；长信号；长整型；长
based	立基于；以…为基础（base的过去式和过去分词）
code	代码；密码；法规；法典；把...编码
show	显示；表现；展览；卖弄；炫耀；外观；演出；洋相；表示；展现；陈列；表明；指出；带领；露面；显现
even	平坦的；相等的；连贯的；均等的；公平的；偶数的；平均的；平衡的；恰好的；使平坦；使相等；变平；成为相等；甚至；实际上；完全；十分；偶数；偶校验
black	黑色；黑颜料；黑色的
check	检查；支票；阻止物；寄物牌；象棋中将军；阻止；核对；寄存；托运；逐项相符；开支票；复选
special	专辑；专车；号外；特别的东西；负有特别任务的人员；特别的；专门的；特殊的；额外的；附加的；特别亲密的
prices	价格（price的复数）
website	网站（全球资讯网的主机站）
index	索引；指针；指数；指标；编入索引中；指出；做索引；下标；附标；变址；编索引
being	存在；性质；生命；人；生物；be的现在分词
women	pl. 女人
much	大量；许多；重要的事；很多的；重要的；多；甚；几乎
sign	符号；招牌；征兆；正负号；手势；签名；打手势表达；符号字符
file	档案；公文箱；文件夹；文件；卷宗；锉刀；列队行进；用锉刀做；归档；申请；锉；琢磨
link	环；连结物；链接；火把；连结；联合；挽住；连接起来；连接；链路
open	公开；户外；空旷；开着的；开放的；开阔的；营业着的；公开的；悬而未决的；打开；开放；展开；开始；展现；打开指令；打开语句
today	今天；当今；现在
technology	技术；工业技术；术语；技术学；工艺学
south	南方；南；南的；向南的；在南方；转向南方
case	情形；情况；箱；容器；事实；病例；案例；框子；装箱；包盖
project	计划；设计；事业；投掷；发射；使凸出；放映；凸出
same	相同的；同样的；相同的人(或事物)；同样地
pages	页数；青年侍从（page的复数）
UK	联合王国
version	一种描述；版本；译文
section	区段；部分；区域；节；截面；处；科；区；扇区；把...分段；把...切片；被切成片
own	自己的；嫡亲的；同胞的；拥有；支配；自认；承认；顺从于；供认
found	建立；创立；铸造；find的过去式和过去分词
sports	(英)运动会；运动的；适用于运动的；运动会的；与运动会有关的
house	房子；住宅；机构；议院；家族；家庭；给...房子住；收藏；住；躲藏
related	讲述的；叙述的；有关系的；有关联的
security	安全；安全性；防护物；保安；可靠性；担保人；抵押品；保证金；保密性；安全检查程序
both	两者的；两者都；两者
county	县；郡
American	美国人；美国的；美洲的
photo	相片；照片；逼真的描绘；照相；照相的；摄影用的；详细记录的；逼真的；酷似的
game	比赛；玩耍；比分；得胜；比赛规则；策略；游戏；野味；赌博；勇敢的；有胆量的；关于野味的；跛的；博弈；对策
members	成员；会员（member的复数）
power	力；体力；力量；势力；动力；权力；强国；乘方；强度；幂；功率；使...有力量；供以动力；激励；乘幂；DOS外部命令:能控制许多电池电源计算机上的电源管理特性
while	一会儿；(一段)时间；当...的时候；虽然；消磨
care	小心；照料；忧虑；关心；介意；在意；喜欢
network	网络；广播网；网状物
down	向下的；下；下去；降下；往下；沿着；丘陵；软毛；开阔的高地；向下；退下命令
computer	电脑；电子计算机；计算机
systems	体制；体系；制度；系统（system的复数形式）
three	三；三个
total	全体的；总的；全然的；计算...的总和；共计为；合计；总数；全体；统统
place	地方；地点；位置；住所；座位；地位；处境；特权；空间；余地；职务；位；放置；寄予；认出；评定；任命；名次列前
end	结束；终点；目标；末端；梢；死亡；残余；终结；终止；端
following	下列各项；部下；追随者；下列的；其次的
download	卸载；下栽
him	他
without	没有；不；在...之外；在外面；户外；外面；外部
per	每一；通过；经；按照；每
access	通路；入口；接近；进入；使用权；发作；访问；存取；使用
think	想；考虑；想起；想像；打算；认为；思考；料想；想法；思想的
North	北方；北；北的；北方的；向北方；在北方
resources	资源；物力（resource的复数）
current	涌流；趋势；流；流通的；现在的；当前的；流行的
posts	标杆；岗位；帖子；邮件（post的复数）
big	大的；重要的；大量地
media	媒体；媒质
law	法律；法则；定律；法律的制约；法学；司法界；诉讼；起诉
control	控制；管理；克制；控制器；操纵装置；操纵；抑制
water	水；雨水；海水；水位；水面；流水；给...浇水；供以水；注入水；使湿；流泪；流口水；加水；水的；水上的；水生的；含水的
history	历史；过去；经历；发展过程；历史学；过去的事；历史记录
pictures	电影院
size	大小；尺寸；规模；尺码；能力；浆料；上浆；依大小排列；可比拟；一定大小的；一定尺寸的
art	艺术；人文科学；技术；巧妙；诡计；美术；实际保持时间；特许权和资源表；平均检索时间；平均运行时间
personal	私人的；涉及隐私的；有人性的；人称的；亲自的；身体的；人的；个人的；自身的
since	自...以后；自...以来；自那时以后；既然
including	包含；包括；算入
guide	引导者；导游；指南；路标；指导；支配；管理；带领；操纵；任向导；辅助线
shop	商店；工厂；车间；购物；到处寻找；选购
directory	目录；工商名录；指南
board	木板；甲板；膳食；会议桌；乘船；供膳食；用板覆盖；搭伙；板
location	位置；场所；特定区域
change	变化；找回的零钱；找头；更换；改变；兑换
white	白色；洁白；眼白；白种人；蛋白；白色的；纯洁的；白种的；苍白的；空白的；幸运的
text	文本；正文；课文；主题；圣经文句；乐谱；电文
small	小的；少的；小型的；低微的；小气的；细微的；些微地；狭小部分
rating	等级；额定功率；责骂；等级评定
rate	比率；率；速度；价格；费用；等级；估价；认为；鉴定等级；责骂；被评价
government	政府；内阁；政治；政体
children	pl. 孩子；孩子们
during	在...的时候
USA	美国；美利坚合众国；美国陆军
return	回来；返回；来回票；归还；报答；利润率；报告书；返回的；回程的；报答的；反向的；重现的；复原的；还；回报；产生；反射；报告；申报；退回
students	（尤指大专院校的）学生（student的复数）
shopping	买东西；购物
account	报告；解释；估价；理由；利润；算账；帐目；报帐；导致；报偿；占；杀死；认为；帐户；帐号
times	时代；境遇；时报
sites	遗址；举办地点；网站（site的复数）
level	水平；水准；平地；同高的；平坦的；齐平的；水平的；弄平；夷平；使同等；瞄准；对准；变平；拉平；级别
digital	数字显示的；数字的；数字仪表；数字式电子表(或时钟)；数字；数字式
profile	侧面；轮廓；传略；描绘...轮廓；写...的传略；提问档；剖面图法；剖面法
previous	早先的；前面的；过急的；以前的；生前的；前述的
form	形状；形体；类型；方式；表格；形式；形成；排列；(使)组成；表单
events	事件；项目（event的复数）
love	爱；恋爱；爱情；爱好；性爱；爱慕
old	以前；往昔；老的；旧的；古老的；年长的；老练的
john	盥洗室；厕所；嫖客
main	主要部分；干线；体力；力量；主群组；主要的；重要的；全力的
call	呼叫；访问；打电话；号召；召集；要求；叫喊；叫牌；调用；DOS内部命令:在批处理文件中调用另一个批处理文件
hours	小时（hour的复数形式）
image	影像；肖像；想象；图像；形象；翻版；作...的像；反映；象征；图象
department	部门；系；机关；部；科
title	头衔；名称；标题；书名；扉页；权利；资格；冠军；字幕；授予头衔；加标题于
description	描述；说明；种类；说明书(物品)；品名种类；货物名称
non	非；不
insurance	保险；保险业；保险费
another	另外的；再一的；不同的；又一个；另一个；类似的另一个
why	为什么；原因；理由
shall	将
property	财产；所有权；性质；属性
class	班级；阶级；种类；课；分类；类别；类；类程
CD	镭射碟；镭射唱片；光盘；压缩盘；载波检测；DOS内部命令:显示或改变当前目录
still	蒸馏室；寂静；剧照；蒸馏；(使)平静；(使)静止；静止的；不动的；静寂的；不起泡的；静物摄影的；仍然；更；静止地；然而；但是
money	金钱；一笔款；财富；货币；金额；财产
quality	品质；特性；才能；质量；优质的
every	每一；所有的
listing	列表；清单；编目；挂牌；上市；编表
content	内容；满足；意义；要旨；满足的；满意的；使...满足；使...安心
country	国家；乡村；地区；故乡；乡下的；农村的；DOS外部命令:用于设定国家代码；包括日期时间及货币格式
private	私人的；秘密的；私立的；隐蔽的；士兵；隐士；阴部
little	一点点；少许；一会儿；短时间；小的；很少的；幼小的；琐碎的；短暂的；矮小的；很少；稍微；完全不
visit	拜访；访问；游览；视察；参观；降临；闲谈
save	救球；解救；挽救；储蓄；保存；节省；保留；除...之外
tools	工具；工具菜单；工具箱（tool的复数形式）
low	低点；低价；低；牛叫声；低的；消沉的；低等的；浅的；卑贱的；低下地；谦卑地；牛叫
reply	答复；回答；答辩；回击；反响
customer	消费者；顾客
December	十二月
compare	比较；比喻；对照；相比
movies	电影
include	包括；把...算入；包住；DOS内部命令:在CONFIG.SYS文件的一个配置块中包含另一配置块的内容
college	学院；大学；学会
value	价值；价格；购买力；评价；估价；计算结果；重视
article	文章；冠词；物品；物件；条款；契约；信件
york	约克郡；约克王朝
man	男人；人类；人；为...配备人手；操纵；使振奋；城域网；手册
card	卡片；纸牌；节目单；明信片；梳棉机；备置卡片；记于卡片上；梳理；卡
jobs	工作（job的复数形式）
provide	提供；供应；规定；预备；作准备；抚养
food	食物；养料；食品
source	来源；水源；根源；原始资料；源；源程序
author	作家；作家的著作；创始人；作者；著作人；本人
different	不同的；差动；微分的；差速器
press	压；揿；按；人群；印刷机；压力；出版社；记者；报刊；新闻舆论；紧迫；压榨；紧抱；逼迫；推进；强迫征募；催逼；重压；催促；拥挤；奋力前进；受压
learn	学习；认识到；得知
sale	出售；卖；拍卖；销售额；廉价出售；销售(货)
around	包围；在...周围；四处；兜着圈子；在附近；到处
print	打印；版；印刷物；痕迹；印刷业；印刷字体；图片；印花布；印章；印刷；铭记；留印记于；用印刷体写；DOS外部命令:在打印机上打印文件；可一边打印文件一边执行其他工作
course	课程；路线；过程；一道菜；道路；追；(使)跑
job	工作；零活；职业；事情；做零工；打杂；做股票经纪；假公济私；代客买卖；批发；承包；欺骗；作业
Canada	加拿大
process	程序；进行；过程；加工；使...接受处理；对...处置；对...起诉；经加工的；有特殊光效的；进程
teen	愤怒；悲哀
room	房间；空位；场所；住宿；居住；留宿
stock	树干；祖先；血统；原料；备料；库存；牲畜；股票；股份；保留剧目；存货的；常备的；平凡的；普通的；股票的；保留剧目的；繁殖用的；装把手于；进货；备有；放牧；出新芽；备货；囤积
training	训练；培养
too	也；非常；太
credit	信用；信任；荣誉；贷款；学分；归功于；赞颂；相信；信用量
point	点；小数点；标点；地点；要点；特点；尖端；分数；得分；穴位；弄尖；强调；指出；加标点于；瞄准；指；指向；表明
join	参加；结合；加入；连接；接合点；汇合指令
science	科学；学科；学问；自然科学
men	pl. man的复数
categories	分类；类别（category的复数）
advanced	在前的；高级的；先进的；年老的；预付的；预支的；垫付的
west	西方；西部；西方的；向西的；向西；自西方；在西方
sales	销售的；销售
look	一看；神色；样子；面容；看；注意；朝着；显得；打量；看上去与...一样；以眼色(或脸色)显示；期待
English	英语；英文的；英国人的
left	左边的；左倾的；左侧的；左派的；在左面；左；左面；左派；leave的过去式和过去分词
team	队；组；把马(牛)套在同一辆车上；把...编成一组；驾驶卡车；协作
estate	不动产；(人生的)阶段；阶层；财产；房地产；遗产
box	盒子；箱；方框；一巴掌；装...入盒中；装箱；打耳光；拳击
conditions	形势；情况；环境
select	挑选出来的；极好的；选择；挑选；被挑选者；精萃；选定
windows	微软公司生产的“视窗”操作系统
photos	照片；图片；相册（photo的复数形式）
gay	欢快的；艳丽的；快乐的；放荡的
thread	线；丝；纤维；线索；穿线于；穿过；通过；用线穿成；线程
week	星期；周
category	种类；类项；分类
note	笔记；记录；注解；票据；符号；显要；注重；便笺；照会；注意
live	活的；生动的；精力充沛的；实况转播的；活；生存；居住；过着；度过；经历；实况地
large	大的；大量的；宽大的；广博的；大大地；夸大地
gallery	走廊；最高楼座；画廊；收集；图库
table	桌子；餐桌；工作台；铭文；表格；表；高原；平地层；搁置；嵌合；制表；把...列入议事日程；模拟运算表
register	寄存器；记录；登记簿；注册；提示；表达；把...挂号；登记；挂号
however	然而；无论如何；究竟怎样；可是
June	六月
October	十月
November	十一月
market	市场；交易；集市；推销地区；行情；市面；销路；在市场上交易；使上市；销售；在市场上买卖
library	图书馆；藏书；库
really	实际上；真实地；实在
action	行动；活动；动作；作用；战斗；行为；诉讼；对...起诉；方式
start	惊起；出发；开端；起点；吃惊；有利条件；开始；启动；跳起；出现；松动；脱落；起价；参赛；使惊起；开动；发动；创办；提议；使松动；使脱落；起用；起始
series	串联；序列；连续；系列；丛书；套；级数；组
model	模型；模范；模特儿；模范的；作模型用的；做模型；做模特儿；使模仿；塑造
features	容貌；产品特点；特征；嘴脸（feature的复数）
air	空气；旋律；态度；晾；使通风；夸耀
industry	勤劳；工业；企业；产业；有组织的劳动；实业
plan	计划；方案；策略；方法；进度表；程序表；平面图；设计图；轮廓；示意图；设计；意欲；订计划
human	人；人类；人类的；似人类的；人性的；有同情心的
provided	倘若；以...为条件
TV	电视；转移向量
yes	是；同意
required	必需的
second	秒；瞬间；第二名；支持者；助手；第二的；其次的；次要的；附加的；辅助的；第二；当...助手；支持
hot	热的；热心的；辣的；热情的；激动的；猛烈的；紧迫的；热；紧迫地
accessories	辅助程序；附件（accessory的复数形式）
cost	代价；价值；费用；花费；使失去；值；使花费
movie	电影
forums	pl. 论坛；讨论会；座谈会；广播专题讲话节目；电视专题讲话节目；法庭
march	三月；进行；行军；步伐；长途跋涉；进行曲；边界；进军；前进；交界；使行军；使行进
La	镧(57号元素)
September	九月
better	较好的；比较好
say	说；讲；念；说明；指明；意见；发言权
questions	问题（question的复数）
July	七月
yahoo	人面兽心的人；乡愚；粗汉
going	去；离去；工作情况；地面状况；行为；进行中的；流行的；成功的；现存的
medical	医生；体格检查；医学的；内科的；药的
test	测试；试验；化验；检验；考验；甲壳；接受测验；进行测试
friend	朋友；支持者；赞助者；友人
come	过来；来；到达；出现；开始；喂
DEC	美国数字电子公司；数字设备公司
server	服伺者；上菜用具；发球员；服务器；服务器启动程序；服务台程序
PC	个人计算机；外部控制；光电导体；伪码
study	学习；研究；学科；论文；求学；书房；试作；读书；考虑；计划；思索
application	应用；申请；志愿书；应用程序
cart	二轮运货马车；驾运货马车；用车装载
staff	全体人员；工作班子；棍棒；杆；拐杖；支柱；权杖；职员的；雇员的；参谋的；为...配备人员
articles	文章；冠词；物品；条款（article的复数）
san	abbr. 存储区域网（Storage Area Networking）
feedback	反馈；反应
again	再一次；又；到原处
play	游戏；游玩；玩笑；运动；比赛；赌博；跳动；表演；剧本；玩；假装；开玩笑；扮演；演奏；演戏；传摇曳；(使)跳动；播放
looking	有…相貌的；有…样子的
issues	议题；问题；争点；债券（issue的复数）
April	四月
never	从不；决不；不曾；永不；从来没有
users	使用者；受限用户（user的复数）
complete	完全的；十足的；完成的；完成；完工；使圆满
street	街道；马路；街区；街道的
topic	主题；论题；话题
comment	注解；批评；评论；备注
financial	财政的；金融的；财务的
things	所有物；财产；用具；用品；局面；形势；情况；物
working	工作；运转；劳动；工作的；劳动的；经营的；抽搐的；运转的
against	反对；对着；倚靠
standard	标准；规格；旗；军旗；本位；标准的；合规格的
tax	税；税款；重负；会费；课以税；使负重荷；斥责
person	人；人身；人称；法人
below	在下面
mobile	移动的；易变的；机动的；活动物体
less	较少；较小；少的；小的；较差；最低成本估算与调度法
got	get的过去式和过去分词；谷草转氨酶；谷氨酸草酰乙酸转氨酶
blog	博客；部落格；网络日志
party	宴会；党；政党；团体；当事人；聚会；举办聚会
payment	付款；支付的款项(或实物)；偿还；报应；惩罚；支付；缴纳；支付款额
equipment	装备；设备；才能；装置
login	注册(程序)；登记；用户注册程序
student	学生；研究者；学者
let	让；假设；出租；排放；妨碍；被承包；出租屋；障碍
programs	程序；程序集；所有程式（program的复数）
offers	提议；出价；求婚；试图（offer的复数）
legal	法律的；法定的；合法的；法定权利；法律(上)的
above	在上方；超出；在上面；上述的；上面的
recent	最近的；近代的；最新的；新进的
park	公园；停车处；停车；置于
stores	(英)百货商店；贮藏的；用作贮藏处的；贮存的
side	旁边；侧；方面；胁；侧边；血统；旁的；侧的；次要的；同意；支持；赞助
act	行动；行为；幕；法案；表演；假装；见效；表现；担当；扮演；装作；先进通信技术；先进计算机工艺；自动代码翻译技术
problem	问题；难题；成问题的；难处理的
red	红的；红色的；红肿的；流血的；红色；红颜料；赤字；简化；减少
give	弹性；适应性；给；授予；供给；产生；发表；付出；献出；让出；捐赠；支持不住；让步
memory	记忆；记忆力；回忆；纪念；存储；内存；存储器；查看内存实用程序
performance	施行；工作情况；成绩；行为；表现；演出；绩效；性能
social	社会的；群居的；社交的；联欢会
august	八月；威严的；令人敬畏的
quote	引用；引述；举证；报(价)
language	语言；文字；措辞
story	故事；小说；传奇；描述；阅历；经历；层
sell	卖；背叛；销售；出卖；推销术；失望
options	选择；期权；选择项（option的复数）
experience	经历；经验；体验
rates	比率；价格；等级（rate的复数形式）
create	创造；建造；引起；任命
key	钥匙；键；解答；关键；要害；基调；线索；答案；暗礁；调音；锁上；提供线索；使用钥匙；密钥
body	身体；人；尸体；主要部分；团体；赋以形体；体
young	年轻的；无经验的；朝气蓬勃的；青年们；幼小动物；崽
America	美洲；美国
important	重要的；有地位的；大量的；显要的；自负的；要点
field	领域；田地；场地；战场；场；域；使...晒在场上；使上场；田间的；野生的；野外的；田赛的；字段
few	很少的；不多的；少数的；少数
east	东方；东；东方的；向东的；向东方；朝东方
paper	纸；文件；文章；报纸；证券；证件；用纸糊；贴壁纸于；用纸包装；贴壁纸；纸做的；纸上的
single	单身的；单程的；单一的；个别的；孤独的；专一的；一个；单打；单程票；选出；击出一垒打；单精度型
ii	abbr. 微光（Image Intensification）
age	年龄；老年；成年；寿命；时代；时期；变老；成熟
activities	（activity复数形式）活动；活动区；活动性
club	俱乐部；木棍；球棒；用棍棒打；缴纳；联合起来；俱乐部的
example	例子；样本；实例
girls	女孩（girl的复数）
additional	附加的；另外的；额外的；加添的
password	密码；口令；通行手段
latest	最近的
something	某事；某物
road	路；道路；公路；途径；方法；行车道
gift	礼物；赠予；天才；赋予
question	问题；询问；审问；怀疑
changes	变化；改变（change的复数）
night	夜；夜晚；晚上；黑暗；夜晚的工作；黑夜
Ca	钙(20号元素)；阴极；负极
hard	坚硬的；硬的；难的；艰苦的；困难的；坚固的；猛烈的；艰难的；结实的；确实的；坚硬地；努力地；辛苦地；接近地；猛烈地；牢固地
Texas	德克萨斯
oct	abbr. 十月（October）
pay	薪资；付款；补偿；支付；付清；偿还；对...有利；为...涂防水物；付出代价；得到报应；获得好处
four	四；四个；四冲程循环
poker	戳的人；拨火棍；纸牌戏；烙制
status	状态；情形；地位；要人身份
browse	浏览；吃草
issue	发行；问题；后果；流出；出口；争端；造成...结果；传下；使流出；放出；发布；发给
range	排；行；山脉；范围；行列；射程；排列；归类于；使并列；放牧；平行；延伸；漫游；量程；域；距离
building	建筑物；建筑；营造
seller	销售者；卖方
court	法院；庭院；奉承；献殷勤；追求；招致；求爱
February	二月
always	总是；始终
result	结果；成绩；答案；产生；致使
audio	音频的；声音的；声频
light	光；光亮；灯；日光；发光体；光源；杰出人物；火花；眼光；轻的；少量的；轻微的；轻快的；轻浮的；明亮的；淡色的；容易的；点燃；照亮；点着；变亮；突降；偶然碰到；轻地
write	书写；著述；写；写满；写信给；写字；写信；写作；作曲；书写器
war	战争；战争状态；战术；军事；冲突；斗争；竞争；进行战争；作战；打仗；战斗；战争的；战时用的
nov	abbr. 十一月（November）
offer	给予(物)；出价；提议；意图；报价；提供；奉献；试图；使出现；演出；出现；献祭；求婚
blue	蓝色；蓝色的；下流的；忧郁的；染成蓝色；变蓝
groups	群组；组；用户组；团体（group的复数形式）
AL	算法语言；字母；汇编语言；铝(13号元素)
easy	容易的；缓缓的；舒适的；从容的；宽容的；流畅的；随便的；自在的；疲软的；容易地；慢慢地
given	赠予的；沉溺的；约定的；give的过去分词
files	文件；文档（file的复数）
event	事件；结果；事情的进程；竞赛项目
release	释放；发泄；豁免；发行；释放证书；解除；放松；免除；发布；放弃；让与；版本
analysis	分析；分析机；分析员；分析程序
request	请求；需要；申请书；要求；邀请
FAX	传真；发传真；传真系统
China	中国；瓷器；中国的
making	制造；(手工)制造业；制作；形成；发展；要素；内在因素；赚头；制造物
picture	图画；照片；景色；美丽如画的人(或物)；化身；生动的描述；想像；形象思维；画；拍摄；用图说明；描写；图象；形象；字形
needs	（只与must连用）必须地
possible	可能的；潜在的；合适的；可能性；可能的事物
might	力量；权力；可能；也许
professional	专业人才；专业的；职业的
yet	还；尚；仍然；已经；然而
month	月
major	主修课；成年人；陆军少校；主要的；较多的；大部分的；成年的；严重的；主修；主要；主要刻度
star	星；恒星；星形物；运气；明星；以星状物装饰；用星号标；使成为明星；变成明星
areas	区域；领域；面积（area的复数形式）
future	未来；将来；将来的；未来的
space	位置；空间；距离；太空；空白；间隔；(期刊等的)篇幅；隔开；分隔；留间隔；空格校验
committee	委员会
hand	手；爪；指针；掌握；协助；人手；手艺；手迹；支配；插手；交给；支持；搀扶
sun	太阳；日；日光；阳光；晒；晒太阳
cards	(playing cards)(正式)一副纸牌；一副扑克牌；纸牌游戏；打扑克
problems	问题；难题（problem的复数）
London	伦敦
Washington	华盛顿
meeting	会议；会面；会谈；集会
rss	abbr. 和的平方根（root-sum square）；英国皇家学会会员（Regiae Societatis Socius；等于fellow of the royal society）
become	变成；变得；适合
interest	兴趣；嗜好；利息；利益；爱好；趣味；势力；使感兴趣；与...有关系
id	遗传素质；本能冲动；识别；标识符；项目说明
child	孩子；产物；追随者；儿童
keep	生计；维持；保持；保存；遵守；看守；整理；履行；经营；拘留；记帐；继续不断
enter	进入；参加；开始；输入；回车；进去
California	加利福尼亚
porn	色情描写；黄色书刊；色情画；色情照片；色情文学
share	部分；参与；一份；参股；份额；均分；分担；分享；分配；共有；共享；DOS外部命令:在网络或多工系统中提供文件共享；文件锁定及检测磁盘更动和对超过32MB硬盘分区的支持
similar	相似的；类似的；相似的东西
garden	花园；果园；菜园；栽培花木；造园；花园的；普通的
schools	学校（school的复数形式）
million	百万；无数
added	额外的；更多的
reference	参考；索引；参照；给...加上参考资料；引用
companies	公司；企业；公司财产；伙伴（company的复数形式）
listed	列出的；上市的；已登录的；表列的
baby	婴孩；婴儿
learning	学问；学识；学习
energy	精力；精神；活力；能量；能
run	跑；赛跑；奔跑；奔跑的路程；趋向；流出；运转时间；连续；跑步；竞赛；行驶；运转；进行；蔓延；使跑；参赛；追究；驾驶；开动；管理；经营；使流出；运行；熔化的；融化的；浇铸的；run的过去式和过去分词
delivery	递送；交付；分娩；交货；引渡；交货额
net	网；网状物；罗网；净利；净价；净的；最终的；用网捕；撒网；净赚；得到；编网；网络；网络分析程序
popular	通俗的；流行的；受欢迎的；大众的；人民的；普及的
term	术语；专有名词；期限；学期；任期；条件；价钱；关系；地位；项；界石；称；呼；检索词
film	软片；薄膜；胶卷；电影；覆以薄膜；拍摄；生薄膜；拍电影
stories	故事（story的复数）
put	放；摆；安置；移动；发射；投掷；写上；表达；使从事；使受到；驱使；赋予；出发；航行；发芽；掷；股票出售权；笨蛋；固定不动的；发送文件
computers	计算机；电脑（computer的复数）
journal	日记；杂志；日报；轴颈
reports	报表；专题；报告（report的复数）
Co	钴(27号元素)
try	尝试；试验；审理；审判；试；考验；审问；提炼；试图
welcome	欢迎；欢迎词；受欢迎的；可随意的；可喜的；接待
central	中央的；重要的；中心的；中枢的
images	图片；意象（image的复数）
president	总统；总裁；董事长；(学院)院长；(大学)校长；主管人；主持人；总经理
notice	注意；布告；通知；预告；短评；评论；提及；关注
God	上帝；神像；偶像；使神化
original	最初的；原始的；有创意的；原物；原作
head	头；头脑；领袖；脑袋；最前的部分；为首；朝向；前进；用头顶；朝特定方向行进；(作物)结穗；头的；在顶端的；主要的；磁头；冲头
radio	无线电；收音机；无线电报；无线电广播；无线电台；用无线电发送
until	直到；在...以前；直到...时
cell	单元；细胞；电池
color	颜色；面色；颜料；外貌；把...涂上颜色；粉饰；使脸红；歪曲；变色
self	自己；自我；本性；本质；私心；本人；使近亲繁殖；使自花授精；自花授精；同一的
council	会议；委员会
away	离去
includes	包含；包住（include的三单形式）
track	轨迹；足迹；径迹；小道；轨道；磁轨；途径；循路而行；追踪；通过；用纤拉；留下足迹；沿轨道运行；跟踪
Australia	澳洲；澳大利亚
discussion	讨论
archive	把...存档；档案馆；档案文件；挡案库；存档
once	一次；曾经；一旦；一经；从前的
others	其他人
entertainment	娱乐；款待；娱乐表演
agreement	同意；合约；协议；契约；协定
format	开本；版式；形式；格式；格式化；DOS外部命令:对磁盘进行格式化
least	最少；最小；最小限度；最少的；最小的
society	社会；社交界；交往；社团
months	月份（month的复数）
log	记录；圆木；日志；计程仪；伐木；切；航行
safety	安全；保险；平安；保安设备；保护；防护
friends	老友记（剧集）
sure	确信；必然的；必定的；当然；确实地；无疑地
FAQ	中等品；码头交货(价格)；常见问题文本
trade	贸易；商业；交易；生意；职业；顾客；信风；进行交易；做买卖；经商；对换；购物；用...进行交换
edition	版本；版；翻版
cars	abbr. 中美洲研究站（Central America Research Station）；计算机化自动额定值系统（computerized automatic rating system）；汽车收据结账证书（Certificates for Automobile Receivables）
messages	信息；留言板（message的复数形式）
marketing	行销；买卖；推销；在市场买卖；销售
tell	告诉；说；吩咐；断定；知道；讲述；泄密；告发；表明
further	更远的；此外的；更多的；促进；增进；助长；更进一步地；更远地；此外
updated	更新的；现代化的
association	协会；关联
able	能干的；能够的
having	财产；所有物
provides	提供；供给；供应( provide的第三人称单数 )；规定；装备
david	大卫；戴维（男子名）
fun	乐趣；玩笑；娱乐；开玩笑；供娱乐用的
already	已经；早已
green	绿色；绿色颜料；绿色的；未成熟的；新鲜的；青春的；无经验的；脸色发青的
studies	研究；学习；学业（study的复数）
close	结束；完结；靠近的；亲近的；亲密的；严密的；关闭的；狭窄的；秘密的；关；使靠近；封闭；使接近；关闭；靠近；接近地；紧密地
common	通常的；共同的；通俗的；公共的；公用块
drive	驾车；快车道；推进力；驱动；动力；击球；驱动器；开车；驱使；推动；驾驶；猛击；飞跑
specific	特效药；特性；特殊的；明确的；具有特效的；特定地；具体地
several	几个的；一些的；各自的；几个
gold	黄金；钱财；金块；金色；宝贵；金的；似金的；金色的；金制的
feb	abbr. 二月（February）
living	生活；生计；生存；活的；逼真的；现存的
Sep	九月
collection	收集；采集；(一批)收藏品；募捐；收集品；标本
called	被呼叫的
short	短的；近的；矮的；短期的；简短的；少量的；简短地；突然；扼要；短片；缺乏；故意少给；使短路
arts	文科
lot	运气；签；抽签；份额；许多；一堆；划分；抓阄
ask	问；要求；邀请；需要
display	显示；陈列；炫耀；显示器；表现；夸示
limited	有限制的；有限的；有限责任的；特别快车
powered	有动力装置的；用动力推动的；产生动力的；产生...动力的
solutions	解决方案；应对措施；溶液剂（solution的复数）
means	方法；手段；工具；财产；收入；意谓
director	主管；导演；董事；寻向偶极子；指挥仪
daily	每日的；日常的；每日地；日常地；日报
beach	海滩
past	过去；昔时；往事；早年经历；过去时；过去的；结束的；卸任的；过去时的；越过；晚于；超越；超出...的可能性(能力、范围等)；pass的过去分词
natural	白痴；自然的；自然界的；本能的；天然的；物质的；正常的；原始的；自然数的
whether	是否；不论；两个中的哪一个
due	应得的东西；应付款；到期的；应得的；应付的；约定的
Et	乙基
electronics	电子学
five	五；五个
upon	在...之上；迫近；紧接着
period	时期；节段；节；句点；学时；周期；当时特有的；过去某段时期的；就是这话；就是这么回事
planning	计划的制订；策划；设计；规划；计划
database	数据库
says	说（第三人称单数）
official	官员；公务员；职员；公务的；官方的；正式的
weather	天气；气象；处境；迎风的；使受风吹雨打；侵蚀；使风化；经受住；风化；受侵蚀；经受风雨
mar	损毁；损伤；糟蹋；三月
land	陆地；地面；地界；地产；国土；土地；登陆；登岸；到达；使上岸；使登陆；使到达；连接盘；焊盘
average	平均；平均数；一般水平；海损；平均的；中等的；平常的；算出...平均数；平均做；均分；使平衡；平均为；呈中间色
done	完成了的；好了的；do的过去分词
technical	技术上的；专门的；工业的；严格根据法律的；技巧
window	窗户；窗子；窗口；给...开窗
France	法国
pro	正面地；可编程远程操作
region	区域；地带；地区；领域；范围；区
island	岛；岛屿；孤立地区；安全岛；使成岛状；孤立
record	记录；履历；档案；审判记录；最高纪录；唱片；记载；标明；将...录音；录音；可被录音；创纪录的；录制
direct	直接的；坦白的；指示；指挥；命令；导演；指导；直接地
Microsoft	(美国)微软公司；微软公司
conference	会议；讨论会；协商会
environment	环境；外界；围绕
records	记录；录音；唱片；档案（record的复数形式）
ST	段表；状态；系统测试；直端连接器；磺胺噻唑
district	区域；地方；地区；地段
calendar	日历；日程表；列入表中
costs	费用；诉讼费；损失（cost的复数）
style	风格；时尚；文体；风度；字体；类型；称呼；(根据新款式)设计；使合潮流；样式
URL	统一资源定位器；通用资源定位设备标准
front	前面；开头；前线；阵线；态度；面对；朝向；对抗
statement	陈述；指令；声明；程序语句；语句
update	更新；使现代化
parts	零件；部件
Aug	abbr. 八月（August）
ever	曾经；究竟；永远
downloads	下载（download的复数）
early	早的；早熟的；很早；初
miles	英里（1英里约合1609米；mile的复数形式）
sound	声音；语音；吵闹；声调；听力范围；探条；海峡；健全的；可靠的；合理的；健康的；彻底的；资金充实的；彻底地；充分地；发出声音；回响；测深；试探；听起来；使发声；宣告；听诊；测...深
resource	资源；财力；办法；策略；急智；消遣
present	现在；礼品；瞄准；现在的；出席的；介绍；引见；赠送；提出；呈现；上演；举枪瞄准
applications	应用；应用程序；应用软件（application的复数）
either	(两者之中)任一的；(两者之中)各一的；(两者之中)任一；或；要么
ago	以前
document	文件；公文；文档；证明；为...引证
word	话；消息；词；诺言；命令；用言辞表达；字
works	工程；工厂；工事；活动部件；机件；著作；作品；善行；德行；工场
material	材料；物资；素材；布料；资料；物质的；肉体的；重要的
bill	帐单；清单；钞票；鸟嘴；广告；法案；票据；开帐单；(用招贴)宣布
APR	替换通路再试器
written	书面的；写成文字的；write的过去分词
talk	谈话；交谈；会谈；讲话；演讲；空谈；谣言；方言；语言；说话；交流；闲聊；说闲话；讲；说；讨论；谈论；对话类；聊天
federal	联邦的；联合的；同盟的；联邦制的；联盟的
hosting	作战；群众或部队的集合
rules	规则；条例（rule的复数形式）
final	期末考试；结局；决赛；最后的；终极的；决定性的
adult	成人；成虫；成年的；成熟的
tickets	票；罚单（ticket的复数）
thing	事物；东西；物；用品；事；事件；情况；行为；特征
centre	中心；中心点；中锋；中央的；位在正中的；集中；定中心；居中
requirements	调整需要量；必需品；要求（requirement的复数）
via	经由；经过；通过；病毒灭活剂
cheap	便宜的；不值钱的；可鄙的；便宜地
nude	裸的；肉色的；无装饰的；裸体画；裸体
kids	小山羊；儿童（kid的复数）
finance	财政；财务；供给...经费；负担经费；筹措资金
true	真实的；正确的；忠诚的；可靠的；纯粹的；正式的；真实；准确；真实地；准确地
minutes	会议记录；备忘录；审判记录
else	别的；其他的；另外；否则；不然
mark	标志；分数；马克；痕迹；斑点；靶子；刻度；记号；符号；戳记；标准；起跑线；做标记于；留意；打分数；表明；记录；作记号；记得分；标记；传号
third	第三；三分之一；第三的
rock	岩石；岩礁；石头；基石；暗礁；摇动；摇滚乐；摇摆；使摇晃；使动摇；摇
gifts	礼品；赠品；礼物；天赋（gift的复数形式）
Europe	欧洲
reading	阅读；知识；读物；阅读的
topics	abbr. 总联机程序和信息控制系统（Total On-line Program and Information Control System）
bad	坏的；坏；坏地
individual	人；个人；个体；个别的；个人的；独特的
tips	秘诀；技巧；小贴士；小窍门
plus	加上；加；外加；正的；附加的；正号；加号；附加额；正数；增益；正差
auto	汽车；表示"自己"、"本身"；表示"自己的"；表示"自动的"
cover	盖子；封面；藉口；覆盖；掩饰；保护；掩护；包括
usually	通常；大抵
edit	编辑；编校；修订；剪辑；DOS外部命令:该命令是一个用于编辑文本文件的全屏幕编辑程序
together	一起；共同；彼此
videos	视频文件；影像资料（video的复数）
percent	百分比；百分数；部分；百分率
fast	快速的；紧的；很快地；紧紧地；彻底地；绝食；斋戒
function	官能；职务；功能；函数；活动；运行；行使职责
fact	事实；真实性；真相；细节；论据
unit	单位；分队；部队；单元；部件；装置；单位的；单元的；单元常数
getting	采煤；采掘；获得
global	通用的；全球的；球形的；综合的；普遍的；共用
tech	技术学院或学校
meet	会；集会；适宜的；合适的；遇见；引见；认识；满足；对付；相遇；接触
far	远的；久远的；遥远的；甚远地；很；到很深的程度；到很远的距离
economic	经济上的；实用的；节省的；经济的
en	字母N；(铅字)半方；在...中；作为
player	竞赛者；上场队员；游戏者；演员；交易者
projects	项目；企划；工程（project的复数）
lyrics	歌词
often	时常；常常
subscribe	捐献；签署；赞成；同意；捐款；预订；认购；订阅
submit	使服从；使受到；委托；提交；认为；屈服；服从
Germany	德国
amount	总数；总额；总计；等同
watch	观察；手表；看守；守护；监视；值班人；看；注视；照顾；观看；守侯
included	包括在内；包含的
feel	感觉；觉得；触摸；以为；有知觉；摸索；同情
though	然而；可是；虽然；纵然
bank	银行；堤；岸；库
risk	冒险；危险；保险额；冒...的危险；冒险干
thanks	感谢；谢意；谢忱；谢谢；谢谢你
everything	每件事物；所有事物
deals	协约；份额；交易（deal的复数形式）
various	不同的；各种的；多方面的；许多的；个别的；杂色的；种种的；各式各样的
words	言语；话语；字（word的复数）
linux	一个个人电脑上免费的UNIX操作系统
Jul	七月
production	制造；生产；产物；产生；生成
commercial	商业的；商用的；商品化的；商业广告节目
james	詹姆斯（姓氏；男子名）；《雅各书》
weight	重；重量；体重；砝码；重大；影响；力量；加重量于；压迫；使加权；称重量；粗细
town	城镇；市；镇；城市；闹市
heart	心；心脏；中心；内心；感情；精神；心情；宝贝儿；鼓励
advertising	广告业；广告；广告的；发广告
received	被一般承认的；公认的
choose	选择；宁愿；欲；作出选择；愿意；选取
treatment	治疗；待遇；处理；疗法
newsletter	时事通讯；业务通讯；时事传报；时事信札
archives	档案；档案室；公文档案；案卷；档案保管处
points	转轨器；道岔；磅
knowledge	知识；学问；认识；知道
magazine	杂志；仓库；弹盒；胶卷盒；卡片箱；介质装卸程序
error	错误；过失；失误；误差
camera	照相机；摄影机；密谈室；暗箱；摄影
Jun	六月
girl	女孩；少女；女佣
currently	现在；当前；一般；普通
construction	建筑；构造；建筑物；施工
toys	玩具（toy的复数）
registered	注册的；登记过的；记名的；挂号的；已注册的；已登记的
clear	清楚的；明确的；澄清的；清晰地；澄清；清除障碍；放晴；变清澈；空隙；清除
golf	高尔夫球；打高尔夫球
receive	收到；接到；得到；接待；迎接；承受；会客；接收
domain	领域；领土；产业；范围；域；区域；支配命令
methods	方法；方式；研究方法（method的复数）
chapter	章；篇；重要章节；段
makes	做；制作（make的第三人称单数）
protection	保护；防卫；贸易保护制度
policies	政策；保险单（policy的复数）
loan	贷款；借出；借；供应货款；借给
wide	宽的；广阔的；普遍的；宽阔的；广泛的；一般的；广阔地；遍及各处地；广泛地；大千世界
beauty	美；美人
manager	经理；管理员；管理器
India	印度
position	位置；地位；身分；形势；姿势；立场；职位；状态；阵地；安置；决定...的位置
taken	take的过去分词
sort	种类；方式；品质；态度；举止；分类；排序；挑选；交往；协调；DOS外部命令:从标准输入设备接收数据；整个数据输入完后；对它以行为单位进行排序；然后在标准输出设备上输出
listings	表
models	模型( model的名词复数 )；模特儿；模式；典型
michael	迈克尔（男子名）
known	已知的；有名的；know的过去分词
half	一半；半场；不完全；一半的；不完全的；部分的；半场的；一半地；部分地；在某种程度上地；几乎
cases	案例；箱；情况（case的复数形式）
step	步骤；步；步幅；脚步声；踏级；步伐；短距离；步态；手段；等级；踏；以步测量；跨步；使成阶梯状；轻快地走；跳舞；踩；踏上；行走
engineering	工程学；工程；操纵；机器；机器学
Florida	佛罗里达州
simple	简单的；普通的；朴素的；单纯的；绝对的；初级的；原始的；迟钝的；出身低微者；傻子
quick	快的；迅速的；敏捷的；灵敏的；急速的；快；新长出的肉；要害；核心；感觉敏锐部位
none	一点也不；毫不；没有人；无一物；并无一个；没有的
wireless	无线电；无线的；无线电的
license	执照；许可证；特许；许可
paul	保罗（男子名）
Friday	星期五
lake	湖；池；色淀；(使)血球溶解
whole	全部；全体；整体；完全之体系；所有的；完整的；完全的；纯粹的
annual	年刊；年报；每年的；一年一次的；全年的；一年生的
published	已发布的
later	以后；随后
basic	基本原理；要素；基本规律；基本的；碱性的；(计算机)BASIC语言
sony	索尼（日本电子娱乐公司）
shows	秀场；表演（show的复数）
corporate	社团的；合伙的；公司的；团体的；法人的
google	谷歌；搜索引擎技术；谷歌公司
church	教堂；礼拜；教会；使人接受宗教仪式；教堂的
method	方法；办法；条理；秩序；法
purchase	购买；购买品；紧握；绞辘；赢得；努力取得；用滑轮起(锚等)
customers	客户；顾客（customer的复数）
active	活跃的；起作用的；积极的；有效的；主动的；活性的；现行的；现役的；主动语态；积极分子
response	反应；回答；响应；应答
practice	实践；练习；实行；惯例；习惯；开业；实习；业务
hardware	硬件；五金器具；零件
figure	数字；价格；图形；形状；描绘；表示；演算；认为；计算；出现；估计
materials	材料；材料费；材料科学；材质（material的复数）
fire	火；炉火；电炉；火灾；闪光体；炮火；热情；点燃；烧制；使发光；激动；放枪；解雇；着火；烧火；开枪；射击
holiday	假日；假期；节日；度假
chat	闲谈；聊天
enough	充足；够；很多；充足的；足够；够了
designed	故意的；有计划的；特意的
along	平行地；向前；沿着
among	在...之中
death	死亡
writing	书写；著作；笔迹；作品
speed	速率；速度；迅速；加速；超速；快进；快速传送；促进；使加速；中央处理机速度设置程序
HTML	超文本标记语言
countries	国家（country的复数）
loss	损失；遗失；失败；输；错过；伤亡；损耗
face	脸；面容；正面；外观；面对；朝；正视；面临；向；现场可改变的控制元件
brand	商标；牌子；烙印；打烙印于
discount	折扣；贴现率；打折扣；贴现
higher	上扬
effects	财物；个人财产；动产
created	创造的；建立的
remember	记得；回忆起；记住；铭记；纪念
standards	标准；规格（standard的复数）
oil	油；石油；油画颜料；涂油于；使融化成油状；加油于；加燃油；融化
bit	少量；马嚼子；辅币；给马上嚼子；控制；bite的过去式和过去分词；比特；二进制数位；机内测试
yellow	黄色；黄色的
political	政治的；政治上的；政党的；从事政治的；党派政治的
increase	增加；增进；利益；加大；繁殖
advertise	做广告；通知；公布
kingdom	王国；领域；界(动物；植物；矿物)
base	底部；垒；基础；基地；以...作基础；卑鄙的；低劣的；基准
near	近的；近亲的；近似的；接近；亲近；靠近；近似于；走近
environmental	周围的；环境的；环保的
thought	想法；思想；思维；关心；挂念；think的过去式和过去分词
stuff	原料；要素；东西；材料；素质；织品；废物；废话；装填；狼吞虎咽
French	法国人；法文；法式；法国的；法国人的；法语的
storage	存储器；储藏；保管；库存；仓库；存放处；存储
oh	(表示惊讶、恐怖、赞叹)哦
Japan	日本；天然漆；大漆；漆器
doing	行为；活动
loans	借贷；贷款（loan的复数形式）
shoes	鞋子（shoe的复数）
entry	登录；条目；进入；入口；报关；登录项；输入项
stay	停留；逗留；制止；延缓；停止；支柱；支撑物；支索；坚持；支持；支撑；用支索固定；暂停；中止
nature	自然；大自然；本性；性格；性质；性能
orders	牧师职；神职
availability	有效性；可利用性；可利用的人；可用性
Africa	非洲
summary	摘要；概要；摘要的；简略的
turn	转弯；转动；旋转；翻转；一圈；顺次；改动；变化；性格；特色；形状；转折；使旋转；使转向；驱赶；阻挡；兑换；改写；使作对；绕过；使流通；转向；回转；改变；转身；变成；变质；晕眩；易脱手
mean	低劣的；卑贱的；简陋的；吝啬的；惭愧的；平均的；中间的；普通的；意谓；想要；意欲；预定；用意；有意义；平均数；中间；中庸
growth	生长；栽培；增长；等比级数
notes	票据；注释；说明（note复数）
agency	代理机构；经销商；中介；办事处
king	国王；君主；使...成为君主；君临；统治
Monday	星期一
European	欧洲人；欧洲的；欧洲人的
activity	活动；行动；活跃；活力
copy	副本；摹仿；一册；复印；抄袭；复制；DOS内部命令:复制文件；将几个文件合并成一个文件；以及将文件传至外设或在设备之间传送
although	虽然；尽管
drug	药；麻药；麻醉药；吸毒；使服麻醉药；使麻木
PICS	生产信息控制系统
western	西方人；西部片；西部小说；向西方的；来自西方的；西方的；西洋的；西部的
income	收入；收益；流入
force	力量；武力；势力；影响力；军队；力；效力；强迫；强夺；推动；提高；人工转移；强制
cash	现金；兑现
employment	雇用；职业；工作；职工招请
overall	全部的；全体的；从头至尾的；一切在内的；从头到尾；总的说来；罩衫；工作服
bay	海湾；狗吠声；月桂；吠；使走投无路
river	河；江；河流；江河；内河
commission	委任状；任官令；所委职责；佣金；犯；委托；所托之事；委任；委托制作；使服役
ad	广告；地址；模拟-数字
package	包裹；套装软件；包；包装用物；程序包；包装；打包；一揽子的；软件包
contents	目录
seen	see的过去分词
players	队员；参与者；迷你音碟机；雷射唱盘（player的复数形式）；玩家（player的复数形式）
engine	引擎；发动机；机车；安装发动机于
port	港口；埠；舱门；避风港；左舷；炮眼；姿势；意义；左转舵；持(枪)；端口；移植
album	粘贴簿；唱片套；白色物
regional	地方的；地域性的；区的；部位的
stop	停止；车站；逗留；填塞；障碍；(风琴的)音栓；被塞住；塞住；堵塞；阻止；击落；终止；断绝
supplies	供应品；日用必需品；生活用品；(储备)物质；存货；补给品；生活费用；辅助材料
started	出发；启程( start的过去式和过去分词 )；起动；提出（问题）；开办
administration	行政；管理；政府机关；给药
bar	条；棒；酒吧；栅；障碍物；禁止；阻挡；妨碍；棒形图
institute	学会；学院；协会；创立；开始；制定；任命
views	景点；见解；查看；视图（view的复数）
plans	计划；规划（plan的复数）
double	两倍；两倍的；双重的；使加倍；加倍；代替；快步走；双精度型
dog	狗；坏蛋；跟踪；尾随
build	建立；建筑；构造；体格
screen	幕；银幕；屏风；掩蔽物；屏蔽；筛子；掩蔽；放映；拍摄；掩护；筛；甄别；拍电影；筛选；屏幕
exchange	交换；(电话)交换局；交换机；汇兑；交易所；交易；兑换；电话局
types	打字（type的第三人称单数形式）
soon	不久；早；快；宁可
sponsored	赞助( sponsor的过去式和过去分词)；资助（某人的培训或教育）；为慈善活动捐资；发起；倡议；赞助的；发起的
lines	台词
electronic	电子的；电子工业协会接口
continue	继续；延续；延长；使继续；使延长
across	越过；穿过；与...相交叉；在...的对面；交叉；到另一边；在对面；成十字
benefits	利益；收益；福利；效益（benefit的复数形式）
needed	需要的
season	季节；时节；当令期；时期；给...调味；使成熟；使老练；缓和；变干燥
apply	涂；应用；申请；适用
someone	有人；某人
held	hold的过去式和过去分词
NY	纽约
anything	任何事
printer	印刷工；打印机
condition	情况；条件；使健康；以...为条件；决定；使适应
effective	有效的；有力的；实际的；有生力量
believe	相信
organization	组织；结构；团体；体制；机构；机化(血栓或坏死组织)
effect	结果；影响；效果；印象；实行；引起；完成
asked	卖方要价
eur	欧洲；欧洲人；欧元
mind	思想；愿望；智力；记忆；心理；情绪；理智；主意；心意；介意；注意；留心；留意；专心于；照看
Sunday	星期日；星期日的；业余的；度星期日
selection	选择；选文；精选品；淘汰
casino	卡西诺赌场；卡西诺牌戏
pdf	abbr. 概率分部函数（Probability Distribution Function）
lost	失去的；遗失的；迷惑的；lose的过去式和过去分词
tour	旅游；观光旅行；任期；旅行；周游；巡回；观光；游历；使巡回演出
menu	菜单；(功能)选择单
volume	册；卷；体积；容量；大量；许多；份量；音量；成团卷起；把...收集成卷；大量的
cross	十字架；十字架形物件；交叉；十字标；交叉路；磨难；杂交；生气的；交叉的；相反的；横过；越过
anyone	任何人
mortgage	抵押；约束性义务；抵押借款；以...作担保；把...许给
hope	希望；信心；期待；期望；信赖
silver	银；银币；银器；银的；银制的；银器的；镀银；变银白色
corporation	公司；合作；法人团体；社团；法人
wish	希望；愿望；祝愿；命令；请求；愿；想要
inside	内部；内脏；内幕；内部的；秘密的；户内的；在里面；在...之内
solution	解决；解答；溶液
mature	成熟的；到期的；充分考虑的；使成熟；成熟；到期
role	角色；职责；任务；作用；功用
rather	宁可；稍微；相当
weeks	威克斯（姓氏）
addition	加法；增加的人(或物)
came	come的过去式
supply	补给；供给；供应品；提供；补充；替代
nothing	无；不关紧要之事；零；毫不；决不；什么也没有
certain	确定的；某一个的；必然的；确凿的；无疑的；可靠的
usr	abbr. 不加热血清反应素玻片试验（Unheated Serum Reagin）；用户服务例行程序（User Service Routine）；美国机器人公司（U.S. Robotic）
executive	执行部门；执行委员会；执行者；经理主管人员；执行的；善于执行的；善于经营的；执行程序
running	赛跑；流出；运转；流动的；跑着的；连续的
lower	低的；下级的；下层的；降低；跌落；减弱；放下；降下；贬低
necessary	必要的；必然的；必需的
union	联盟；联合；结合；工会；联管节；活接头
jewelry	珠宝；珠宝类
according	相符的；根据...而定的；相应地
DC	直流电；数据单元；数据中心；数据代码；数据通信；数据控制；数字控制；直流
clothing	衣服
mon	abbr. 发动机辛烷值（Motor Octsne Number）；星期一（Monday）
COM	计算机输出缩微胶片；计算机输出胶片缩微机
particular	一项(或条、点)；个别项目；详细说明；特别的；独有的；挑剔的；详尽的
fine	罚款；罚金；晴天；精细；好的；晴朗的；健康的；细小的；精细的；精炼；澄清；变清；变细；很好
names	名字；名望（name的复数形式）
Robert	警察
homepage	主页
hour	小时；钟头；时间；...点钟；课时
gas	气体；汽油；瓦斯；煤气；毒气
skills	技术；技能；技巧（skill的复数形式）
six	六；六个
bush	矮树丛；管衬
islands	岛屿；群岛（island的复数）
advice	忠告；劝告；意见；报道；通知；通知书；建议
career	事业；生涯；成功；职业；专业；履历
military	军队；军事的；军人的；适于战争的
rental	租费；租金收入；租赁的；收取租金的
decision	决定；决心；决断；判定
leave	许可；告别；请假；休假；离开；剩下；遗忘；委托；丢弃；出发；生叶
British	英国的；英国人；英国英语
teens	十三岁到十九岁
pre	abbr. 炼油工程师（Petroleum Refining Engineer）
huge	极大的；巨大的；无限的
sat	饱和度；sit的过去式和过去分词
woman	女人；妇女；女仆；女用的；女性的；妇女的；贬称...为女人；使成女人腔
facilities	工具；设施；设备
zip	尖啸声；拉链；活力；给...以速度；使增加活力；拉(拉链)；有力而迅速地行动；嘘嘘地响；拉拉链
bid	出价；命令；吩咐；请求；表示；宣布；投标
kind	种类；性质；方式；亲切的；仁慈的；和蔼的
Sellers	塞勒斯（姓氏）
middle	中央；中间；腰部；中央的；中庸的；中间的
move	移动；迁居；步骤；开动；感动；搬(家)；离开；运行；迁移；摇动；搬家；交往；进展；脱手；传送；DOS外部命令:移动文件；它可将文件移动到指定的地方
cable	电缆；海底电报；缆；索；打海底电报；发海底电报；缚住
opportunities	机会( opportunity的名词复数 )；适当的时机；条件；就业（或晋升、进步等）的良机
taking	取得；捕获；进款；迷人的；可爱的；会传染的
values	对价值的看法；准则；标准；价值观念
division	分；分开；除法；部门(如部、处、系等)；师；部分
coming	来临；就要来的；接着的
Tuesday	星期二
object	物体；目标；目的；对象；宾语；客体；反对；抱反感；提出...来反对
lesbian	女同性恋的；女同性恋者
appropriate	适当的；拨出；占用
machine	机器；机械装置；机构；自动售货机；机械般工作的人；以机器制造
logo	连合活字；商标；徽标
length	长度；长；期间；一段；记录长度；块长；字长
actually	事实上；竟然；如今；现在
nice	美好的；和蔼的；正派的；做得好的；精密的；细微的；挑剔的；谨慎的
score	得分；抓痕；二十个；刻痕；帐目；乐谱；起跑线；终点线；大量；刻划；划线；获得；评价；把...记下；记分
statistics	统计学；统计资料；统计信息
client	客户；顾客；委托人；客户机；客户机程序
OK	好；不错；可以；批准；认可；确定
returns	回报；收益；退货（return的复数）
capital	首都；大写字母；资本；首都的；重要的
follow	跟随；沿行；遵循；追求；接着；追随
sample	样品；范例；样本；抽样；尝试；示例；字样
investment	投资；包埋料；围模料；包埋法；围模法
sent	send的过去式和过去分词
shown	show的过去分词
Saturday	星期六
Christmas	圣诞节
England	英格兰；英国
culture	文化；修养；耕种；培养
band	带子；队；乐队；联合；结合；频带；波段；区
flash	闪光；闪现；一瞬间；反射；使闪光
MS	美国微软公司；主存储器；制造系统；毫秒；微软公司
lead	铅；铅条；领导；超前量；领引；榜样；主角；导线；引导；带领；指挥；致使；加铅于；用铅包；带头；导致；用测深锤测深；被铅覆盖；带头的；最重要的
george	乔治（男子名）；自动操纵装置；英国最高勋爵勋章上的圣乔治诛龙图
choice	选择；精选品；选择权；精选的；挑三拣四的；上等的；DOS内部命令:在批处理文件中；该命令用于提示用户作出选择；决定批处理文件的流程
went	go的过去式
starting	开端；开始；出发；起动；开动
registration	登记；挂号；注册；定位；对齐；记录
fri	abbr. 最终成品抽验（Final Random Inspection）
Thursday	星期四
courses	月经
consumer	消费者；用户
hi	喂
airport	飞机场；航空站；机场
foreign	外国的；外交的；外省的；外来的；不相关的
artist	艺术家；画家
outside	外面；外表；外界；外面的；外表的；外界的
furniture	家具；帆具
levels	色阶调整；控制色阶；水平；标准（level复数形式）
channel	海峡；航道；频道；引导；在...上挖沟；形成河道；信道；通道
letter	信；字母；证书；字面意义；铅字；学问；出租人；写字母于；在...上刻字母；用字母标明；写印刷体字
mode	模态；调式；样式；文体；状态；方式；风尚；DOS外部命令:设定各种设备命令
phones	听筒；电话（phone的复数）
ideas	abbr. 工业设计优秀奖
Wednesday	星期三
structure	结构；构造；建筑物；构成；组织
fund	基金；资金；存款；财源；贮藏；提供资金；积累
summer	夏季；全盛时期；避暑；过夏天；加法器
allow	允许；同意给予；承认；容许；猜想；允许命令
degree	程度；度数；学位；度
contract	合约；婚约；契约；使皱缩；使缩短；感染；订约；缔结；皱缩；收缩
button	钮扣；按钮；扣住；钉钮扣于；扣紧
releases	释放；豁免；发泄（release的复数形式）
wed	与...结婚；使结合；结婚
homes	房屋；家庭（home的复数形式）
super	跑龙套角色；冗员；特级品；特大号；管理人；上等的；特大的；超级的；极好的；十分的；过分的；非常
male	男人；雄性动物；男性的；雄性的；有力的
matter	事件；物质；原因；素材；实体；重要；有关系
custom	习惯；风俗；海关；自定义；定制的；定制
Virginia	弗吉尼亚
almost	几乎；差不多
took	take的过去式
located	处于；位于；坐落的
multiple	倍数；并联；多样的；许多的；多功能的
Asian	亚洲人；亚洲的；亚洲人的
distribution	分配；分布
editor	编者；编辑；主笔；编辑器；编辑装置
inn	旅馆；客栈；住旅馆
industrial	工业的；供工业用的；工业高度发展的；产业的；工业工人；工业股票
cause	原因；目标；引起；使产生；使遭受
potential	潜在性；可能性；潜力；潜能；势；位；有潜力的；可能的；潜在的
song	歌；曲；鸣声；歌唱；歌曲；诗歌
cnet	abbr. 科技资讯网（CNET News）；中央交换网框；法国国家电信研究中心
Ltd	有限的
los	abbr. 月球轨道航天器（Lunar Orbiter Spacecraft）；视线（Line of Sight）
HP	马力；分期付款购买法；惠普公司
focus	焦点；焦距；聚焦；注视；使聚焦；调焦；集中
late	迟的；晚的；已故的；很晚；很迟；晚
fall	落下；瀑布；采伐量；下降；落差；降低；堕落；秋天；倒下；来临；失守；阵亡；下跌；减弱；倾斜；垮台；轮到；变成；秋天的
featured	面貌秀丽的；被作为特色的
idea	主意；办法；理想；思想；概念；意见；观念
rooms	空间；房间（room的复数）
female	女性；女人；雌性动物；女性的；女子的
responsible	有责任的；负责的；责任重大的；应负责任的；能履行责任的
Inc	根据法律组成的公司；公司
communications	交通设施；通讯系统
win	赢得；打胜；成功；获胜；达到；影响；胜利；赢；收益
associated	联合的；关联的；结合的
Thomas	多马(耶稣十二门徒之一)
primary	最主要者；原色；主要的；初期的；根本的；原始的；首要的；基本的；初等量；一次的
cancer	癌；恶性肿瘤
numbers	数字（number的复数）；算术
reason	理由；原因；理智；道理；前提；理性；说服；推论；辩论；劝说；思考
tool	工具；机床；傀儡；用工具加工；使用工具
browser	吃嫩叶的动物；浏览书本的人；浏览程序
spring	春天；弹簧；跳跃；弹性；活力；泉；源泉；春天的；跳；弹跳；涌出；生长；裂开；高耸；使跳起；使爆炸；突然提出
foundation	基础；根据；建立；地基
answer	答案；回答；回报；答辩；反驳；适应；响应；符合；答应；负责；成功；用户问题及答案新闻组
voice	声音；嗓音；嗓子；愿望；发言权；表达；喉舌；语态；吐露；调音
eg	abbr. 例如（exempli gratia）；邪恶的笑（Evil Grin）
friendly	友好的；亲切的；互助的；友善地；温和地
schedule	时间表；一览表；计划表；议事日程；预定；编制目录；制...表；安排
documents	文档（document的复数形式）
communication	交流；交通；通讯；通信
purpose	目的；意向；决心；用途；效果；论题；意欲；企图；计划
feature	面孔的一部分(如眼、口等)；特征；容貌；特色；特写；是...的特色；放映；起重要作用；特性
bed	床；睡眠处；河床；底座；路基；一层；提供宿处；栽种；安装；睡；形成坚实的一层
comes	来自；从…来（come的三单形式）
police	警察；警察当局；治安；维持治安；管辖
everyone	每个人；人人；系统中的一个组名
independent	独立自主者；无党派者；独立的；有主见的；不须依赖的；不受约束的
IP	初始排列；指令指示器；互连网协议
approach	接近；入门；近似；找...商量；靠近
cameras	照相机；暗箱；摄像机；摄影机
brown	褐色；褐色的；(使)变褐色
physical	身体的；物质的；自然的；物理学的；好色的；体格检查
operating	操作的；工作的；营业上的；业务的；关于收支的；关于损益的；外科手术的；运转费用
hill	小山；丘陵；小土堆；作成土堆；堆成小丘
maps	abbr. 管理分析与规划系统（Management Analysis and Planning System）
medicine	药；医学；内科；给...用药
deal	交易；协定；数量；买卖；松木板；处理；应付；做生意；分配；发牌；给予
hold	把握；把持力；柄；控制；掌握；监禁；保存；握住；拿住；占据；持有；拥有；支持；持续；有效；保留
ratings	评级；等级（rating的复数形式）
Chicago	芝加哥
forms	窗体；表单；表格（form的复数形式）
glass	玻璃；玻璃杯；透镜；装玻璃于；反射；反映；成玻璃状
happy	快乐的；幸福的；愉快的；恰当的
tue	abbr. 星期二（Tuesday）
smith	铁匠；金属品工匠；锻造工；上手
wanted	被通缉的
developed	发达的（国家或地区）；成熟的
thank	谢意；感谢；谢谢
safe	保险箱；冷藏室；安全的；可靠的；平安的；稳健的；有把握的
unique	独一无二的；独特的；稀罕的
survey	纵览；视察；测量；俯瞰；调查；审视；通盘考虑；测量土地
prior	更重要的；较早的；在先的；小隐修院院长；大隐修院副院长
telephone	电话；电话机；打电话
sport	运动；游戏；娱乐；消遣；玩笑；运动的；户外穿戴的；参加体育运动；戏弄；产生变种；炫耀；使产生变种
ready	预备好的状态；现款；准备好的；备用的；可以使用的；预先；迅速；使准备好
feed	饲料；一餐；饲养；喂；放牧；靠...为生；吃东西；用餐；流入；送纸
animal	动物
sources	输入源；发起者；来源（source的复数）
Mexico	墨西哥
population	人口；人口数；群体；总体
PA	私人秘书；(露天)扩音系统；程序存取；程序地址；程序分析
regular	规则的；常例的；有秩序的；整齐的；等边的；定期的；经常的；合格的；常备军的；正规军；正式队员；经常地；正常体
secure	无虑的；安心的；安全的；可靠的；保险的；固定；获得；保证；使安全；掩护；招致；停止操作；船抛锚
navigation	航行；航海；导航；航空；航船
operations	运作；运营；业务操作（operation的复数）
therefore	因此；所以
ass	驴；傻瓜；笨蛋；屁股；模拟仿真系统
simply	简单地；只是；简直；简朴地；坦白地
evidence	根据；证据；迹象；凭证
station	车站；站；局；驻地；位置；身分；地位；安置；配置；驻扎
Christian	基督徒；正派人；基督的；基督教的
round	圆；圆形物；巡回；循环；一轮；一回合；一局；范围；轮唱；圆的；球形的；丰满的；肥胖的；完全的；大概的；完美的；圆润的；围着；附近；绕过；在...周围；围绕着；在周围；迂回地；挨个；朝反方向；弄圆；使成圆形；绕行；完成；围捕；把...四舍五入；变圆；发胖；环行；拐弯；进展
paypal	贝宝（全球最大的在线支付平台）
favorite	喜欢的事物；幸运儿；特别受喜爱的；喜爱的；宠爱的；中意的
understand	理解；了解；领会；听说；懂；懂得；认为
option	选择权；挑选；选项
master	主人；硕士；大师；母机；主人的；主要的；征服；控制；精通
valley	山谷；溪谷；流域；凹地；谷
recently	最近
probably	大概；或许
thu	abbr. 星期四（Thursday）
rentals	住房出租；租金收入（rental的复数形式）
sea	海；海洋；海浪；大量
built	build的过去式和过去分词
publications	出版物（publication的复数）
blood	血；血统；流血；气质；生命；使出血；用血涂
cut	切口；割伤；降低；切；割；砍；削；伤口；削减；缩短；删节；通路；经切割的；缩减的；减少；刺痛；开辟；雕刻；停止；排斥；切断；关；显出；相交；抄近路；剪辑；剪切
worldwide	全世界的
improve	改良；提高...的价值；改善；利用；变得更好；增加
connection	连接；关系；前后关系
publisher	出版者；发行人；报刊发行者
hall	门厅；走廊；会堂
larger	大的；多量的
anti	反对者；反对论者；反对的
networks	网络；广播电视网（network的复数形式）
earth	地球；泥土；世界；尘世；埋入土中；赶入洞内；躲入洞内
parents	父母；双亲（parent的复数）
nokia	诺基亚（财富500强公司之一）
impact	冲击；冲突；影响；效果；挤入；撞击；压紧；对...发生影响
transfer	迁移；移动；传递；转让；转移；过户；汇兑；换车；使转移；调转；调任；改变；转学；转职；传送
introduction	介绍；传入；采用；初步
kitchen	厨房；全套炊具
strong	强壮的；坚固的；坚强的；强烈的；有力的；优良的；强劲地；有力地；猛烈地
tel	abbr. 试验仪器清单（Test Equipment List）
Carolina	北(或南)卡罗来纳州
wedding	婚礼；结婚；结婚周年纪念日；结合；结婚纪念日
properties	性能；道具；内容（property的复数形式）
hospital	医院
ground	土地；战场；场地；地面；范围；土地的；地面上的；放在地上；使搁浅；打基础；给...以训练；搁浅；落地；根据；基于；磨过的；grind的过去式和过去分词
overview	概述；概观；总的看法
ship	船；舰；以船运送；装船；运送；上船；乘船
accommodation	膳宿；预订铺位；适应性调节；调和；贷款；调节(眼)；适应
owners	所有者；业主（owner的复数）
disease	疾病；弊病；病
TX	终端执行程序；结核菌素X(接触性结核菌素的衍生物)
excellent	优良的；杰出的；出色的
paid	受雇的；付清的；pay的过去式和过去分词
Italy	意大利
perfect	完成时；完美的；完好的；理想的；熟练的；精确的；完成式的；使完美；修改；使精通；改善；使熟练
hair	头发；毛发；些微；毛；发
opportunity	机会；时机
kit	装备；工具箱；成套工具；成套部件；成套零件
classic	古典作品；杰作；大艺术家；第一流的；最优秀的；古典的
basis	基础；主要成分；基底
command	命令；指挥；控制；部队；司令部；指令；DOS外部命令:启动新的命令处理器
cities	城市（city的复数）
william	威廉（男子名）；钞票；纸币
express	快车；快递；专使；明确的；丝毫不差的；专门的；快的；表达；表示；表露
anal	肛门的；肛门附近的；分析员
award	奖品；裁定；判决；授予；给予
distance	距离；远方；遥远；位距
tree	树；木料；树状物；把...赶上树；DOS外部命令:显示指定磁盘驱动器的目录结构
peter	逐渐消失；逐渐减少
assessment	评估；估定；评定的款额
ensure	确定；保证；担保；保护；确保
thus	如此；因此；到如此程度；乳香
wall	墙；墙壁；垣；内壁；分界物；屏障；墙的；给...建墙；禁闭；用墙围住；背景墙
IE	中断启动
involved	难懂的；复杂的；不易懂的；卷入...之中的；累及...；与...有关；被纠缠的；包含；涉及
el	abbr. 预期损失（Expected Loss）
extra	额外的事物；另外的收费；额外的；特别的；额外地；特别地；非常地
especially	尤其；特别；格外
interface	分界面；接触面；界面；接口
pussy	〈非正式〉猫咪；〈侮辱〉女阴；〈侮辱〉娘娘腔；多脓的；小猫；阴户；小猫咪
partners	合作伙伴；合伙人；伙伴（partner的复数形式）
budget	预算；编预算；编入预算；安排；廉价的
rated	额定的
guides	辅助线；参考线；指南
success	成功；成就；胜利
maximum	极点；最大量；极大；最高的；最大的；最大极限的；最大值
MA	妈；存储器地址；多路存取
operation	操作；动作；手术；运算；作用；业务
existing	存在的；目前的；现存的；现有的；现成的；已有的
quite	相当；完全；十分
selected	挑选出来的；精选的；被选的
boy	男孩；少年；儿子
amazon	亚马孙河；无乳腺者
patients	病人（patient的复数形式）
restaurants	饭店( restaurant的名词复数 )；餐馆；饭馆；菜馆
beautiful	美丽的
warning	警告；预告；预兆；通知；警戒；警告的；注意的
wine	葡萄酒；果酒；暗红色；(请)喝酒
locations	位置；定位件；地点（location的复数）
horse	马；骑兵；脚架；骑马；取笑；使骑马；系马于
vote	投票；选举；选票；表决；选举权；得票数；投票选举；投票决定；公认；使投票
forward	向前的；早的；迅速的；在前的；进步的；促进...的生长；转寄；运送；向前地；前推；转信
flowers	花；升华制成的药物；月经
stars	明星类；明星（star的复数形式）
significant	重要的；有效的；有含义的；暗示的；值得注意的
lists	竞技场
technologies	技术；科技（technology的复数）
owner	拥有者；物主；所有人；所有者；业主
retail	零售；零售的；详述；传播
animals	动物；动物世界；牲畜（animal的复数形式）
useful	有用的；有益的；有效的
directly	径直地；直接地；直率地；正好地；直截了当地；(非正式)立即；马上；一...(就...)；一当...就...；直接的
manufacturer	制造业者；厂商；制造人；制造商；制造厂
ways	方法（way的复数）；滑路
EST	(美国)东部时间
son	儿子；女婿；子孙；养子
providing	以...为条件；假如
rule	规则；统治；控制；支配；规律；标准；章程；破折号；铅线；规定；管理；裁决；管辖；裁定；水线
mac	防水胶布；(英)雨衣；老兄；老弟；宏；多路存取计算机；苹果公司的微机
housing	遮盖；住房供给；居留(处)；房屋；装饰；外壳
takes	取走；预备动作（take第三人称单数）
iii	罗马数字3
GMT	格林威治平均时；格林威治平均时间
bring	带来；产生；促使；提出；生产
catalog	目录；大学概况手册；编目录；编目
searches	检索；搜索（search的复数）
MAX	最大
trying	难受的；难堪的；裁决；审判；审理；使人痛苦的；难处的
mother	母亲；修女院长；产生；照看；收养
authority	权力；当权者；当局；权威；专家；代理权；授权
considered	考虑过的；被尊重的
told	tell的过去式和过去分词
xml	abbr. 可扩展标示语言（Extensive Makeup Language）
traffic	交通；通行；运输；交通量；贸易；交易；交往；通信量；做买卖；用...作交换；传输量
programme	节目；节目单；程序；纲要；大纲；计划；规划；拟...计划；安排节目；编程序
joined	加入；连接；参加（join的过去式；过去分词）
input	输入；输入电路
strategy	战略；策略
feet	pl. 脚；尺
agent	代理商；政府代表；动原；媒介；代理程序
valid	有确实根据的；有法律效力的；正当的；正确的；有效的
bin	(贮存谷物等的)容器；箱子；二进制；商业信息网
modern	现代人；有思想的人；现代的；时髦的
senior	年长者；资深者；毕业班学生；年长的；高级的；资深的
Ireland	爱尔兰
sexy	有性感的；色情的
teaching	教学；学说；教导
door	门
grand	庄重的；壮观的；显赫的；重大的；最高的；雄伟的；宏大的；豪华的；傲慢的；主要的；伟大的
testing	测试；吃力的；试验的
trial	审判；试验；艰苦；麻烦事；考验；审讯的；试验性的
charge	指控；费用；冲锋；电荷；炸药；主管；被托管人；命令；控诉；加罪于；使充满；使充电；使承担；要价；收费
units	单位
instead	作为替代；反而
Canadian	加拿大的
cool	凉爽；凉爽的空气；凉爽的；冷淡的；冷静的；冷却；平息；使冷却；使平静
normal	常态；标准；正常；普通；正常的；正规的；标准的；师范的；正态的
wrote	write的过去式
enterprise	企业；事业心；进取心；干事业
ships	舰船（ship的复数）
entire	整个；全部；全体的；完全的；全部的
educational	教育的；教育性的
MD	医学博士；总经理；常务董事；宏数据；磁盘；维护设备；信息数据；彼此相关性；DOS内部命令:该命令用于在软盘或硬盘上建立新的子目录
leading	领导；指挥；神示；铅板；领导的；主要的；在前的
metal	金属；金属制品；合金；本质；质料；金属制的；以金属覆盖
positive	肯定的；积极的；有把握的；正的；阳性的
fl	abbr. 焦距（focal length）；外国语（foreign language）；呎朗伯（亮度单位）；佛罗里达州（美国州名；Florida）
fitness	适合；合宜；合理；恰当；健康；适合性；适应性
Chinese	中文；中国话；中国人；中国的；中国话的
opinion	意见；评价；主张
MB	兆字节
Asia	亚洲
football	足球；橄榄球
abstract	抽象的；深奥的；摘要；抽象概念；提炼；使抽象化；摘录；抽象
uses	abbr. 美国就业局（United States Employment Service）
output	输出；产品；产量
funds	基金；资金；现金（fund的复数）
Mr	先生；存储器回收程序；多重请求
greater	大的
likely	有可能的；合适的；前途有望的；或许；可能
develop	发展；使发达；进步；洗印；显影；生长
employees	员工；雇员；从业人员（emploee的复数）
artists	艺术家；设计师（artist的复数）
alternative	两者择一；供替代的选择；两者择一的；供选择的；选择对象
processing	处理；加工
responsibility	责任；职责；负担；可靠性
resolution	解析；决心；坚定；决定；决议；消除；解答；分解；图形分辨率
Java	爪哇；爪哇咖啡
guest	客人；来宾；旅客；客体
seems	好像；仿佛（ seem的第三人称单数 ）
publication	出版物；出版；公布；发布
pass	经过；要隘；途径；通行；护照；及格；越过；通过；批准；度过；传递；忽略；变化；流通；宣判；终止；消逝；被忽略；不叫牌；遍
relations	交往；关系；事务
trust	信任；信赖；相信；受托；职责；信心；托拉斯；信托的；托拉斯的；盼望；赊卖给；依靠；委托
van	货车；篷车；先锋；前驱；前卫；用货车搬运；增值网
contains	包含；容纳；包含某字符串（contain的单三形式）
session	期间；开庭期；会议；学期；会话；对话；会晤；通用任务程序
multi	多
photography	摄影；摄影术；照相术
republic	共和国；共和政体；团体；界
fees	规费；费用（fee的复数）
components	部件；组件；成份（component复数）
vacation	假期；休假；停审期；休庭期
century	世纪；百年
academic	学院的；学术的；不切实际的；大学生；大学教师；学者；学会会员
assistance	协助；援助；帮助
completed	完整的；完全的
skin	皮肤；皮；剥皮；在...植皮；长皮；愈合；蜕皮
graphics	制图法；制图学；图解算法；图形显示；图形；DOS外部命令:打印图形方式下的屏幕内容
Indian	印度人；印第安人；印第安语；印度的；印度群岛的；印第安语的
prev	abbr. 上一个（previous）
ADS	精确定义系统；先进调试系统；模拟数字子系统；应用设计服务；视频分布系统；自动数据系统；自主开发系统
mary	玛丽（女子名）
IL	指令表；中间语言；解释语言；钷(61号元素)
expected	预期的；预料的
ring	环；环形物；拳击场；戒指；角逐；小集团；铃声；钟声；声调；包围；套住；按铃；敲钟；成环形；响；鸣；回响
grade	等级；年级；阶段；成绩；程度；坡度；斜坡；分等；分级；评分；属于某等级；逐渐变化
dating	记日期的；注明日期
pacific	太平洋；太平洋的；太平洋沿岸的；爱好和平的；安静的；平息的
mountain	山；山脉；大堆
organizations	组织机构；组织；构造；有机体（organization的复数）
pop	砰然声；枪击；含气饮料；流行音乐；通俗艺术；流行的；热门的；通俗的；使发出爆裂声；开枪打；突然伸出；发出爆裂声；射击；突然出现；瞪大；突然；砰地；出现点；邮局协议
filter	滤波器；过滤器；滤光器；过滤嘴；去尘器；过滤；渗透；走漏；滤过；渗入；筛选
mailing	邮寄；投递；邮件；农场租金
vehicle	交通工具；车辆；传播媒介；载体；运载体；漆料
longer	比较久
consider	考虑；思考；认为
INT	整数；中断
northern	北方人；北方的；向北的；自北方来的
behind	在后地；在...背后
panel	嵌板；仪表板；专题讨论小组；全体陪审员；嵌镶板
floor	地板；楼层；底部；底价；铺地板；打倒；地面；基底
German	德国人；德语；德国的；德国人的；德国语的；同父母的
buying	买气；买进
match	比赛；火柴；对手；使相配；使比赛；与...竞争；结婚；相配；比较
proposed	被提议的；所推荐的
default	违约；不履行责任；缺席；默认值；疏怠职责；拖欠；默认；缺省值
require	需要；命令；要求
Iraq	伊拉克
boys	男孩子们；小伙子们（boy的复数）
outdoor	户外的；屋外的；露天的
deep	深的；深入地；深渊；深处
morning	早晨；早上；初期
otherwise	否则；不同地；别的方式
allows	允许
rest	休息；睡眠；安息；稍息；静止；支架；休息处；其余者；剩余部分；睡；长眠；安心；停止；安置；依赖；使休息；使支撑；把...寄托于
protein	蛋白质；蛋白质的
plant	植物；作物；工厂；树枝；生长；设施；成套设备；种植；栽培；播种；培养；安置；殖民于；使位于
reported	报告的；据报道的
hit	打击；打；冲撞；讽刺；碰撞；打中；袭击；偶然碰上；击中；找到；瞬时打扰
transportation	运输；输送；交通车辆；运转；运输费
mm	毫米
pool	池；水塘；石油层；联营；合伙经营；共享；采掘；汇聚成；汇合成塘；淤积
mini	同类中的极小者；微型汽车；超短裙；微型的
politics	政治；政治学；政见；政治活动；政纲
partner	合伙人；股东；伙伴；伴侣；与...合伙；组成一对；做伙伴；当助手
disclaimer	放弃；拒负责任；不承诺；弃权或不申诉条款
authors	著作家( author的名词复数 )；作者；创造者；发起人
boards	木板；板子；纸板（board复数形式）
faculty	才能；能力；全体教员；(大学的)系；院系
parties	当事人；聚会；党派；政党机关；同行者（party的复数）
fish	鱼；鱼肉；鱼类；接合板；钓；钓鱼；查出；用接合板连接；捕鱼；用钩捞取；摸索寻找
membership	会员的资格；全体会员；会员数目；会员资格；成员资格；会籍
mission	任务；代表团；使命；传教团；派遣；向...传教
eye	眼睛；视力；看；注视
string	线；细绳；一串；字符串；串起；成串；收紧；缚；扎；成一串；串
sense	感应；感觉；感官；意识；观念；情理；知觉；理智；觉察；检测；阅读
modified	改良的；改进的；修改的
pack	包裹；一伙；一副；背包；包装；捆扎；塞满；压紧；挑选；包装货物；挤；群集；被包装；压缩
released	已发布；释放（release的过去式）
stage	阶段；舞台；场所；戏剧；站；驿站；级；层；脚手架；上演；表演；筹划；适于上演；乘驿车旅行
internal	内在的；国内的；内的；内部的
goods	货物；商品；动产
recommended	被推荐的
born	天生的；bear的过去分词
unless	除非；除...之外
richard	理查德（男子名）
detailed	详细的；复杂的；详尽的
Japanese	日本人；日语；日本的；日语的
race	种族；人种；赛跑；比赛；急流；人类；同道；姜根；竞赛；疾走；与...赛跑；使疾走；使猛转；竞争；追赶；欧州高级通信研究开发计划
approved	被认可的；经过检验的
background	背景；背景资料；后台
target	目标；靶子；指标；对准；订指标
except	除；除外；反对；除了...之外；若不是；除非；只是
character	个性；字符；人物；性质；品格；资格
usb	abbr. 通用串行总线（Universal Serial Bus）
maintenance	维护；保持；维修；生活费用；坚持；扶养
ability	能力；才干；才能
maybe	也许；大概；可能性
functions	功能；函数（function的复数形式）
ED	电子设备；密码设备；数据结束；工程设计；错误检测；外部设备
moving	动人的；令人感动的；鼓动的；原动的；活动的；转动的
brands	品牌；烙印（brand的复数）
places	地点；位置；位数（place的复数）
php	abbr. 个人网页（Personal Home Page）；服务器端编程语言（Professional Hypertext Preprocessor）；菲律宾比索；水解聚丙烯酸胺
pretty	漂亮的；优美的；机灵的；狡猾的；恰当的；相当；颇
trademarks	（注册）商标( trademark的复数形式 )；（人的行为或衣着的）特征；标记
phentermine	芬特明；苯丁胺；苯叔丁胺
Spain	西班牙
southern	南方人；男风；向南方的；来自南方的
yourself	你自己
etc	及其他；等等
winter	冬季；萧条期；衰退期；冬天的；使度过冬天；过冬
rape	抢夺；掠夺；强奸；葡萄渣；芸苔
battery	电池；殴打；蓄电池
youth	年轻；青年时代；青年们；青春；青年；青年时期；青春时期
pressure	压；榨；按；强制；压力；压迫；压强；迫使；使增压；密封
submitted	递交；主张；屈服（submit的过去分词）
Boston	波士顿
incest	近亲相奸；乱伦；近亲通婚
debt	债务；罪过；借款；欠款
keywords	关键字
medium	媒体；方法；媒介；半生熟的；中间的；中
television	电视
interested	感兴趣的；有利害关系的；有股份的；偏私的
CORE	核心；果心；要点；挖...的核；内核；核心网
break	休息；中断；破裂处；绝交；破晓；突变；打破；弄破；弄坏；破坏；违反；打断；削弱；放弃；破碎；决裂；变弱；暂停；分隔符；DOS内部命令:设定扫描中断按键的时机
purposes	目的；意志（purpose的复数形式）
throughout	到处；贯穿全部地；自始至终；遍及；在各处；吞吐量
sets	集合；设置（set的复数）
dance	跳舞；舞蹈；舞会
wood	木材；木制品；植林于；给...添加木柴；收集木材
msn	abbr. 微软网络服务（Microsoft service Network）；即时通讯软件（MSN Messenger）；总编号（等于Master Serial Number）；军事编号（Military Serial Number）
itself	它本身；它自己
defined	清晰的；轮廓分明的；有定义的；确定的
papers	文件；官方文件；票证；证券；纸币
playing	游戏；玩耍；竞技；比赛；扮演；演奏；赌博
awards	奖项；判决；奖赏（award的复数）
fee	费用；小费；封地；所有权；付费给
studio	工作室；画室；演播室；电影制片厂
reader	读者；读物；文选；校对人；讲师；阅读程序；阅读器
virtual	实际上起作用的；虚的；实质的；有效的；事实上生效的；虚拟
device	装置；设计；策略；发明物；设备；DOS内部命令:该命令要求DOS安装一个设备驱动程序
established	(被)建立的；固定的；既定的；确定的；确认的；确立的；(被)制定的
answers	答案；回答（answer的复数）
rent	租金；房租；出租物；裂缝；破裂处；分裂；租用；租出；出租；分裂的；破裂的；rend的过去式和过去分词
las	abbr. 阿拉伯国家联盟（League of Arab States）；大气科学实验室（Laboratory of Atmospheric Sciences）；光敏开关（Light Activated Switch）
remote	遥远的；偏僻的；疏远的；微少的；远程；远程访问实用程序
dark	黑暗；夜；黄昏；模糊；黑暗的；暗的；深色的；隐密的；模糊的；无知的
programming	节目的计划；编制程序；程序设计；程序编制
external	外部；外面；外部的；客观的；表面的
apple	苹果；家伙
LE	小于或等于
regarding	关于
instructions	指令；说明（instruction的复数形式）
min	abbr. 部长（Minister）；部（Ministry）
offered	提供；提议；奉献（offer过去时态）
theory	理论；学说；原理；意见；推测
enjoy	享受；喜欢；欣赏；享有；获得某种利益
remove	移动；调动；除去；迁移；开除；移交；搬家；班级；升级；间距；删除
aid	帮助；外援；助手；援助；有助于；自动内部诊断
surface	面；表面；水面；外表；平面；表面的；外观的；肤浅的；水面上的；使成平面；使浮出水面；浮出水面；呈现；在地面上工作
minimum	最小的；最低的；最小值
visual	视觉的；视力的；视觉性记忆优势者
host	主人；旅馆老板；节目主持人；当主人招待；作...节目主持人；主机；宿主机
variety	多样；种类；变种；杂耍
teachers	教师（teacher的复数形式）
ISBN	国际标准书号
Martin	马丁；圣马丁鸟
manual	手册；指南；手的；手动的；手工的；体力的；人工的
block	街区；木块；石块；块；阻塞；封锁；使成块状；数据块
subjects	主题；被试者；学科；科目（subject的复数）
agents	间谍；代理人；代理商；特工人员（agent的复数形式）
increased	增强的（increase的过去分词）
repair	修理；补救；修复；修补；恢复；补偿；去；常去；集合
fair	展览会；市集；美好的事物；公平的；按规则进行的；不好不坏的；晴朗的；美丽的；公平地；正面地；有教养地；清楚地；转晴
civil	市民的；公民的；有礼貌的；国民的；民用的
steel	钢；钢制品；钢铁；坚硬；坚固；钢的；钢制的；钢铁业的；坚强的；使坚强；钢化；使冷酷
understanding	理解；谅解；协商；协议
songs	歌曲；歌集（song的复数）
fixed	固定的；不变的；确定的
wrong	错误的；不正当的；失常的；错误地
beginning	开始
hands	拥有；所有；动手
associates	同伴；合作人；联合公司（associate的复数形式）
finally	最后；终于
az	abbr. 阿塞拜疆（Azerbaijan）；美国亚利桑那州（Arizona）；氮鸟嘌呤（azaguanine）；台湾衡欣；意大利航空公司
updates	升级；更新；补充资料（update复数形式）
desktop	桌面
classes	级别；阶级（class复数形式）
Paris	巴黎；重楼属
Ohio	俄亥俄
gets	abbr. 政府电子贸易服务（Government Electronic Tendering Service）；美国政府应急电信服务（Government Emergency Telecommunications Service）
sector	扇形；部门；部分；函数尺；象限仪；段；区段；把...分成扇形；扇面；扇区
capacity	容量；能力；才能；资格
requires	需要；要求；需求（require的复数）
jersey	运动衫
UN	家伙；东西；联合国
fat	脂肪；脂油；肥肉；肥的；胖的；油腻的；文件分配表
fully	十分地；完全地；充分地
father	父亲；祖先；长辈；神父；创始者；当...的父亲；保护；创作；发明；培养
electric	电的；导电的；电动的
saw	锯子；谚语；锯；锯开；来回移动；拉锯；移动；see的过去式
instruments	乐器；工具；仪器（instrument的复数）
quotes	引用；引号；报价（quote的复数）
officer	军官；主管；官员；公务员；指挥
driver	驾驶员；驱动器；驱动程序
businesses	事情( business的名词复数 )；商业；营业额；交易
dead	死的；不活泼的；麻木的；熄灭的；死者；完全地；直接地
respect	尊敬；尊重；问候；注意；遵守
unknown	不知道的；未知的；陌生的；未知物；未知数
specified	规定的；详细说明的
restaurant	餐馆；饭店
mike	偷懒；游手好闲；休息；扩音器；话筒
trip	旅行；绊倒；摔倒；失足；差错；旅程；使跌倒；使犯错；使失败；轻快地走；失误；犯错；结巴；远足
PST	太平洋标准时间；酞磺胺噻唑
worth	价值；财产；值...的；值得的
MI	检疫；军事情报
procedures	程序；规程（procedure的复数）
poor	贫穷的；贫乏的；不幸的；可怜的；拙劣的；卑鄙的；低劣的；不良的
teacher	教师；老师；导师
xxx	罗马数字30
eyes	眼睛（eye的复数）
relationship	关系；关联
workers	工人；人员；角色（worker复数形式）
farm	农场；农田；耕种；种田
fucking	该死的；难完成的；难做的；低劣的；讨厌的；丑恶的；混乱的；乱糟糟的
Georgia	乔治亚州
peace	和平；和约；治安；和睦；安宁；静寂；安静下来；不作声
traditional	传统的；惯例的
campus	校园；大学生活
tom	雄性动物；雄猫
showing	显示；陈列；展览；成绩；表现；表演；夸耀；陈述；叙述；外表；迹象
creative	有创造力的；创作的；产生的
coast	海岸；滑坡；沿海岸而行
benefit	利益；有益于；受益
progress	进步；发展；前进；进行
funding	债务转期
devices	设备；装置；器件（device的复数）
lord	统治者；阁下；上帝；称王；作威作福；使成贵族
grant	授予；授予物；允许；承认；授与；授权命令
sub	补充人员；部下；潜水艇；胶层；订户；傻子；附属的；次级的；替代；转包；子程式；用户；代替；减法器
agree	同意；赞成；应允；适合；承认；认定
fiction	小说；虚构故事；虚构的事实；捏造；拟制
hear	听到；倾听；听说；审理；听见；听
sometimes	有时；时常；往往
watches	手表（watch的复数）
careers	职业生涯；事业；职业（career的复数）
beyond	超过；在那一边；迟于；在远处；更远处
goes	前进；行走（go的第三人称单数形式）
families	家族；家庭（family的复数）
led	lead的过去式和过去分词；发光二极管
museum	博物馆
themselves	他们自己；她们自己；它们自己
fan	风扇；迷；狂热者；爱好者；煽动；刺激；吹拂；飘动；成扇形散开
transport	运输；运输工具；激动；狂喜；流放犯；传送；流放
interesting	有趣的
blogs	博客；网志（网站上记有活动、意见等的个人记录）( blog的名词复数 )
wife	妻子；太太；夫人；已婚妇女
evaluation	评估；估价；求值；鉴定；评价
accepted	公认的；一般承认的；已承兑；已认付
former	从前的；前者的；起形成作用的人(或物)；模型；样板
implementation	安装启用；实行；履行；实施；实现
ten	十；十个
hits	击打；网页点击数；采样数（hit的复数）
zone	地带；带；地区；环绕；使分成地带；分成区；卡片顶部的三行区；区；区域
complex	综合体；情结；络合物；复杂的；组合的
Th	钍(90号元素)
cat	猫；恶妇；呕吐；计算机辅助教育；计算机辅助测试；计算机辅助翻译；计算机辅助排版；计算机辅助教学；计算机辅助排字
galleries	美术馆（gallery的复数）；图表种类
references	参考文献；参照；推荐信（reference的复数）
die	死亡；消逝；平息；熄灭；漠然；渴望；死；骰子；冲模
presented	&；（动词present的过去式及过去分词形式）；表示"展示；展现；出示"；举向( present的过去式和过去分词 )；面向；举枪瞄准；（分娩时婴儿）露出
jack	插座；千斤顶；男人；抬起；提醒；扛举；增加；提高；放弃；雄的
flat	平坦的；单调的；无力的；浅的；萧条的；干脆的；无聊的；平直地；断然地；扁平物；平面；平地；平原；平板车；(使)变平
flow	流程；流动；流量；洋溢；泛滥；涨潮；流泄；畅流；川流不息；飘扬；涌出；使流动；淹没；流出
agencies	代理；代理处（agency的复数）
literature	文学；文艺；著作；广告；商品介绍等文学
respective	分别的；各自的
parent	父母；父母亲；根源；父亲；母亲
Spanish	西班牙人；西班牙语；西班牙的
Michigan	密歇根州
Columbia	哥伦比亚
setting	环境；背景；布景；镶嵌；调整；沉落；一副餐具；设置
Dr	博士；医生；英钱
scale	刻度；衡量；比例；比例尺；数值范围；等级；规模；天平；秤；鳞；积垢；依比例决定；攀登；测量；绘制；刮鳞；使生垢；过秤；剥落；生水垢；重量为
stand	站立；站住；停顿；讲台；看台；立场；法院证人席；站；立；坐落；停滞；位于；坚持；维持原状；忍受；使站立；抵挡
economy	经济；理财；节约；整体
highest	最高
helpful	有帮助的；有益的；有用的
monthly	月刊；每月的；每月一次的
critical	批评的；决定性的；危险的；临界的；危象的；极期的
frame	框；结构；体格；构成；设计；制定；使适合；陷害；框架；图文框；帧
musical	音乐片；音乐舞台剧；音乐的；声音美妙的；喜爱音乐的
definition	定义；精确度；清晰度
secretary	秘书；书记；大臣
angeles	安杰利斯（姓氏）；天使城（菲律宾地名）
networking	连网；建网
path	路径；小路；道路；途径；路线；轨道；DOS内部命令:设定DOS读取程序的路径
Australian	澳大利亚人；澳大利亚的；澳洲的；澳洲人的
employee	职员；员工；受雇人员；职工；雇员
chief	领袖；酋长；长官；主要部分；主要的；首位的
gives	付出；弯曲；内幕消息（give的复数）
KB	键盘；千位；千字节；知识库
bottom	底部；底部的；给...装底；查明真相；到达底部；建立基础
magazines	杂志（magazine的复数）
packages	程序包；包装；包裹（package的复数）
detail	细节；详情；详述；选派；画详图；详细数据
francisco	弗朗西斯科（男子名；等于Francis）
laws	法律；规章（law的复数）
changed	变化的；改变的
pet	宠物；受宠爱的人；宠坏的孩子；不悦；生气；宠爱的；表示亲昵的；养着观赏的；特别珍爱的；格外的；宠爱；溺爱；抚摸；拥抱；爱抚；发脾气
heard	hear的过去式和过去分词
begin	开始
individuals	个人；个体（individual的复数）
Colorado	科罗拉多；科罗拉多河
royal	王室；皇族；王室的；皇家的；盛大的；庄严的
clean	干净的；清白的；简洁的；清洁地；完全地；清理；使干净；出空；被搞干净；打扫
switch	开关；电闸；转换；软枝；鞭子；道岔；转变；切换；摆动；使转轨；变换；翻转；转移
Russian	俄国人；俄语；俄国的；俄语的
largest	多量的；最大的（large的最高级）
African	非洲人；非洲的；非洲人的
guy	家伙；支索；用支索撑住；取笑；嘲弄；逃跑
titles	标题；字幕；主题（title复数形式）
relevant	有关联的；有关系的；适当的；相应的；有关的；相关的
guidelines	指导方针
justice	正义；公平；公正；正确；司法；审判
connect	连接；联合；联系
bible	圣经
dev	abbr. 发展（develop）；偏差（deviation）；开发人员（developer）；设备驱动程序
cup	杯子；茶杯；优胜杯；使成杯状；为...拔火罐
basket	篮；篮子；装入篮
applied	应用的；应用；申请
weekly	周刊；周报；每周的；一周一次的；周刊的；每周；一周一次
VOL	DOS外部命令:显示卷标及其序号
installation	安装；装置；就职；结构；设立
described	描述；描写（describe的过去式）
demand	要求；需求；需要；查询
PP	包裹邮递；包裹邮件；邮包；包裹邮务处；过去分词；并行打印；并行处理器；打印位置
suite	随员；套房；(一)组；(一)套；组曲；继之而来的事；程序组
vegas	维加斯
NA	北美洲；国立研究院院士；国立研究院；国民军；钠(11号元素)
square	正方形；街区；广场；平方；直角尺；正方形的；正直的；公正的；平方的；方正的；结清的；成直角地；对准地；一致；符合；结清；使成方形；使平方自乘；调正；使一致
chris	克里斯（男子名）；克莉丝（女子名）
attention	注意；注意力；引起注意信号
advance	前进；进展；行过的路程；提高；上涨；使前进；促进；提出；使提前；预付；前面的；预先的
skip	跳跃；跳读；跳越；跳绳；遗漏；跳级；跳过
diet	日常饮食；议会；照规定饮食；忌食
army	军队；陆军
auction	拍卖
gear	齿轮；工具；以齿轮连起；开动；使适应；安排；连接上；适合
lee	背风处；避风处；下风处；保护；庇护；避风的；背风的；下风的；保护的
os	骨；孔；穴裂口；办公系统；操作系统
difference	不同；差异；差分
allowed	允许；容许的
correct	正确的；合适的；改正；订正
charles	查尔斯（人名）
nation	国家；民族
selling	卖的；销路好的；出售的；卖盘；出售；销路好
lots	大量；许多；一堆；命运（lot的复数）
piece	块；片；篇；碎片；部分；部件；标准量；修补；修理；拼合；接线头；吃零食
sheet	床单；张；纸张；印刷品；裹尸布；薄片；盖上被单；遍布；大片落下；片状的；成薄片的；工作表
firm	公司；商号；坚定的；坚强的；牢固的；结实的；坚硬的；坚挺的；严格的；确定的；使牢固；使坚定；变稳固；变坚实；稳固地
seven	七；七个
older	年长的；较旧的
Illinois	伊利诺州
regulations	章则；条例；规程（regulation的复数）
elements	原理；基础
species	种；类；外形；茶剂
jump	跳跃；跳动；暴涨；惊跳；跃过；突升；使跳跃；跳；转移；跳转
cells	细胞；牢房；小屋；单元格（cell的复数）
module	组件；模数；模块
resort	度假胜地；手段；凭借；常去之地；诉诸；常去
facility	容易；灵巧；设备；设施；装备
random	随意；随机；任意的；随便的；胡乱的；随机的；胡乱地
pricing	定价；标价
dvds	abbr. digital video display system 数字视频显示系统
certificate	证书；证明书；发给证明书；用证书批准；用证书证明
minister	部长；牧师；公使；服侍；救助；主持宗教仪式
motion	移动；手势；动作；意向；请求；提议；打手势
looks	美貌
fashion	流行；风尚；时样；形成；造；作
directions	指示；方向；用法说明书（direction的复数形式）
visitors	访问者；游客（visitor 复数）
documentation	(总称)文件；文件编制；文档
monitor	监督器；级长；监听员；班长；监视器；告诫物；监视；监听；监督；监视程序
trading	交易
forest	森林；林区；植树于
calls	调用；呼吁；电话（call的复数）
whose	谁的
coverage	覆盖的范围；保险总额；新闻报导；可达范围；覆盖度
couple	对；夫妇；数个；使成双；连接；使成婚；把...联系起来；结合；成婚
giving	礼物；给予物
chance	机会；意外；可能性；偶然发生；冒险
vision	视觉；眼光；视力；幻想；梦见；想象；显示
ball	球；舞会；球状物；捏成球形
ending	终止；终了；收场；末梢
clients	客户端；顾客；救济对象；应受账款；委托方（client的复数）
actions	动作；行动（action的复数）
listen	听；倾听；听从
discuss	讨论；论述；辩论
accept	接受；承认；同意；相信；赞成；承担；承兑；采纳；接纳；容忍
automotive	汽车的
naked	裸体的；无装饰的；无保护的；赤贫的；裸露的
goal	目标；终点；得分；球门；守门员；攻门；射门得分
successful	成功的；一帆风顺的；顺利的
sold	sell的过去式和过去分词
wind	风；气息；气味；呼吸；风声；趋势；空谈；卷绕；弯曲；使通风；嗅出；使喘气；吹号角；上发条；缠绕；包；绞起；吊起；使弯曲；使迂回；嗅出猎物；吹响号角；卷曲；蜿蜒；迂回
communities	社区；团体；群体（community的复数形式）
clinical	临床的；门诊部的；临证的
situation	情形；境遇；位置；情境；处境
sciences	科学（science的复数）
markets	市场；市场组合（market 复数）
lowest	最低的；基层的
highly	非常；非常赞许地；大大地
publishing	出版；刊印；发行
appear	出现；显得；来到；出庭；到案
emergency	紧急状况；紧急事件；紧急需要；紧急情况
developing	发展中的；显影
lives	life的复数
currency	货币；通货；流通；通用；货币型
leather	皮革；皮制品；马镫的皮带；覆以皮革；鞭苔；抽打；皮革的；皮制的
determine	决定；决心
milf	abbr. （菲律宾）摩洛伊斯兰解放阵线（Moro Islamic Liberation Front）
temperature	温度；发烧；热度
palm	手掌；棕榈；胜利；与...握手；藏...于掌中
announcements	公告；注意事项（announcement的复数）
patient	病人；承受者；忍耐的；容忍的；有耐性的；坚忍的
actual	真实的；实际的；现行的；实际死亡率
historical	历史的；史实的；历史上的；历史性的
stone	石头；宝石；果核；纪念碑；结石；投扔石子；铺石头；石的；石制的；完全的
bob	剪短；敲击；振动；上下跳动；短发；悬挂的饰品；浮子；摆动；轻敲；5便士
commerce	商业；商务；贸易
ringtones	铃声（ringtone的复数）
perhaps	也许；大概
persons	人员；人们（person的复数）
difficult	困难的
scientific	科学的；系统的；符合科学规律的；科学记数法
satellite	人造卫星；伴行静脉；陪静脉；陪病部；随体；卫星
fit	适宜；合身；发作；痉挛；适宜的；对的；准备好的；适合；安装；使合身；使适应；使合格；符合；非特
tests	测验（test的复数）
village	村庄；乡村的；村庄的
accounts	账号；会计账簿；账目（account的复数）
amateur	业余爱好者；外行；爱好者；业余家
ex	已离婚的配偶；不附资本增殖；(在船边码头)交货；无(红利)...之外
met	meet的过去式和过去分词；甲硫氨酸；蛋氨酸
pain	痛苦；疼痛；辛苦；使痛苦；作痛；疼
xbox	微软游戏机
particularly	特别；格外；尤其；详细地；细致地
factors	因素（factor的复数）
coffee	咖啡；咖啡色；咖啡豆
WWW	全球信息网；WWW浏览器
settings	设置（setting的复数）
cum	和；附有；与；附有红利的；附有红利地
buyer	买主；买方；买手
cultural	文化的；教养的；修养的；培养的
steve	史蒂夫（男子名）
easily	容易地；轻易地；流利地
oral	口试；口头的；口述的；口部的
ford	浅滩；福特汽车；涉过；涉水
poster	海报；招贴；驿马
edge	边缘；尖锐；刀刃；优势；使锐利；挤进；镶边；缓缓移动
functional	功能的；机能的；官能的
root	根；根本；根源；基础；底部；使扎根；使固定；根除；肃清；搜出；用鼻拱；生根；固定；源于；用鼻拱土；寻找；捧场；支持
AU	加法器；运算器；声频；金(79号元素)
FI	格式标识码；前端处理器接口；场电离
closed	关闭的；限于少数人的；关闭指令
holidays	在假日；每逢假日
ice	冰；冰淇淋；糖衣；冷若冰霜；矜持；贿赂；使结冰；冰镇；覆以糖衣；结冰
pink	粉红色；石竹花；化身；典范；头面人物；极度；粉红的；石竹科的；比较激进的；脸色发红的；精致的；有点下流的；刺；扎；刺痛；射伤；使面红耳赤；使变粉红色；变粉红色
zealand	西兰岛（丹麦最大的岛）
balance	平衡；差额；相等；称；权衡；比较；使平衡；结算；抵消
monitoring	监控；监督；监视；检验；检查；控制
graduate	毕业生；量杯；已得学位的；研究生的；毕业的；毕业；得学位；逐渐变为；准予...毕业；授予...学位；分等级；刻刻度
replies	回复；回答；答复（reply的复数形式）
shot	发射；炮弹；射击；射手；投篮；射门；子弹；射程；拍摄；注射；装弹；使成颗粒状；杂色的；交织着的；渗透的；点焊的；破旧的；shoot的过去式和过去分词
NC	北卡罗来纳；网络控制；不连接；数控
architecture	建筑学；建筑式样；体系结构
initial	字首；首字母；开始的；最初的；字首的；用姓名的首字母签名
label	标签；称号；商标；标志；贴标签于；标注；DOS外部命令:用于建立改变或删除磁盘卷标号
thinking	思考；思想；思考的；有理性的
scott	斯科特（男子名）
LLC	逻辑链路控制；液液色谱法
SEC	秒；辅助；尺寸排阻色谱法
recommend	推荐；介绍；劝告；使受欢迎；托付；建议
canon	教会法规；圣典；准则；标准；教士；规范；炮
hardcore	赤裸裸描写性行为的
league	同盟；联盟；盟约；组联盟；(使)加盟
waste	浪费；废物；损耗；消耗；荒地；垃圾；地面风化物；废弃的；荒芜的；多余的；使荒芜；变消瘦
minute	分；分钟；片刻；备忘录；笔记；记录；摘录；测定时间；微小的；详细的
bus	公共汽车；总线；汇流条；母线
provider	供应者；供养人；伙食承办人；提供器
optional	可选择的；随意的；选购的
dictionary	字典；词典
cold	感冒；寒冷；寒冷的；冷淡的；冷静的；完全地
accounting	会计学；帐单；清帐；帐户处理；记帐
manufacturing	制造业；制造业的
sections	截面；节段；型材（section的复数）
chair	椅子；显要的席位；主席；使入座；使就任要职
fishing	钓鱼；鱼业；钓鱼的
effort	努力；成就
phase	时期；局面；方面；位相；相；阶段；使调整相位；使定相；使一致；逐步执行；实行
fields	域；字段；场设置（field复数形式）
bag	袋子；袋状物；使膨大；装袋；猎获
fantasy	幻想；想象的产物
PO	邮局；邮政汇票；口服；经口
letters	字母；书信；读者投书栏（letter的复数）
motor	马达；发动机；原动力；汽车；马达的；发动机的；汽车的；发动的；推动；以汽车载运；乘汽车；驾车
VA	视敏度
professor	教授
context	上下文；背景；来龙去脉
install	安装；安置；使就职；安装程序；DOS内部命令:安装常驻程序
shirt	衬衫；内衣；汗衫
apparel	衣服；外表；使穿衣；装饰
generally	通常；逐渐地；普遍地
continued	继续的；延续的；连续的
foot	脚；步调；英尺；底部；末尾；步兵；走在...上；给...换底；支付；跳舞；步行；总计
mass	块；大多数；质量；大量；群众；弥撒；群众的；大规模的；整个的；使集合；集中；聚集
crime	犯罪；罪行；罪恶；罪
count	计算；视为；计数；合计；伯爵
breast	胸部；乳房；胸怀；以胸对着；面对
techniques	方法；技巧；技术（technique的复数）
IBM	美国国际商用机器公司；国际商用机器公司
RD	报表描述；DOS内部命令:该命令用于删除磁盘中的空白子目录；卢(放射物质的蜕变单位)
johnson	约翰逊（姓氏）
SC	系统控制；存储容量；半导体；会话控制；钪(21号元素)
quickly	很快地
dollars	美元（dollar的复数）
websites	网站( website的复数形式 )
religion	宗教；信仰；宗教信仰
claim	要求；要求权；断言；权利；认领；主张；提出要求
driving	赶；操纵；驾驶；推进的；强劲的；精力旺盛的
permission	许可；允许；认可
surgery	外科；手术；手术室；换球术
patch	片；补缀；碎片；斑；傻瓜；掩饰；拼凑；平息；修补
heat	热；热度；体温；高潮；加热；激昂；加剧；把...加热；使激动
wild	荒野；荒地；野性的；野蛮的；野生的；失控的；任性的；杂乱的；轻率的；狂热的；疯狂的；狂暴地；失控地
measures	措施；层组（measure的复数）
generation	一代；一世；产生；生殖；世代
Kansas	堪萨斯州
miss	失误；避免；失败；小姐；未得到；未达到；未听到；未觉察；逃脱；遗漏；错过；思念；击不中
chemical	化学药品；化学的；化学上用的
doctor	医生；博士；授以博士学位；诊断；修改；行医
task	工作；任务；作业；困难的工作；派给...工作；使辛劳
reduce	减少；分解；降低；使衰退；把...分解；把...归纳；减肥；缩小
brought	bring的过去式和过去分词
himself	他自己；他亲自
nor	也不；也没有；或非
component	元件；组件；成分；组成的；构成的
enable	使能够；允许；使能；打开
exercise	行使；执行；运动；练习；作业；运用；锻炼
bug	错误；虫；病菌；缺陷；窃听器；癖好；防盗报警器；双座小汽车；要人；装防盗报警器；装窃听器；激怒；捉虫；暴突；缺点
santa	圣诞老人（等于Santa Claus）
mid	中间的；中央的；中部的；在...之中
guarantee	担保；抵押品；保证书；保证
leader	领导者；社论；指挥；领袖；领唱者；前导字符
diamond	钻石；菱形
Israel	以色列；以色列后裔；犹太人
SE	栈空；系统扩充；硒(34号元素)
processes	过程；进程（process的复数）
soft	软的；温和的；柔和的；柔滑的；温柔的；软弱的；坡度小的；笨的；纸币的；柔软的东西；笨人；纸币；柔软地；温和地
servers	服务器（server的复数）
alone	孤独的；单独的；独自的；独自地
meetings	会议；集会；会见（meeting的复数形式）
seconds	次级品；二等品
jones	琼斯（姓氏）
Arizona	亚利桑那州
keyword	关键字
interests	兴趣( interest的名词复数 )；利益；利息；关注
flight	飞行；射程；逃走；飞跃；飞机航程；班机；迁徙；飞逝；射击(飞禽)；为(箭)装上羽毛；使惊飞
congress	国会；会议；讨论会；会合
fuel	燃料；木炭；加燃料；供燃料；得到燃料
username	由字母或数字组成的用户名称；以标明用户的身份
walk	走；散步；步行；行走的路程；竞走；散步场所；走路；处世；走过；遛；使走；护送...走
fuck	与...性交；欺骗；诅咒；性交；些微；杂种；他妈的；混帐
produced	创作；产生；制造（produce的过去式和过去分词）
Italian	意大利人；意大利语；意大利的；意大利语的
paperback	平装本；纸面本
classifieds	分类广告
wait	等待；等候；期待；延缓；伺候；推迟；等；耽搁；伺候用餐
supported	被支持的
pocket	口袋；钱袋；钱；容器；装...在口袋里；隐藏；抑制；私吞；搁置；击...入袋；袖珍的；小型的；压缩的；金钱上的
Saint	圣徒；圣人；神圣的；自动积分程序符号
rose	玫瑰；蔷薇；玫瑰色；玫瑰色的；玫瑰花的；使成玫瑰色；rise的过去式
freedom	自由；坦率；特权；自主；免除
argument	争论；论证；论据；自变量；参数
competition	竞争；竞赛；竞销；比赛
creating	生成的
jim	吉姆（人名）
drugs	毒品；药物
joint	连接处；接合；关节；共同的；联合的；连接的；合办的；连接；使有接头；贴合；长节
premium	额外补贴；奖金；奖赏；保险费
providers	供应者；提供者；（尤指）维持家庭生计者( provider的复数形式 )
fresh	新鲜的；新奇的；另外的；淡的；精神饱满的；冒失的；最新地；刚刚；开始；泛滥
characters	特性；人物角色（character复数）
attorney	代理人；律师
upgrade	上坡；升级；上升；往上；使升级；提升；改良品种
DI	数据输入；数据项；设备独立性；双整数
factor	因素；因数；系数；基因；代理人；因式
growing	成长的
thousands	数千（thousand的复数）
km	千米；公里
stream	水流；小河；流出；趋势；人潮；流动；展开；流；涌；飘扬
apartments	公寓；套间；公寓住宅（apartment的复数形式）
pick	精选；选择；掘；精华；牙签；鹤嘴锄；摘；凿；挖；挑选；拾取
hearing	听；听觉；听讯
eastern	东方人；东正教徒；东方的；向东的；自东的
auctions	拍卖（auction的三单形式）
therapy	治疗；疗法
entries	进入；（词典所列的）词目（entry的复数形式）
dates	日期；枣子；大枣；约会（date的复数形式）
generated	生成的；发生的
signed	有符号的；有正负之分的；已签字的
upper	上面的；较高的；上级的；上院的；穿在外面的；北部的；地表的；后期的；鞋帮；上齿
administrative	管理的；行政的；遗产管理的
serious	严肃的；认真的；重要的；严重的
prime	最佳部分；初期；全盛期；主要的；最初的；根本的；加油启动；灌注；填装
samsung	三星电子（韩国电子公司）
limit	界限；边界；限度；极限；限制；限定
began	begin的过去式
louis	路易斯（男子名）
steps	（楼外的）台阶；步伐；步幅；步数
errors	误差；错误；差错（error的复数）
shops	商店；商店用包装纸（shop的复数）
bondage	奴役；束缚；监禁；奴隶
DEL	数据输入语言；作废；DOS内部命令:从磁盘上删除一个或多个文件
efforts	努力；转向力（effort的复数）
informed	见多识广的
Ga	镓(31号元素)
AC	公元前；存取周期；累加器；声耦合器；交流；应用控制；自动检查；自动计算机
thoughts	思想；思维；想法（thought的复数）
creek	小溪；小河；小湾
ft	英尺
worked	work的过去式和过去分词
quantity	量；数量；总量
urban	都市的；住在都市的；习惯于都市的；城市的；市区的
practices	练习( practice的名词复数 )；实践；（医生或律师的）业务；惯例
sorted	分选的；分类的；挑选的
reporting	报道；报告；汇报
essential	要素；要点；本质；必要的；重要的；本质的；本质冒险
myself	我自己；我亲自；我独自
tours	图尔斯（姓氏）；图尔市（法国城市名）
platform	站台；月台；讲台；论坛；平台
load	负荷；担子；重担；装载量；负载；工作量；加载；装载；装填；使担负；装货；上客；装料；装入程序
affiliate	使紧密联系；使附属；接纳；收养；发生联系；参加
labor	劳动；努力；工作；劳工；分娩；苦干；详细分析；使厌烦
immediately	直接地；立刻；立即
ADMIN	行政管理程序
nursing	看护；养育；护理；喂乳
defense	防卫；防卫物；防御
machines	机器；机械（machine的复数）
designated	特指的；指定的
tags	标签；（机动车）牌照；称呼（tag的复数）
heavy	重的；巨大的；沉重的；笨重的；过度的；沉重地；重物；严肃角色
covered	隐蔽着的；掩藏着的；有屋顶的；涂抹了的；覆盖了的；掩盖了的
recovery	恢复；复原；痊愈；重获
joe	乔（男子名）
guys	各位；朋友们；球员
integrated	综合的；完整的；互相协调的；成为整体的；统筹的
configuration	结构；表面配置；外形；配置
cock	公鸡；雄禽；龙头；头目；锥形小干草堆；使耸立；使竖起；堆成锥形小干草堆；大摇大摆地走；翘起
merchant	商人；店主；商业的；商人的
comprehensive	广泛的；有理解力的；综合的；全面的
expert	专家；行家；老练的；内行的；专门的；高级
universal	全世界的；普遍的；宇宙的；通用的；一般概念
protect	防卫；保护；警戒；庇护
drop	滴；微量；落下；空投；放下；掉下；下降；使滴下；丢失；遗漏；投入；投入点；接入点；分接点
solid	固体；坚硬的；稳固的；固体的；实心的；纯质的；立体的；立方的；原色
cds	abbr. 中央动态存贮器（Central Dynamic Store）；集装箱运货系（Container Delivery System）；冷拉无缝（Cold Drawn Seamless）；受控供电系统（Controlled Delivery System）
presentation	赠与；描述；介绍；简报
languages	语系；语种；语言文字（language复数）
became	become的过去式
orange	柑橘；桔子；橘色；橘色的
compliance	遵从；顺从；屈从；柔顺；顺应
vehicles	交通工具；车辆（vehicle的复数形式）
prevent	预防；防止；阻止；妨碍
theme	主题；话题；题目
rich	富裕的；富饶的；浓厚的；贵重的
IM	中断屏蔽；指令存储器
campaign	战役；运动；竞选运动；参加运动；作战
marine	舰队；水兵；海景画；海的；海产的；海底的；船舶的；海运的
improvement	进步；改善；利用；好转
vs	对
guitar	吉他
finding	发现；发现物；决定；裁决；调查结果；对事实的认定；判定的要素
Pennsylvania	宾夕法尼亚
examples	例子；列证（example的复数形式）
ipod	苹果公司音乐播放器
saying	叙述；话；说；言论
spirit	精神；心灵；灵魂；态度；志气；人格；情绪；心情；烈酒；诱拐；鼓励；鼓舞
AR	应收款；自动再启动；辅助程式；紧急反应
claims	权利要求；要求；请求权；债权；索赔（claim的复数形式）
porno	色情（书刊、电影等；等于pornography）
challenge	挑战；盘问；向...挑战；要求；怀疑；对(证据等)表示异议
motorola	摩托罗拉（美国主营电子的公司）
acceptance	接受；接纳；承认；同意；赞同；容忍；相信；承兑；认付；(工程)验收
strategies	策略( strategy的复数形式 )；战略；战略学；对策
mo	顷刻；瞬间；函购；邮购；军医；军医主任；汇票；邮政汇票；分子轨道
seem	象是；似乎
affairs	事务；事宜；风流韵事
touch	触觉；碰；触；机灵；轻触；格调；少许；缺点；弹力；接触；触摸；触及；使接触；达到；涉及；影响到；使轻度受害；感动；接近；提到
intended	有意的；故意的；未婚夫(妻)
towards	向；对于；为了
SA	救世军；南非；南美；南澳大利亚；性的魅力；性感；源地址；结构分析；系统分析
goals	目标；目的；进球；射中次数
hire	租金；租用；雇用；雇请；出租；受雇
election	选举；当选；选择权
suggest	提议；建议；促成；暗示；启发；使人想起；提出
branch	树枝；支店；支流；分部；分支；出枝；分割；用枝状叶脉刺绣花纹装饰；目录分支
charges	费用；手续费；运费
serve	可作...用；服务；经历；招待；供应；送交；对待；服役；侍应；适合；有用；开球；发球；轮到发球
affiliates	附属企业( affiliate的名词复数 )；使隶属于；接纳…为成员( affiliate的第三人称单数 )；加入；与…有关；为…工作
reasons	理由；理智；原因（reason的复数）
magic	魔术；魔法；魔术的；有魔力的；不可思议的
mount	乘骑用马；框；衬纸；山；乘马；爬上；增长；使上马；装上；装裱；安放；制作...的标本；设置；上演；安装
smart	聪明的；漂亮的；刺痛的；剧烈的；敏捷的；巧妙的；伶俐的；潇洒的；刺痛；痛苦
talking	说话的；多嘴的；富有表情的；讲话；谈论
gave	give的过去式
ones	刻录软件
Latin	拉丁人；拉丁语；拉丁人的；拉丁语的
multimedia	多媒体
xp	abbr. 加快费已付（Express Paid）；运用优先权（Exercise Priority）
tits	以牙还牙( tit的复数形式 )；<古>小马；山雀；奶头
avoid	避免；防止；撤消；回避；躲开
certified	证明合格的；检定的；证明的；书面证明的
manage	处理；管理；控制；维持；达成；经营；运用
corner	角落；转角；窘境；迫至一隅；垄断；使陷入绝境；相交成角；边角
rank	等级；排；横列；队伍；阶级；茂密丛生的；恶臭的；十足的；粗俗的；排列；归类于；把...分等；列为；列队；秩
computing	计算
Oregon	俄勒冈
element	元件；元素；要素；部分；成分；单元；码元
birth	出生；起源；生产；分娩
virus	病毒；滤过性病毒；毒害
abuse	滥用；虐待；恶习；辱骂
interactive	相互作用的；相互影响的；交互；人机对话的
requests	要求( request的名词复数 )；需要；所请求的事物；申请书；（下级对上级的）请求( request的第三人称单数 )；请求得到；索取；邀请
separate	独立件；抽印本；分开的；各别的；单独的；分隔的；分开；隔开；分居；使分离；使分开；区分；使分居
quarter	四分之一；一刻钟；季度；地区；四等分；肢解；驻扎；住宿
procedure	程序；过程；手续；规程
leadership	领导能力；领导阶层
tables	桌子；附录；表格（table的复数）
define	定义；规定；使明确
racing	赛马；赛车；空转；急转
religious	宗教性的；虔诚的；宗教上的；严谨的；修道士；出家人
facts	abbr. 设备管理控制与时间调度程序；Facilities Administration Control and Time Schedule
breakfast	早餐
kong	含锡砾石下的无矿基岩；钢
column	专栏；圆柱；纵队；列；柱形物；柱形图
plants	植物；工厂（plant的复数形式）
faith	信心；信任；忠实；保证；信仰；信念
chain	链；枷锁；束缚；用铁练锁住；囚禁
developer	开发者；显影器
identify	识别；认为...等同于；确定；使参与；一致；认同
avenue	大街；途径；林荫路
missing	不见的；缺少的；行踪不明的；失踪的；遗失的
died	死亡；消逝（die的过去式和过去分词）
approximately	大约；大致；近于；近似
domestic	家庭的；国内的；驯养的；家用的
sitemap	
recommendations	推荐( recommendation的复数形式 )；推荐信；正式建议；提议
moved	移动；移动到；感动（move的过去式；过去分词）
Houston	休斯敦
reach	伸出；延伸；区域；范围；流域；岬；到达；达到；影响；伸出手；传到
comparison	比较；对照；比喻；对比
mental	心智的；精神病的；心理的；颏的；精神病患者
viewed	看（view的过去式与过去分词形式）
moment	片刻；瞬间；重要；阶段；力矩；时机；因素；矩
extended	延续的；伸出的；竭尽全力的；广大的；扩大范围的；展期的；延期的；延长的
sequence	序列；续发事件；顺序；连续；按顺序排好
inch	英寸；身高；小岛；慢慢前进；慢慢移动；使缓慢地移动
attack	攻击；抨击；动手干
sorry	难过的；悲哀的；遗憾的
centers	中心；中央（center的复数形式）
opening	开始；口子；穴；揭幕；开始的
damage	损害；伤害
lab	实验室；研究室；凝乳酶
reserve	储备品；贮量；后备军；自然保护区；保留；拘谨；节制；储备金；保存；预订；延期；推迟
recipes	烹饪法( recipe的名词复数 )；食谱；方法；秘诀
cvs	abbr. 计算机并行版本系统（Concurrent Version System）；绒毛膜绒毛样检（Chorionic Villus Sampling）
gamma	希腊语的第三个字母(Γ；γ)；γ(希腊文第三个字母)；丙种；微克(千分之一毫克)
plastic	塑料；可塑体；可塑性物质；塑料的；塑造的；有可塑性的；造型的；易受影响的；有创造力的
produce	生产品；物产；后代；产生；生产；提出；出示；制造
snow	雪；积雪；下雪；雪花形干扰；似雪般落下；使雪白；用雪覆盖；使像雪般落下
placed	放置（place的过去分词形式）
truth	事实；实情；真实；真相
counter	计算器；计算者；柜台；筹码；反方向的；相反的；反方向地；相反地；计数器；计数字
failure	失败；失败者；不足；缺乏；破产；故障；失效
follows	跟随；遵照（follow的复数）
EU	富集铀；浓缩铀；铕(63号元素)
weekend	周末；周末休假
dollar	美元；元(加、澳等国货币单位)；纯经济的；元
camp	露营；帐篷；扎营；使扎营
ontario	安大略湖（北美五大湖之一）
automatically	自动地；机械地
DES	数据加密标准；数据输入系统；显示编辑系统
Minnesota	明尼苏达州
films	电影；薄膜；胶片（film的复数）
bridge	桥；舰桥；桥梁；桥牌；架桥于；跨越；网桥；桥接器
native	本地人；土产；当地人；本国的；与生俱来的；自然的
fill	装满；填充；弥漫；供给；满足；供应；充满；变得沉重；充分；填方
williams	威廉姆斯（男子名）
movement	运动；动作；运转；移动；倾向；变化；活动；乐章
printing	印刷；印刷术；印花；打印
baseball	棒球；棒球系统
owned	拥有；承认（own的过去分词）
approval	赞成；批准；核准
draft	气流；草稿；汇票；草案；起草；征兵
chart	图表；海图；制成图表
played	玩耍；演奏；播放；参加竞赛（play的过去分词）
contacts	联系人；联络方式；触体（contact的复数形式）
CC	复写本；中央计算机；中央控制台；通道命令；通信中心；条件码；循环检验；抄送
Jesus	耶稣
readers	读者；读物（reader的复数形式）
clubs	（扑克牌）梅花；俱乐部；社团（club的复数）
LCD	液晶显示器；改变目录
wa	abbr. 华盛顿州（Washington State）；担保单独海损（with average）
jackson	杰克逊（男子名）；杰克逊（美国密西西比州的城市）
equal	对手；匹敌；同辈；相等的；平等的；胜任的；合适的；平静的；不相上下的；等于；比得上；等长度编码
adventure	冒险；冒险经历
matching	相同的；协调的；匹配；对比
offering	提供；奉献物；牲礼；上市的股票(或证券等)；出售物
shirts	衬衫（shirt的复数形式）
profit	利润；赢利；利益；有益；获利；赚钱；有益于
leaders	指挥；引线；前导字符；领袖（leader的复数）
posters	招贴；海报( poster的复数形式 )；印成的大幅画
institutions	体系
assistant	助手；助理；助教；有帮助的；辅助的；助理的
variable	易变的事物；变数；可变物；变量；可变的；不定的；易变的；变量的
ave	大街；途径；林荫大道
DJ	唱片流行音乐节目播音员；唱片骑师
advertisement	广告；启事；广告宣传；公告；告示
expect	预期；盼望；期待
parking	停车；停车的
headlines	大字标题( headline的名词复数 )；新闻提要
yesterday	昨天
compared	比较的；对照的（compare的过去式和过去分词）
determined	坚决的；已下决心的
wholesale	批发；批发的；大规模的；大规模；照批发方式；经营批发业
workshop	工场；车间；研讨会；讨论会；专题研究组
Russia	俄国；俄罗斯；苏联
gone	离去的；死去的；用完的；go的过去分词
codes	编码；代码；规范；准则（code的复数）
kinds	种类（kind的复数形式）
extension	延长；扩充；范围；扩展名；伸缩的；扩充名
Seattle	西雅图
statements	声明；报告；陈述句；状态说明（statement的复数形式）
golden	金的；含金的；金色的；贵重的；繁盛的；金制的；兴隆的
completely	完全地；十分地；圆满地
teams	团队；参赛队伍（team的复数形式）
fort	堡垒；要塞；易货站；设要塞保卫；设要塞
CM	厘米；中央存储器；通信多路转换器；控制标志；磁心存储器；锔(96号元素)
wi	abbr. 熟铁（Wrought Iron）；妇女协会（Women 's Institute）；西印度群岛（West Indies）
lighting	照明；照明设备；舞台灯光
senate	参议院；立法机构；评议会
forces	势力；兵力；武装力量（force的复数形式）
funny	好笑的；有趣的；滑稽的；滑稽人物
brother	兄弟
gene	基因；基因(遗传因子)
turned	变质的；被转动的；车削的
portable	可携带的；可搬运的；可移动的；可移植的
tried	试验过的；可靠的；已经审讯的；已经查验的
electrical	电的；有关电的
applicable	合适的；可应用的；适用的；适应的
disc	圆盘；唱片；灌唱片
returned	被送回的；归来的；已回来的；已归还的
pattern	模范；典型；式样；样品；图案；格调；模式；模仿；仿造；以图案装饰；形成图案
CT	计算机断层扫描；通信终端；计算机终端；计算机断层造影；计数器
Hentai	
boat	船；乘船；以船运
named	被指名的；指定的；命名的；有名的
theatre	戏院；电影院；剧场；全体观众；戏剧；戏剧效果；阶梯式讲堂；场所
laser	激光；激光器
earlier	早的；初期的
manufacturers	制造商；厂商
sponsor	保证人；赞助者；发起者；倡议者；教父；发起；赞助；倡议
classical	古典的；正统派的；经典的；标准的；典型的
icon	画像；肖像；偶像；图标；像标
warranty	正当理由；授权；担保；保证；根据；保单；担保书；保证书
dedicated	专注的；献身的
Indiana	印地安那州
direction	方向；指导；趋势；流向
harry	掠夺；使苦恼；强使前行；折磨；骚扰
basketball	篮球
objects	目标；物体（object的复数）
ends	目的；末端；结束（end的复数）
delete	删除
evening	傍晚；晚间；末期
assembly	与会者；集会；装配；组件
nuclear	核子的；原子能的；核的；中心的
taxes	税务；税捐；税收；税金
mouse	老鼠；胆小羞怯的人；鼠标；捕鼠；窥探；探出
signal	信号；暗号；近因；导火线；向...作信号；标志；用信号通知；发信号；作为信号的；显著的
criminal	罪犯；犯人；刑事；犯了罪的；刑事的；有罪的
issued	发布；发行（issue的过去分词形式）
brain	脑；打碎脑部
sexual	性的；性别的；性欲的
Wisconsin	威斯康星
powerful	有力的；有权力的；强大的；强力的
dream	梦；空想；愿望；做梦；想象；梦想
obtained	获得（obtain的过去分词）
false	错误的；虚伪的；假的；不老实的；不准确地；欺诈地
DA	美国地方检察官；数据采集；数据管理员；数据分析；设计自动化
cast	演员阵容；投掷；铸件；预测；特性；投；掷；抛；脱落；铸；使弯曲；计算；浇铸成型
flower	花；开花植物；精华；盛时；开花；发育；旺盛；成熟；用花装饰；使开花
felt	毛毯；毡；制毡；使粘结；粘结；feel的过去式和过去分词
personnel	人员；人事部门；人事科(处)；人事；全体人员；职工
passed	已被传递的；已经通过的；已经过去的
supplied	有...提供的；备有...的
identified	被认同者；经鉴定的；被识别的
falls	瀑布；陨石
pic	照片；图片；影片；位置独立代码；优先中断控制；过程接口控制；可编程中断控制器
soul	灵魂；心灵；精神；精髓；人；化身；典型；鬼魂；黑人的
AIDS	爱滋病(获得性免疫缺陷综合征)；高级综合数据系统；先进交互调试系统；自动图解文档编制系统；美国决策学学会；信息自动显示系统；自动综合调试系统
opinions	意见；舆论；评价（opinion的复数）
promote	促进；晋升；创办；推销；推广
stated	决定了的；一定的；阐明的；规定的；固定的；定期的
stats	abbr. 静止坦克自动目标系统（Stationary Tank Automatic Target System）
Hawaii	夏威夷州；夏威夷岛
professionals	专业人员（professional的复数）
appears	出现；呈现；看上去好像（appear的三单形式）
carry	进位；射程；运载；携带；运送；支持；传送；包含；被携带；能达到；进位数
flag	标志；旗标；旗子；信号旗；菖蒲；悬旗；打旗号；铺石板；无力地下垂；属性标记命令
decided	确定的；坚决的
nj	abbr. 新泽西（New Jersey）
covers	覆盖；封面；盖子；暗礁；保证金；暗礁群
hr	小时
EM	媒体用毕符；射气
advantage	优点；便利；好处；优势；有助于
hello	喂；嘿
designs	阴谋；诡计
maintain	维持；维修；保持；坚持；供养；主张
tourism	观光业；游览；旅游业
priority	优先权；优先；优先级
newsletters	时事通讯(newsletter的复数
adults	成年人（adult的复数形式）
clips	夹子；弹片；剪下来的东西；回形针（clip的复数）
savings	储蓄；存款；储金
iv	abbr. 输入阀；交互式视讯；自变量（Independent Variable）
graphic	生动的；轮廓分明的；绘画似的；图解的；图形的
atom	原子；核能；微粒；微量
payments	惩罚；薪资；支付；付款（payment的复数形式）
rw	abbr. 卢旺达（Rwanda）；辐射武器（radiation weapon）；辐射战（radiological warfare）；阁下（Right worshipful）
estimated	估算的；估计的；预计的
binding	装订；联编；汇集；绑定；捆绑
brief	摘要；简报；简短的；短暂的；对...作简报；节录
ended	结束的（end的过去分词）
winning	胜利；获得；成功；赢得物；得胜的；胜利的
eight	八；八个
anonymous	姓氏不详的；无名的；无特色的；无记录
iron	铁；熨斗；铁器；坚强；烙铁；镣铐；烫平；熨；用铁包
straight	直线；直；直的；笔直的；正直的；直接的；连续的；整齐的；直接地；立即；不断地
script	手迹；手稿；正本；手写体；改编为演出本；小型程序
served	招待；服役；发球；服务（serve的过去分词）
wants	需求；欲望；必需品；消费者的欲望；希望；要；想要
miscellaneous	各种的；多方面的；不同性质的
prepared	准备好的；特制的
void	空虚；空间；空白；空隙；空虚感；空的；无效的；无人的；没有的；无用的；脱墨；空白点
dining	正餐；宴会
alert	警觉的；灵敏的；留心的；警报；使警觉；通知；使意识到
integration	综合；与环境协调的行为；集成；整合
atlanta	亚特兰大（美国城市）
dakota	达科他（美国过去一地区名；现分为南、北达科他州）
tag	标签；附属物；碎片；结束语；口头禅；附加语；浑名；标记；标记符；附以签条；尾随；添饰；起浑名；连接；紧紧跟随
interview	面谈；访问；接见；面试；对...进行面谈(试)
mix	混合物；混乱；糊涂；使混合；弄混；使结合；混淆；相混合；交往；参与
framework	结构；骨架；参照标准；准则；观点；构架组织
disk	圆盘；磁盘
installed	安装的；已装入的
queen	王后；女王；立为女王；做女王
vhs	abbr. 家用录像系统（Video Home System）
credits	演职员名单；工作人员；信用；学分（credit的复数）
clearly	清楚地
fix	使固定；修理；准备；安装；凝视；牢记；确定；整理；固定；注视；困境；方位；维修；贿赂
handle	柄；把手；把柄；柄状物；手感；触摸；运用；买卖；处理；操作；搬运；易于操纵；句柄
sweet	甜蜜；糖果；情人；甜的；芳香的；悦耳的；漂亮的；和蔼的；不咸的；灵活的；轻快的
desk	书桌；办公桌；工作台
criteria	pl. 标准；条件
pubmed	
dave	戴夫（男子名）
Massachusetts	麻萨诸塞州
diego	迭戈（男子名）
hong	（中国、日本的）行；商行
vice	恶习；恶行；罪恶；堕落；缺陷；恶癖；老虎钳；钳住；代替
associate	同伴；伙伴；关联的事物；使联合；使发生联系；交往；关联
ne	原姓...的；原名...的；氖(10元素)
truck	卡车；货车；对...进行交易；来往；实物工资；(供应市场的)蔬菜；废物；废话；交往；以卡车运输；驾驶卡车；以物易物
behavior	行为；举止
enlarge	扩大；增大；详述
ray	光线；射线；闪烁；光辉；射出光线；浮现；放射光线；放射；显出
frequently	频繁；经常地
revenue	收入；岁入；税收；税务局
measure	尺寸；量度器；量度标准；测量；量具；程度；范围；限度；分寸；措施；方法；测度；估量；权衡；调节；拿(自己或自己的力量等)作较量；度量
changing	交换；兑换；改变（change的ing形式）
votes	投票；提倡（vote的第三人称单数形式）
du	定义使用；贫化铀
duty	责任；关税；职务；尊敬；职责
looked	看；瞧( look的过去式和过去分词 )；注意；面向；寻找
discussions	讨论( discussion的复数形式 )；商讨；详述；论述
bear	熊；忍受；支承；产生；怀有；通过卖空使跌价；结果实；压挤；行进；转向
gain	增益；获得；利润；收获；增加；得到；增进；赚到；获利
festival	节日的；喜庆的；快乐的；节日；庆祝；欢宴
laboratory	实验室；研究室；化工厂；检验室；化验室
ocean	海洋；广阔；许多；一大片；海
flights	（物体的）飞行( flight的名词复数 )；航班；飞翔；楼梯的一段
experts	专家；人才（expert的复数形式）
signs	标志；符号（sign的复数）
lack	缺乏；无；不足；短少；需要
depth	深度；深处；深奥
Iowa	衣阿华州
whatever	无论什么
logged	笨重的；湿透的
laptop	膝上型的
vintage	酒；葡萄收获(期、量)；酿酒；采葡萄；佳酿的；古典的；老式的
train	火车；列车；行列；长队；一连串的后果；顺序；训练；教育；对准；受训练；锻炼
exactly	确切地；精确地；恰好；完全地；确实；恰恰正是；确实如此
dry	干的；无酒的；枯燥无味的；干燥的；把...弄干；变干；干；干涸
explore	探险；探测；探究
Maryland	马里兰州
spa	矿泉；温泉浴场；矿泉治疗地；软件出版者协会
concept	观念；概念
nearly	几乎；密切地
eligible	有资格当选的；合格的；有资格者；合格者；适任者
checkout	结帐台；检验
reality	实在；事实；实体；逼真；现实；实在存在的事物；实在性
forgot	forget的过去式和过去分词
handling	处理；操作的
origin	起源；起因；出身；开端；原点；起始地址；信件来源的相关数据
knew	know的过去式
gaming	赌博；赌胜负；赌赛
feeds	饲料；一餐（feed的复数）
billion	十亿；十亿个
destination	目的地；目标；目的；目的文件；目的单元
Scotland	苏格兰
faster	加快
intelligence	智力；情报；信息
dallas	达拉斯（美国城市）
bought	买来的；buy的过去式和过去分词
con	精读；仔细研究；默记；反面地；从反面；欺诈的；反对者；反对票；肺结核；控制台
UPS	不间断电源
nations	国家（nation的复数）
route	路径；途径；路线；确定路线；按规定路线发送；传递；路由设定程序
followed	跟随的；服从的
specifications	规格；规范；明细单；说明书；详细的计划书
broken	坏掉的；打破的；断掉的；break的过去分词
tripadvisor	
frank	坦白的；率直的；老实的；免费邮寄；免费邮寄特权
Alaska	阿拉斯加州
zoom	急速上升；变焦摄影；嗡嗡声；猛增；摄象机移动；使摄象机移动；缩放
blow	吹；打击；殴打；花开；风吹；吹响；开花
battle	战役；战斗
residential	住宅的；与居住有关的；有关居住的；房产的:居所的；适于居住的
anime	硬树脂
speak	说；说话；演说；发言；讲；说出
decisions	决断；决策；決定（decision的复数）
industries	行业；工业；实业公司（industry的复数）
protocol	草案；礼仪；协议；拟定；协议列表实用程序
query	疑问；疑问号；质问；查询；询问
clip	修剪；夹子；回形针；剪下来的东西；痛打；夹牢；剪报
partnership	合伙；合股；合作关系；合伙(合作)关系；全体合伙人
editorial	社论；评论；编辑的；主笔的；社论的
Nt	氡；镭射气(86号元素)
expression	表达；表现；词语；措辞；表达式
ES	电子能谱；电子能谱学；专家系统；低于模糊意识(低于下意识)
equity	公平；公正；权益；产权
provisions	存粮；给养；口粮；食物；粮食；食品
speech	演讲；说话；谈话；言语；引语；民族语言；语言
wire	电线；电报；电信；铁丝网；金属丝；用金属丝捆扎；拍电报；打电报
principles	原则；原理；道义；节操
suggestions	民众意见箱；员工意见箱
rural	乡下的；田园的；乡村风味的；农村的；乡村的；有关农业的
shared	共享的
sounds	音效；声音（sound的复数）
replacement	归还；更换；代替者；复位；置换
tape	带子；录音带；磁带；窄带；卷尺；以带子绑起；测量；录音；带
strategic	战略的；战略上的
judge	法官；裁判员；审判官；鉴定人；审理；鉴定；判断；判决；裁定；下判断；作评价
spam	罐头猪肉；垃圾邮件；发送垃圾邮件
economics	经济学
acid	酸；酸类物质；尖刻；迷幻药；酸的；酸性的；尖刻的；敏锐的；自动文档互参与索引生成程序
bytes	位元组；字节数（byte的复数）；字节
cent	分；美分
forced	被迫的；强迫的；用力的；强制的；法定的
compatible	能共处的；可并立的；适合的；相容的；兼容的
fight	打架；争吵；斗志；对抗
apartment	房间；公寓
height	高度；海拔；高地；顶点
null	无效力的；无效的；无价值的；零；空；零位
zero	零；零点；零度；无；乌有；最低点；零的；没有的；调零；对(炮火等)作协调校正
speaker	说话人；讲演者；发言人；喇叭；扬声器
filed	申请；存档（file的过去分词形式）
GB	千兆字节
Netherlands	荷兰
obtain	获得；达到；流行；得到公认
BC	公元前
consulting	商议的；咨询的；任专职顾问的
recreation	娱乐；消遣；休息；再创造；休养
offices	办公室；办事处（office的复数）
designer	设计者；谋划者；制图者；设计员
remain	保持；逗留；剩余；停留；居住；继续
managed	与中央化计划及管制有关的；托管的
PR	与公众的关系；公关；模式识别；实际记录；前缀；程序寄存器
failed	已失败的；失败的
marriage	婚姻；结婚；婚礼；合并
roll	卷；滚动；名单；案卷；压路机；滚；飘流；起伏；绕；使滚动
Korea	朝鲜；韩国
banks	银行；斜床；岸；堤（bank的复数形式）
Fr	钫(87号元素)
participants	参加者；参与者；参与者( participant的名词复数 )；有份的；参与的
secret	秘密；机密；秘诀；秘方；秘密的；极机密的；隐蔽的；暗中的；神秘的；偏僻的
bath	沐浴；浴室；浴
AA	绝对地址；农业自动化；自动应答；各；各个
Kelly	凯利（男子名）；战士
leads	领导者；引线；管道（lead的复数）
negative	否定；否定语；负数；底片；否定的；消极的；负的；阴性的；负值
austin	奥斯丁（人名）；英国制汽车牌名
favorites	收藏夹；偏爱（favorite的复数）
toronto	多伦多（加拿大城市）
theater	戏院；电影院；剧场；全体观众；戏剧；戏剧效果；阶梯式讲堂；场所
springs	斯普林斯（南非东部城市名）
Missouri	密苏里州
andrew	安德鲁（男子名）
VAR	增值二手商
perform	进行；履行；完成；执行；表演；行动；工作；演出
healthy	健康的；有益健康的；卫生的
translation	翻译；译文；转化；调任；平移；转译；转换
estimates	估计；概数；预算（estimate的复数）
font	字体；字形；洗礼盘；泉
assets	资产；财产
injury	伤害；侮辱；伤；损伤
Mt	峰；山；磁带；平均时间；机器翻译；测量时间；多终端
Joseph	约瑟夫（男子名）；约瑟（圣经中雅各的第十一子）
ministry	部；内阁；服务
drivers	驱动程序
lawyer	律师
figures	图形；图表；价格；金额；数字；规定动作；人物（figure的复数）
married	已婚的；婚姻的；结了婚的；有配偶的；夫妇的
protected	受保护的
proposal	提议；计划；求婚；提案；申请；投标
sharing	共享；公用
Philadelphia	费城
portal	入口；大门；肝门的
waiting	等候；等候的；服侍的
birthday	生日
beta	希腊字母表的第二个字母；β(希腊文的第二个字母)；乙种
fail	失败；缺乏；中断；衰退；失灵；忘记；使...失望；不及格
gratis	免费地；白送地；免费的
banking	银行业务；银行业；银行事务
officials	行政官员( official的复数形式 )
brian	布莱恩（男子名）
toward	向；对于；为了；即将来临的；进行中的
won	win的过去式和过去分词
slightly	些微地；苗条地
assist	帮助；协助；促进；参加
conduct	行为；举动；指导；为人；指挥；管理；实施；领导；传导
contained	泰然自若的；从容的；被控制的
lingerie	女式内衣
shemale	女人；女性
legislation	立法；法律；法规
calling	职业；行业；呼唤；召集；呼叫
parameters	参数；参量（parameter的复数）
jazz	爵士乐；喧闹；爵士乐的；喧吵的；演奏爵士乐；跳爵士舞；游荡；奏爵士乐；使活泼
serving	服务；招待；上菜；一份食物
bags	许多
profiles	配置文件；个人档案；剖面图（profile的复数）
Miami	迈阿密
comics	连环画；漫画；喜剧演员（comic的复数形式）
matters	事项；事态；事件；情事（matter的复数）
houses	住宅；房子的总称；家园；洋房 （house的复数）
DOC	通信部；数字输出控制；文档；脱氧皮质酮
postal	邮政的；邮局的
relationships	（事物之间的）关系( relationship的复数形式 )；（人、团体、国家之间的）关系；情爱关系；血缘关系
Tennessee	田纳西州
wear	穿着；戴；使用；耗损；服装；耐久性；留(须、发等)；呈现；磨损；磨成；使疲乏；消磨；变旧；耐久；渐变；渐渐消失
controls	控制；控制元件；控制装置（control的复数）
breaking	断开；停止；设断点；打开；分割；打碎；轧碎；破碎
combined	结合的；组合的
ultimate	终极；根本；顶点；基本原则；终极的；根本的；极限的；最远的；最后的；最大的
Wales	威尔士
representative	代表；众议员；典型；描写的；表现的；代理的；代表的；代议制的；典型的
frequency	频率；频数
introduced	引种的；引进的；提出( introduce的过去式和过去分词 )；介绍；引进；作为…的开头
minor	未成年人；副修科目；较小的；二流的；未成年的；副修；次要
finish	完成；结束；末道漆；磨光；完美；用完；毁掉
departments	部( department的复数形式 )；（任何事物的）部分；（企业单位负责特定活动的、零售商店中专售某类商品的）部门；（学校、学术机构等的）系
residents	居民；房客；住院医生（resident的复数）
noted	著名的；显著的；扬名的
displayed	显示的
mom	妈妈
reduced	减少的；简化的；缩减的
physics	物理学；物理过程；物理现象；物理
rare	稀罕的；罕有的；珍奇的；稀薄的；半熟的；非常好的；非常
spent	用尽的；精疲力竭的；spend的过去式和过去分词
performed	执行；表演（perform的过去分词形式）
extreme	极端；末端；极端的；尽头的；极度的；偏激的
samples	样品；采样；例子（suffer的复数形式）
davis	戴维斯（男子名）
daniel	丹尼尔（男子名）
bars	马齿龈；（木、金属等的）条；栅栏；酒吧（bar的复数形式）
reviewed	评估；复习；评论；检讨（review的过去分词形式）
row	排；行；街道；划船；吵闹；使成排；划；参加(赛船)；痛骂；划动；争吵
oz	abbr. 盎司（ounce）
forecast	预想；预测；预报；趋势预测
removed	离开的；间隔的；远离的；拆除的
helps	abbr. 高端激光打印解决方案（High-End Laser Printing Solutions）
singles	单打比赛
administrator	管理人；行政官；遗产管理人员
cycle	周期；循环；自行车；一段时间；整套；轮转；骑自行车；使循环；使轮转；环路
amounts	数量；总额（amount的复数）
contain	包含；容纳；控制；自制
accuracy	精确；正确；准确度
dual	双重的；双的；双数
rise	上升；增加；上涨；高地；升高；出现；升起；起身；起立；增长；高耸；起义；浮现；使飞起
usd	abbr. 美元（USA dollar）；极限强度设计（Ultimate Strength Design）
sleep	睡眠；静止；昏迷；麻木；长眠；冬眠；睡觉；睡
MG	微粒剂；镁(12号元素)
bird	鸟；羽毛球；打鸟
pharmacy	药房；配药学；制药业；药学；药剂学；调剂学
Brazil	巴西
creation	创造；创作物；发明；产生
static	静电；静电干扰；静态的；静止的；固有的；静电的
scene	场；情景；镜头；发生地点；道具；布景；景色；现场
hunter	猎人；猎犬；追求者
addresses	称呼( address的名词复数 )；（在信封、包裹等上）书写（收件人姓名、地址）；（收件人的）姓名和地址；（书面或口头的）发言
lady	淑女；夫人；女士；贵妇
crystal	水晶；水晶装饰品；结晶；水晶的；水晶一样的；透明的
famous	出名的；极好的
writer	作家；撰稿者；抄写员；记录器
chairman	主席；会长
violence	猛烈；暴力；暴虐；暴行；暴乱
fans	风扇；狂热者；粉丝（fan的复数形式）
Oklahoma	俄克拉何马
speakers	演说家；扬声器；发言者（speaker的复数）
drink	饮料；酒；喝；喝酒
academy	学院；院校；学会
dynamic	动态的；有活力的；有力的；动力的；不断变化的；动力；动态
gender	性；产生
eat	吃；腐蚀
permanent	永久的；不变的；固定的；持久的；烫发
agriculture	农业；农学
dell	小谷；小溪谷；小凹；浅窝
cleaning	清洁；扫除；家畜的胞衣；扫除出来的垃圾；大败；输得精光；除伐；巨额利润；清洗；清除
constitutes	组成；构成（constitute的单三形式）
portfolio	皮包；公文包；部长职务；有价证券财产目录；艺术代表作选辑；文件夹；阁员职务
practical	实际的；现实的；实用性的；事实上的；实际上的；接近...的
delivered	业已交货
collectibles	可收集的；可代收的( collectible的名词复数 )
infrastructure	基础结构；基础设施
exclusive	排外的；独占的；唯一的
seat	座；座位；位子；席位；所在地；使坐下；使就座；为...设座于；使就职；安装在底座上
concerns	关注；关注点；关注者（concern的复数形式）
colour	颜色；面色；颜料；外貌；把...涂上颜色；粉饰；使脸红；歪曲；变色
vendor	小贩；卖主；自动售货机；计算机销售商
originally	本来；原来；最初；就起源而论；独创地
intel	美国英特尔公司（财富500强公司之一；以生产CPU芯片著称）
utilities	实用工具；实用程序；公共事业设备；公用事业；公用程式（utility的复数）
philosophy	哲学；人生观；哲学思想；哲理；基本原理；见解；达观；沉着
regulation	规则；管理；调整；规章；调节
officers	军官；人员（officer复数形式）
reduction	减少；缩影；变化；还原
aim	目标；瞄准；击中目标的能力；对准目标；致力；打算；医学文摘索引；存取隔离机构；高级信息管理程序；先进接口模块；应用接口模块；医学人工智能；相联索引法；异步接口模块；自动化信息管理；自动化综合制造；自动化库存管理
bids	abbr. 商业智能开发工具集（Business Intelligence Development Studio）；本迪克斯综合数据系统（Bendix Integrated Data System）
referred	归类；谈及；送交；参考；查阅（refer的过去式）
supports	支承结构；支持；忍受；赡养（support的复数）
nutrition	营养；营养学；营养品
recording	记录的；记录用的；录音
regions	地区；地域；领域（region的复数）
junior	年少者；地位较低者；大学三年级学生；年少的；下级的；后进的
toll	通行费；代价；钟声；征收；敲钟；鸣钟；勾引；引诱；征税
les	abbr. 发射脱离系统（Launch Escape System）
cape	岬；海角；披肩；斗蓬
ann	安（女子名）
rings	吊环（ring的复数）
meaning	意义；含义；目的；意图；意味深长的
tip	顶；尖端；梢；末端；倾斜；垃圾场；小费；轻击；指点；秘密消息；装顶端；使倾斜；使翻倒；泄露；告诫；暗示；给...小费；翻倒；倾覆；踮脚走；给小费；终端接口处理器；提示；技巧
secondary	中级的；中等的；次要的；第二的；从属的；辅助的；仲(指CH-3...CH(CH-3)-型支链烃基或指二元胺及R-2CHOH型的醇)；第二
wonderful	令人惊奇的；奇妙的；极好的
mine	矿；矿藏；地雷；挖掘；开采；在...布雷；破坏；开矿；埋设地雷；我的
Ladies	公共女厕所；女盥洗室；女洗手间
henry	亨利；亨(电感应单位)
ticket	票；券；车票；标签；入场券；证明书；加标签于；为...购票
announced	宣布的
guess	猜测；臆测
agreed	同意的；通过协议的
prevention	阻止；妨碍；预防
whom	谁
ski	滑雪橇；滑雪
soccer	英式足球
math	数学
import	进口货；进口；输入；含义；重要性；引入；含...的意思；重要；有关系
posting	记入；记录；稿件；邮件；过帐；誊入总帐
presence	出席；面前；存在；仪态；风度；出现
instant	立即；瞬间；紧急的；立即的；即时的
mentioned	提到( mention的过去式和过去分词 )；说起；提名表扬；传令嘉奖
automatic	自动手枪；自动机械；自动的；机械的；必然的；无意识的
healthcare	医疗保健；卫生保健；健康护理；健康服务
viewing	可见的
maintained	被保持的
CH	改变；通道；信道；字符；检验
increasing	递增
majority	多数；大半；多数逻辑
connected	连接的；连贯的；有联系的；关联的；连结的；有关系的
Christ	基督；救世主
dan	段(柔道、围棋运动员的等级)；小车；空中吊运车；杓
dogs	瘦狗类；狗（dog的复数）
SD	磺胺嘧啶
directors	导演；主管；理事；董事（director的复数形式）
aspects	方面( aspect的复数形式 )；面貌；方位；样子
Austria	奥地利
ahead	领先的；预先的；向前的；领先；预先；向前；胜于；在前面；在将来
moon	月亮；月球；月光；闲荡；虚度
participation	参与；分享；参股
scheme	方案；计划；组合；系统；图解；诡计；阴谋；设计；图谋；策划
utility	功用；有用之物；实用；公用事业；实用程序；实用的；有多种用途的；工具
preview	事先查看；预览；预演
fly	苍蝇；两翼昆虫；飞行；飞；飞翔；飘扬；逃走；飞越；使飘扬；逃出；敏捷的
manner	样子；礼貌；风格；方式；方法；样式
matrix	母体；子宫；基质；脉石；模型；矩阵
containing	包含
combination	组合；合并；联合；组合图
devel	重击；猛击
amendment	修订；改善；改良；改正；调理剂；修正
despite	轻视；憎恨；虽然；尽管
strength	力量；实力；强度；浓度；人数；抵抗力
guaranteed	有保证的；有人担保的
turkey	火鸡；无用的家伙；土耳其
libraries	图书馆查询系统；函数库；图书馆（library的复数）
proper	适当的；固有的；高尚的；专属的；完全地；彻底地
distributed	分布式的；分散对齐；分布式处理
degrees	角度；学历；度数（degree的复数）
Singapore	新加坡
enterprises	企业（enterprise的复数）
delta	三角洲；希腊字母的第四个字；δ(希腊文的第四个字母)；丁种；三角；三角形区
fear	恐怖；害怕；担心；恐惧；为...担心；敬畏
seeking	查找；寻找；故障检查
inches	英寸（inch的复数）
phoenix	凤凰；不死鸟；死而复生的人；完人；殊品
RS	实寄存器；寄存器和存储器；复位
convention	大会；协定；惯例；约定
shares	股份（share的复数形式）
principal	校长；首长；本金；主犯；资本；委托人；主要的；最重要的；首要的
daughter	女儿；女儿的
standing	起立；持续；身分；立着的；不动的；经常的；持续的
voyeur	偷看下流场面的人
comfort	舒适；安慰；安慰者
colors	国旗；旗帜；船旗；军旗；衣帽；徽章；绶带；色料；颜料；染料
wars	战争（war的复数形式）
cisco	加拿大白鲑
ordering	有序化；定序；排序
kept	keep的过去式和过去分词
alpha	希腊字母表的第一个字母；最初；开端；α(希腊文的第一个字母)；甲种
appeal	恳求；诉请；上诉；吸引力；呼吁；要求；有吸引力；将...上诉
cruise	巡航；巡弋；漫游
bonus	奖金；红利；额外补贴
certification	证明
previously	先；先前；以前；前；(非正式)过早；过急；在前；在...以前；在先；先前地
hey	嗨
bookmark	书签
buildings	建筑物（building的复数）
specials	特殊的人或事；特刊；降价（special的复数形式）
beat	心跳(声)；打；敲打声；拍子；拍打；打败；疲乏的；颓废的；beat的过去式；拍；节拍
Disney	迪斯尼
household	一家人；家庭；家族；王室；家庭的；家常的；王室的
batteries	电池（battery的复数形式）
adobe	风干土坯；风干砖；土砖；灰质粘土；多孔粘土
smoking	抽烟；冒烟；烟熏；吸烟
BBC	英国广播公司
becomes	变为；成为( become的第三人称单数 )；适合；使（人）显得漂亮；使好看
drives	驱动器；驱动力；驱动程序（drive的复数形式）
arms	武器；军事行动；军械；枪械
Alabama	亚拉巴马州
tea	茶；茶叶；茶剂；浸剂
improved	改良的
trees	树木；乔木；树状结构（tree的复数）
AVG	平均值
achieve	完成；达到；如愿以偿
positions	定位；位置（position的复数）
dress	服装；覆盖物；穿着；给...穿衣；整理
subscription	捐献；订金；订阅；签署；同意；订购
dealer	经销商；商人；交易员；贩卖商
contemporary	同时代的人；同时代的；属于同一时期的
sky	天空；天色；天堂；击向空中；挂在高处；高涨
Utah	犹他
nearby	附近的；近旁的；在附近；近旁地；在...附近
ROM	只读存储器
carried	入神的；被运的；忘我的
happen	发生；恰巧
exposure	暴露；揭发；揭露；曝光量；照射；照射量
panasonic	日本松下公司
hide	兽皮；迹象；躲藏处；藏；隐瞒；遮避；剥...的皮；隐藏；躲藏
permalink	
signature	签字；识别标志；调号；签名附件
gambling	赌博
refer	提交；归诸于；把...提交；使求助于；提到；涉及；查阅；查询；咨询
miller	厂主；蛾；铣床
provision	(政府提供的)钱和设备；准备；供应品；规定；条款；供给...食物及必需品
outdoors	户外；野外活动；在户外；在野外
clothes	衣服
caused	引起；使发生（cause的过去分词）
luxury	奢侈；豪华；奢侈的；豪华的
babes	<书>婴儿( babe的复数形式 )；无助的人；需要人抱的婴儿；<美俚>姑娘
frames	帧；画面；框架；眼镜架（frame的复数）
viagra	万艾可；伟哥（一种治疗阳痿的药；壮阳药）
certainly	确定地
indeed	的确；实在；真正地；甚至
newspaper	报纸
toy	玩具；小玩艺儿；小型的东西；消遣；供玩耍的；作为玩具的；玩弄；戏弄；调情
circuit	电路；环(行)道；巡回；线路
layer	层；产卵鸡；放置者；分层堆积；压植
printed	印刷的；印好的；印花样的
slow	慢的；缓慢的；迟缓的；迟钝的；冷漠的；落后的；慢地；迟缓地；(使)慢下来
removal	移动；移居；迁移；排除；切除；除去
easier	更简单；较早的；容易些（easy的比较级形式）
SRC	标准要求代码；同步遥控
liability	责任；债务；倾向；义务；负债
trademark	商标
hip	臀部；蔷薇果；忧郁；熟悉内情的；使忧郁；给(屋顶)造屋脊；喝彩声
printers	打印机；印刷厂；印花平纹坯布（printer的复数）
faqs	abbr. 常见问题解答（Frequently Asked Questions）
nine	九；九个
adding	加法的
Kentucky	肯塔基州
mostly	大概；大部分；主要；大部份
eric	abbr. 科教资源信息中心（Educational Resources Information Center）；电子遥控与独立控制（Electronic Remote and Independent Control）
spot	污点；地点；斑点；点；娱乐场所；处境；少量；当场的；现场的；现货买卖的；现金交易的；抽样的；点缀；玷污；认出；准确定...的位；用灯光照射；(从空中)侦察敌方目标
taylor	泰勒
trackback	引用；引用通知
prints	打印；图片；相片；报刊；印刷品；印花布（print的复数）
spend	花费；浪费；度过；消耗；消磨；用尽
factory	工厂；产生地；代理店；商行在国外的代理处
interior	内部；内政；内部的；心灵的；内地的；内政的
revised	改进的
grow	种植；使长满；生长；变成；发展
Americans	美国人（American的复数形式）
optical	眼睛的；视觉的；光学的；光学上的
promotion	晋级；创建；增进；推广；推销；促进
relative	亲戚；关系词；有关系的；相对的；比较的
amazing	令人惊异的
clock	时钟；计时器；(袜子上的)绣花边花；绣花样；记时；记录；记录时间
dot	点；圆点；小数点；小东西；嫁妆；作小点记号；加小点于；打上点
hiv	abbr. 艾滋病病毒（human immunodeficiency virus）
identity	身份；相同；一致；特性；恒等式；(打)标记；标识
suites	套房；组曲；餐厅套件；程序组（suite的复数）
conversion	转变；转换；改变宗教信仰；换位法
feeling	摸；触觉；知觉；感觉；情绪；同情；有同情心的；有感觉的；仁慈的；动人的
hidden	隐藏的；hide的过去分词
reasonable	合理的；明理的；适当的；公道的；正当的
victoria	维多利亚（女子名）
serial	分期连载作品；连载小说；连续的；一连串的；连载的；分期偿还的；串行的
relief	减轻；解除；救济；安慰；调剂；浮雕；换班；(地势的)起伏；缓减；浮雕(绘画中)
revision	校订；修正；修订本；修订版
broadband	宽带
influence	影响力；权力；势力；影响；改变
ratio	比；比率；比例
PDA	个人数字助手
importance	重要；重要性；重要地位；自大
rain	雨；下雨；雨天；使大量落下
onto	在...之上
DSL	数字仿真语言；对话说明语言；数据集标号
planet	行星；命运星辰；杰出的人；重大影响的事
webmaster	网络管理员
copies	打印份数；复印份数；复制品；副本（copy的复数）
recipe	食谱；处方；秘诀；取(处方头语)
zum	(Zum)人名；(西)苏姆；(希)朱姆
permit	许可证；许可；执照；通行证；允许；容许；可能；使放手做；给以机会；提供可能
seeing	视觉；视力；观看；鉴于
proof	证据；证明；试验；检验；考验；不能透入的；证明用的；防...的；耐...的；校对；使不被穿透；审稿
DNA	脱氧核糖核酸；无效数据；数字网络体系结构；分布式网络体系结构
diff	abbr. 扩散器（diffuser）；微分；差速器（differential）
tennis	网球
bass	低沉的声音；男低音；椴树；低音的
prescription	处方；命令；指定；药方
bedroom	卧室
empty	空的；空虚的；空腹的；空洞的；空的东西；空车；倒空；使变空；使排出；流空；空
instance	建议；情况；例子；场合；引以为例；举例说明
hole	孔；洞；穴；漏洞；挖洞；掘坑；进洞；凿洞
PETS	abbr. 公共英语等级考试（Public English Tset System）
ride	骑马；乘坐；乘车；搭便车；骑；压迫；控制；漂游
licensed	得到许可的；领有执照的；领到许可证的
orlando	奥兰多（美国城市名；男子名）
specifically	特定地；明确地；按特性
tim	蒂姆（男子名）
bureau	局；办公处；司；处
Maine	缅因州
SQL	结构化英语询问语言
represent	表现；表示；描绘；讲述；代表；象征；回忆；再赠送；再上演；提出异议
conservation	保护；保存
pair	一双；一对；一副；(使)成对
ideal	理想；典范；观念；思想；最后目标；理想的；完美的；空想的；观念的；唯心论的
specs	眼镜；规格；说明书
recorded	记录的
don	西班牙贵族(或绅士)；先生；阁下；穿上
pieces	匹头；毛束；件片块个工件零件
finished	完成的；完结的；精巧的；完美的
parks	帕克斯（人名）
dinner	晚餐；正餐；宴会
lawyers	律师（lawyer的复数）
sydney	悉尼（澳大利亚港市）
stress	压力；紧迫；强调；重音；重点；应力；加压力于；着重；重读
cream	乳酪；奶油；面霜；乳油；乳皮；乳膏；霜
SS	子系统；卫星系统；源语句；同步分类；系统管理程序；半
runs	顺串；泻肚子；流量（run的复数形式）
trends	动态；趋势
yeah	(非正式)是；是的
discover	发现；找到；暴露
sexo	血清次黄嘌呤氧化酶
AP	应付款；美国专利；应用程序；运算处理器；阵列处理器；汇编程序；自动程序设计
patterns	模式（pattern的复数形式）
boxes	小木箱；盒子
Louisiana	路易斯安那(美国州名)
hills	丘陵（hill的复数形式）
javascript	Java描述语言（一种程序语言）
fourth	第四；四分之一
NM	纳米；毫微米；新霉素；弗氏霉素
advisor	顾问；劝告者；指导教师
Mn	锰(25号元素)
marketplace	市场
ND	北达科地；钕(60号元素)
evil	邪恶；不幸；罪恶；邪恶的；不幸的；有害的；讨厌的
aware	知道的；有觉悟的
wilson	威尔逊（姓氏）
shape	形状；形态；外形；形式；身材；定形；使成形；塑造；计划；使符合；成形；形成；成长
evolution	进化；发展；进展；(气体)放出；开方；演化；旋出
Irish	爱尔兰人；爱尔兰语；爱尔兰的
certificates	证明书；执照( certificate的名词复数 )
objectives	目标( objective的名词复数 )；（望远镜、显微镜、照相机及其他光学仪器上的）物镜；1)。 宾语 2)。 宾格；出击目标
stations	车站；驻地；位置（station的复数形式）
suggested	建议的；暗示的
gps	abbr. 全球定位系统（Global Position System）；通用雷达（General Purpose Radar）；炮长主瞄准镜（Gunner's Primary Sight）
OP	观测所；操作；运算；算符
remains	剩余物；废墟；残余；遗体；尸体；遗骸
ACC	累加；累加器；异步通信控制；阳极通电收缩
greatest	最大的
firms	公司；厂商（firm的复数）
concerned	关心的；有关的；参与的；担心的
euro	欧元（欧盟的统一货币单位）
operator	操作员；行家；经纪人；算子；运算符
structures	结构；构筑物；业务方式（structure的复数）
generic	属类的；一般的
encyclopedia	百科全书
usage	用法；使用；习惯；惯用法；习惯法；使用情况；使用用途；惯例
cap	盖子；帽子；戴帽子；覆盖；胜过；脱帽致意；调用程序分析；容量；代码分析程序；计算机辅助生产；计算机辅助印刷
ink	墨水；墨汁；涂墨水于；签署；加墨水
charts	图表；排行榜（chart的复数）
continuing	继续的；持续的；连续的
mixed	混合的；形形色色的；弄糊涂的
census	户口普查；实施统计调查
interracial	人种间的；人种混合的
peak	山峰；巅；山顶；顶点；尖峰；帽舌；最高的；最大值的；到达最高点；消瘦；变憔悴；逐渐缩小；使竖起；使达到最高点
TN	终端节点；传送网络
competitive	竞争的
exist	存在；生存；发生
wheel	轮子；车轮；轮；方向盘；旋转；机构；重要人物；使旋转；转动；使转向；转弯；盘旋
transit	经过；通行；运输；运输线；转变；运送；使通过；通过
dick	家伙；词典；誓言(书)；二氯乙胂(毒气)
suppliers	供应商（supplier的复数）
salt	盐；风趣；刺激；含盐的；咸的；风趣的；辛辣的；加盐于；用盐腌
compact	紧凑的；紧密的；简洁的；使紧密结合；压缩；变坚实
poetry	诗；韵文；诗歌艺术
lights	（供食用的）家畜的肺脏；灯光（light的复数）
tracking	跟踪；追踪
angel	天使；守护神；善人
bell	铃；钟；响铃命令
keeping	保管；供养；一致；保护；管理
preparation	准备；预备；预习；制剂
attempt	尝试；企图
receiving	接收
matches	火柴；比赛（match的复数）
accordance	一致；和谐
width	宽度；宽广；广博
noise	噪音；杂音；响声；喧闹；谣传；噪声
engines	火车头；发动机；引擎（engine的复数形式）
forget	忘记；忽略；忘
array	排列；衣服；大批；军队；布署；打扮；数组；阵列
discussed	商讨；讨论（discuss的过去分词）
accurate	正确的；精确的；准确的
stephen	斯蒂芬（男子名）
elizabeth	伊丽莎白（女子名）
climate	气候；社会趋势；气候区
reservations	保留；预定（reservation的复数形式）
pin	大头针；针；别针；栓；销子；图钉；插头；管脚；品(液量单位)；将...用针别住；钉住；压住；牵制；使不能动；归罪于；针的；销子的；闩的
playstation	游戏机
alcohol	酒精；酒；醇；乙醇
Greek	希腊人；希腊语；希腊的；希腊人的；希腊
instruction	指令；教导；命令
managing	管理的；节约的；主管的；善于经营的
annotation	注解；评注
sister	姐妹；姐；妹；护士；修女；姐妹般对待
raw	擦伤处；半成品；生的；未加工的；生疏的；不成熟的；阴冷的；刺痛的；擦掉皮的；擦伤；写后读
differences	偏差；差异（difference复数形式）
walking	步行；步态；步行的；步行用的
explain	解释；说明
smaller	较小；更小的
newest	最新
establish	建立；确立；制定；移植生长
gnu	牛羚；角马
happened	发生（happen的过去式；过去分词）
expressed	表达( express的过去式和过去分词 )；（用符号等）表示；榨；（如在说话、写作或绘画中）表达（自己）的意见
jeff	杰夫（男子名；等于Jeffrey）
extent	范围；程度；区域
sharp	半升音调；利刃；骗子；锋利的；明显的；敏锐的；急剧的；尖刻的；严厉的；刺耳的；精明的；锐利地；急速地
lesbians	女同性恋者；女同志（lesbian的复数形式）
ben	内室；贝昂(俗名；一般指辣木Moringa oleifera；有时也指一些不同属的植物)
lane	小路；巷；弄；单行道
paragraph	段落；短评；将...分段；分段落；写短讯
kill	杀；杀戮；小河；破坏；消灭；使终止；抵消；否决；杀死；删除
mathematics	数学
aol	abbr. 美国境内提供线上加值网络服务的公司（American On Line）
compensation	补偿；赔偿金；工资；代偿(机能)
CE	组件选通；铈(58号元素)
export	输出品；输出；出口；输出物资；导出
managers	管理者；经理（manager复数）
aircraft	航空器；飞机
modules	加载模块列表；模块（module的复数）
Sweden	瑞典
conflict	战斗；冲突；矛盾；争执；抵触
conducted	实施；为人；指挥（军队；乐队等）；传导（热；电等）；&；引导；带领；指挥乐队；引导（ conduct的过去式和过去分词 ）；控制；传导
versions	版本；译本
employer	雇主；老板；业主
occur	发生；被想到；存在
percentage	百分比；比率；部分；可能性
knows	知道（know的第三人称单数形式）
Mississippi	密西西比河；密西西比州
describe	描述；描绘；画
concern	关心；忧虑；与...有关；使担心；使挂念
backup	倒车；后退；后援；支持；阻塞；做备份；候补的；支持的；备份；DOS外部命令:通常使用于将硬磁盘上指定的文件复制到软盘上
requested	要求的；被请求的
citizens	市民；公民（citizen的复数）
Connecticut	康涅狄格
heritage	遗产；祖先遗留物；继承物；遗传性
personals	人事广告栏；人事栏
immediate	立即的；直接的；接近的
holding	把持；支持；保持；租借地；占有物；拥有的财产
trouble	烦恼；麻烦；困难；动乱；故障；困扰；使烦恼；折磨；费心
spread	传播；散布；伸展；双唇展开的；伸展的；展开；铺开；推广；伸出；涂；敷；延伸；扩大；传开
coach	四轮大马车；教练；训练；指导；坐马车旅行；作指导
kevin	凯文（男子名）
agricultural	农业的；耕作的
expand	使膨胀；详述；扩张；张开；发展；展开；DOS外部命令:将原始DOS磁盘上的压缩文件解压缩并拷贝到硬盘上
supporting	次要的；支持的；辅助性的
audience	听众；观众；读者；听讼
assigned	已分配的；指定的
jordan	约旦；约旦河；尿壶
collections	集合物件；收集（collection的复数）
ages	abbr. 晚期糖基化终末产物（Advanced Glycation End Products）
participate	参加；分享；参与；带有；分担
plug	塞子；栓；插头；插入；塞住；接插头；被塞住
specialist	专门医师；专家；专业的；专家的
cook	厨子；厨师；烹调；煮饭；加热；在煮着
affect	影响；感动；假装；模仿；爱好；倾向于；自觉感情
virgin	处女；处女的；贞洁的；纯洁的；初始的；纯的
experienced	富有经验的；老练的；熟练的
investigation	调查；审查；调查研究
raised	凸起的；浮雕的；发酵的；隆起的
hat	帽子；给...戴帽子
institution	机构；惯例；制度；机关；设施
directed	定向的；经指导的；被控制的
dealers	交易商；经销商；商人们（dealer的复数）
searching	搜索的；遍寻的；彻底的；敏锐的；搜索；检查
sporting	喜好运动的；运动用的；冒险性的
helping	帮助；协助；一份
perl	abbr. 实际抽取与汇报语言（Practical Extraction and Reporting Language）
affected	假装的；做作的；受影响的
lib	解放的（等于liberal）；解放论者的
bike	自行车；脚踏车
totally	完全地
plate	碟；盘子；盆中物；金属板；图版；金银餐具；印版；金属牌(照)；镀金；电镀；用金属板固定；给...装钢板；为...制印版
expenses	开支；经费；费用；支出
indicate	显示；象征；指示；指出
blonde	(头发)亚麻色的；淡色的；白肤金发碧眼的；白里透红的；白皙的；淡黄色的；肤色白皙的金发女人
ab	从；自；地址总线
proceedings	诉讼；事项；行径；事件；活动；项目；会议录；记录汇编；活动记录
favourite	喜欢的事物；喜爱的；宠爱的
transmission	传输；传送；变速器
anderson	安德森市（美国印第安纳州）；安德森（男子名）
utc	abbr. 美国联合技术公司（United Technology Corporation）；世界时间代码（Univer-sal Time Code）；世界调整时间（Universal Time Coordinated）；城市交通管制（Urban Traffic Control）
characteristics	特性；特征；特质；特色（characteristic的复数）
der	abbr. 区分编码规则（Distinguished Encoding Rules）
lose	遗失；损失；丢失；使失去；错过；浪费；迷失；使迷路；输去；使沉溺于；受损失；失败
organic	器官的；有机的；组织的；根本的；有生命的；器质的
seek	寻求；寻找；探索；追求；搜索；请求；查找
experiences	经历( experience的名词复数 )；经验；亲身经历；传统
albums	相簿；相册；专辑；影集（album的复数形式）
cheats	骗子（cheat的复数形式）
extremely	极端地；非常地
verzeichnis	
contracts	契约( contract的名词复数 )；婚约；契约法；行贿
guests	客人；来宾（guest的复数）
hosted	（作为主人）款待；招待（客人）；主持（host的过去式）
diseases	病害；疾病；疾病种类；病（disease的复数）
concerning	关于
developers	开发者( developer的复数形式 )；研制者；显影剂；显色剂
equivalent	同等物；等价物；相等物；相等的；相当的；同意义的；等价的
chemistry	化学；化学过程
tony	高贵的；时髦的
neighborhood	附近；邻近
Nevada	内华达
kits	装备；小桶；锦囊（kit的复数）
Thailand	泰国
variables	变量
agenda	pl. 议程；日常工作事项；待议事件
anyway	无论如何；至少
continues	继续；扩展；连续（continue的三单形式）
tracks	轮胎；磁道；轨道（track的复数）
advisory	顾问的；咨询的；劝告的；忠告的
cam	凸轮；计算机辅助制造；中央地址存储器；计算机辅助生产
curriculum	课程；学程
logic	逻辑；逻辑学；推理的方法；推理；逻辑性
template	样板；模板；垫木
prince	王子；亲王；国君；贵族；诸侯；有权势的大人物
circle	圆周；社交圈；循环；范围；围着；环绕；盘旋
soil	土壤；土地；国家；国土；温床；污物；粪便；水池；弄脏；污辱；变脏
grants	补助金；拨款；津贴
anywhere	无论何处
psychology	心理学；心理状态
responses	响应回应
Atlantic	大西洋；大西洋的
wet	湿气；潮湿；水分；雨天；湿的；潮的；搞错的；下雨的；反对禁酒的；变湿；使...湿
circumstances	事件；事项；详细情节
edward	爱德华（男子名）
investor	投资者
identification	识别；身份证明；认同；鉴定；鉴别；鉴别法；认证
ram	公羊；撞锤；猛击；撞；填塞；反复灌输；只读内存；随机存取内存；随机存取存储器
leaving	离开；残余；渣滓
wildlife	野生动植物
appliances	电气用具
matt	表面暗淡的；无光泽的；表面粗糙的；不光滑的；无光泽
elementary	初步的；基本的；元素的；基础的；初级的
cooking	烹饪；熬炼；热炼；蒸煮
speaking	谈话；演说；讲话的；适于说的；讲某种语言的
sponsors	保人( sponsor的名词复数 )；（广播电视节目、音乐会或运动会的）赞助者；（培训或教育的）资助者；（法案等的）倡议者；赞助( sponsor的第三人称单数 )；资助（某人的培训或教育）；为慈善活动捐资；倡议
fox	狐狸；狡猾的人；奸狡地行动；(书页)生斑；变酸；欺骗；使变酸；为(鞋等)换面；使生黄斑
unlimited	无限的；不受限制的；无条件的；不定的
respond	以...回答；回答；响应；回报；有反应；承担责任
sizes	象素显示尺寸；尺寸（size复数形式）
plain	平原；草原；朴实无华的东西；无格式；简单的；明白的；平常的；不好看的；朴素的；清晰的；普通的；平坦的；十足的；清楚地；显然地
exit	出口；退场；离去；去世；退出；脱离；DOS内部命令:本命令用于退出当前的命令处理器(COMMAND.COM)；恢复前一个命令处理器
entered	进入的
Iran	伊朗
arm	手臂；袖子；狭长港湾；武器；武装；装备；武装起来；异步应答方式；自动货品销路管理
keys	关键帧；（钢琴等的）键；密钥（key的复数）
launch	下水；汽艇；发射；使下水；发动；起飞；投入；开始
wave	波；波浪；波动；起伏；高潮；潮涌；挥手致意；(气压)突变；飘动；挥手示意；使波动；使飘扬；挥舞；使成波浪形
checking	检查的；校核；检验；浅裂纹
costa	肋骨；肋脉；叶的中脉；肋
Belgium	比利时
printable	可印刷的；适于出版的
holy	神圣的；圣洁的；至善的；神圣的东西
acts	abbr. 声控遥测系统（Acoustic Control and Telemetry System）；声控制与遥测系统（Acoustic Control and Telemetry System）
guidance	指导；领导；导
mesh	网孔；网丝；网眼；网状物；圈套；陷阱；啮合；以网捕捉；使缠住；落网；相啮合
trail	踪迹；痕迹；一串；尾部；小径；持枪姿势；拖；尾随；追踪；落后于；开出路；拖曳；垂下；落后；飘出；蔓生
enforcement	执行；强制；实施；加强；厉行
symbol	符号；象征；代号；信条；码元
crafts	工艺品；手艺（craft的复数形式）
highway	公路；大道；捷径；大路
buddy	好朋友；伙伴
hardcover	硬书皮的；硬封面的书；精装书
observed	观测的；观察的
dean	院长；主持牧师；外交团长；学院院长；教务长
setup	装备；组织；计划；机构；调整；设置
poll	投票；民意测验；选举投票；投票数；一组人中的一个；头颈和后脑部；鹦鹉；对...进行民意测验；获得...票；剪树枝；轮询；剪过毛的；修过枝的
booking	预约演出合同；书型模法
glossary	专业词典；术语集；词表；图文集
fiscal	财政的；国库的；财政上的；会计的
celebrity	名声；名人
styles	风格；样式；模式（style的复数形式）
Denver	丹佛(美国城市)
UNIX	UNIX操作系统；多用户分时操作系统
filled	加满的；装满的；满的
bond	捆绑物；结合；债券；契约；粘合剂；保证人；键；关栈保留；存入关栈；使黏合
channels	通道；水槽；隧道；频道；录音声道（channel的复数形式）
ericsson	爱立信公司
appendix	附录；附加物；阑尾；增补
notify	通知；通告；报告
blues	勃鲁斯乐曲；(非正式)伤感的；伤心的；忧闷；沮丧
chocolate	巧克力；巧克力制的
pub	酒馆；客栈
portion	部分；一份；命运；嫁妆；分配；给...嫁妆
scope	范围；机会；广度；眼界；观察仪器；导弹射程；作用域
hampshire	汉普郡（英国南部之一郡）
supplier	供应者；供给国；供应商；承制厂；供应厂商
cables	电缆；连线；锚索（cable的复数）
cotton	棉花；和谐；有好感；理解
bluetooth	蓝牙技术（一种无线通信的标准）
controlled	受约束的；克制的；受管制的；受控制的；受管辖的
requirement	需求；必要条件；要求；合同要求
authorities	当局；官方（authority的复数）
biology	生物学；生物
dental	牙齿的；牙的；齿的；齿音；齿音字母
killed	被杀死的；被屠宰的；镇静的
border	边缘；边境；边界；花坛；在...上镶边；接近；接界；近似；边框
ancient	古代的；古老的；年老的；旧的
debate	辩论；讨论；争论
representatives	代表( representative的复数形式 )；代理人；典型人物；（美国）众议院议员
starts	开创；开始（start的复数）
pregnancy	怀孕；丰富；多产；意义深长
causes	原因
Arkansas	阿肯色州
biography	传记
leisure	空闲；闲暇；悠闲；空闲的；有闲的
attractions	吸引( attraction的复数形式 )；具有吸引力的事物；有吸引力的特征（或品质、人）；（尤指两性间的）爱慕
learned	有学问的；学术上的；learn的过去式和过去分词
transactions	处理；会报；汇报（transaction复数）
notebook	笔记本；手册；期票簿
explorer	探险家；探测者；勘探器；探察器
historic	历史上著名的；有历史性的
attached	附加的；依恋的；充满爱心的
opened	打开；开启（open过去分词形式）
TM	商标；磁带标记；磁带模块；终端监控程序
husband	丈夫；管理人；节俭的人；节俭；使成丈夫；持有
disabled	残废的；有缺陷的；失效的
authorized	经认可的；经授权的；委任的；核准的；许可的
crazy	发狂的；狂热的
upcoming	即将来临的；即将出现的
Britain	英国
concert	音乐会；和声；一致；协力；协调；美国北卡罗来纳州Internet网
retirement	退休；隐居；撤退；退股；(固定资产)报废
scores	大量；众多；二十( score的名词复数 )；（游戏或比赛中的）得分；百分数
financing	融资；理财；筹集的资金；筹措资金
efficiency	效率；效能；功效；效力
SP	岸上宪兵；基地宪兵；结构程序设计；用户过程处理
comedy	喜剧；有趣的事情
adopted	被收养的；被采用的
efficient	有效率的；能干的
weblog	网络日志
linear	线的；直线的；线状的；线性
commitment	委托；交押；承担义务；赞助；院禁
specialty	专业；专长；特产；特制品；特性；特点；专门的；独立的
bears	空头（卖空的证券交易投机）；熊（bear的复数）
jean	牛仔裤；牛仔布；斜纹棉布
hop	单脚跳；跳跃；舞会；飞行；跃过；跳上；加蛇麻子于；服麻醉药；跳跃式传输
carrier	运送者；邮递员；带菌者；载波
edited	编辑（edit的过去式和过去分词）
constant	常数；恒量；不变的；一定的；时常的；常量；恒值
visa	签证；签发
mouth	嘴；口；口腔；口状物；装腔作势说话；做鬼脸；说出；做作地说
Jewish	犹太人的；犹太族的
meter	米；公尺；仪表；计量器；以仪表计量
linked	连接的；显示连环遗传的；联合的
Portland	波特兰(美港口)
interviews	接见( interview的名词复数 )；采访；面谈；会谈；面试( interview的第三人称单数 )；访问；会见；（私下）提问
concepts	概念；观念；思想（concept复数形式）
nh	abbr. 不吸湿的（nonhygroscopic）；全日空航空公司；美国地名；新罕布什尔（New Hampshire）
gun	枪
reflect	反射；反映；招致；深思；被反射；映出；考虑；指责
pure	纯的；纯净的；纯洁的；清白的；完美的；无瑕的；抽象的；的
deliver	递送；陈述；释放；发表；引渡；投递；交付；交运
wonder	奇迹；惊奇；惊愕；想知道；惊讶；怀疑
hell	地狱；邪恶势力；苦境；阴间；毁坏；训斥；狂饮；飞驰
lessons	功课( lesson的名词复数 )；课程；教训；一堂课
fruit	水果；果类；结果；果实；种实
begins	开始( begin的第三人称单数 )；着手；创始；创办
qualified	有资格的；合格的；有条件的；有限制的
reform	改革；改正；改造；改过；革新；重整
lens	透镜；镜头；镜片；晶状体；给...摄影
alerts	警戒( alert的名词复数 )；警报期间；警戒状态；报警信号；使（某人）保持警觉( alert的第三人称单数 )；使意识到；提醒（某人）注意（某事）；使（部队）处于待命状态
treated	对待；招待；治疗（treat的过去分词）
discovery	发现；被发现的事物；要求告知；发觉
draw	拉；拖；拔剑；拖拉；挨近；领取；打成平局；引导；抽签决定；画；描写；制订；草拟；吸引；拔出；抽签；平局；翻牌；绘图
mysql	数据库系统（一种免费的跨平台的）
classified	分类的；被归入某类的；被指定为机密的；分了类的；分了级的
relating	关联；叙述；涉及（relate的ing形式）
assume	假定；承担；呈现；装腔作势；僭越
confidence	信心；可靠
alliance	联盟；联合；同盟；联姻
FM	(英)陆军元帅；外国使团；调频；频率调制；设备管理；快速存储器；文件管理
confirm	证实；确定；批准；使巩固；确认
warm	暖和的；暖的；温暖的；热烈的；兴奋的；激烈的；多情的；色情的；使温暖；弄热；使兴奋；使充满仇恨；变暖和；变温暖；取暖；激动；同情；爱好；暖；保暖物
neither	皆不；两个都不；(两者)都不的；两者都不；既非；既不
lewis	吊楔
howard	霍华德（男子名）
offline	挂线；脱机
leaves	pl. 树叶；花瓣
engineer	工程师；工兵；设计；监造；精明地处理；策划
lifestyle	生活方式
consistent	一致的；坚持的；并立的；坚固的
replace	代替；替换；放回；归还；DOS外部命令:取代或更新文件
clearance	清除；间隙；空隙
connections	连接；关系（connection的复数形式）；关系学
inventory	详细目录；存货清单；列入详细目录；清点存货
converter	使改变信仰的人；炼钢炉；吹风转炉；换流器；变压器；变换器；变频器；密码机；转换器
suck	吸；吮；吸入；吮吸；吸收；吸奶
organisation	组织；团体；体制；编制
babe	小孩；天真幼稚的人
checks	支票；格（check的复数形式）
reached	到达( reach的过去式和过去分词 )；联络；伸出手臂；延伸
becoming	合适的；适当的
blowjob	口交
safari	旅行；旅行队；科学考察
objective	目的；目标；宗旨；宾格；实物；客观的；如实的；无偏见的；宾格的
indicated	表明的；指示的；标示( indicate的过去式和过去分词 )；指示；象征；表明或暗示…的可能性
sugar	糖；糖块；甜言蜜语；加糖于；使甜蜜；粉饰；美化；制成糖
crew	全体人员；一群人；全体队员；crow的过去式
legs	木头支架；腿（leg的复数）
SAM	安全性帐户管理器
stick	棍；棒；刺；枯枝；茎；条状物；插进；刺入；钉住；伸出；粘贴；停止；粘住；停留；坚持；陷住
securities	有价证券；证券
allen	艾伦（男子名）
PDT	太平洋夏季时间
relation	关系；联系；叙述；故事；家属；亲戚
enabled	激活的；使可行的
genre	类型；流派
slide	滑；滑道；山崩；雪崩；幻灯片；使滑动；偷偷放入；滑动；滑落；不知不觉陷入；偷偷地走
Montana	蒙大拿州
volunteer	志愿者；志愿的；自愿
tested	经过试验的；经受过考验的；经验定的；检验无病的
rear	后面；背后；后方；后面的；背面的；后方的；养育；培养；饲养；举起；树立；栽种；高耸；暴跳
democratic	民主的；民主政体的；平民的
enhance	提高；加强；增加
Switzerland	瑞士
exact	精确的；准确的；精密的；强求；急需
bound	跃；回跳；范围；边界；受约束的；装有封面的；有义务的；关联的；被束缚的；准备去...的；便秘的；跳跃；弹起；使跳；限制；形成...的疆界；bind过去式和过去分词；装订的
parameter	参变数；参变量；参数；参量
adapter	适应者；改编者；接合器；衔接器；适配器；适配卡
processor	信息处理机；加工者；处理者；处理器
node	节；结节；瘤；节点；结点
formal	正式的；形式的；礼仪的；拘于礼节的；拘谨的；正式的社交活动
dimensions	面积；大小；容积
contribute	有助于；捐助；投稿；出力；捐献
lock	锁；刹车；水闸；一缕头发；锁上；拘禁；隐藏；(用锁等)拴住；刹住；锁住；(齿轮等)啮合；(船)过闸
hockey	冰球；曲棍球
storm	暴风雨；骚动；风波；风暴；猛攻；起风；猛冲；怒吼
micro	表示"小"；"微"；"微量"；"百分之一"
colleges	专科学院（college复数形式）
laptops	便携式电脑( laptop的复数形式 )
mile	英里；很大距离；哩
showed	show的过去式和过去分词
challenges	挑战( challenge的名词复数 )；要求；（警卫等）查问口令；怀疑
editors	编辑器；剪辑师；编辑（editor的复数形式）
mens	精神；意志
threads	线；相关串连；线程（thread的复数）
bowl	碗；木球；大酒杯；滚木球；快而稳地行驶
supreme	至高；霸权；至高的；终极的；极端的；最大的
brothers	哥们儿；兄弟
recognition	赞誉；认得；识别；承认；认可；认识
presents	出品；礼物（present的复数）
ref	裁判员；参考；外部文件报告
tank	槽；箱；柜；罐；池塘；储水池；坦克；储于箱中
submission	屈服；服从；谦恭；呈递；提交；意见；提出；提交公断
dolls	玩偶（doll的复数）
estimate	估计；判断；评价
encourage	鼓励；支持；激励；怂恿；煽动；助长
navy	海军；海军人员；海军军力；烟蒂
kid	小山羊；小山羊肉；小孩；欺骗；小山羊皮制的；哄骗；嘲弄
regulatory	受控制的；统制的；调整的；规则的
inspection	检验；检查；视察；监督；望诊
consumers	消费者；消耗者；用户；顾客（consumer的复数）
cancel	取消；撤消；盖销(邮票)；删去；抵销；盖销；相互抵销；作废
limits	范围；领土；极限（limit的复数）
territory	领土；领地；版图；地区；活动范围；(推销员等的)推销区域
transaction	交易；办理；学报；和解协议；事务处理
Manchester	曼彻斯特
weapons	武装切换；斗争工具；武器（weapon的复数）
paint	油漆；颜料；绘画作品；涂漆；绘；画；描绘；装饰；点缀；绘画
delay	耽搁；迟滞；延迟；延时
pilot	飞行员；领航员；航船者；导向器；驾驶仪；向导；领导人；领航；驾驶；引导；试用；引导的；控制的；试点的
outlet	出口；发泄方法；市场
contributions	贡献；出资
continuous	连续的；继续的；连续不断的
DB	数据库；数据位；数据总线；分贝；判定功能块
Czech	捷克人；捷克语；捷克的；捷克语的；捷克人的
resulting	结果的；合成的
Cambridge	剑桥
initiative	主动行动；首创精神；主动权；自发的；起始的
novel	小说；长篇故事；新奇的；异常的
pan	平锅；浅盘；盆地；硬土层；拍摄全景；上下左右移动；摇镜头；淘洗；淘金
execution	实行；完成；执行；死刑
disability	无力；无能；残疾；劳动能力丧失；病废
increases	增加量( increase的名词复数 )；增加；增大；增多( increase的第三人称单数 )；增强；增进；放（针）
ultra	过分的；极端的；极端主义者；过激论者；急进论者
winner	胜利者；优胜者；取胜者
Idaho	爱达荷州
contractor	立契约的人；承包商；承包者；承包工厂
pH	氢离子指数；药典；苯基
episode	插曲；插话；有趣的事件；一段情节；发作
examination	考试；测验；审查；检查；诊察
potter	陶工；制陶工人
dish	盘子；碟；菜肴；皿
plays	戏剧集；戏剧（play的复数）
bulletin	公告；布告；公报；电子布告栏
IA	指令地址；集成转接器；肠下垂
PT	点；处理时间；可编程序终端；铂(78号元素)
indicates	指示；显示；表明（indicate的第三人称单数形式）
modify	修正；变更；修饰；缓和；减轻；被修改；修改
Oxford	牛津；牛津大学
Adam	亚当；自动直接存取管理
truly	真实地；不假
epinions	
painting	画；绘画；油漆；涂漆
committed	献身于某种事业的；委托的
extensive	广的；广泛的；多方面的；广大的；扩大的
affordable	普及型
universe	宇宙；星系；(思想等)范围
candidate	候选人；投考者；候选；候补者
databases	数据库；资料库（database的复数）
patent	专利权；许可证；执照；专利品；素质；专利的；特许的；显著的；新奇的；取得...的专利权；请准专利
slot	水沟；细长孔；硬币投币口；缝；狭槽；狭通道；位置；一档(广播节目等)；开槽于；把...纳入机构；槽；存储槽
psp	abbr. 掌上游戏机（SONY推出的掌上娱乐平台）；起动前操纵台（Prestart Panel）
outstanding	杰出的；突出的；未偿付的；未决定的；未解决的；未偿付
ha	嘿；哈；哈哈
eating	吃；食物；侵蚀的；腐蚀性的
perspective	远景；透视感；(观察问题的)视角；透视法；看法；透视图；透视的；透视法的；透视
planned	计划了的；预定的；根据计划的；有组织的；有计划的；计划的；有秩序的
watching	观看；守望；监视；注意（watch现在分词）
lodge	小屋；门房；支部；旅舍；分会；临时住宿；倒伏；寄宿；投宿；安顿；容纳；提出；把...射入；存放
messenger	报信者；使者；送信者；通信员
mirror	镜子；写真；典范；反映；映出
tournament	比赛；竞赛；锦标赛；联赛
consideration	考虑；原因；思考；报酬
DS	数据系列；数据集；数据同步；调试系统；定义符号；开发系统；磁盘存储器；磁盘系统；分布式系统
discounts	优惠；折价；扣减额（discount的复数形式）
sterling	英国货币；标准纯银；英国货币的；标准纯银的；含标准成分的
sessions	会议；会期（session的复数）
kernel	核心；中心；精髓；内核
boobs	乳房
stocks	股票；存货；库存量（stock的复数）
buyers	买主；采购者；买方市场；购货者（buyer的复数）
journals	日记账；日记；学术期刊（journal的复数）
gray	灰色；暗淡；灰色的；灰白的；面色苍白的；年老的；老练的；阴沉的；(使)变灰色
catalogue	目录；大学情况一览；编入目录
EA	有效地址；单元动作；外部访问；卵白蛋白；红细胞抗体
jennifer	詹尼弗（女子名）
antonio	安东尼奥（男名）
charged	充满强烈感情的；带电的；气氛紧张的
broad	宽广的；辽阔的；广大的；显著的；宽阔地；宽阔部分
taiwan	台湾
und	comb. 表示“水；波浪”
chosen	choose的过去分词
Demo	演示；样本唱片
Greece	希腊
lg	abbr. 水平规；水准仪（Level Gauge ）；直线发生器；矢量发生器（Line Generator）
Swiss	瑞士人；瑞士腔调；瑞士的；瑞士风格的
Sarah	萨拉(<<圣经>>故事人物)
clark	克拉克（男子名）
labour	劳动；努力；工作；劳工；分娩；苦干；详细分析；使厌烦
hate	憎恨；恨；厌恶；憎恶；仇恨
terminal	终端机；终点；末端；极限；终点站；终点的；定期的；致死的；结尾的；末端的；晚期的；终端；终端设备
publishers	出版商；出版公司；出版社（publisher的复数）
nights	每夜；在任何夜晚
behalf	利益；方面
Caribbean	加勒比海；加勒比海的；加勒比人的
liquid	液体；流体；流音；液体的；透明的；明亮的；流动的；易变的
rice	米；米饭；稻；将...压成米粒状
Nebraska	内布拉斯加州；(美国中西部的一州)
loop	环；圈；弯曲部分；循环；使成环；以圈结；以环连结；打环；翻筋斗
salary	薪水；给...加薪
reservation	保留；预定；保留品；保留地；预约；权益保留
foods	食品
gourmet	美食家
guard	守卫者；警戒；护卫队；防护装置；保卫；看守；当心；防止；警惕；警卫
properly	适当地；相当地
orleans	奥尔良（法国城市）
saving	存款；挽救；节约；搭救的；节约的；保留的；补偿的；除...之外
nfl	abbr. （美）全国橄榄球联盟（National Football League）
remaining	剩余的
empire	帝国；帝权
resume	重新开始；取回；恢复；再开始；摘要；个人简历；继续执行
twenty	二十；二十个
newly	重新；最近
raise	上升；高地；增高；升起；举起；唤起；提高；使出现；使复活；提出；筹集；饲养
prepare	准备；筹备；使在思想上有准备；制造；调制；预备
avatar	天神下凡化作人形；化身
gary	盖理
depending	依赖
illegal	违法的；不合规定的；非法的；犯规的
expansion	扩充；开展；膨胀；扩展
vary	改变；使多样化；变化；有不同；违反
hundreds	数百
Rome	罗马
Arab	阿拉伯人；阿拉伯马；阿拉伯人的；阿拉伯的
Lincoln	林肯
helped	帮助（help的过去分词）
premier	总理；首相；首位的；最初的
tomorrow	明天；未来；未来地
purchased	已经购买的
milk	奶；乳状物；挤乳；榨取；产乳
decide	决定；判决
consent	同意；许可；赞同
drama	戏剧；戏剧艺术
visiting	参观；拜访；访问
performing	表演的；履行的
downtown	市中心区；市中心的；往闹市区
keyboard	键盘
contest	竞赛；争论；竞争；争取；争辩
collected	收集成的；镇定的
nw	十亿分之一瓦
bands	法官；乐队
boot	长靴；踢；解雇；效用；使穿靴；有用；引导；自举
suitable	适当的；相配的；合适的；适宜的
FF	快进；触发器；换页
absolutely	完全地；绝对地；确确实实地
millions	数百万
lunch	午餐
dildo	人造阴茎
audit	审计；查帐；查(帐)；旁听；查账；审查；检查
push	推；推动；奋斗；攻击；进取心；使伸出；推行；逼迫；增加；推进；努力争取
chamber	室；房间；枪膛；装(弹药)；把...关在室内；室内的
guinea	几内亚
findings	发现；调查结果；检验发现的情况（finding复数）
muscle	肌肉；臂力；肌
featuring	feature的现在分词形式
ISO	国际标准化组织；国际糖组织
implement	工具；器具；手段；实现；使生效；执行
clicking	微小静电干扰声
scheduled	预定的
polls	投票；民意调查；投票模块（poll的复数形式）
typical	典型的；象征性的
tower	塔；高楼；堡垒；高耸；翱翔
yours	你的(东西)；你们的(东西)
sum	总数；总和；金额；概要；顶点；总计；概括；合计；系统实用程序和维护
misc	杂类新闻组；多种外汇报价
calculator	计算者；计算器
significantly	值得注目地；意味深长地
chicken	小鸡；鸡肉
temporary	暂时的；临时的；临时工；临时雇员；临时
attend	参加；照料；伴随；专心于；照顾；服侍；出席
shower	阵雨；淋浴；一阵；展出者；显示者；下阵雨；淋湿；倾注
alan	艾伦（男子名）
sending	发送；派遣；发射；信件；神赐；天降
jason	詹森（男子名）
tonight	今晚；今夜
dear	亲爱的人；亲爱的；昂贵的；严重的；急迫的；啊；深爱地；高价地
sufficient	充分的；足够的
holdem	
shell	贝壳；壳；外形；炮弹；去壳；脱落；炮轰；剥落；脱壳；外壳；DOS内部命令:指定命令行处理程序
province	省；地方；职权；领域
catholic	天主教徒；天主教的；普遍的；广泛的；宽宏大量的
oak	橡树；橡木；橡木制的
VAT	大桶；装入大桶；在大桶里处理
awareness	意识；认识；识别；议定；明白
vancouver	温哥华（加拿大主要港市）
governor	(美)州长；(英)总督；统治者；管理者；理事；节制器；调节器
beer	啤酒
seemed	装作；似乎（seem的过去式）
contribution	捐助；捐助之物；贡献；捐款；补助品
measurement	尺寸；度量；度量单位
swimming	游泳；眩晕
spyware	间谍软件；后门程式
formula	客套语；公式；准则
constitution	构成；宪法；体格；体质；结构；组织
packaging	包装；包装业；包装术；组装；封装
solar	太阳的；日光的；源自太阳的；腹腔丛的
jose	约瑟（人名）
catch	捕捉；陷阱；捕捉之物；抓；拉手；赶上；感染；听清楚；抓住；燃着
jane	简（女子名）
Pakistan	巴基斯坦
PS	实际顺序；图象系统；电源；保护状态；磷脂酰丝氨酸
reliable	可靠的；可信赖的；确实的
consultation	请教；咨询；磋商会；会诊
northwest	西北；西北方；西北的；在西北的；来自西北的；向西北
sir	先生；阁下
doubt	怀疑；疑惑；不信
earn	赚得；获得；博得；欧州科学研究网
finder	发现者；寻星镜；寻觅器；探示器
unable	不能的；不会的；无能力的；无资格的；没有办法的
periods	周期（period的复数）
classroom	教室
tasks	任务；工作；苦差事（task的复数）
democracy	民主政治；民主主义；民主；民主政体
attacks	攻击；评击（attack的复数形式）
kim	金姆（人名）
wallpaper	壁纸；墙纸；贴墙纸
merchandise	商品；货物；交易；买卖
const	常量；常数
resistance	抵抗力；反抗；耐力；阻力；电阻；抵抗；抗性；抗药性
doors	大门；入口；通道（door的复数）
symptoms	病徵；症状；症候
resorts	度假村；度假胜地（resort复数）
biggest	最大的（big的最高级）
memorial	纪念物；请愿书；记念的；记忆的
visitor	参观者；游客；访客；视察人；检视人；检查员
twin	双胞胎中一人；一对非常相像的人(或物)中的一个；双胞胎的；成对的；孪生的；生双胞胎；成对；怀(双胞胎)；使成对
forth	往前；以后；向外
insert	插入物；插入；把(人造卫星)射入(轨道)；添写；附着
Baltimore	巴尔的摩
gateway	门；通路；网关
KY	abbr. 美国肯塔基州（Kentucky）
dont	
alumni	pl. 男毕业生；男校友
drawing	图画；制图；拉；绘图
candidates	报考者( candidate的复数形式 )；申请求职者；攻读学位者；最后命运或结局如何已显然可见者
charlotte	水果奶油布丁
ordered	安排好的；有规律的；有条理的；整齐的；顺序的
biological	生物学的
fighting	战斗的；容易引起争斗的；适于格斗的；好斗的；好战的；斗争的；搏斗的；战斗；斗争；搏斗
transition	转变；转换；变迁；过渡时期；临时转调；跃迁
happens	发生( happen的第三人称单数 )；碰巧；产生结果；（向对方表示异议或不悦等）
preferences	参数选择
spy	间谍；侦探；侦察；找出；发现；做密探；侦查
romance	冒险故事；浪漫史；传奇文学；写传奇；作空想；虚构
instrument	工具；手段；仪器
Bruce	布鲁斯
split	劈开；裂片；裂缝；分裂；派系；派别；柳条；劈开的；分离；分开；裂开；被劈开；切开；使分裂；使分离；拆分
themes	主题（theme的复数）；布景主题；桌面主题
powers	权势；力量（power的复数形式）
heaven	天堂；上帝；天空
BR	总线请求；生物试剂
bits	abbr. 后台智能传输服务（Background Intelligent Transfer Service）；建设集成时序供应（Building Integrated Timing Supply）；二进制数字（Binary digits）
pregnant	怀孕的；充满的；思想丰富的；成果丰硕的；妊娠的；有孕的
twice	两次；两倍
classification	分类；分级；分粒
focused	聚焦的；专心的
Egypt	埃及
physician	医师；内科医师；解除痛苦者；主治医师
Hollywood	好莱坞；美国电影界；美国电影工业；美国式电影
bargain	交易；买卖协定；特价商品；讲价
wikipedia	维基百科（一个基于wiki技术的多语言的百科全书协作计划；也是一部用不同语言写成的网络百科全书；其目标及宗旨是为全人类提供自由的百科全书）；开放性的百科全书
cellular	细胞的
Norway	挪威
Vermont	佛蒙特
asking	请求
blocks	积木；黑金石；街区；双头木鱼；楼群（block的复数）
normally	正规地；合规则；正常地
lo	瞧；看
spiritual	精神上的；神圣的；崇高的；高尚的；鬼的；招魂术的；有关教会的事
hunting	狩猎；猎狐；探求；寻找平衡；寻找
diabetes	糖尿病；多尿症
suit	套装；诉讼；请求；起诉；套；组；适合；使适应；合适；相称
ML	法学硕士；摩托艇；汽艇；毫升
shift	变化；移动；轮班；手段；应急办法；移位；替换；转移；改变；推卸；变速；转换；转变；推托；DOS内部命令:该命令可将批处理参数向左移动一个位置
chip	屑片；薄片；碎片；削；切；削成碎片；使摔倒；凿；削下屑片；孔屑；组件；晶片；芯片
RES	远程输入服务；网状内皮系统
sit	坐；就座；坐落；使就座；骑；衣服合身
bodies	（文章、文件等的）正文；（人或动物的）身体；主体部分（body的复数）
photographs	照片；逼真的描绘（photograph的复数）
cutting	切断；切下；路堑；切屑
wow	(非正式)哇；巨大的成功；轰动一时的成功；十分有趣的事物；WIn32上的Windows
simon	西蒙（男子名）
writers	作家；作者（writer的复数）
marks	标记；记号；唛头；分数；台面标志
flexible	易曲的；灵活的；柔顺的；能变形的；可通融的；能屈的
loved	热爱（love的过去分词）
favourites	特别喜爱的人（或物）( favourite的复数形式 )；竞赛中被认为会获胜的马、竞争者等
mapping	映射；变换；映象；测绘；绘图
numerous	很多的；数目众多的；多数的；甚多的
relatively	相对地；比较地；相当地；相关地
birds	鸟类；禽（bird的复数）
satisfaction	满足；满意；快事；赔偿；赎罪；报仇的机会；偿还；赎回
represents	表现( represent的第三人称单数 )；代表；体现；作为…的代表
char	家庭杂务；炭；打杂；烧焦
indexed	编入索引的；有索引的
Pittsburgh	匹兹堡
superior	长者；占优势的人；上级；上级的；出众的；高傲的
preferred	首选的
saved	已保存的；获救的
paying	支付的；付款的；有利的；赢利的；合算的；支付
cartoon	卡通画；漫画；画漫画
shots	炮弹；射击；射手（shot的复数）
intellectual	有知识者；知识分子；凭理智做事者；智力的；用脑力的；聪明的
moore	摩尔（男子名）
granted	算是如此；但是
choices	选择（choice的复数）
carbon	碳；副本；复写纸
spending	经费；开销；开支
comfortable	舒服的；轻松的；盖被
magnetic	有磁性的；有吸引力的；催眠术的；磁的
interaction	交互作用；交感
listening	听；监听；助听用的
effectively	有效地；有力地；实际上
registry	登记处；登记名册；登录库
crisis	危机；危险期；紧要关头；危象；骤退；临界；极期
outlook	观点；景色；前途；了望；展望
massive	大而重的；宽大的；宏伟的；大块的；整块的；大量的
Denmark	丹麦
employed	雇佣（employ的过去分词）
bright	明亮的；聪明的；鲜明的；欢快的；明亮地；欢快地
treat	宴请；款待；视为；对待；论述；治疗；讨论；谈判；作东
header	收割台；顶梁；域名；页眉；数据头；电子邮件头
CS	文职人员；行政机构；通道状态；通信仿真器；公用源；计算机软件
poverty	贫穷；贫困；缺乏；贫乏
formed	成形的；成形
piano	钢琴
echo	回声；回音；回波；发回声；随声附和；摹仿；重复；反射；回显；DOS批处理命令:控制MS-DOS命令是否在屏幕上显示
que	队列
grid	格子；栅格；网格
sheets	被单；片材；板片（sheet复数）
patrick	帕特里克（男子名）
experimental	实验的；根据实验的
Puerto	垭口；港口；山口；(Puerto)人名；(西)普埃尔托
revolution	革命；大变革；旋转；转数；循环；回转
consolidation	巩固；团结；合并；加强；实变
displays	显示器（display的复数）
plasma	血浆；淋巴液；原生质；等离子体；等离体
allowing	允许（allow的现在分词）
earnings	所赚的钱；工资；收入；收益；盈余
voip	abbr. 网络语音电话业务（Voice over Internet Phone）；互联网协议电话（Voice over Internet Portocol）
mystery	秘密；神秘；奥秘
landscape	风景；山水；风景画；从事景观美化；美化...景观；横向
dependent	依赖他人者；依赖的；从属的
mechanical	机械的；机械性的；力学的
journey	旅程；旅行；行程；游历
Delaware	特拉华(美国州名)
bidding	命令；邀请；出价；投标；招标
consultants	顾问( consultant的复数形式 )；高级顾问医生；会诊医生
risks	风险；危险（risk复数）
banner	旗帜；显著的；特别好的
applicant	申请者；申请人；请求人；谋事人
charter	特许状；执照；宪章；特许；发给特许执照
fig	无花果；无价值的东西；少许；服装；打扮；使马跑快
barbara	芭芭拉（女子名）
cooperation	合作；协力；配合
counties	郡；县( county的名词复数 )
acquisition	获得；获得物；收购；招揽；取得
ports	港口；端口（port的复数）
implemented	执行；实施（implement的过去分词形式）
SF	比例因子；栈前；栈满
directories	目录；名录；指南；计算机文件或程序的目录（directory的复数）
recognized	经过验证的；公认的
dreams	梦想；美梦（dream的复数形式）
blogger	写博客的人；博客使用者
notification	通知；通告；告示；通知书
kg	千克；公斤
licensing	许可；批准（license的ing形式）
stands	看台；架子；货摊（stand的复数）
teach	教；讲授；教导；教育；教书；教学；可以教
occurred	发生（occur的过去分词）
textbooks	教科书；课本( textbook的复数形式 )
rapid	迅速的；飞快的；急促的；陡的；急流
pull	拉；拖；拔；牵；撕开；吸引；有吸引力；拉力；牵引力；划船
hairy	多毛的；毛状的；长毛的
diversity	差异；多样性
Cleveland	克利夫兰
UT	世界时；格林威治时
reverse	相反；背面；倒退；挫折；失败；反面的；相反的；反向的；颠倒的；使颠倒；使逆转；使倒退；使反向；反向；倒转；反转
deposit	存款；定金；堆积物；存放；堆积；沉淀
seminar	研究班；专题讨论会；讨论会；专家讨论会
investments	投资；投资的财产；投资学（investment的复数形式）
latina	拉蒂纳（意大利地名）；拉蒂娜（女子名）
NASA	国家航空和宇宙航行局(美国)；国际航空和太空总署的同义字
wheels	旋转；车轮（wheel的复数）
sexcam	
specify	详列；指定；说明
accessibility	易接近；可进入；可及性；可达性；可接近性；吸湿性
Dutch	荷兰人；荷兰语；荷兰的
sensitive	敏感的；易感的；灵敏的；感光的；感度高的
templates	模板；属性单元；范本（template的复数）
formats	幅度；格式（format的复数）
tab	制表(键)；搭襻；标号；调整片；(易拉罐)拉环；帐单；标签；制表符；TAB键
depends	依赖；信赖（depend的三单形式）
boots	（英）擦靴的仆役；靴子（boot的复数）
holds	保存；把握（hold的第三人称单数）
router	路由器
concrete	凝结物；混凝土；具体的；实在的；混凝土的；(使)凝结；用混凝土浇筑
SI	国际单位制；串行接口；移入；硅(14号元素；旧名矽)
editing	编辑的
Poland	波兰
folder	文件夹；折纸机；折叠式书本；卷宗
WOMENS	woman的变形；woman 的复数
CSS	接触起停
completion	完成；完井；结束；完工
upload	上装；加载；储入
pulse	脉冲；脉搏；情绪；意向；拍子；豆类；跳动；脉跳；使跳动；用脉冲调制
universities	大学( university的名词复数 )
technique	技巧；技术；方法；工艺方法
contractors	（建筑、监造中的）承包人( contractor的复数形式 )
milfhunter	
voting	投票；选举；投票的；选举的
courts	法院；场地（court的复数）
notices	条款；启事；通知函（notice的复数）
subscriptions	捐献；订阅（subscription的复数形式）
calculate	计算；预测；计划；打算
MC	国会议员；典礼官；司仪；医疗队；机器周期；磁卡片；主脉冲；主控制
Detroit	底特律(美国城市)
alexander	亚历山大（男子名）
broadcast	广播；传播；广播的；经广播；四散地；广播命令
converted	修改的；改变信仰的
metro	地铁
toshiba	东芝（公司名；财富500强公司之一；总部所在地日本；主要经营电子电气）
anniversary	周年纪念
improvements	增加或修改( improvement的复数形式 )；改进；改善；改良
strip	长条；条状；带；脱衣舞；脱衣；被剥去；剥夺；拆卸；脱衣服
specification	规格；详述；详细说明书；规范；形式说明；说明；说明书
pearl	珍珠；珠灰色；杰出者；珍贵之物；用珍珠镶；使成珠状；成珠子状；采珍珠；用珍珠做
accident	意外事件；机遇；事故；次要方面；意外事故
nick	刻痕；缺口；划痕；刻痕于；弄缺；擦伤；狙击
accessible	易接近的；可进入的；可使用的；易受影响的；可理解的
accessory	附件；零件；附加物；从犯；同谋；附属的；补充的；同谋的；帮凶的；非主要的；副的
resident	居民；常驻程序；居住者；留鸟；居留的；定居的
plot	小块土地；地区图；图；阴谋；情节；划分；绘图；密谋；策划；绘制
qty	abbr. 数量（quantity）
possibly	可能；也许
airline	航线；航线的设备；航空公司
typically	代表性地；作为特色地
representation	表示法；表现；陈述；代表；表示法指定
regard	关心；注意；尊敬；关系；问候；视为；考虑；和...有关；看待；注视
pump	抽水机；打气筒；泵；抽吸；用唧筒抽水；打气；盘问；倾注；使疲惫；抽水；上下(或往复)运动
exists	存在量词（exist的复数）
arrangements	安排；准备；整理（arrangement的复数）
smooth	平滑的；平稳的；流畅的；和蔼的；安祥的；圆滑的；调匀的；无毛的；使光滑；烫平；使平和；消除；变平滑；变平静；一块平地；平滑部分
conferences	会议（conference的复数形式）
uniprotkb	
beastiality	
strike	罢工；打击；殴打；打；撞击；冲击；侵袭；取消；结算；打掉；刺透；使生根；遇见；抓；搏动；触礁；敲；响；穿透；打动
consumption	消费；消费量；痨病；消耗量；耗量
Birmingham	伯明翰
flashing	闪光；遮雨板；防水板
LP	密纹唱片；语言处理程序；主程序员；光笔；线性协议；表处理；逻辑探头
narrow	狭窄部分；隘路；狭窄的；仔细的；有限的；勉强的；狭隘的；手紧的；变窄；使变狭窄
afternoon	午后；下午
threat	恐吓；恶兆；威胁
surveys	调查（survey的复数）
sitting	入席；就坐；开庭；孵卵；坐着的；就座的；在职的；在孵卵中的；易被击中的
putting	投掷；（高尔夫球）打球入洞
consultant	顾问；征询意见者；顾问医师
controller	控制器；管理者
ownership	所有权；物主身份；所有制
committees	委员会；街道办事处
penis	阳物；阴茎
legislative	立法机构；立法的；有立法权的
researchers	研究员；调查者( researcher的复数形式 )
Vietnam	越南
trailer	追踪者；拖车
anne	安妮（女子名）
castle	城堡；象棋中的车；置于城堡中；盘踞于
gardens	花园（garden的复数形式）
missed	投偏；未抓住；错过（miss的过去分词）
Malaysia	马来西亚
unsubscribe	注销；注销账户；取消订阅
antique	古董；古物；古老的；古风的；旧式的；过时的
labels	标签；分类（label的复数形式）
willing	乐意的；自愿的；甘愿的
bio	个人简历；小传
molecular	分子的；由分子组成的
upskirt	
acting	演戏；装腔作势；代理的；演出用的；起作用的
heads	正面朝上的
stored	储存的
exam	考试；测验
Logos	理念；理性；圣子(即耶稣)
residence	住宅；居留；驻扎；居住期间；住房
attorneys	代理人；律师( attorney的名词复数 )
milfs	
antiques	古玩；古董；古物( antique的名词复数 )
density	密度
hundred	百；百个东西；百个；一百的；许多的
ryan	赖安（男子名）
operators	（某企业的）经营者( operator的复数形式 )；（机器、设备等的）操作员；电话接线员；投机取巧者
strange	奇怪的；陌生的；生疏的；不熟悉的；不可思议的；外行的；外地的；异乡的
sustainable	足可支撑的；养得起的；可以忍受的
Philippines	菲律宾
statistical	统计的；统计上的；统计学的
beds	床上用品；床组（bed复数）
breasts	胸脯；乳房（breast的复数）
mention	提到；言及；陈述；提及
innovation	改革；创新；刷新
PCS	个人通信业务；青霉素类抗生素
employers	雇主( employer的复数形式 )
grey	灰色；灰色的；阴沉的；(使)成灰色
parallel	平行；对比；相匹敌之物；平行的；相似的；与...平行；与...相似；相比；使平行；并联；并行
honda	本田汽车公司
amended	修正的
operate	操作；运转；动手术；活动
bills	账单；议案（bill的复数）
bold	大胆的；粗体
bathroom	浴室；厕所
stable	马房；牛棚；稳定的；安定的；坚固的；坚定的；赶入马房；被关在马厩
opera	歌剧
definitions	定义（definition的复数形式）
Von	冯·诺伊曼
doctors	医生（doctor的复数）
lesson	课；课业；教训
cinema	电影院；电影
asset	资产；有益的东西
ag	农业的；应用生成器；结合图；属性语法
scan	审视；浏览；扫描；细查；细看；详细调查；标出格律；押韵；网络软件目录；编码与分析系统
elections	选举；选举制；投票（election的复数形式）
drinking	喝；喝酒
blowjobs	口交
reaction	反应；反作用；反动
blank	空格；空白；空白的；空虚的；完全的；无色的；消失；成为空白；使无效；取消；封锁
enhanced	增大的；加强的
entitled	有资格的；给与名称的
severe	严格的；尖锐的；严肃的；严重的；严厉的；朴素的；苛刻的
generate	产生；发生；导致
stainless	无瑕疵的；不锈的；不绣的；污染的
newspapers	报纸；报章（newspaper的复数）
hospitals	医院( hospital的复数形式 )
vi	vi文本编辑器；ㄉ(87号元素钫的旧名)
deluxe	高级的；豪华的；豪华地
humor	幽默；诙谐；心情；迎合；牵就；顺应
aged	老的；陈的；有...岁的；老化的；老化了的；陈化的；陈化了的
monitors	监视器；监控器；情况通报（monitor复数形式）
exception	例外；除外；异议；异常
lived	有生命的
duration	持续时间；持续
bulk	大小；体积；大块；大多数；显得大；显得重要
successfully	成功；结果良好；有成就
Indonesia	印尼
pursuant	依据的；按照的；追赶的；相符地；一致地
SCI	串行通信接口；栈控制指令；系统控制接口；科学新闻组类
fabric	织物；布；结构；构造；建筑物；组织；工厂
EDT	乙二胺四乙酸；依地酸
visits	参观；拜访；视察（visit的第三人称单数）
primarily	主要地；首先地
tight	紧的；密封的；吝啬的；严厉的；紧紧地
domains	域；域名；领域；网域（domain的复数形式）
capabilities	能力( capability的名词复数 )；可能；容量；潜在能力
pmid	
contrast	差别；对比；对照物；使对比；成对照；反差；对比度
recommendation	推荐；介绍；推荐信；劝告；建议书
flying	飞的；飘扬的；飞速的；飞行；飞花
recruitment	新兵征召；募集；募集(生理)；复聪(耳科)
sin	罪；犯罪；过失；失礼；犯
Berlin	柏林；(软质)柏林毛线
cute	可爱的；聪明的；伶俐的；品他病
organized	有组织的；组织起来的
BA	文学士；基本汇编程序；布尔代数；总线可用
para	帕拉
siemens	西门子（财富500强公司之一；总部所在地德国；主要经营电子电气）
adoption	采用；采纳；收养
improving	有启发的；有教育意义的
CR	回车；调用请求；铬(24号元素)蟹；山查子
expensive	贵的；奢华的；费用浩大的；乱化钱的；高价的；昂贵的；浪费的
meant	mean的过去式和过去分词
capture	抓取；战利品；捕获之物；获得；迷住；截获命令
pounds	磅；英镑；重击（pound复数形式）
buffalo	水牛
organisations	组织；团体（等于organization）
plane	平面；扁平物；机翼；飞机；水准；地位；平的；平面的；将...刨平；刨平；掠过水面；翱翔；乘飞机旅行；刨掉
PG	部分不适合儿童观看的(电影)；前列腺素；磷脂酰甘油
explained	解释（explain的过去式及过去分词）
seed	种子；籽；萌芽；子孙；精液；在...播种；催...发育；脱...籽；结实；播种
programmes	（演出或活动的）程序( programme的复数形式 )；计划；节目；课程；训练( programme的第三人称单数 )；培养；预调
desire	欲望；要求；想要；请求；渴望
expertise	专家意见；专门技术；专门知识
mechanism	机械；机构；结构；机理；技巧；历程
camping	野营；露营
EE	电机工程师；对映体过量
jewellery	宝石；贵重饰物；珠宝；宝石饰物；受珍视的人/物；宝贝；有价值的人/物
meets	相遇( meet的第三人称单数 )；相识；开会；接触（某物）
welfare	福利；安宁；幸福；福利事业；福利的
peer	同等的人；匹敌；贵族；凝视；窥视；费力地看；隐现；与...同等；封为贵族
caught	catch的过去式和过去分词
eventually	最后；终于
marked	有记号的；显著的；醒目的
driven	有紧迫感的；drive的过去分词
measured	整齐的；慎重的；基于标准的
MEDLINE	<美>联机医学文献分析和检索系统
bottle	瓶子；酒瓶；装瓶；抑制；围困
agreements	协定；协定( agreement的复数形式 )；同意；达成协议；（性、数、人称方面与…）一致
considering	就...而论；考虑到
innovative	革新的；创新的；富有革新精神的
Marshall	马歇尔（姓氏；男子名；等于Mar'shal）
massage	按摩；揉
rubber	橡皮；橡胶；做摩擦动作的人；按摩师；决胜盘；用橡胶制造；涂橡胶于
conclusion	结论；结尾；推论；缔结
closing	结束；结束的
tampa	坦帕市（美国佛罗里达州西部港市）
thousand	千；成千的；许多的；许许多多
meat	肉；餐；食物；肉类
legend	传说；传奇文学；图例
grace	优雅；风度；慈悲；恩惠；体面；赦免；恩典；谢恩祷告；使优美
susan	苏珊（女子名）
ing	abbr. 惯性导航与制导（Inertial Navigation and Guidance）；强中子发生器（Intense Neutron Generator）
ks	abbr. 韩国标准（Korean Standards）；敲缸传感器（Knock Sensor）；闸刀开关（knifeswitch）
ADAMS	先进数据管理系统
python	大蟒；巨蟒
monster	怪物；恶人；巨物；畸胎
Alex	开放网络文件系统
bang	重击；突然巨响；刘海；发巨响；砰然地；突然巨响地；直接地；撞击符
villa	别墅
bone	骨头；骨；骨制品；剔骨；专心致志
columns	塔器
disorders	混乱( disorder的名词复数 )；凌乱；骚乱；（身心、机能）失调
bugs	疯狂的；发疯的
collaboration	合作；勾结；通敌卖国者；奸细
hamilton	汉密尔顿（男子名）；哈密尔顿（美国城市名）
detection	发现；察觉；探测；检波；检测
FTP	文件传送协议；固定项目设计
cookies	饼干
inner	内部的；内心的；内部
formation	形成；构造；编队；结构
tutorial	个别指导；论文；学习指南；指导手册；个别指导的；家庭教师的；辅导的；教程
MEd	教育学硕士
engineers	工程师；机械师（engineer的复数）
entity	实体；实存物；存在
cruises	游艇；邮轮旅游；油轮公司（cruise的复数）
gate	门；牌楼；大门；通道；闸；装门于；栅
holder	持有人；所有人；支持物；夹持器；夹具；贮罐
proposals	提议( proposal的复数形式 )；推荐；求婚；赞成提案
moderator	主席；会议主持人；仲裁人；筛选人
SW	软件；状态字；开关
tutorials	导师的个别指导( tutorial的复数形式 )；教程；辅导材料；使用说明书
settlement	安顿；解决；处理；结算；殖民；殖民地；沉降；居住区；沉渣
Portugal	葡萄牙
lawrence	劳伦斯（男子名）
Roman	罗马人；罗马人的；罗马的
duties	关税（duty的复数）
valuable	有价值的；贵重的；宝贵的；可估价的
erotic	性爱的；性欲的；色情的；好色之徒；色情诗
tone	音调；音质；语调；语气；色调；气氛；状况；思想状态；给...定色调；增强；使...的声调和谐；定音调；颜色调和；双音频
collectables	(collectable 的复数)；可收集的；可搜集的；可征收的
ethics	道德规范；伦理学
forever	永远
dragon	龙；凶暴的人；凶恶的人；凶恶严厉的监护人
busy	忙碌的；热闹的；没空的；使忙；忙碌；忙
captain	船长；指挥官；海军上校；首领；率领；指挥
fantastic	奇妙的；稀奇的；空想的
imagine	想像；设想；猜测；想像起来
brings	带来；使发生（bring的三单形式）
heating	加热；供热；暖气设备；供暖系统；暖气装置；加热的；供暖的
leg	腿；假腿；路程；走；跑
neck	脖子；衣领；颈；拥抱；拥吻；收缩；割颈
HD	层次相关性；高密度
wing	翅膀；翼；机翼；派别；给...装上翼；飞过；使飞；空运；增加...速度；飞行
governments	政权；政府；可转让政府证券（government的复数）
purchasing	采购的
scripts	原稿；手稿（script的复数形式）
ABC	预定章程；美国广播公司；澳大利亚广播公司；字母表；基础知识；记帐预算计价系统；通用插件板计算机；自动编码系统
stereo	铅版；立体照片；立体的；立体感觉的
appointed	派任的；任命的；指定的
taste	味道；品味；味觉；感受；体验；爱好；审美；少量；尝；察觉...的味道；体会；品尝；察觉味道；有某种味道
dealing	经营行为；行为；交易；待遇；处置
commit	委托(托付)；犯罪；指派...作战；使承担义务；犯；做；把...交托给
tiny	很少的；微小的
operational	操作的；运作的；操作上的；业务上的；可起作用的
rail	横杆；围栏；栏杆；铁轨；扶手；秧鸡；以横木围栏；给...铺铁轨；责骂；抱怨
airlines	航空业；航空公司（airline的复数）
liberal	自由主义者；慷慨的；不拘泥的；宽大的；自由主义的
livecam	
jay	鸟；喋喋不休的人；傻瓜
TRIPS	abbr. 与贸易有关的知识产权（Agreement On Trade-related Aspects of Intellectual Property Right）
gap	缝隙；缺口；间断；间距；通用汇编程序；打开缺口；造成缝隙；豁开；图形应用程序
sides	边；面数；台词表（side的复数形式）
tube	管；软管；隧道；把...装管；使通过管子；管子
turns	转弯；匝数；圈数（turn的复数形式）；手动车床
corresponding	相当的；一致的；通信的；对应
descriptions	说明；说明书；摘要；描述（description的复数形式）
cache	隐藏所；隐藏的粮食或物资；贮藏物；高速缓冲存储器；隐藏；窖藏；高速缓冲
belt	带子；地带；带；腰带；束带；区
jacket	夹克；外套；护套；给...穿夹克；给...装护套
determination	决心；果断；判定；测定
animation	活泼；生气；激励；卡通制作；动画
oracle	神谕；神谕处；预言
Er	铒(68号元素)
Matthew	马太；马太福音
lease	租约；租期；租；出租；租出；租得
productions	生产( production的复数形式 )；产量；产品；出示
aviation	航空；航空学；飞行术；飞行
hobbies	嗜好；兴趣爱好；燕隼；小马（hobby的复数）
proud	骄傲的；自大的；自豪的；辉煌的；壮丽的
excess	过度；剩于；超过；超额；过量的；额外的
disaster	灾祸；不幸；彻底失败
console	安慰；藉慰；控制台
commands	命令；指令（command复数形式）
jr	abbr. 初级；小 Junior
telecommunications	电信；通讯；电信学；电通信
instructor	教员；讲师；指导者
giant	巨人；大力士；巨大怪物；庞大的；巨大的
achieved	取得的；完成的
injuries	伤害；损害( injury的名词复数 )；受伤处
shipped	发货；装船（ship的过去分词）
bestiality	兽性；兽行；兽欲；兽奸
seats	座椅；座位（seat的复数形式）
approaches	处理
biz	biz机构
alarm	惊恐；警报；警钟；使惊恐；警告；报警信号
voltage	电压；伏特数
anthony	安东尼（人名）
Nintendo	任天堂
usual	平常的；通常的
loading	装载；装填；填充剂；填料；装料；填充；载液；填充量；装模
stamps	邮票；印记；图章（stamp的复数）
appeared	出现；公开露面；发表（appeare的过去式形式）
Franklin	富兰克林
angle	角；角度；角落；钓鱼；谋取；博取；斜向移动；转变角度；使转动角度；在...钓鱼；获取
rob	抢夺；抢掠；剥夺
vinyl	乙烯基
highlights	拔萃；集锦；挑染（highlight的复数形式）
mining	采矿；采矿业
designers	设计师；设计者；设计器（designer的复数形式）
Melbourne	墨尔本
ongoing	前进的；进行的；不间断的；前进；发展
worst	最坏；最坏的时候；最坏的；最恶劣的；最不利的；最糟
imaging	成象；成像
betting	打赌；赌博
scientists	科学家( scientist的名词复数 )
liberty	自由；特权；许可；冒失；自由权；自由区域
Wyoming	怀俄明
blackjack	闪锌矿；扑克牌的二十一点；包革金属棍棒
Argentina	阿根廷
era	时代；纪元；时期
convert	皈依者；改变宗教信仰者；使改变信仰；转换；兑换；倒置；皈依
possibility	可能性；可能的事；可能发生的事；不确定权
analyst	分析者；精神分析学家；分析员；化验员
commissioner	委员；理事；行政长官；政府的特派员；地方地官
dangerous	危险的；危害的
garage	车库；汽车修理厂；机库；把车送入修车场
exciting	令人兴奋的；刺激的；激磁
reliability	信度；可靠性
thongs	丁字裤；平底人字拖鞋（thong的复数形式）
gcc	abbr. 海湾合作委员会（Gulf Cooperation Council）
unfortunately	恐怕；不幸的是
respectively	各自地；独自地；个别地；分别地
volunteers	义务工作者( volunteer的名词复数 )；志愿者；自告奋勇者；主动做某事的人；自动提供；自愿效劳( volunteer的第三人称单数 )；主动建议（或告诉）；（未经当事人同意）举荐；自愿参军；当志愿兵
attachment	连接；附属物；连接物；爱慕；附加；附件
ringtone	铃声；手机铃声
Finland	芬兰
Morgan	摩根马
derived	导出的；衍生的；派生的
pleasure	快乐；愉快；令人高兴的事；娱乐；希望；(使)高兴
honor	荣誉；头衔；信用；尊敬；名誉；阁下；勋章；授予荣誉；承兑；实践
asp	山杨；角蝰；山杨的；颤抖的
oriented	导向的；定向的
eagle	鹰；鹰状标饰
desktops	(desktop 的复数)；桌面
pants	裤子；长裤；短衬裤；女式运动短裤
columbus	哥伦布（美国一座城市）；哥伦布（意大利航海家）
nurse	护士；保姆；奶妈；看护；照顾；培养；喂奶；看护病人
prayer	祈祷；恳求；祷辞；祈祷者
appointment	约会；委任的职位；委派；任命；派；指定
workshops	专题讨论会( workshop的名词复数 )；车间；工作坊；研究会
hurricane	飓风；暴风；暴风雨
quiet	安静；闲适；平静；安静的；静止的；寂静的；朴素的；从容的；暗中的；平静下来；使平静；使平息；使安心；安慰
luck	运气；幸运；好运；侥幸；靠好运成功
postage	邮资；邮费
producer	生产者；制作者；制作人；发生器；(炉煤气)发生炉；制气炉
represented	表现( represent的过去式和过去分词 )；代表；体现；作为…的代表
mortgages	抵押贷款；财产贷款；房屋贷款（mortgage的复数）
dial	刻度盘；钟面；转盘；拨
responsibilities	责任；职责（responsibility的复数）
cheese	乳酪；干酪
comic	连环漫画；喜剧演员；滑稽的人；滑稽的；有趣的；喜剧的
carefully	小心地；谨慎地
jet	喷射流；喷嘴；煤玉；射出；迸出；喷射；黑而发亮的；墨黑的
productivity	生产力；生产率；生产能力
investors	投资者；出资者( investor的复数形式 )
crown	王冠；王权；顶点；使成王；加冕；居...之顶
par	标准；票面价值；平均数量；同等水平；票面的；平常的；标准的；平价的；重新传输的肯定回答
underground	地下；地铁；地道；秘密活动；地下的；秘密的；在地下；秘密地
diagnosis	诊断
maker	制造者；上帝；出票人
crack	裂缝；爆裂声；(使)爆裂；(使)裂开；(使)发出爆裂声；第一流的；啪地一声
principle	原则；原理；主义
picks	凿；选择；精华；收获量（pick的复数）
vacations	假期( vacation的名词复数 )；（法庭的）休庭期
gang	队；群；帮；成群结队；结成一伙；使成群结队
semester	学期
calculated	有计划的；适当的；适合的；计算出的；算清了的
cumshot	射精
fetish	物神；偶像；迷信；恋物对象
applies	应用( apply的第三人称单数 )；使（自己）致力于；使从事于；使接触
casinos	（意）乡间住宅；赌场；娱乐场（casino的复数）
appearance	出现；露面；外观；外表；出版；版面
smoke	烟；雾气；烟熏剂；抽烟；烟色；吸烟；冒烟；弥漫；以烟熏；抽烟而导致...
Apache	阿帕切族(美洲印第安部族)
filters	滤器；滤波器；滤光片（filter的复数）
incorporated	根据法律组成的公司；公司；组成法人组织的；法人的；合并的
nv	十亿分之一伏
craft	技艺；手艺；诡计；精心制作
cake	蛋糕；块；饼；使结块；加块状物于；结块
notebooks	笔记簿( notebook的复数形式 )；笔记本计算机；笔记本电脑
apart	成零碎；成距离；分别地；分离着；分离的
fellow	男人；朋友；同事；同伴的；同事的；同道的
blind	蒙蔽物；窗帘；盲目的；瞎的；不加思考的；使失明；蒙蔽；遮暗；盲目地
lounge	闲逛；休闲室；长沙发；闲混；(懒洋洋地)躺
mad	疯狂的；发疯的；生气的；愚蠢的；狂欢的；狂怒
algorithm	算法
semi	半
coins	硬币（coin的复数）
andy	安迪（男子名；等于Andrew）
gross	总数；总量；总共的；未打折扣的；恶劣的；粗野的；总共收入
strongly	强有力地；坚强地；激烈地
cafe	咖啡馆；酒店
valentine	情人；情人节礼物
hilton	希尔顿（姓氏）；希尔顿集团（主营酒店和香烟等）
ken	视野范围；知识范围；见地
proteins	蛋白质( protein的复数形式 )
horror	惊骇；恐怖；惨状；恐惧
SU	可选部件
exp	abbr. 经验值；指数函数
familiar	熟悉的；常见的；亲密的；熟友；常客
capable	有能力的；能的；能干的
douglas	道格拉斯（男子名）；道格拉斯（英国马恩岛首府）
debian	一种自由操作系统
till	直到；在...以前；迄；直到...为止；耕种；放钱的抽屉；备用现金；冰碛
involving	包括；涉及；使陷于（involve的ing形式）
pen	钢笔；笔；笔调；笔杆子；作家；围栏；栅栏；禽畜；写；关入栏中；囚禁；动笔；写作
investing	包埋；围模
christopher	克里斯多夫（男子名）
admission	准许进入；入场费；录用；承认；加入；入股
epson	爱普生（日本一公司名称）
shoe	鞋；靴；外胎；给...穿鞋；为马钉蹄铁
elected	选举；推选
carrying	运载
victory	胜利；战胜；克服
sand	沙；沙子；沙滩；光阴；生涯；撒沙；以沙掩盖
madison	麦迪逊（姓氏）；麦迪逊（美国城市）
terrorism	恐怖主义；恐怖统治；恐怖状态；胁迫；暴政；恐怖政治
joy	欢喜；乐事；高兴；使快乐；令人高兴
editions	版次( edition的复数形式 )；（报纸、杂志的）一份；（广播、电视节目的）一期；（书、报、杂志等的）一版印刷总数
CPU	中央处理器
mainly	主要地；大抵
ethnic	人种的；种族的
ran	run的过去式
parliament	国会；议会；会议；议院
actor	男演员；行动者；作用物；反应物
finds	发现( find的第三人称单数 )；找到；到达；发觉
seal	印章；封条；海豹；海豹皮；火漆；封蜡；玺；保证；批准；象征；标志；封闭；盖印；盖章；猎海豹
situations	情境；状况；局面（situation的复数形式）
fifth	第五；五分之一
allocated	分配的；指派的
citizen	市民；公民；国民
vertical	垂直的；直立的；顶的；头顶的
corrections	修改( correction的复数形式 )；改正；惩罚；有待改正
structural	结构的；建筑的
municipal	市政的；自治区的；内政的；市的
describes	描述；记述；形容；作图（describe的复数形式）
prize	奖赏；奖金；奖品；战利品；捕获；得奖的；珍视；估价；撬；撬动
SR	开关寄存器；同步辐射
occurs	重现（occur的第三人称单数）
jon	乔恩（男子名）
absolute	绝对的；专制的；完全的；独立的；绝对事物
disabilities	无能力( disability的名词复数 )；无力；残疾；伤残
consists	由…组成( consist的第三人称单数 )；包括；存在于；表现为（常与 in 连用）
anytime	任何时候；无例外地
substance	物质；实质；主旨；资产；本质；牢固
prohibited	禁止；被禁止的（prohibite的过去分词形式）
addressed	编址的；收信地址；处理
lies	躺卧（lie的第三人称单数形式）
pipe	管；导管；输送管；管状器官；声带；尖细的声音；烟斗；笛；管乐器；以管输送；吹哨子；吹奏；尖声唱；吹笛；尖叫；吹长哨发令；管道
soldiers	士兵；战士数量（soldier的复数）
nr	abbr. 天然橡胶（Natural Rubber）；水平调节控制
guardian	看守者；监护人；保护人；保护的
lecture	演讲；谴责；讲稿；训诫；说教；讲演
simulation	模拟；假冒物；模仿
layout	布局；陈列；规划图；页面布局；版面编排；版面
initiatives	主动性( initiative的复数形式 )；主动的行动；初步；主动权
ill	疾病；坏事；罪恶；灾难；生病的；邪恶的；不吉利的；敌意的；不良的；不顺利的；有害地；不幸地；几乎不
concentration	集中；专心；浓度；浓缩
classics	古希腊、古罗马文学（classic的复数）
lbs	磅
lay	放置；产；铺设；布置；提出；平息；下蛋；打赌；位置；层；隐藏处；世俗的；外行的；lie的过去式
interpretation	解释；演出；翻译；插值；插值法
horses	马；马匹（horse的复数形式）
lol	abbr. 大声笑（Laugh Out Loud）
dirty	肮脏的；卑鄙的；弄脏；变脏
deck	甲板；(汽车后部的)行李仓；装饰；打扮；装甲板；纸牌背面图案
wayne	韦恩（男子名）
donate	捐赠
taught	teach的过去式和过去分词
bankruptcy	破产者；破产；倒闭
MP	国会议员；下院议员；宏处理程序；维护程序；线性规划；微程序；多处理器
worker	工人；劳动者；劳工
optimization	最佳化；最优化；优化
alive	活着的；活泼的；敏感的；热闹的
temple	圣堂；庙宇；教堂；礼拜堂；太阳穴；鬓角；颞颥；颞部
substances	物质( substance的复数形式 )；实质；物体；1)。 本质
prove	证明；查验；检验；勘探；显示；证明是
discovered	发现；找到（discover的过去形式）
wings	舞台两侧；侧景
breaks	地形突变；岩层中之小断层（break的复数）
genetic	创始的；遗传的；起源的；遗传学的；生殖的
restrictions	限制；限制条件（restriction的复数形式）
participating	由多人一起参加的；由多方一起参加的；股票使持有人有权参与分享的
waters	大片的水；领海；近海；海域；江水；湖水；河水；矿泉水；羊水(俗名)
promise	诺言；约定的事情；有指望；允诺；约定；预示；有前途
thin	薄的；细的；瘦的；稀疏的；稀薄的；淡的；弱的；空洞的；使变薄；使变细；使稀少；使淡；变薄；变细；变少；变淡；薄地；稀疏地；微弱地；细小部分
exhibition	表现；展览会；展览品；投药；展览；展出
prefer	宁可；较喜欢；提出；给予优先权；优先偿还
ridge	脊；山脊；山脉；嵴；棱线
cabinet	橱柜；内阁；内阁的；细木工做的；机柜
modem	调制解调器
harris	哈里斯（英国苏格兰一地区）；哈里斯（姓氏）
mph	每小时...英里；哩/时
bringing	带来( bring的现在分词 )；促使；提供；使朝（某方向或按某方式）移动
sick	病人；不舒服；有病的；恶心的；厌恶的；渴望的；病态的；呕吐；追击；使(狗)去攻击
dose	剂量；服用量；给药；(用药)医治；服药
evaluate	评估；评价；赋值
tiffany	丝纱罗
tropical	热带的；热情的
collect	收集；聚集；集中；搜集；由收到者付款的；由收到者付款地
bet	打赌；赌注
composition	作文；创作；组成；成分
toyota	日本丰田汽车（公司名）
streets	街道；市区；城市道路（street的复数形式）
nationwide	全国性的；全国的；全国范围的
vector	矢量；传病媒介；(用无线电)导引；给...导航；向量
definitely	明确无疑地；清楚地
shaved	shave的过去式和过去分词
turning	旋转；转弯处；车削工作；车削
buffer	缓冲器；缓冲区；缓冲
purple	紫色；帝位；紫色的；帝王的；华而不实的；(使)成紫色
existence	存在；生存；存在状态；实体
commentary	注释；评论；说明；评注
Larry	拉里（男子名）
limousines	豪华轿车( limousine的复数形式 )；（往返机场接送旅客的）中型客车；小型公共汽车
developments	建设；发展；进展（development的复数）
DEF	数据输入设施；定义；乳牙龋数(率)(d=需补牙数；e=需拔牙数；f=已拔牙数)
immigration	移民；移居
destinations	目的地；终点( destination的复数形式 )；目的；目标；预定；指定；注定
lets	abbr. 地方交易系统（Local Exchange Trading System）
mutual	相互的；共有的
pipeline	管道；传递途径；管路；管线
necessarily	必然地；必须地；必要地
syntax	句法；语法；句子构造
Li	锂(3号元素)
attribute	属性；标志；定语；把...归于；认为...属于
prison	监狱；监禁；拘留所
skill	技术；技巧；技能；熟练；熟练工人
chairs	安乐椅；餐椅；椅子（chair的复数）
NL	换行；无标号
everyday	每天的；日常的；平常的
apparently	表面上；清楚地；显然地
surrounding	环境；周围的
mountains	山脉；山区；山岳（mountain的复数）
moves	移动；搬家；感动（move的第三人称单数）
popularity	名声；受大众欢迎；流行
inquiry	质询；探索；调查；询盘；询问；查询
Ethernet	以太网；以太网报文分组
checked	有格子图案的；闭音节的；选中的
exhibit	显示；显现；展览品；陈列品；展览；展现；陈列；开展览会
throw	投；掷；抛；发射；摔下；匆匆穿上(或脱下)；抛弃；摆脱；丢；投掷；掷骰子；冒险
trend	趋势；倾向；走向；转向
sierra	呈齿状起伏的山脉
visible	看得见的；明显的；显然的；可见物
cats	abbr. 高级电视研究中心（Centre for Advanced Television Studies）；计算机自动测试系统（Computer Automated Test System）；通信和跟踪系统（Communications and Tracking System）；综合分析试验系统（Comprehensive Analytical Test System）
desert	沙漠；应得的赏罚；功劳；沙漠的；不毛的；放弃；遗弃；擅离；逃掉
postposted	
ya	abbr. 年轻人（young adult）；偏航轴（yaw axis）
oldest	最旧的；最老的（old的最高级）
rhode	罗德岛
nba	abbr. 全美篮球协会（National Basketball Association）
busty	大胸脯的；胸部丰满的
coordinator	协调者；同等的人或物；协调器
obviously	显而易见地；明显地
mercury	水银；汞；使者；汞Hg
steven	史蒂文（男子名）
handbook	手册
greg	格雷格（男子名；等于Gregory）
navigate	航行；航行于；驾驶；操纵；使通过
worse	更坏的事；更恶劣的事；败局；更坏的；更恶劣的；更坏地；更恶劣地
summit	顶点；最高阶层；最高级会议；政府首脑的；最高级的
victims	受害者；牺牲者；受灾群众（victim的复数）
Epa	环保协会
spaces	空间；空格；控制室（space的复数）
fundamental	基本原理；原则；基波；基本的；重要的；原音的
burning	燃烧的；象燃烧一样的；烧；燃烧
escape	逃亡；避难设备；逃跑；逃脱；避开；溜走；逃避；避免；被...忘掉
coupons	优惠券；息票；取样片（coupon的复数）
somewhat	某物；几分；多少
receiver	接收器；接受者；收信机；收款员；接待者
substantial	重要材料(或事物)；有实际价值的东西；实质上的；物质的；有内容的；结实的
TR	磁带记录器；磁道；磁带驻留；故障报告
progressive	改革论者；进步论者；前进的；累进的；进步的
cialis	西力士（又名犀利士；壮阳药）
bb	abbr. 滚珠轴承（ball bearing）；铅笔芯（double black）
boats	船艇；船（boat的复数）
glance	一瞥；闪光；掠过；辉矿类；扫视；提到；略说；反射；使掠过
Scottish	苏格兰的；苏格兰人的
championship	冠军身份；冠军称号；捍卫
arcade	拱廊；拱形建筑物；有拱廊的街道；弓形组织；连拱
richmond	里士满（美国弗吉尼亚首府）
sacramento	萨克拉门托（美国加州首府）
impossible	不可能的；难以置信的；令人无法忍受的
ron	abbr. 研究法辛烷值（Research Octane Number）
russell	拉塞尔（英国工程师；整流器发明人）
tells	告诉；说（tell的第三人称单数）
obvious	明显的；明白的；显然的；平淡无奇的
fiber	纤维；构造；纤维制品
depression	不景气；消沉；沮丧；洼地；抑郁；阻抑；压低；凹；窝；衰退；俯角
graph	曲线图；图表；图形
covering	覆盖物；掩蔽物；掩护的；掩盖的；覆盖
platinum	白金；铂；银灰色；铂Pt
judgment	裁判；宣告；判决书；判断
bedrooms	火车卧铺单间；卧室（bedroom的复数）
talks	会谈
filing	锉；琢磨；锉屑；编档；文件编排
foster	收养的；养育的；养育；抚育；培养；鼓励；抱(希望)
modeling	模特儿职业；立体感；建模；模型化；模拟
passing	通过；逝去；死；流逝；经过的；流逝的；目前的；短暂的；及格的；仓促的
awarded	授予；奖给；判给（award的过去式与过去分词形式）
testimonials	推荐书( testimonial的复数形式 )；证明书；鉴定书；表扬信
trials	尝试；努力；考验；审判；顿顽（trial的复数）
tissue	薄的织物；薄纱；棉纸；组织；一套
NZ	非零；新西兰
memorabilia	值得纪念的事物；大事记
clinton	克林顿（男子名）
masters	主人；硕士；大师赛（master的复数形式）
bonds	镣铐；监禁
cartridge	弹药筒；弹药；一卷软片；墨粉鼓；盒式磁带机
alberta	亚伯达（加拿大西部的一个省）
explanation	解释；说明；辩解；表明；注释
folk	人们；家人；亲属；民族；民间的
org	域名(代表组织机构)
commons	平民；下议院；公共食堂；下议院议员；下院
Cincinnati	辛辛那提；辛辛纳提
subsection	分部；分区；分支；分段；小小组
fraud	欺骗；欺诈；诡计；骗子；舞弊
electricity	电；电流；电学；热情；电力供应
permitted	允许( permit的过去式和过去分词 )；许可；许用
spectrum	光谱；范围；系列
arrival	到达；抵达；到达者；到达物
okay	好；可以；行；对；好吗；很好；同意；签认；批准；认可
pottery	陶器；陶器厂
emphasis	强调；加强；重点；强语气
roger	对!；行!；好!
aspect	外观；方面；面貌；方向；局面
workplace	工作场所；工厂；车间
awesome	引起敬畏的；可怕的
Mexican	墨西哥人；墨西哥语；墨西哥的
confirmed	被证实的；根深蒂固的；坚定的；保兑的；业经证实的
counts	计数；支数（count的复数形式）
priced	有定价的；定价的；已标价
wallpapers	壁纸；墙纸( wallpaper的名词复数 )；往 （屋里墙上）贴壁纸( wallpaper的第三人称单数 )
hist	嘘
crash	哗啦声；猛撞；崩溃；粗布；撞碎；破碎；(使)...坠毁；速成的
lift	举起；帮助；昂扬；电梯；升高；提高；鼓舞；清偿；空运；剽窃；升起；消散；耸立
desired	渴望的；想得到的
inter	埋葬；在中间
closer	关闭者；闭合器；关闭器
assumes	取得（权力）( assume的第三人称单数 )；假设；假定；呈现
heights	高度；高地；高处（height的复数）
shadow	阴影；荫；影子；影像；阴暗；幽灵；少许；隐蔽处；庇护；遮蔽；使朦胧；预示；尾随；渐变；变阴暗
riding	骑；乘车；乘；骑术；骑马
infection	传染；影响；传染病；感染
firefox	火狐浏览器
lisa	丽莎（女子名）
expense	费用；代价；开支；损失；将支出转为费用
grove	小树林
eligibility	适任；合格；合格性
venture	冒险；风险；敢于；冒...的危险
clinic	诊所；临床教学；诊所(门诊部)；临床(讲解)；临床(学)科
Korean	朝鲜人；朝鲜语；朝鲜人的；朝鲜语的
healing	治愈的；恢复健康的；修复；恢复
princess	公主；王妃；女巨头
mall	林荫路
entering	进入；键入；输入；录入
packet	小包；一批信件；大量；信息包；打包；装进小包；分组；分组报文；数据分组
spray	水沫；浪花；水花；喷雾；喷雾器；小树枝；扫射；喷射；喷；溅开
studios	工作室（studio的复数）
involvement	卷入；牵连；包含；困窘；财政困难；经济上的困窘
dad	爸爸；爹爹
buttons	纽扣；按钮（button的复数形式）
placement	放置；布置；工作安排；编班；定位球
observations	观察；观察值；观察结果；（观察后发表的）言论（observation的复数形式）
vbulletin	
funded	成为有固定利息的长期借款的；提供资金的；有固定利息的；长期借款的
thompson	汤普森（姓）
winners	成功者（winner的复数）
extend	扩充；延伸；伸展；扩大；扩展
roads	开敞或半开敞锚地；道路（road的复数）
subsequent	后来的；接下去的
pat	轻拍；适时；正好；恰好；毫不迟疑；熟记地；恰好的；合适的；熟练的；坚定的；人为的
Dublin	都柏林
rolling	旋转的；波动的；起伏的；旋转；轰响；动摇
fell	击倒；一季所伐的木材；折缝；凶猛的；可怕的；fall的过去式
motorcycle	摩托车；机动车；机踏车
yard	码；庭院；工场；堆置场
disclosure	揭发；泄露；揭发(或暴露)的事实；揭示；披露
establishment	确立；制定；设施；企业；公司；商店
memories	回忆；记忆（memory的复数）
nelson	(摔跤用语)肩下握颈
Te	碲(52号元素)；破伤风
arrived	抵达；抵港（arrive的过去式）；已到达的
creates	[n. 创建；创立
faces	脸面；脸色；表面（face的复数）
tourist	观光客；旅行者；旅游的
cocks	闷头；塞子；公鸡（cock的复数）
AV	数组/向量；属性值；有效；平均值
mayor	市长
murder	谋杀；损毁；破坏；犯杀人罪
sean	肖恩（男子名）
adequate	适当的；足够的；胜任的；充分的
senator	参议员；(某些大学的)理事；上议员
yield	生产量；投资收益；出产；给予；让出；放弃；使屈服；屈服；投降；倒塌
presentations	介绍( presentation的复数形式 )；报告；提供；展示会
grades	分数；等级（grade的复数形式）
cartoons	卡通动画；动漫图书（cartoon的复数）
pour	流出；倾泻；骤雨；倒；灌；注；诉说；倾吐；蜂涌而来；下大雨
digest	文摘；消化；理解；摘要
REG	abbr. 注册表文件；寄存器（register ）
lodging	寄宿处；寄宿；提起；住所
tion	象征式互动；支票电托收
dust	灰尘；尘埃；粉末；花粉；土；骚乱；拂去灰尘；撒；弄成粉末；化为粉末
hence	因此；从此
wiki	维基百科（网站名）
entirely	完全；全然；一概
replaced	取代；替换；放回（replace的过去分词）
radar	雷达；无线电探测器；雷达图
rescue	援救；解救；营救；救出
undergraduate	大学本科生；大学肄业生；大学生的
losses	损失；损耗（loss的复数）
combat	争斗；战斗；与...战斗；与...斗争
reducing	减低；减轻体重法；减肥法
stopped	停止；停下来（stop的过去式和过去分词）
occupation	职业；占有；占有期；占领；占领军；占用
lakes	色淀；湖泊；湖畔
butt	粗大的一头；烟头；靶；笑柄；对核
donations	捐款；捐赠（donation的复数）
associations	关联分析；协会组织；协会；关联（association复数）
citysearch	
closely	接近地
radiation	辐射；放射
diary	日记；日记簿
seriously	严肃地；认真地；严重地
kings	《列王纪》（《圣经》中的篇章）
shooting	发射；猎场；射击
Kent	肯特郡(英国郡名)
adds	abbr. 高级数据显示系统（Advanced Data Display System）；美国陆军数据分发系统；应用数字数据系统（Applied Digital Data System）
nsw	abbr. （澳大利亚）新南威尔士（New South Wales）
ear	耳朵；倾听；听觉；穗；抽穗
flags	标记；旗帜（flag的复数）
PCI	外部控制器接口；构成控制器接口；可编程通信接口
baker	面包师；烤箱(骨科用)
launched	发射( launch的过去式和过去分词 )；开始（应用程序）；发动；开展（活动、计划等）
elsewhere	在别处
pollution	污染；玷污
Conservative	保守的；守旧的；有保存力的；防腐剂；保存剂
guestbook	留言本
shock	震动；冲突；震惊；冲击；突击；禾束堆；休克；长毛狗；使震动；使休克；使受电击；震惊得；吓人；蓬乱浓密的
effectiveness	效力；有效性；能行性
walls	墙壁；墙体（wall的复数）
abroad	往国外；到室外；到处；往国外的；在室外的；广泛四散的
ebony	乌木；乌木制的
tie	带子；线；鞋带；领带；领结；关系；束缚；平局；不分胜负；系；打结；扎；约束；与...成平局；结合
ward	病房；守卫；保卫；保护；监护；牢房；行政区；锁孔内的榫舌；使入病房；守护
drawn	拔出的；draw的过去分词
arthur	亚瑟（男子名）；亚瑟王（传说中六世纪前后英国的国王；圆桌骑士团的首领）
ian	伊恩（男子名）
visited	拜访；访问（visit的过去式）
roof	屋顶；室顶；给...盖屋顶；遮蔽
walker	徒步者；轻便鞋；山林巡视官
demonstrate	示范；证明；示威
atmosphere	大气；空气；气氛；大气压
suggests	暗示；建议（suggest的单数）
kiss	吻；接吻
beast	畜生；动物；野兽；兽性
RA	正规陆军(美国)；(英国)皇家艺术学会；常备军；正规军；重复地址
operated	操作的
experiment	实验；试验；实验仪器；尝试
targets	目标；枪靶；投放范围（target的复数）
overseas	海外的；国外的；在海外；在国外
purchases	购买；进货（purchase的第三人称单数形式）
dodge	避开；躲避；诡计；躲藏
counsel	商议；忠告；法律顾问；劝告
federation	联邦；联合；联盟；联邦政府
pizza	比萨饼
invited	邀请；引起；招致（invite的过去分词）
yards	码数（yard复数形式）
assignment	分配；功课；任务；转让；归因；陈述；赋值
chemicals	化学品；化学制品；化学药品；化工产品（chemical的复数）
Gordon	哥尔丹
mod	现代派的；时髦的；模型；修改；调制；模
farmers	农民（farmer的复数）
RC	红十字；红十字会；遥控；补码；远程集中器
queries	问题；怀疑；问号（query的复数形式）
bmw	abbr. 德国宝马汽车公司（Bavarian Motor Works）
rush	匆促；冲进；急流；灯心草；冲；奔；闯；赶紧；匆促行事；涌现；使冲；匆忙地做；突袭；飞跃；用灯心草做；紧急的
ukraine	乌克兰（原苏联一加盟共和国；现已独立）
absence	缺席；缺乏；没有；失神
nearest	最近的（near的最高级）
cluster	串；丛；群；簇；成串；丛生；使聚集
vendors	摊贩( vendor的复数形式 )；小贩；（房屋等的）卖主；卖方
MPEG	动画专家小组
whereas	然而；鉴于；考虑到；就...而论
yoga	瑜珈
serves	（为…）服务( serve的第三人称单数 )；任（职）；提供；端上
woods	森林；树林
surprise	惊奇；奇袭；诧异；使惊奇；撞见
lamp	灯；照亮；逻辑模拟分析系统
rico	abbr. 反诈骗腐败组织集团犯罪法（Racketeer Influenced and Corrupt Organizations Act）
partial	部分的；偏袒的；偏爱的；分音
shoppers	购物者（shopper复数）
phil	abbr. 哲学（philosophy）
everybody	每个人；人人
couples	一对；一双；夫妻；力偶（couple的复数）
nashville	那什维尔（美国田纳西州首府）
ranking	等级；地位；上级的；头等的；超群的
jokes	笑话（joke的复数）
CST	惊厥休克疗法
HTTP	超文本传输协议
ceo	abbr. 首席执行官；执行总裁（chief executive officer）
simpson	辛普森（姓氏）
twiki	
sublime	高尚的；壮观的；卓越的；提高；(使)变高尚；(使)纯化；(使)升华；庄严；崇高；顶点
counseling	咨询服务
palace	宫；宫殿；华丽大厦
acceptable	可接受的；合意的；可忍受的
satisfied	感到满意的
glad	高兴的；喜欢的；情愿的
wins	abbr. 视窗网际网路名称服务（Windows Internet Name Server）
measurements	测量值；尺寸（measurement的复数）
verify	证明；查证；证实；检验；校验；DOS内部命令:设定写入磁盘时是否验证写入的正确性
globe	球；球状物；地球仪；天体；(使)成球状
trusted	可信的；受信任的
copper	铜；警察；铜Cu
milwaukee	（美国）密尔沃基
rack	架；行李架；饲草架；搁物架；痛苦；折磨；齿条；行云团；把...放在架上；在架上制作；使痛苦；压榨；榨取；猛烈撕拉；拷问；变形；倾斜；(云)随风飘；(马)小步跑；机架
medication	药物治疗；药物处理；医药；药疗法；投药法
warehouse	仓库；货栈；大商店；储入仓库
shareware	试用软件
EC	电子计算机；仿真器控制；工程更改；错误纠正；欧市
rep	棱纹平布；浪荡子；名声；物理伦琴当量
dicke	迪克 Dick的变体
kerry	黑色的小乳牛（英国产）
receipt	收据；收入；收到；开...的收据
supposed	想象上的；假定的；被信以为真的；推测的；想像的
ordinary	平常的；普通的；平凡的；平常的人(或事)
nobody	小人物；无名小卒；无人；没有人
ghost	鬼；灵魂；幻影；一丝；一点；鬼似地游荡
violation	违反；违背；妨碍；违犯
configure	装配；使成形
stability	安定；稳定性；坚实；巩固
mit	手；连指手套；棒球手套；拳击手套；马萨诸塞理工学院；麻省理工学院；与...握手；用手铐铐住；逮捕；模块化智能终端
applying	apply的变形
southwest	西南；西南方；西南地区；西南的；来自西南方的；往西南；来自西南
boss	老板；上司；岩瘤；浮雕；母牛；指挥；控制
pride	骄傲；自尊心；自豪；精华；勇气；以...自豪
institutional	制度的；公共机构的；学会的；组织机构的
expectations	希望( expectation的复数形式 )；预料；（被）预期；期望的事情
independence	独立；自立；自主；自主性；独立性
knowing	博学的；聪颖的；精明的
reporter	记者；报告者；指示器
metabolism	新陈代谢；变态；代谢
keith	基思（男子名）
champion	冠军；拥护者；战士；保卫；拥护；优胜的
cloudy	多云的；有愁容的；云的；浑浊的；(混)浊的
linda	琳达（女子名）
ross	罗丝（女性名）
personally	亲自地；个别地；当面；就本人而言；针对个人地
Chile	智利；番椒；辣椒
anna	安娜（女子名）
plenty	充分；很多；丰富；很多的；足够的；丰富的
solo	独奏；独唱；单独表演；单独的；独奏的；独唱的；放单飞
sentence	句子；命题；宣判；判决
throat	咽喉；喉咙；嗓音；用喉音说；开沟于
ignore	不理睬；忽视；驳回；忽略
Maria	玛丽亚（女名）
uniform	制服；统一的；一律的；始终如一的
excellence	优秀；卓越；优点
wealth	财富；资源；财产；丰富；富裕；大量
tall	高的；长的；夸大的；夸大地
RM	识别方式；资源管理程序；删除；标准物质
somewhere	到某处；在某处
vacuum	真空；空间；真空吸尘器；真空的；产生真空的；利用真空的；用吸尘器打扫
dancing	舞蹈；跳动的
attributes	属性（attribute的复数）
recognize	认出；认可；承认；公认；识别；赏识；具结
brass	黄铜；黄铜制品；黄铜的；铜管乐器的；镀以黄铜；支付
writes	写( write的第三人称单数 )；写信
plaza	广场；市场；购物区
Pdas	(PDA 的复数)  个人数字助手
outcomes	结果( outcome的复数形式 )
survival	生存；残存；幸存者；赖以生存的
quest	探索；寻求；调查；寻找；找；追寻猎物
publish	出版；发行；公开；发表；宣传；公布
sri	斯里兰卡（Sri Lanka）；（拉）神圣罗马帝国（Sacrum Romanum Imperium）
screening	筛选；筛分(如普查癌、结核等病)；萤光屏检查
toe	足趾；趾部；脚趾；以趾踏触；用脚尖走；动脚尖
thumbnail	大拇指指甲；极小之物；极小的；极短的
trans	transimitter的简写
jonathan	乔纳森（男子名）
whenever	每当；不论何时；每逢
nova	新星；诺瓦计算机
lifetime	一生；终生；一生的；终生的
API	应用程序接口；自动优先中断；美国石油协会
pioneer	先锋；拓荒者；创始人；提倡；开辟；开创；倡导；作先驱；开路；最早的；开拓的；先驱的；有开拓者特点的
booty	战利品；获得之物；赃物；掳获物
forgotten	forget的过去分词
acrobat	表演特技者；杂技演员
plates	板材；平板；盘子（plate的复数）
acres	英亩( acre的复数形式 )
venue	犯罪地点；审判地；发生地点
athletic	运动的
thermal	热的；热量的；温泉的；上升温暖气流
essays	散文( essay的名词复数 )；（作为课程作业；学生写的）文章；企图；（用来刊登的）论说文
behaviour	行为；举止；特性；性能；特点；动作；状态
vital	生命的；重要的；充满活力的；生死攸关的；致命的；生活的；生活上必需的；紧要的
telling	有效的；显著的；显露内心活动的
fairly	美观地；公平地；相当地；清楚地
coastal	海岸的；沿海的；沿岸的
CONFIG	显示配置信息命令
CF	克里斯马斯因子；补体结合
charity	慈悲；博爱；慈善团体；施舍；宽大；宽恕；慈善机关
intelligent	聪明的；智能的；了解的
Edinburgh	爱丁堡
VT	视频终端；虚拟终端
excel	胜过；优于；擅长；胜过其他
modes	分辨率；方法；模式（mode的复数形式）
obligation	义务；责任；约束；契约；恩惠；债务；待付款
campbell	坎贝尔（姓氏）
wake	叫醒；激发；醒来；醒着；觉醒；活跃起来；守侯；守夜；尾迹；痕迹
stupid	愚蠢的；麻木的
harbor	港；避难所；庇护；藏匿；(使)入港停泊
Hungary	匈牙利
traveler	旅行者；游客；旅客；旅行推销员；活动起重架；行车；临时记帐单
urw	
segment	片段；部分；分节；段；分割；分裂
realize	了解；实现；使显得逼真；变卖
regardless	不管；不注意；不顾
LAN	局部区域网络；局域网；本地网；局部网；局网
enemy	敌人；仇敌；敌军；敌人的
puzzle	难题；迷惑；使困惑；使为难；苦思
rising	上升；造反；叛乱；上升的；高涨的；新兴的
aluminum	铝；铝Al
wells	威尔斯（姓氏）
wishlist	意愿清单
opens	打开；公开赛事；旷野（open的复数形式）
insight	察看；洞察力；见识；自知力；洞察；顿悟
SMS	存储管理服务
shit	拉屎；欺骗；在...拉屎；粪；屎；狗屁
restricted	受限制的；有限的
republican	共和主义者；共和党员；共和政体的；共和国的；共和主义的
secrets	秘密；隐私（secret的复数）
lucky	幸运的；吉祥的；好运的；侥幸的
latter	后者的；较后的；近来的
merchants	商人( merchant的复数形式 )；（某活动的）爱好者；热中于…的人
thick	厚的；粗壮的；浓的；迟钝的；浑浊的；多雾的；过分的；口齿不清的；厚地；密地；浓浓地；最浓处；最厚处；最密集处；暗；粗线
trailers	篇身片；追踪者；拖车（trailer的复数形式）
repeat	重复；反复；重做；复述；使再现；复制
syndrome	并发症状；综合征；同时存在的事物；校验子；并发位
philips	飞利浦（荷兰公司名）
attendance	出席；出席的人数；照料；管理；资助
penalty	处罚；刑罚；罚款；罚球；报应；不利结果；妨碍；罚金(款)；违约金
drum	鼓；鼓声；击鼓；作鼓声；打鼓奏出；磁鼓
glasses	眼镜；双筒望远镜；玻璃（glass的复数形式）
enables	使能够；提供做…的权利( enable的第三人称单数 )；使可能
NEC	日本电气公司
Iraqi	伊拉克人；伊拉克阿拉伯语；伊拉克的；伊拉克人的
builder	建立者；组份
vista	远景；展望；回想
jessica	杰西卡（女子名）
chips	炸土豆条；小木片；（作赌注用的）圆形筹码；缺口（chip的复数形式）
terry	毛圈；毛圈织物
flood	洪水；大量之水；涨潮；淹没；使泛滥；注满；被淹；溢出；涌进
foto	abbr. 张紧振子的强制振动（Forced Oscillation of a Tightening Oscillator）
ease	安乐；安逸；悠闲；使安乐；使安心；减轻；放松；灵活地移动
arguments	参数
Amsterdam	阿姆斯特丹(荷兰首都)
orgy	无节制；狂欢；纵酒宴乐；放荡
arena	角斗场；舞台；场地；尿沉渣；尿沙；脑沙
adventures	冒险活动( adventure的名词复数 )；冒险经历；奇遇
pupils	学生( pupil的复数形式 )；瞳孔；弟子；门生
stewart	斯图尔特（男子名）
announcement	公告；发表；告知；通告；布告
tabs	跳格设定；制表符
outcome	结果；出口
xx	abbr. 血型（xue xing；汉语拼音）
appreciate	赏识；鉴别；为...而感激；领会；欣赏；增值；涨价
expanded	扩充的；展开的
casual	偶然的；不经意的；便装的；临时工；待命士兵
grown	长大的；成年的；长满某物的；grow的过去分词
Polish	波兰的；波兰人；上光剂；光泽；优雅；擦亮；擦去；使完美；变得光亮
lovely	可爱的；有趣的
extras	附加设备；额外设备
GM	通用汽车公司；总经理；导弹
centres	中心( centre的名词复数 )；（市镇的）中心区；中心点；中枢；置于中央( centre的第三人称单数 )；集中；把…当作中心；（使）成为中心
jerry	草率的；偷工减料的；工程粗略的
clause	子句；条款
smile	微笑；喜色；笑容；觉得好笑；微笑着表示
lands	平原；平面；土地（land的复数形式）
RI	放射性同位素
troops	军队；装甲部队；骑兵队；部队
indoor	户内的；室内的
Bulgaria	保加利亚
armed	有扶手的；武装的；有防卫器官的；持械的；"F带武器的
broker	掮客；经纪人
charger	充电器；冲锋者；战马；装料机；加料机
regularly	有规则地；一丝不苟地；正式地
believed	相信( believe的过去式和过去分词 )；认为；以为；对…信以为真
pine	松树；松木；消瘦；憔悴；痛苦；怀念；渴望；邮件程序
cooling	冷却；冷却的
tend	走向；有某种的倾向；易于；照顾；注意；照料；护理
gulf	海湾；深渊；漩涡；隔阂；吞没
RT	实时；接收终端；运行时间
rick	草堆；把...堆成垛
trucks	卡车（truck的复数）
CP	调用处理程序；字符打印机；通信处理器；编译程序包；控制部件；商业本票
mechanisms	机械( mechanism的复数形式 )；机械装置；机制；机械作用
divorce	离婚；与...离婚
laura	劳拉（女子名）
shopper	购物者；顾客；购物的人
Tokyo	东京
partly	部分地；在一定程度上
nikon	尼康牌照相机
customize	定制；按规格改制；定做
tradition	传说；传统；交付；惯例；移交
candy	糖果；冰糖；用糖煮；使结晶为砂糖；结晶为砂糖
pills	丸剂；药丸（pill的复数）
tiger	老虎；虎；凶暴的人
donald	唐纳德（男子名）
folks	人们；父母；亲人；家属
sensor	传感器；检测器
exposed	暴露的；无掩蔽的；易受攻击的
telecom	telecommunication 电信
hunt	狩猎；追捕；搜寻；猎区；打猎；搜索；猎食
angels	天使投资人；天使（angel的复数形式）
deputy	副手；代理人
indicators	（仪器上显示温度、压力、耗油量等的）指针( indicator的复数形式 )；指示物；（车辆上的）转弯指示灯；指示信号
sealed	未知的；密封的；盖印的；经盖章批准或证实的
Thai	泰国人；泰语
emissions	排放物( emission的复数形式 )；散发物（尤指气体）
physicians	医生；内科医生( physician的复数形式 )
loaded	有负载的；有含蓄的；加重的；不公正的；偏袒的；喝醉了的；富有的
fred	佛瑞德（男子名）
complaint	诉苦；抱怨；控诉；陈诉；病
scenes	现场；景色；场景（scene的复数）
experiments	实验( experiment的名词复数 )；试验；尝试；实践
balls	胡说八道
Afghanistan	阿富汗
DD	神学博士；数据定义；数据词典；磁盘驱动器；双密度
boost	推进；吹捧；提高；宣扬；促进
spanking	清爽的；疾行的；强烈的；显著地；拍击；打屁股
scholarship	学问；学术成就；奖学金
governance	统治；统辖；管理；支配
mill	压榨机；磨坊；制造厂；碾磨；磨细；搅拌；使乱转；乱转；被碾磨
founded	有基础的；创办；成立(found的过去式和过去分词)
supplements	补充品；增补物；补脉（supplement的复数）
chronic	慢性的；习惯性的；慢性病患者
icons	abbr. 核标准情报中心（Information Center on Nuclear Standards）
tranny	半导体收音机；晶体管收音机
moral	道德；品行；寓意；道德的；品性端正的；精神上的
den	兽穴；洞穴；匪巢；贼窝
catering	给养；承办酒席；提供饮食及服务
aud	abbr. 审计（audit）；听者（auditor）
finger	手指；指状物；(手套的)手指部分；指针；用手指拨弄；伸出；网络命令
keeps	罐笼座；盖子（keep的复数形式）
pound	磅；英镑；重击；鱼塘；拘留所；兽栏；强烈打击；捣烂；监禁；关入栏内；连续重击；苦干
locate	找出；设于；位于；定居
camcorder	摄录像机；便携式摄像机
PL	磷脂
trained	训练过的；受过培训的；培训
burn	烧；烧毁；烧伤；燃烧；发热；烙印
implementing	实现；实施；执行
roses	玫瑰（rose的复数）
labs	实验室
ourselves	我们自己
bread	面包；生计；食物；裹以面包屑
tobacco	烟草；香烟
wooden	木制的；呆笨的；木然的
motors	汽车公司证券；汽车；发动机（motor的复数）
tough	恶棍；强硬的；艰苦的；坚固的；坚韧的；粗暴的；咬不动的
roberts	罗伯茨（姓氏）
incident	事件；事变；小事；附带的；易于发生的；外来的；入射的
gonna	abbr. （美）将要（等于going to）
dynamics	动力学
lie	谎言；假象；位置；躺着；说谎；位于；展现；存在；停泊；谎骗
CRM	反雷达措施；反雷达导弹
RF	射频；测距计；测远仪
conversation	会话；说话；交谈；社交；性交
decrease	减少；减少量
cumshots	
chest	胸；胸部；衣柜；箱子；胸廓
pension	养老金；退休金；津贴；年金；抚恤金；膳宿学校；膳宿费；发给退休金；用津贴拉拢
billy	警棍；伙伴
revenues	收入( revenue的复数形式 )；总收入；收入来源；税务局
emerging	出现的；发生的；形成的
worship	崇拜；礼拜；尊敬；参加礼拜
bukkake	
capability	能力；性能；约束力
AK	确认；肯定；收悉
Fe	现场工程师；铁(26号元素)
craig	克雷格（男子名）
herself	她自己；她亲自
producing	生产的
churches	（基督教的）教堂( church的名词复数 )；礼拜仪式；教派；基督教牧师
precision	精密；精确；精确度；精度；精密的；精确的
damages	赔偿金；损害赔偿；伤害
reserves	储量；后备队；准备金
contributed	已缴入的；贡献的；分配的
solve	解决；付给；溶解；求解
shorts	短裤；(美)男人的短衬裤；空头户；空头；短期债券
reproduction	再现；复制；生殖；繁殖；复制品；复现(心理)
minority	少数；未成年；少数民族；少数的；属于少数派的
td	abbr. （美）财政部（Treasury Department）；任务说明书（Task Description）；反坦克自行火炮（Tank Destroyer）
diverse	不同的；变化多的
amp	安培；腺苷酸；腺苷一磷酸
ingredients	材料；作料
SB	栈底；标准二进制；减；备用设备；锑(51号元素)
ah	啊；哈
johnny	男人；家伙
sole	脚掌；鞋底；底部；唯一的；仅有的；单独的；独身的；上鞋底；触底
franchise	公民权；特权；特许经营权；免赔额；给以特权；给以...公民权
recorder	记录员；录音机；记录器；宏录制器
complaints	抱怨( complaint的复数形式 )；诉苦；投诉；疾病
facing	贴边；饰面；衬片；盖面；铺面；贴面；密封面
SM	理科硕士；仿真器；同步调制解调器
nancy	女性化的男人；女性化的；同性恋的
promotions	促销；升职（promotion复数）
tones	声调；基本音色（tone的复数）
passion	激情；酷爱；热爱；强烈感情；耶稣受难(故事)
rehabilitation	复原；恢复；康复
maintaining	维护；保养
sight	景观；视力；眼界；阅读；见解；意见；看见；瞄准；观看；即席的；见票即付的
laid	lay的过去式和过去分词
clay	泥土；肉体；黏土；粘土
defence	防卫；防卫设备；(诉讼程序中的)辩护
patches	修补程序；补丁；斑块（patch的复数）
weak	不牢固的；弱的；虚弱的；软弱的；无力的；无权力的；(论据等)不充分的；疲软的
refund	偿还；付还；偿还借款；归还
usc	abbr. 超声波清洗（Ultra Sonic Cleaning）；联合海运公司（United Shipping Company）；美国国会（United States Congress）
towns	汤斯
environments	环境；生态环境；（计算机系统运行的）环境（environment的复数）
trembl	
divided	分开的
blvd	大马路；林荫道
reception	接待；接受；招待会；感受
amd	abbr. 超微半导体公司（Advanced Micro Devices）
wise	明智的；慎虑的；聪明的；博学的；狡猾的；机灵的；知道；教导；告诉；劝导；方法；方式；教育信息系统
emails	电子信函；给…发电子邮件；(Email)人名；(法)埃马伊
Cyprus	塞浦路斯；赛浦路斯
wv	abbr. 工作电压（Working Voltage）；西弗吉尼亚（West Virginia）
odds	可能性；几率；机会；胜算；不平等
correctly	对；正确；恰当；符合一般性准则；符合行为准则；端正；符合
insider	内部的人；权威人士；知道内情的人；熟悉内情者
seminars	研讨班( seminar的复数形式 )；研讨小组；研讨会；培训会
consequences	重要（性）( consequence的复数形式 )；结果；重要地位；因果关系
makers	迈克（美国一家公司）
hearts	心；中心；内心；同情心；心形物（heart的复数）
geography	地理学；地理
appearing	版面高度
integrity	正直；廉正；完整；完整性
worry	担心；烦恼；忧虑；苦恼；撕咬；使烦恼；使焦虑；使苦恼；困扰；折磨
ns	毫微秒；纳秒
discrimination	差别；岐视；辨别力；鉴别
eve	前夕；前夜
carter	运货马车夫
legacy	祖先传下来之物；遗赠物；遗产
marc	榨渣；机器可读目录；机读目录
pleased	高兴的；喜欢的；满足的
danger	危险；威胁；危险物；危机
vitamin	维生素
widely	广泛地
processed	处理的；加工过的
phrase	惯用语；词组；成语；措词；乐句；用短语表达；把(乐曲)分成短句；短语
genuine	真正的；真实的；诚恳的；真性的
raising	起油
implications	蕴涵式；卷入（implication的复数）
functionality	功能性；泛函性；官能度
paradise	天堂；乐园；伊甸园
hybrid	混血儿；杂种；混合物；混合的；杂种的；混合语的；NetWare的主机实用程序；双重用户建立程序
reads	读；看懂；理解( read的第三人称单数 )；显示；标明
roles	人物；角色；任务；作用（role的复数形式）
intermediate	中间物；调停者；中级；中间的；中级的；起媒介作用
emotional	情绪的；情感的
sons	儿子们（son的复数）；子弟
leaf	叶；树叶；花瓣；页；生叶；翻书页；在...上长叶；翻...的页
pad	填补；衬垫；印色盒；路；走；夸大；步行；焊接点；包装配/拆卸
glory	光荣；荣耀；荣誉；壮丽；繁荣；自豪
platforms	台( platform的复数形式 )；站台；（公开表达意见或在某方面发展的）机会；纲领
JA	数人共有的银行存款帐户；联合代理人；军法官；军法检查官
bigger	更大的（big的比较级）
billing	节目次序；广告；开票(发票；帐单)
diesel	内燃机；柴油机；柴油
versus	对...；诉；对；相形
combine	(使)联合；(使)结合；(企业的)联合；联合收割机
overnight	前一天晚上；一夜的逗留；通宵的；晚上的；前夜的；在前一夜；整夜；昨晚一晚上
geographic	地理(学)的；地区(性)的
exceed	超过；超越；胜过；超过其他
BS	理学士；退格；退位；英国标准；商用系统
rod	竿；笞鞭；小枝；棒
saudi	沙乌地阿拉伯（人或语）的
fault	过错；故障；毛病；挑剔；产生断层；弄错
Cuba	古巴
hrs	abbr. 高分辨率光谱仪（High Resolution Spectrometer）
preliminary	初步做法；初步措施；预试；预选赛；初步的；开始的；预备的
districts	地区( district的名词复数 )；（为行政、司法、选举、教育等目的而划分的国家、州或县的）区；选区；英国教区的分区
introduce	介绍；引入；采用；输入；引进
silk	丝；绸；绸锻类；丝织品；丝的；丝织的
promotional	增进的
kate	凯特（女子名；等于Catherine）
chevrolet	美国雪佛兰牌汽车
babies	婴儿（baby的复数）
BI	成批输入；总线接口；铋(83号元素)
karen	凯伦（人名）；克伦邦（缅甸邦名）
compiled	编译的
romantic	浪漫的；风流的；传奇性的；夸大的；空想的；浪漫派的
revealed	透露（reveal的过去式）；显示
specialists	特种经纪人；专科医生；专家（specialist的复数）
generator	产生器；发电机；生产者；发生器
albert	艾伯特（男子名）
examine	检查；调查；考试
jimmy	铁撬；撬
graham	全麦的；粗面粉的；全麦粉制成的
suspension	悬挂；暂停；中止；悬浮；悬浮体；悬浮液
Bristol	布里斯托尔(英国西部港口)
margaret	玛格利特（女子名）
COMPAQ	美国康柏电脑公司
sad	忧愁的；悲哀的
correction	订正；改正；改正的地方；校正
wolf	狼；残忍贪婪之人；极度穷困；狼吞虎咽；大吃
slowly	慢慢地；迟缓地
authentication	证明可信；证实为真；使具法律效力；验证
communicate	显露；传达；感染；通讯
rugby	橄榄球；橄榄球赛
supplement	补充物；增刊；补充；补遗；补编；附录；补角；增补
showtimes	
CAL	计算机辅助学习
portions	一部分( portion的名词复数 )；一份遗产（或赠与的财产）；分享的部份；嫁妆
infant	婴儿；儿童；初学者；婴儿的；幼稚的
promoting	<正>促进( promote的现在分词 )；提升；推销；使 （学生）升级
sectors	分区；部门；扇区数（sector的复数）
samuel	撒母耳（希伯来先知）；塞缪尔（男子名）
fluid	液体；分泌液；流体；流动的；可改变的
grounds	场地；庭院；理由；渣滓；沉淀物
fits	合身的衣服；阵发；一阵（fit的复数）
kick	踢；反冲；后座力；凹底；反抗
regards	问候；致意
meal	一餐；膳食；粗粉；进餐
ta	谢谢；终端适配器
hurt	伤害；创伤；损害；(使)伤心；危害；刺痛
machinery	机器；机械装置；机构；机械
bandwidth	频带宽度；通带宽度；带宽；频宽
unlike	不像的；不同的；不像；和...不同
equation	相等；等式；平衡；方程式；反应式；公式
baskets	篮子（basket的复数）
probability	可能性；或然率；几率；概率
pot	盆；罐；壶；坩埚；奖杯；装入盆中；在锅中煮；随手射击
dimension	尺寸；次元；面积；维数；标出尺寸
wright	制作者；工人
img	abbr. 美国国际管理集团（International Management Group）
Barry	巴里（男子名）
proven	prove的过去分词
schedules	时间表；待办事项；日程安排（schedule的复数形式）
admissions	准许进入( admission的复数形式 )；入场费；入场券；承认
cached	贮藏起来；隐藏起来（cache 的过去分词形式）
warren	养兔场；拥挤的地区
slip	滑；滑行；事故；溜；差错；滑台；下降；插条；后裔；板条；瘦长的年轻人；滑动；滑倒；失足；溜走；滑落；犯错；变坏；使滑动；滑过；摆脱；闪开；塞入；从...取接枝；滑动的；滑移的；活络的；有活结的；串行线接口协议
studied	有计划的；慎重的
reviewer	评论者；书评作者；评论家；剧评家；报刊评论家
involves	包含；牵涉（involve的第三人称单数形式）
quarterly	季度的；按季度的；每季的；按季；每三个月；每季一次；季刊
RPM	每分钟转数；转/每分
profits	收益；红利；盈利（profit的复数）
devil	魔鬼；折磨；戏弄
grass	草；草原；牧场；禾本
comply	顺从；依从；遵守；承诺；照做
marie	玛丽（女子名）
florist	花匠；花商；花卉研究者
illustrated	有插画的报章杂志
cherry	樱桃；樱桃树；樱桃色
continental	大陆的；洲的；欧洲大陆人
alternate	交替的；轮流的；间隔的；轮流；(使)交替
deutsch	德国的
achievement	完成；成就；功业
limitations	局限性；（限制）因素；边界（limitation的复数形式）
Kenya	肯尼亚
webcam	网络摄像头
cuts	（分摊到的）份额；切口；近路（cut的复数）
funeral	葬礼；出殡
nutten	
earrings	耳环；耳饰（earring的复数）
enjoyed	享有（ enjoy的过去式和过去分词 ）；玩得快乐；喜欢
automated	自动化的；机械化的
chapters	章；回；章节（chapter的复数形式）
pee	(英)便士；小便
Charlie	通讯中用以代表字母C的词
quebec	魁北克（加拿大港市省名）
nipples	乳头( nipple的复数形式 )；<美>（奶品的）橡皮奶头；（机器上的）乳头状注油口；加油嘴
passenger	乘客；旅客
convenient	方便的；合宜的；适当的；合理而可行的
dennis	丹尼斯（男子名）
Mars	火星；战神；铁
francis	弗朗西斯（男子名；义为自由之人）
tvs	abbr. 瞬变电压抑制二极管（Transient Voltage Suppressors）；电视观察系统（Television Viewing Systems）
sized	依大小排列的；依大小调整的；型号的；...尺码的
manga	日本漫画
noticed	注意（ notice的过去式和过去分词 ）；觉察
socket	窝；穴；插座；眼窝；插进插座；套接字
silent	沉默的；安静的；无声的；静止的；无症状的
literary	文学的；文艺的；精通文学的；从事文学的；从事写作的
egg	蛋；卵；挑唆；煽动；调蛋黄
MHz	兆赫兹
signals	信号( signal的名词复数 )；（无线电或电视所传送的）讯号；标志；（尤指铁路和公路上的）指示灯；发信号；用信号传达；用信号通讯( signal的第三人称单数 )；发暗号；示意
caps	abbr. 盒式磁带程序设计系统（Cassette Programming System）；计算机辅助产品检索（Computer Assisted Product Search）
orientation	定方位；适应；向东方；方向
pill	药丸；弹丸；屈辱；胡说；做成药丸；形成丸状；服药丸；挫败；抢劫
theft	盗窃；失窃；盗窃罪；赃物；盗窃行为；偷窃
childhood	孩童时期；儿童期
swing	摇摆；振幅；音律；节奏；涨落；秋千；旋转；行动自由；悬挂；大摇大摆地走；转向；挥舞；使旋转；使转向；吊运；旋转的；悬挂的；强节奏爵士音乐的
symbols	符号；象征；标志；符号表（symbol的复数）
lat	拉特(拉脱维亚货币单位)；本地传输协议
meta	元的
humans	人类（human的复数形式）
analog	模拟
facial	美颜；脸部按摩；脸的；表面的；脸部用的
choosing	选择；决定（choose的ing形式）
talent	天才；才能；有才干的人；天资
dated	有日期的；陈旧的
flexibility	弹性；适应性；灵活性
seeker	搜索者；探求者；搜索人；搜查人
wisdom	智慧；明智行为；学识；名言；贤人
shoot	射击；狩猎；芽；射伤；发射；发芽；急流；推力；摄影；急送；滑运道；浪费；射中；损毁；拍摄；喷出；投射；挥出；飞速行进；挥霍；给...注射；射出；发出；拍电影；射门
boundary	边界；分界线
mint	薄荷；造币厂；巨额；铸造；铸币；制造
packard	帕卡德（姓氏）
offset	抵消；把...并列；旁系；支管；用胶印法印；弥补；胶印；装支管；偏移量
payday	发薪日；发工资日；交割日；过户结帐日
philip	菲利普（男子名）
elite	精华；精锐；中坚分子
gi	军用的；美国军人的
spin	旋转；自旋；疾驰；情绪低落；纺织；纺；使旋转；编造；纺纱；吐丝；作茧；结网
holders	持有人（holder的复数）
believes	信仰；相信；认为（believe的三单形式）
Swedish	瑞典人；瑞典语；瑞典的；瑞典人的；瑞典语的
poems	诗歌；诗集（poem复数形式）
deadline	最后期限；截止期限；截止日期
jurisdiction	司法权；审判权；管辖权；法律管辖权
robot	机械人；自动机械；机械般工作的人；机器人；自动机
displaying	展出；使展现；显示（display的现在分词形式）
witness	证人；目击者；证据；证词；目击；作证；证明；表明；作证人；作为证据
collins	柯林斯酒
equipped	装备；整装；预备（equip的过去分词）
stages	戏剧表演；舞台；阶段（stage的复数）
encouraged	受到鼓舞的
sur	根据
winds	风( wind的名词复数 )；呼吸；（随食物或饮料）吞下的气；（管弦乐团的）管乐器；缠绕( wind的第三人称单数 )；卷绕；转动（把手）；给…上发条
powder	粉；粉末；火药；搽粉于；搽粉；撒粉；使成粉末；变成粉末
broadway	百老汇大街
acquired	获得的；后天的
assess	估定；对...征税；评定；估计；估价；确定(税款罚款等)的金额
wash	洗；洗涤；冲洗；洗的衣服；冲积物；洼地；洗清；用水冲洗；流过；弄湿；粉刷；镀金属薄层于；洗澡；被冲蚀；漂浮
cartridges	子弹( cartridge的复数形式 )；（打印机的）墨盒；录音带盒；（唱机的）唱头
stones	小石头；石子（stone的复数）
entrance	入口；进入点；入场；入学；进入；开始(阶段)；就任；使出神；使入迷
gnome	格言；箴言；侏儒；土地神
roots	乡土感情；归根之情
declaration	宣告；说明；宣布
losing	损失的；输的；失败；损失
attempts	企图；试图；尝试（attempt的复数）；努力去做（attempt的三单形式）
gadgets	小配件；小工具（gadget的复数）
noble	贵族；高贵的；高尚的；贵族的；辉煌的
glasgow	格拉斯哥（英国城市名）
automation	自动化；自动操作；自动学
impacts	影响；作用( impact的名词复数 )；碰撞；冲击；撞击
rev	一次回转；加快转速；反转；周；转数
gospel	福音；信仰；真理
advantages	优势；特点；有利；利益（advantage的复数）；促进（advantage的三单形式）；有利于
shore	海岸；海滨；斜撑柱；把...送上岸；支撑；支持
loves	爱；热爱( love的第三人称单数 )；喜爱；喜好；喜欢
induced	感应的；诱发型
LL	低电瓶逻辑
knight	骑士；爵士；授以爵位
preparing	准备的
loose	发射；放任；放纵；宽松的；松的；宽的；不牢固的；散漫的；自由的；不精确的；释放；放枪；开船；变松；开火；松散地
AIMS	交互迁移系统体系结构；自动自适应库存管理系统；自动化工业管理系统；自动化信息管理系统
recipient	领受的；容易接受的；感受性强的；领受者；容纳者；容器
linking	连接；链接
extensions	扩展；扩张；延长（extension的复数）
appeals	上诉；恳求（appeal的复数）
CL	命令语言；编译程序语言；计算机语言；控制线；中心线
earned	挣得的
illness	疾病；恶意；病
Islamic	伊斯兰教的；穆斯林的
athletics	体育运动
southeast	东南；东南地区；东南的；向东南的；来自东南的；往东南；来自东南
IEEE	标准总线接口；电气电子工程师学会
HO	嗬(表示惊讶或引人注意)；钬(67号元素)
alternatives	选择的余地( alternative的复数形式 )；可供选择的事物；取舍；非传统（或他择性）生活方式的追随者（或鼓吹者）
pending	未决定的；待决的；行将发生的；向外伸出的；在等待...之际；直到...时为止；在...期间；在...过程中
parker	停放车辆的人
determining	决定（determine的ing形式）
Lebanon	黎巴嫩
corp	公司
personalized	个人化的；个性化的
kennedy	肯尼迪（姓氏；美国第35任总统）
GT	博奕论；图形终端
sh	嘘
conditioning	调节；条件作用；整修；调整
teenage	十三岁到十九岁的
soap	肥皂；阿谀；以肥皂洗；评语
AE	绝对误差；运算器
triple	三倍数；三个一组；三倍的；使增至三倍；增至三倍
cooper	制桶工人；制桶
nyc	abbr. 纽约市（New York City）
Vincent	文森特（男名）
jam	果酱；拥塞之物；堵塞；困境；挤进；使塞满；混杂；压碎；使堵塞；轧住；拥挤
secured	有担保的
unusual	不寻常的；罕见的；与众不同的
answered	回答；回复（answer的过去式）
partnerships	伙伴关系( partnership的复数形式 )；合伙人身份；合作关系
destruction	破坏；毁灭
slots	插槽；老虎机（slot的复数）
increasingly	逐渐地；渐增地
migration	移民；移往；移动；迁移
disorder	杂乱；混乱；扰乱；使失调
routine	常规；日常工作；惯例；例行公事；日常的；常规的；例程
toolbar	工具栏
basically	基本上；主要地
rocks	岩石；岩礁；岩石礁石（rock复数形式）
conventional	传统的；习惯的；约定的；惯例的；常规的
titans	泰坦巨神；（美）大力神Ⅱ型洲际导弹（Titan的复数）
applicants	申请人；求职人( applicant的复数形式 )
wearing	穿用的；使疲惫的；磨损的
axis	轴；坐标轴
sought	seek的过去式和过去分词
genes	基因（gene的复数形式）
mounted	安在马上的；裱好的
habitat	栖息地；居留地；自生地；聚集处；习生地；产地；生境；栖所
firewall	放火墙；隔离
median	中央的；中间的；正中的；正中动脉；中位数；中线
guns	炮；枪（gun的复数）
scanner	扫描仪；扫描盘；审视者；扫描器；词法分析程序；扫描程序；扫视程序
herein	在此处；如此
occupational	职业的；军事占领的
animated	活生生的；能活动的；活泼的；欢快的
horny	角的；似角一样坚硬的；角质的；老茧的；角性的
judicial	法庭的；公正的；审判上的；司法的；法官的
rio	里约（巴西共和国的旧首都）
hs	abbr. 手持式受送话器（Handset）；头戴式耳机（Head Set）；高速（High Speed）
adjustment	调整；调节；校正
hero	英雄；超越常人者；男主角
integer	完整的事物；整体；整数；整型
treatments	处理( treatment的复数形式 )；对待；治疗；疗法
bachelor	单身汉；学士
attitude	态度；看法；姿势；体态
camcorders	(VCR)摄像机( camcorder的复数形式 )
engaged	忙碌的；使用中的
falling	落下的；坠落的；下降的；消胀
basics	最简单但最重要的部分；基本；基础训练
montreal	蒙特利尔（加拿大东南部港市）
carpet	地毯；地毯状物；铺以地毯；铺盖
rv	abbr. （设有床位、厨房等野营用的）娱乐车（Recreational Vehicle）；重返大气层飞行器（Reentry Vehicle）；《圣经》的修订本（Revised Version）
struct	结构；结构体；创建构架数组
lenses	柔性焦距透镜组
binary	由两部分组成的；二进位的；二元的；二进制的；二态的；二进制；二进制文件传输类型设置命令
genetics	遗传学
attended	参加；伴随；注意；照料（attend的过去分词）
difficulty	困难；难点
punk	废物；小阿飞；无用的；腐朽的
collective	集体的；聚集的；共同的；集合的
coalition	结合体；结合；联合；联盟
pi	圆周率；处理器接口；程序中断
dropped	抛踢球得分的
enrollment	登记；注册；入伍
duke	公爵
Walter	沃尔特（男子名）
AI	附加信息；人工智能
pace	速度；步调；步法；踱步；缓慢走；用步测；踱步于
besides	除...之外；而且；此外
wage	工资；报应；报偿；开展；进行
producers	生产者；制造者( producer的复数形式 )；制片人
ot	abbr. 加班（Overtime ）；圣经旧约（Old Testament）；职业疗法（Occupational therapy）
collector	收集家；收取款项的人；集电极；捕收剂
arc	弧；弧形；弓形；弧光
hosts	主机( host的名词复数 )；军队；（寄生动植物的）寄主；主办人
interfaces	界面( interface的复数形式 )；<计>接口（连接两装置的电路；可使数据从一种代码转换成另一种代码）；交界；联系
advertisers	登广告的人( advertiser的复数形式 )；报幕员
moments	片刻（moment复数形式）
atlas	地图集；图表集；自动测试和负载分析系统
strings	附带条件；弦乐部分；弦乐器
dawn	破晓；黎明
representing	表现( represent的现在分词 )；代表；体现；作为…的代表
observation	观察；注意；观测；观察力
feels	觉得；体会；触摸（feel的第三人称单数）
torture	拷问；苦闷；曲解；折磨；使弯曲
Carl	卡尔（男名）
deleted	已删除的
coat	外套；外面覆盖；给...穿外套
mitchell	米切尔（男子名；等于Michael）
Mrs	太太
rica	黎加（人名）
restoration	恢复；归还；复位；康复；回复；修复
convenience	方便；便利的事物；方便的时候
returning	归还；返回；回复（return的ing形式）
Ralph	拉尔夫（男子名）
opposition	反对；敌对；相反；在野党；对生；对向；反抗；反对症
container	容器；集装箱；贮存箱；容器(任何一种)
YR	年
defendant	被告；被告方
warner	警告者；告诫者；预告者；报警器
confirmation	证实；证明；批准；确认
APP	应用；应用程序；相联并行处理器
embedded	植入的；内含的；深入的
inkjet	喷墨打印机；喷墨
supervisor	管理者；监督者；指导者；视导员；管理程序
wizard	男巫；术士；奇才；男巫的；巫术的；向导
corps	军；队；部队；兵种；对；团；体；物体
actors	演员；男演员；电影演员（actor的复数形式）
liver	肝脏；生活者；居民；肝
peripherals	（计算机的）外围设备；周边设备( peripheral的复数形式 )
liable	有义务的；应负责的；有...倾向的；有责任的；可受处理的；应受罚的
brochure	小册子；小册
morris	莫里斯舞
bestsellers	(bestseller 的复数)；畅销书
petition	请愿；诉状；陈情书；申请；祈求；祷文；正式请求；恳求
eminem	艾米纳姆（上个世纪末涌现出的白人rap音乐代表）
recall	回忆；召回；撤消；回想；使恢复；检索
antenna	天线；触须；触角
picked	精选的；采摘的；已收获的；截出的；已清除的；有尖头的；多刺的
assumed	假装的；装的；假定的；设想的；被承担的
departure	离开；出发；违背；偏离；启运
Minneapolis	明尼亚波利
belief	信念；相信；信仰
killing	谋杀；杀戮；杀害的；疲惫的；迷人的
bikini	大爆炸；比基尼泳装
Memphis	孟菲斯
shoulder	肩；肩膀；衣肩；肩负；负担；担任；用肩推挤
decor	装饰；布置
lookup	查找；检查
texts	课文；文字（text复数形式）
Harvard	哈佛大学
brokers	经纪人（broker复数）
roy	罗伊（男子名）
ion	离子
diameter	直径；直经；径
Ottawa	渥太华
doll	洋娃娃；无头脑的美丽女人
IC	集成电路；识别码；指令单元；互连；内部通信
podcast	播客
tit	山雀；打击；轻佻女人；奶头；按钮；三碘甲状腺氨酸
seasons	季节；四季
Peru	秘鲁
interactions	一起活动( interaction的复数形式 )；合作；互相影响；互动
refine	精炼；净化；使优雅；使精炼；被精炼；被净化
bidder	出价人；投标人；投标商
singer	歌手
evans	埃文斯（姓氏）
herald	使者；传令官；先驱；预报；宣布；传达；欢呼
literacy	读写能力；识字；精通文学
fails	在…中失败( fail的第三人称单数 )；衰退；衰弱；破产
aging	老化；变陈；陈化
Nike	胜利女神；奈克导弹
intervention	插入；介入；调停；干预
pissing	撒尿( piss的现在分词 )；倾盆而下
fed	feed的过去式和过去分词；联邦储备局
plugin	相关插件；插件
attraction	吸引；吸引人的事物；吸引力
diving	潜水；跳水
invite	邀请；请求；引起；招致
modification	修正；修饰；修改
ALICE	应用语言接口转换与扩充
latinas	
suppose	推想；假设；以为；想像；假定；料想
customized	自定义；客制化；自定义级别
reed	芦苇；芦笛；簧舌；纤弱的人；用芦苇盖；用小凸嵌线装饰
involve	包括；使陷于；潜心于；包围；累及；牵涉；包含
moderate	适度的；稳健的；中等的；节制的；节制；减轻；使缓和；变缓和；主持会议
terror	恐怖；可怕的人；惊吓；惊悸
younger	年纪较小者；较年轻的
thirty	三十；三十个
mice	pl. 老鼠
opposite	相对的；相反的；对面的；对面；对立面
understood	understand的过去式和过去分词
rapidly	飞快地；迅速地；赶紧地
dealtime	
ban	禁令；禁止；取缔
temp	临时雇员
intro	介绍；简介
mercedes	梅塞德斯（人名）；梅赛德斯（公司名）
zus	abbr. zusammen (German=together) （德语）一起
assurance	保证；把握；信心；保险；担保
fisting	拳指性交
clerk	办事员；职员；文书；当店员
happening	事件；意外发生的事
vast	巨大的；广大的；非常的；大量的
mills	米尔斯（人名）
outline	大纲；轮廓；概要；描画轮廓；描述要点；分级
amendments	（法律、文件的）改动( amendment的复数形式 )；修正案；修改；（美国宪法的）修正案
tramadol	曲马朵；反胺苯环醇
Holland	荷兰
receives	受光面
jeans	工装裤；牛仔裤
metropolitan	大都市居民；都主教；宗主国的公民；大都市的；都主教区的；宗主国的
compilation	编辑；编纂；编辑(编纂)物；编译
verification	证实；查证；证明属实；验证
fonts	字体（font的复数）
ent	abbr. 耳鼻喉（科）（ear；nose；and throat）
odd	奇数的；古怪的；剩余的；零散的；各种各样的；少量的；奇特的事物；怪人；奇数；奇校验；光数据数字转换器
wrap	外套；围巾；包裹物；限制；约束；秘密；换行；包装；卷；缠绕；包；裹；覆盖；遮蔽；隐藏；掩护；穿外衣；包起来
refers	提到( refer的第三人称单数 )；针对；关系到；请教
mood	心情；气氛；生气；基调；心境
favor	好意；喜爱；赐予；支持；喜欢；证实
veterans	经验丰富的人；老兵( veteran的复数形式 )；退伍军人
quiz	考查；课堂测验；恶作剧；智力测验；戏弄
mx	abbr. 麦克斯韦（maxwell；磁通量单位）；中性（Middlesex）
sigma	求和；σ(希腊文第十八个字母)
GR	射击场；总预备队；喱；格令；谷(英国重量单位)
attractive	吸引人的；有魅力的；有吸引力的；有迷惑力的
xhtml	abbr. 扩展超文本标识语言（The Extensible HyperText Markup Language）；结构层代码
occasion	场合；时机；机会；诱因；理由；惹起；引起
recordings	记录( recording的复数形式 )；录音；录像；唱片
jefferson	杰弗逊（姓氏）
victim	受害人；牺牲者；牺牲品；被害人；遭难者
demands	要求( demand的第三人称单数 )；需要；想要知道；查问
sleeping	睡眠；睡着的
careful	小心的；谨慎的
ext	abbr. 扩展（extension）；外部（exterior）；额外的（extra）；提取（extract）
beam	横梁；杆；光线；容光焕发；用梁支承；微笑；射出光线；照耀；感到欣喜；束
gardening	园艺(学)
obligations	义务；债务；承付款项（obligation的复数）
arrive	到达；抵达
orchestra	管弦乐队；乐队演奏处
sunset	日落；晚年
tracked	有履带的
moreover	而且；此外
minimal	最小的；极微的；最小限度的；最低的
polyphonic	多音的；有多种声音的
lottery	奖券；彩票；运气；抽彩给奖法
tops	第一流的；最上等的
framed	遭到陷害的；有构架的
aside	小声说的话；旁白；在一边；离开；另外
outsourcing	外部资源利用
licence	执照；许可证；特许；许可；认可
adjustable	可调节的；可调整的
allocation	配置；分配；拨给；拨款；分摊
Michelle	米歇尔（女子名）
essay	随笔；短文；评论；企图；试图
discipline	训练；纪律；惩罚
amy	艾米（女子名）
TS	正文段
demonstrated	举行示威游行（或集会）( demonstrate的过去式和过去分词 )；示范。展示；显示；论证
dialogue	对话；用对话表达
identifying	识别；标识；标识关系
alphabetical	依字母顺序的；字母的
camps	露营；营地；野营房（camp复数）
declared	公告的；公然的
dispatched	（常指为了特殊原因或执行特殊任务而迅速地）派遣( dispatch的过去式和过去分词 )；杀死；（迅速地）发出；迅速处理
aaron	亚伦（男子名）；亚伦（摩西之兄；犹太教的第一祭司长）
handheld	掌上型；手持型
trace	痕迹；踪迹；微量；迹线；缰绳；追踪；回溯；描绘；追溯；沿路走
disposal	丢掉；处理；排列；销毁；布置；处置
shut	关闭；关上；闭起；幽禁；合拢；轧住；停止营业
florists	花商；花农；花卉研究者( florist的复数形式 )
packs	生存集群；包裹；资料袋（pack的复数）
GE	通用电气公司；通用图形编辑程序
installing	安装；插入；任命
switches	转轨器；道岔；DOS内部命令:控制增强型键盘及启动模式
Romania	罗马尼亚
voluntary	自动的；自愿的；故意的；志愿的；自发的；自愿行动；志愿者；自由调
ncaa	abbr. （美国）全国大学生体育协会（National Collegiate Athletic Association）
thou	汝；你；尔
consult	商讨；商量；协商；会诊；向...请教；查阅；考虑
phd	abbr. 哲学博士学位（Doctor of Philosophy）
greatly	很；非常
blogging	写网志；博客
mask	面具；假面具；掩饰；石膏面模；戴面具；使模糊；化装；参加化装舞会；屏蔽；掩码
cycling	骑脚踏车兜风；骑脚踏车消遣；循环操作
midnight	午夜；子夜；半夜；午夜的；半夜的
NG	硝化甘油
commonly	一般；普通；通常
PE	相位编码；磷脂酰乙醇胺
photographer	摄影师；摄影者
inform	通知；使了解；使充满；提供资料；告发
Turkish	土耳其语；土耳其的；土耳其人的；土耳其语的
coal	煤；木炭；加煤
cry	叫声；哭声；大叫；哭；叫；喊；叫喊；大声说；哭出
messaging	消息传送；信息传送；通知
pentium	奔腾处理器
quantum	量；量子
murray	默里（男子名）；墨累河（澳大利亚东南部一条河流）
intent	意图；含义；故意；专心的；决心的；热心的
TT	电汇；电传打字机；用户终端
zoo	动物园
largely	大量地；很多地；大半地
pleasant	愉快的；可爱的；活泼的；亲切的
announce	宣布；声称；显示；预告；当报幕员；宣布参加竞选
constructed	修建( construct的过去式和过去分词 )；构成；组成；（按照数学规则）编制
additions	附件；增加固定资产；附加物（addition的复数）
requiring	要求( require的现在分词 )；需要；想要；命令
spoke	轮辐；装轮辐；用刹车刹住；speak的过去式
AKA	AS KNOW AS的缩写
arrow	箭；箭状物；箭头记号
engagement	诺言；约会；婚约；交战；衔接
sampling	抽样；采样；取样
rough	粗糙的东西；毛坯；未加工品；梗概；草图；暴徒；艰难；粗糙的；粗暴的；蓬乱的；草率的；大致的；简陋的；暴风雨的；艰难的；使粗糙；使不平；使蓬乱；粗制；草拟；粗暴对待；对...动粗；变粗糙；粗糙地；粗暴地
weird	怪异的；超自然的；不可思议的；命运；预言；符咒
tee	T字形；T字形之物；发球区；球座；目标；搁在球座上；T字形的
refinance	再为...筹钱；再供...资金
lion	狮子；狮子(星)座；国际狮子会会员
inspired	得到灵感的；有灵感的；官方授意的
holes	小孔；破洞（hole的复数）
weddings	婚礼（wedding的复数形式）
blade	叶片；刀锋；刀口；剑；页；刀片；刀刃
suddenly	突然；意外；忽然；迅速；即席作成；即刻；急速
oxygen	氧；氧O-2
cookie	饼干；小甜点；糕点
meals	膳食；谷类（meal的复数）
canyon	峡谷；海底悬崖
goto	转到；DOS批处理命令:改变批处理文件的流程
meters	米；公尺（meter的复数形式）
merely	只
calendars	日历( calendar的名词复数 )；历法；日程表；（一年之中的）重大事件（或重要日期）一览表
arrangement	排列；整齐；安排
conclusions	结束( conclusion的复数形式 )；结论；推论；签订
passes	及格；经过；超过；传递（pass的三单形式）
bibliography	参考书目；书目；文献目录
pointer	指示物；教鞭；暗示；指针
compatibility	兼容性
stretch	伸展；张开；连绵；一段路；一段时间；可伸缩的；弹性的；曲解；使过度伸展；延伸
Durham	达勒姆郡(英格兰郡名)；短角肉牛
furthermore	此外；而且
permits	许可( permit的名词复数 )；许可证；执照；允许( permit的第三人称单数 )；许可
cooperative	合作的；合作社的
Muslim	伊斯兰教；伊斯兰教教徒
xl	abbr. 特大号（extra large）
neil	尼尔（男子名）
sleeve	袖子；套管；缝上袖子
netscape	美国网景公司
cleaner	清洁工人；清洁剂；干洗商；滤清器；除垢器；洗净剂
cricket	蟋蟀；板球
beef	牛肉；肌肉；养(牛)；宰(牛)；抱怨；告发
feeding	饲养；进料；加料；供给饲料的；摄取食物的
stroke	笔划；打；中风；抚；摩；冲程；划尾桨；划去
township	小镇；镇区；乡
rankings	地位；等级( ranking的复数形式 )；某项体育运动的)最佳运动员排名表
measuring	测量；测量的
cad	卑鄙的男人；下流人；无赖；计算机辅助设计；字符汇编/反汇编；计算机辅助探测；计算机辅助诊断
hats	abbr. 转换终端应用程序（Host Access Transformation Services）
robin	旅鸫；刺槐毒素
robinson	罗宾逊（男子名）
jacksonville	杰克逊维尔（美国佛罗里达州东北部港市）
strap	带；皮带；(用皮带)捆扎
headquarters	总部；司令部；总部人员；本部；总署
sharon	莎伦（女子名）
crowd	群众；一伙人；拥挤；挤满；挤进
TCP	终端控制程序；测试检验程序；传输控制协议
transfers	迁移；传输（tansfer的复数）
surf	海浪；拍岸浪；作冲浪运动
Olympic	奥林匹亚的；奥林匹斯山的；强有力的；巨大的
transformation	变形；变质；变化；改革；变换；转化
remained	留下( remain的过去式和过去分词 )；保持；留待；仍然是
attachments	附件；附着物；附属装置（attachment的复数形式）
dv	abbr. 煤油机船（Diesel Vessel）；稀释容积（Dilute Volume）；数码摄像机（Digital Video）
DIR	目录；指南；DOS内部命令:列出所有文件的目录或仅列出命令中限定的文件的目录
entities	实体对像；实体；独立存在体；实际存在物( entity的名词复数 )
customs	海关；关卡；关税
administrators	管理员；完全程序（administrator的复数形式）
personality	个性；人格；(团体、地方、国家)特有特性；名人
rainbow	彩虹；五彩缤纷的
hook	钩；钩状；镰刀；陷阱；挂...于钩上；钩住；引上钩；偷窃；弯成钩状；钩紧
roulette	轮盘赌；点线机；骑缝线
decline	衰退；跌落；下降；使降低；婉谢；衰落；偏斜
gloves	手套（glove的复数）
Israeli	以色列的；以色列人(语)的；以色列人
medicare	医疗照顾方案；医疗照顾项目；公办的医疗保险制
cord	绳索；束缚；索；带
skiing	滑雪运动；滑雪术
cloud	云；阴暗；烟雾；疑团；以云遮敝；笼罩；使黯然；乌云密布；阴沉
facilitate	使容易；促进；帮助；使便利；推进
subscriber	签署者；捐献者；订户；定户
valve	活瓣；阀；活门；装阀；用阀调节
Val	缬氨酸
Hewlett	休利特（姓氏）
explains	解释；说明（explain的三单形式）
proceed	继续进行；进行；开始；发出；起诉；所得；收入；收益
flickr	网络相簿
feelings	感情；情绪；心情；情感
knife	小刀；匕首；切割；伤害；切；戳；劈开；穿过
Jamaica	牙买加
priorities	先( priority的名词复数 )；优先；优先权；优先考虑的事
shelf	架子；搁板
bookstore	书店
timing	时间选择；时间测定；定时；调速；定时器时钟
liked	喜欢（like的过去式）
parenting	父母对子女的养育
adopt	采用；正式通过；收养；接受；采取
denied	拒绝；拒签（deny的过去式）
fotos	德国著名摇滚乐队
incredible	难以置信的
britney	布兰妮（女歌手）
freeware	免费软件；自由软件
fucked	受骗的
donation	捐赠物；捐款；捐赠；赠品
outer	外部的；外面的；在外的；远离中心的；外侧的
crop	农作物；产量；平头；收割；修剪；种植；收获；裁剪
deaths	死亡数
rivers	里弗斯（人名）；河流州（尼日利亚州名）；河水钻
commonwealth	共和国；联邦；国民整体
pharmaceutical	药学的；制药的；药用的；药物的；药剂师的；药师的；药品；成药；药剂
Manhattan	曼哈顿
tales	候补陪审员召集令
KATRINA	卡特里娜(f.)
workforce	劳动力；工人总数；职工总数
Islam	伊斯兰教
nodes	节点（node的复数形式）
TU	工会；训练单位
Fy	会计年度
thumbs	拇指( thumb的名词复数 )；（手套的）拇指部份
seeds	种子；种子状物；子孙后代；种子选手（seed的复数）
cited	引用（cite的过去分词）
lite	低盐的；清淡的；简化的
GHz	千兆赫
hub	毂；木片；中心；插座；插孔；集线器；集中器；连接器；中继站
targeted	定向的
organizational	组织的；编制的；机构的
skype	网络电话（一个网络语音沟通工具）
realized	实现的；已实现
twelve	十二；十二个
founder	创立者；建立者；使沉没；使摔倒；弄跛；浸水；破坏；沉没；摔到；变跛；倒塌；失败
decade	十年；十
gamecube	
rr	abbr. 无线电航向信标（Radio Range-beacon）；雷达测距（Radar Ranging）；无线电接受器（Radio Receptor）；连流继电器（Reverse Relay）；阻力比（Resistance Ratio）
dispute	争论
Portuguese	葡萄牙人；葡萄牙语；葡萄牙的；葡萄牙人的；葡萄牙语的
tired	疲累的；疲乏的；厌倦的
titten	
adverse	不利的；敌对的；相反的；逆的
everywhere	各处；到处
excerpt	摘录；引用
ENG	眼震电流描记法
steam	蒸汽；精力；蒸汽的；蒸发；行驶；发怒；蒸；煮；散发
discharge	卸下；放出；解雇；拔染；履行；放电；卸货；流出
ef	abbr. 每面（each face）；超精度（extremely fine）；仰角指示器（Elevation Finder）
drinks	饮料；饮品；喝酒（drink复数）
ace	幺点；好手；少许；发球得分；一流的；杰出的；应答允许；自适应计算机试验；自动呼叫设备；自动执行控制
voices	声音
acute	尖锐的；敏锐的；激烈的；严重的；急性的
Halloween	(基督教)万圣节前夕
climbing	攀缘而登的；上升的；攀登
stood	stand的过去式和过去分词
sing	唱；唱歌；演唱；鸣；啼；歌颂；嗖嗖声
tons	吨；大量；许多（ton的复数形式）
perfume	香水；香气；(悦人的)气氛；美名；洒香水于；薰香；使充满香气
carol	颂歌；欢乐的歌；歌颂；欢唱
honest	诚实的；坦直的；可靠的
Albany	奥尔巴尼(美国纽约州首府)
hazardous	危险的；冒险的；碰运气的
restore	回复；恢复；归还；修补；修复；还原；DOS外部命令:从备份盘中取回文件
stack	堆叠；堆；大量；书库；枪架；烟囱；堆积；存贮栈；堆满；暗中对...做手脚；堆起；堆栈
methodology	方法学；方法论；操作法；工艺
somebody	了不起的人；大人物；有人；某人
sue	控告；起诉；请求；提出诉讼；提出请求
ep	abbr. EP盘唱片（extended-play record）
housewares	家用器皿
reputation	名誉；名声；声望；公认证据
resistant	抵抗者；反抗者；抵抗的；反抗的；耐...的
democrats	民主主义者；民主党员（democrat的复数）
recycling	再循环
hang	悬挂；诀窍；意义；附着；装饰；垂下；踌躇；绞死；使悬而未决；悬着；被绞死；悬而不决
gbp	abbr. 英磅（Great Britain Pound）；增益带宽乘积
curve	曲线；弯曲；曲线球；弯；使弯曲；成曲形
Creator	上帝；创造者；创作者
amber	琥珀；琥珀色；琥珀色的；琥珀似的
qualifications	职位要求；任职资格；资格证书；限定性条件（qualification的复数形式）
museums	博物馆（museum的复数形式）
coding	译码；编码
slideshow	幻灯片；幻灯片放映；播放幻灯片方式
tracker	追踪者；跟踪雷达；拉纤者；追踪人；探索者；追踪空中移动物体的仪器
variation	变更；变化；变种；变奏；变异；变易；变度
passage	通道；通过；移居；航行；一段；走廊；经过；横渡；争吵；(使)马以斜横步前进；使传代
transferred	呼叫转移；已转运
trunk	树干；干线；躯干；主干；象鼻；箱子；把...放入旅行箱内；树干的；躯干的；干线的；箱形的；中继线；母线
hiking	徒步旅行
lb	磅；文学士
damn	一点；诅咒；丝毫；该死；该死的；罚...下地狱；指责；谴责；骂...该死；证明...有罪
pierre	皮埃尔（男子名）
jelsoft	
headset	(一副)耳机；头载机组
photograph	相片；照片；逼真的描绘；照相；摄影
oakland	奥克兰（美国加州西部城市）
Colombia	哥伦比亚
waves	波（wave的复数形式）
camel	骆驼；打捞浮筒
distributor	分发者；分布者；散布者；分配者；销售者；分配器；配电盘；自动拆版机
lamps	日月星辰；眼睛；灯具（lamp的复数）
underlying	在下面的；优先的；基础的；放在下面的
hood	头巾；兜帽；覆盖；强盗；罩上
wrestling	摔跤
suicide	自杀；自杀者；自杀的
archived	存档( archive的过去式和过去分词 )
photoshop	著名图象处理软件（美国Adobe公司）
JP	治安官；地方司法官；作业处理器
chi	希腊语的第22个字母；卡；χ(希腊文的第二十二个字母)
bt	abbr. 英国电信（British Telecom）
Arabia	阿拉伯半岛
gathering	聚集；集中；采集；富集
projection	发射；计划；突出部分；设计；推测；投影
juice	汁；活力；体液；挤出汁来；加汁
chase	追求；狩猎；追逐；追捕；雕刻；在...上镶嵌宝石；追赶；奔跑
mathematical	数学的；精确的；数学上的
logical	合乎逻辑的；合理的；逻辑的；符合逻辑的
sauce	酱油；调味汁；酱；给...调味；使增加趣味
fame	名望；名声；传说
extract	榨出物；精汁；摘录；选段；(费力地)取出；采掘；榨取；吸取；提取
specialized	专门的；特别的；专科的；特化的；专化的；专业化的
diagnostic	诊断的；有助于诊断的；特征的；诊断；病的征候；诊断法
Panama	巴拿马；巴拿马城
indianapolis	印第安纳波利斯（美国印第安纳州首府）
AF	音频；高级功能；运算标志
payable	可付的；到期的；应付的；有利益的
corporations	公司；企业（corporation的复数形式）
courtesy	礼貌；谦恭；好意；优待；恩惠
criticism	批评；评论；非难；批判
automobile	汽车
confidential	机密的；获他人信赖的；易于信任他人的；秘密件
RFC	电子出版物请发表评论
statutory	法令的；法定的；可依法惩处的
accommodations	膳宿；住房；住宿；居住设施（accommodation的复数）
Athens	雅典(希腊首都)
northeast	东北；东北的；向东北的；来自东北的；向东北；来自东北
downloaded	将（程序；资料等）从大计算机系统输入小计算机系统；下载( download的过去式和过去分词 )
judges	士师记（又译《民长记》；旧约全书之一卷）
SL	仿真语言；源语言；系统语言
seo	abbr. 搜索引擎优化（Search Engine Optimization）
retired	隐退的；退休的；退役的；已收回的
ISP	同位素分离率
remarks	摘要；附注；评论（remark的复数）
detected	检测到的
decades	十年；十年间( decade的复数形式 )
paintings	图画；涂漆；印刷品（painting的复数）
walked	走路；散步（walk的过去分词）
arising	出现；产生
nissan	尼桑（日产汽车名）
bracelet	手镯；腕带；腕纹(掌侧横列腕部的线纹)
ins	abbr. 惯性导航系统（Inertial Navigation System）；国际新闻社（International News Service）；信息网络系统（Information Network System）
eggs	鸡蛋；蛋（egg的复数形式）
juvenile	少年；少年读物；少年的；不成熟的；适于少年的
injection	注射；注射剂；注入
Yorkshire	约克郡；约克王朝
populations	人口( population的复数形式 )；全体居民；特定人群
protective	给予保护的；保护的；防护的；保护剂；保护物；油绸
afraid	害怕的；恐怕的；遗憾的
acoustic	听觉的；声学的；音响的；听的
railway	铁路；轨道
cassette	盒式磁带；珠宝箱；暗盒；字盒
initially	最初；开头
indicator	指示器；指示剂；指标
pointed	尖的；有尖顶的；锐利的；率直的；显然的
hb	abbr.  厚膛壁身管（Heavy Barrel）
jpg	abbr. 一种图像压缩格式（Joint Picture Group）
causing	成为…的原因（cause的现在分词形式）
mistake	错误；误会；犯错；误认；误解；弄错
norton	诺顿（男子名）；诺顿公司（美国一软件公司）
locked	上锁的；不灵活的；下定决心的
eliminate	除去；排除；剔除；消除
TC	任务控制；终端控制；传输控制；锝(43号元素)
fusion	熔合物；结合；熔合；熔融；熔化；聚变
mineral	矿物；无机物；苏打水；矿物的；似矿物的
sunglasses	太阳镜；墨镜；太阳眼镜
ruby	红宝石；深红色；红宝石色的；深红色的；使带红宝石色
steering	掌舵；操纵；指导
beads	玻璃粉
fortune	财富；运气；兴隆；大量财产；好运；命运；财产
preference	偏爱；优先；喜爱物；首选项
canvas	帆布；画布；油画
threshold	门槛；入口；开端；阈；阈值
parish	教区；堂区；救贫区
claimed	宣称；声称；断言（claim的过去式）
screens	卡位；屏幕（screen的复数）
cemetery	墓地；公墓
planner	计划者；设计者；安排者；刨床机
Croatia	克罗地亚
flows	现金流量
stadium	露天大型运动场；期；病期
Venezuela	委内瑞拉
exploration	探险；踏勘；探测；探察
mins	abbr. 需监护的未成年人（Minors In Need of Supervision）；分钟（minutes）；微惯性导航系统（micro inertial navigation system）
fewer	较少的
sequences	后果( sequence的名词复数 )；（纸牌中的）顺牌；有关联的一组事物；（电影中表现同一主题或场面的）一组镜头
coupon	息票；赠券；利息单；联票
nurses	护士；褓姆；看护（nurse的复数）
SSL	软件说明语言；源语句库；存储结构语言；系统仿真语言
stem	茎；干；柄；船首；血统；堵塞物；摘掉茎；装柄于；阻止；堵住；逆行
proxy	代理；代理人；委托书；代表权；授权书
gangbang	一群男子（流氓团伙）与一女子的淫乱活动；轮奸
astronomy	天文学
lanka	兰卡；楞伽
opt	选择
Edwards	爱德华兹(姓氏)
drew	draw的过去式
contests	争夺；竞争( contest的第三人称单数 )；争辩；提出异议
flu	流感；流行性感冒
translate	翻译；解释；转化；转变为；调动；被译；转换
announces	宣布；宣告；发表( announce的第三人称单数 )；（尤指通过广播）通知；通报…到达；声称
mlb	abbr. 金属链带（Metallic Link Belt）；航海劳工局（Maritime Labor Board）；美国职棒大联盟（Major League Baseball）
costume	装束；服装
tagged	标记的；示踪的；加标记的
berkeley	伯克利（姓氏）；贝克莱（爱尔兰主教及哲学家）；伯克利（美国港市）
voted	表决的
killer	(非正式)杀人者；屠杀者；猛兽；致死(疾病)；杀手；止痛药；限制器；瞄准器；删除程序；断路器
bikes	自行车( bike的名词复数 )；自行车( bike的第三人称单数 )
gates	大门；关口（gate的复数形式）
adjusted	调整过的；调节了的
rap	轻敲；拍击；责骂；无价值的东西；厉声说出；叱责；抢走；使着迷；敲击；发敲击声；交谈；同情；随机存取程序；资源分配处理器；常驻汇编程序
tune	歌曲；主旋律；心情；声调；和谐；一致；语调；程度；为...调音；调整；调谐；使一致；协调
bishop	主教；(国际象棋中的)象；热果子酒
pulled	牵引的；扯下来的
corn	玉蜀黍；谷类；谷粒；鸡眼；使成颗粒；腌
GP	普通医师；普通医生开业医生；通用程序设计；图形处理器
shaped	成某种形状的；制成一定形状的；有某种形状的；合适的；计划好的；有目标的；具形的；形似的
compression	压缩；压紧
seasonal	季节的；依照季节的；周期性的；季节性的
establishing	建立( establish的现在分词 )；确定；使（植物）定植；使成为
farmer	农夫；农场主；农民；承包者
counters	柜台( counter的名词复数 )；（对意见、态度等的）反对；计数器；（某些棋盘游戏的）筹码
puts	卖出选择权；字符串输出（put的复数）
constitutional	宪法的；立宪的；体质的；全身的
grew	grow的过去式
perfectly	完全地；无瑕疵地；完整地
tin	锡；马口铁；罐头；在...镀锡于；锡制的；tin阅读程序
slave	奴隶；从动装置；卑鄙的人；拼命工作；从设备
instantly	立即地；即刻地
cultures	文明；文化（culture复数）
Norfolk	诺福克(英格兰郡名)
coaching	辅导；教练技术
examined	验讫；检查过的
trek	牛拉货车；艰苦跋涉；牛车旅行
encoding	编码
litigation	诉讼；起诉；纠葛
submissions	提交( submission的复数形式 )；屈从；归顺；<律>向法官或陪审团提出的意见或论据
OEM	原始设备制造商
heroes	英雄（hero的复数形式）
painted	描画的；着色的；刷上油漆的；涂脂抹粉的；矫揉造作的
lycos	莱科思（网路资讯收集网站）
IR	红外光谱法；铱(77号原素)
zdnet	abbr. Ziff-Davis出版公司
broadcasting	广播
horizontal	水平线；水平面；水平位置；水平线的；平坦的；横的；水平
artwork	插图；艺术作品；原图
cosmetic	化妆品；化妆用的
resulted	发生( result的过去式和过去分词 )；导致；随着发生；结果发生
portrait	肖像；人像；半身像；描写；竖排格式；纵向
terrorist	恐怖分子；恐怖份子；恐怖主义
informational	信息的；情报的；提供消息的；介绍情况的；提供情报的；信息性的
ethical	伦理的；民族的；民族特有的；道德的
carriers	（自身不受感染而传播疾病的）带菌者( carrier的复数形式 )；（尤指经营空运的）运输公司；搬运人；军输车
ecommerce	电子商务
mobility	可动性；流动性；机动性；迁移率
floral	花似的；花的；植物的
builders	生成器；施工人员（builder的复数）
ties	结
struggle	斗争；努力；奋斗；挣扎
schemes	计划( scheme的名词复数 )；体系；阴谋；策划；图谋( scheme的第三人称单数 )；设计；计划；制定计划
suffering	苦难；受苦
neutral	中立者；中立国；非彩色；空档；中立的；中性的；无色的
fisher	渔夫；食鱼动物；渔船
rat	鼠；卑鄙的人；破坏者；变节者；捕鼠；变节；弄蓬松
Spears	斯皮尔斯（姓氏）
prospective	预期的；将来的；未来的
dildos	(dildo 的复数)；人造阴茎
bedding	被褥；寝具；床上用品；基床；褥草
ultimately	最后；最终；终究；总之
joining	接缝；连接；连接物
heading	标题；起始字；方向；上标题
equally	相等地；同样地；平等地
artificial	人造的；假的；非原地产的；人工的；伟牟
bearing	举止；轴承；忍受；关系；意义；方向；生育
spectacular	公开展示的；惊人的；壮观的；奇观；惊人之举；展览物
coordination	同等；协调；进程协调
connector	连结者；联系者；连结物；连接口
brad	角钉；曲头钉
combo	小型爵士乐团
seniors	年长者；老年人；资历较深的人（senior的复数形式）
worlds	世界( world的复数形式 )；人世；世间；尘世
guilty	犯罪的；有过失的；自觉有错的；心虚的；有罪的；自觉有罪的
affiliated	有关连的；附属的
activation	活化；激活；活化作用；激活作用
naturally	自然地；以自然力；天生地
haven	港；避难所；安息所；安置...于港中；庇护；入港
tablet	平板；门牌；笔记簿；碑；匾；药片；片剂
jury	陪审团；评判委员会；应急的
dos	磁盘操作系统；DOS内部命令:该命令用于将DOS核心部分装入高内存区；且允许其设备驱动程序或常驻程序装入上层内存块
tail	尾部；后部；辫子；随员；特务；燕尾服；踪迹；限定继承(权)；在后面的；从后面而来的；限定继承的；尾部的；后部的；为...装尾；附于其后；尾随；使搭牢；跟踪；监视；船尾搁浅
subscribers	订阅者；认股人；捐款人（subscriber复数形式）
charm	吸引力；魔力；符咒；迷住；使陶醉；行魔法；用符咒；有魅力
lawn	草地；草坪；上等细麻布；细筛
violent	暴力的；猛烈的；激烈的；极端的；凶暴的
Mitsubishi	三菱
underwear	内衣
basin	盆；盆地；第三脑室；骨盆
soup	汤；马力；加速；增加马力
potentially	可能地；潜在地
ranch	大牧场；经营牧场
constraints	强制( constraint的复数形式 )；限制；约束
crossing	横越；横渡；交叉点；渡口；划线
inclusive	包含的；包括的
dimensional	...维的；量纲的；因次的
cottage	小屋；茅舍
drunk	喝醉了的；drink的过去式
considerable	相当的；可观的；重要的
crimes	犯罪（crime的复数形式）
resolved	下定决心的；断然的
mozilla	摩斯拉（浏览器名）
byte	字节；位组
toner	调色剂；增色剂；色粉
nose	鼻子；突出部分；嗅觉；嗅到；探出；用鼻子触；闻；嗅；探听；告密
latex	乳液；胶乳
branches	分支机构；分支（branch的复数）
anymore	再也不；不再
oclc	
delhi	德里（印度城市名）
holdings	占有的财产；所持股份
alien	外国人；外侨；外国的；相异的
locator	定位器；雷达；无线电定位器；定位输入器
selecting	选择
processors	处理器；处理机（processor复数）
pantyhose	连裤袜
plc	可编程逻辑控制器
broke	一文不名的；break的过去式
Nepal	尼泊尔
Zimbabwe	津巴布韦
difficulties	困难( difficulty的名词复数 )；难度；难事；麻烦
juan	胡安（男子名）
complexity	复杂；复杂性；复杂的事物
MSG	谷氨酸一钠
constantly	不变地；不断地；时常地
browsing	浏览；翻阅；监视
resolve	决定；分解；决心；使分解；解析；解决；消除；决定之事；坚决
Barcelona	巴塞罗那
presidential	总统制的；总统的；首长的；统辖的；议长的；总经理的
documentary	记录片；文件的
cod	鳕；欺骗；愚弄
territories	领土( territory的名词复数 )；（某人负责的）地区；（个人、群体、动物等占据的）领域；地盘
melissa	│蜜蜂花；蜜里萨香草
Moscow	莫斯科
thesis	论题；论文
thru	穿越；从头至尾；穿过
jews	犹太人；犹太教（Jew的复数形式）
nylon	尼龙；聚酰胺纤维
Palestinian	巴勒斯坦的
discs	磁盘（disc的复数）
rocky	岩石的；多石的；像岩石的；无情的；摇动的；摇晃的
bargains	交易；廉价品；特价品（bargain的复数）
frequent	时常发生的；频繁的；快速的；时常来访；常常聚集；常与...交往
trim	整齐；情形；修剪；整齐的；使整齐；整理；调整；见风使舵；库存管理检查规则程序
Nigeria	尼日利亚
ceiling	天花板；顶点；顶线；上限
pixels	像素；像素点（pixel的复数）
ensuring	确保( ensure的现在分词 )；担保获得；使（某人）获得；使安全
Hispanic	西班牙的
cv	abbr. 简历（Curriculum Vitae）
CB	平民波段；钶(41号元素铌的旧名)
legislature	立法机关；议会；立法院；立法机构
hospitality	款待；亲切；殷勤
gen	消息；真相；情报；基因；遗传因子
anybody	任何人；重要人物
procurement	获得；采购
diamonds	荨麻疹样丹毒
espn	abbr. 娱乐体育节目电视网（Entertainment Sports Programming Network）；欧洲儿科肾病学会（European Society for Paediatric Nephrology）
fleet	舰队；港湾；小河；快速的；敏捷的；浅的；短暂的；浅；疾驰；飞逝；掠过；消磨；变换船(或船员)的位置
untitled	无称号的；无标题的；无合法权利的
bunch	串；束；骨肿块(马)
totals	总量；总计（total的复数）
Marriott	马里奥特（美国第二大宴会承包商）
singing	歌唱；歌声；振鸣；蜂鸣
theoretical	理论的；理论上的；假设的；推理的
afford	买得起；足以；给予
exercises	练习题；演习；运动
starring	扮演主角；领衔主演；纯锑表面呈星状花纹
referral	参照；介绍；被介绍人；转诊病人
nhl	abbr. 全国曲棍球联合会（National Hockey League）
surveillance	监视；监督；侦测
optimal	最佳的；最理想的；最优的
quit	离开；辞职；停止；放弃；使解除；结束；退出
distinct	清楚的；显著的；不同的
protocols	协议；礼仪礼节；条款（protocol的复数）
lung	肺；肺脏；空地
highlight	加亮区；精彩场面；加亮；使显著；以强光照射；突出
substitute	代理；代理人；代用品；代替者；代替物；代替；替代；取代；代用；代替的；代用的；代用品的；置换
inclusion	包含；内含物；蕴含
hopefully	有希望地；如果希望能实现的话
brilliant	光辉的；灿烂的；有才气的；亮的
turner	车工；体育协会会员
sucking	吸奶的；授乳的；尚未断奶的；乳臭未干的；吮；吸；吮的；吮乳的
cents	分；一分钱的硬币( cent的复数形式 )
Reuters	路透社
TI	终端接口；得州仪器公司；变换实现；钛(22号元素)
FC	消防；火力控制；足球俱乐部；信息流控制；字形改变；操作码；功能码；DOS外部命令:比较两个文件的内容
gel	胶化体；凝胶；胶化；成凝胶状；通用仿真语言
todd	托德（姓氏；英国化学家；曾获1957年诺贝尔化学奖）
spoken	口头讲的；口语的；speak的过去分词
omega	希腊字母的最后一个字；终了；最后；ω(希腊文第二十四个字母)
evaluated	评估；估…的价（evaluate的过去分词形式）
stayed	停留；制止（stay的过去分词形式）
civic	市的；市民的；公民的；公民资格的
assignments	分配；作业（assignment的复数形式）
fw	abbr. 给水（Feed Water）；磁场减弱；淡水；隔火墙
manuals	手册；指南；说明书（manual的复数）
doug	道格
sees	abbr. 扩展企业应用套件（Sage Extended Enterprise Suite）
termination	终止；结束；结果；词尾
watched	注视；注意（watch的过去式与过去分词形式）
saver	节省...的器具；节约装置；省俭的人；回收器；收集器
thereof	在其中；关于...；由此；由是；属于它的
grill	烤架；铁格子；烤肉；烧；烤；严加盘问；给...装栅栏
households	同住在一所房子里的人；一家人；户( household的名词复数 )
GS	总书记；秘书长；一般参谋；参谋部；组分隔
redeem	赎回；挽回；恢复；偿还；补偿；履行(契约)；买回
rogers	罗杰斯（姓氏）；乐爵士（英国一家音箱生产厂）
grain	谷粒；颗粒；谷类；纹理；本质；(使)成谷粒
AAA	急性焦虑发作
authentic	可靠的；可信的；真正的；被认证的；确认的
regime	政权；当权期间；政体；社会制度；体制；情态；制度；生活制度
wanna	要(做)；想(做)；想要(某物)
wishes	（书信或贺卡等中的）祝愿( wish的名词复数 )；渴望；希望的事；许愿；<正>希望；想要；但愿( wish的第三人称单数 )；祝愿；盼望；企求
bull	公牛；买方；买空者
montgomery	蒙哥马利（姓氏）；蒙哥马利（英国郡名）
architectural	有关建筑的；建筑学的
louisville	路易斯维尔（美国肯塔基州城市）
depend	靠；视...而定；信赖
differ	不一致；不同；差异
Macintosh	Macintosh计算机；橡皮防水布；不透水布
movements	运动；运转；运动健身；动作（movement的复数形式）
ranging	距离修正；广泛搜索
Monica	莫尼卡（女子名）
repairs	备件；修理；修理费；修理工作（repair的复数形式）
breath	呼吸；气息；瞬间；呼气；呵气；口气
amenities	令人愉快之事物（amenity的复数）
virtually	事实上
cole	芸苔属植物；海甘蓝
mart	商业中心；市场
candle	蜡烛；对着光检查
hanging	绞死；绞杀；悬挂；绞刑
colored	染色的；有色的
authorization	授权；许可；批准
tale	故事；谎言；谣言；陈述；叙述；虚语；诽语
verified	已查清的；已证实的
lynn	林恩（姓氏）
formerly	从前；以前
projector	计划人；发起人；规划人；放映机；映画器；幻灯机；幻灯；探照灯；发射器；投影仪
bp	碱基对
situated	位于...的；坐落在...的；处于某种境地的；坐落...的
comparative	比较的；相对的；对手
STD	标准
seeks	寻找；探寻( seek的第三人称单数 )；企图；试图；探索
herbal	草药的；本草书
loving	亲爱的；钟情的；忠诚的
strictly	严格地；确实地
routing	路由选择；布线
docs	说明文件；文献
stanley	斯坦利（男子名）
psychological	心理学的；精神上的；心灵的；心理上的
surprised	感到惊讶的
retailer	零售商人；传播的人；零售商
vitamins	维生素（ vitamin的复数形式 ）
elegant	优雅的；端庄的；高雅的
gains	收益；利益；腰槽；榫眼（gain的复数）
renewal	更新；革新；复兴；恢复；修补；补充；继续；重订；重申；续借；换新
vid	abbr. （拉）见；参看（vide）
genealogy	系谱；宗谱；家系；世系；血统；家系学
opposed	反对的；敌对的；对抗的；相对的；相反的；对立的
deemed	认为；相信( deem的过去式和过去分词 )；想
scoring	擦伤；划伤
expenditure	开支；费用；用光；消费额；支出；消费
panties	女式短裤
Brooklyn	布鲁克林区(纽约行政区)
Liverpool	利物浦
sisters	姐妹们（sister的复数形式）
critics	评论家；批评者；吹毛求疵的人（critic的复数）
connectivity	连通性；连通度
spots	插播广告；花点布；点子花纹棉布；置球点；斑点（spot的复数）
oo	abbr. 面向对象程式设计（Object Oriented）；已订购而尚未交货的（on order）
algorithms	算法；算法式（algorithm的复数）
hacker	计算机窃贼；计算机新技术挑战者；黑客
Madrid	马德里
similarly	相像地；类似于
margin	页边的空白；边缘；界限；余裕；差数；差额；保证金；加边于；加旁注于；页边距
coin	硬币；金钱；货币；铸币；创造；杜撰
bbw	abbr. 线控制动
solely	仅仅；单独地
fake	假货；欺骗；诡计；假的；假造；仿造；伪装
salon	大会客室；大厅；客厅；交谊室；沙龙；美术展览馆；画廊；美容院；发廊
collaborative	合作的；协作的
norman	诺曼第语的；诺曼第人的
fda	abbr. （美）食品及药物管理局（Food and Drug Administration）
excluding	把...排除在外；不包括...；不计...
turbo	涡轮增压器
headed	列有标题的；具有某种类型的头(脑)或头发的
voters	投票者列表；选民；投票人（voter的复数）
cure	治疗；治愈；治疗法；改正；腌制；加工处理；使硫化；受治疗；被加工处理；被硫化
Madonna	圣母玛利亚；圣母像
commander	司令官；指挥官
arch	拱门；拱形；足弓；使成弓形；拱起；成弓形；主要的；调皮的；傲慢无礼的；狡猾的
Ni	镍(28号元素)
murphy	马铃薯
thinks	想( think的第三人称单数 )；思索；以为；认为
thats	
suggestion	提议；意见；暗示
hdtv	abbr. 高清晰度电视（high-definition TV）
soldier	军人；士兵；兵蚁；从军；尽职；偷懒；磨洋工
phillips	飞利浦（电子产业集团）；菲利普斯（姓氏）
Asin	印度历的7月
aimed	目标；目的
justin	贾斯廷（男子名）
bomb	炸弹；轰炸；投弹于；失败
harm	伤害；害处；损害
interval	间隔；距离；间歇；间隙；时间间隔
mirrors	反光镜；写实；模范；镜子（mirror的复数）
spotlight	照明灯；反光灯；聚光灯
tricks	技巧；诀窍；骗局（trick的复数形式）
reset	重新设定；重新组合；重排版；重置；清零
brush	刷子；毛笔；争吵；刷；擦过；掠过；电刷
investigate	调查；审查
thy	你的
expansys	
panels	镶板( panel的名词复数 )；面；（门、墙等上面的）嵌板；控制板
repeated	重复的；再三的；反复的；屡次的
assault	攻击；袭击；发动攻击
connecting	接线的
spare	剩余；备用品；备件；备用零件；备用轮胎；多余的；备用的；空闲的；节约的；瘦的；节约；省掉；宽恕；省用；剩下；饶恕；赦免
logistics	后勤学；后勤
deer	鹿
kodak	小型照相机；照片；柯达(照相机)；用小型照相机拍摄
tongue	舌；语言能力；讲话方式；语言；舔；斥责；发...的音；使用舌头；吹管乐器
bowling	保龄球戏
tri	三
Danish	丹麦文；丹麦的；丹麦人的；丹麦文的
pal	朋友；伙伴；同志；同谋；交友；结伴
monkey	猴子；猿；打桩锤；淘气；胡闹；嘲弄
proportion	比例；比率；均衡；部分；面积；使成比例；使均衡
filename	文件名
skirt	裙子；下摆；边缘；郊区；位于...边缘；绕过；回避；位于边缘
Florence	佛罗伦萨(意大利城市)
invest	投资；花费；笼罩；授予；利用
honey	蜂蜜；甜蜜；爱人；蜂蜜似的；甜蜜的；甘美的；加蜜使甜；对...说甜言蜜语；说甜言蜜语；奉承
um	int. 嗯（表示迟疑）
analyses	pl. 分析；检验；解析；分解
drawings	图纸；图示；提用；提款（drawing的复数）
significance	重要性；意义；意味；有效；有效性
scenario	剧本提纲；情节；剧本；方案；事态
ye	abbr. 亚萨卡；乒乓底板（Yasaka Extra）；酵母抽提物（Yeast Extracts）
FS	字段分隔符；文件结构；有限态；功能选择；频移
lovers	情人（lover的复数形式）
atomic	原子的；原子能的
approx	abbr. 大约（Approximate）
symposium	讨论会；座谈会；专题报告会；专题论文集
Arabic	阿拉伯语；阿拉伯语的；阿拉伯人的；阿拉伯式的
gauge	标准度量；计量器；精确计量；估计；线规
essentials	要件；概要；基本营养素；生活必需品（essential的复数）
junction	连接；会合处；交叉点；接处；接点.界
protecting	保护( protect的现在分词 )；防护；投保；关税保护
nn	abbr. neural network 神经网络；Network Node 网络结点
faced	有某种面孔或表情的
mat	垫；丛；衬边；粗糙的；无光泽的；纠缠在一起；铺席于...上；使无光泽；使缠结
rachel	雷切尔（女子名）
solving	解决
transmitted	传输；传送（transmit的过去分词）
weekends	在每周末
screenshots	(screenshot 的复数)  屏幕截图
produces	过程管理；产品（produce复数形式）
oven	烤箱；灶；子宫；烘箱
ted	翻晒
intensive	加强的；内涵的；集中的；加强器
chains	枷锁；联营企业；缝条；链条（chain的复数）
kingston	金斯敦（牙买加首都）
sixth	第六；六分之一
engage	答应；从事；交战；使忙碌；雇佣；预定；使从事于；使参加
deviant	不正常的；不正常的人(或物)
noon	正午；中午；全盛期
switching	交换；转换；调换；调头
quoted	引证（quote的过去式）
adapters	适配器；连接物（adapter的复数）
correspondence	相符；通信；信件；对应；相对
farms	农场；庄园（farm的复数形式）
imports	进口商品；进口总额（import的复数）
supervision	监督；管理
cheat	欺骗；作弊；骗子；逃脱；骗取
bronze	青铜；铜像；青铜色的
expenditures	花费( expenditure的复数形式 )；使用；（尤指金钱的）支出额；（精力、时间、材料等的）耗费
sandy	沙的；沙地的；多沙的
separation	分离；分居；缺口；退职
testimony	证言；证据；声明
suspect	被怀疑者；嫌疑犯；令人怀疑的；不可信的；可疑的；怀疑；猜想
celebrities	名誉；名人（celebrity的复数）
macro	宏；巨大的；大量的
sender	寄件人；发报机；送货人；发送者
mandatory	命令的；托管的；受托者；命令者
boundaries	分界线( boundary的名词复数 )；范围；使球越过边界线的击球（得加分）；疆界
crucial	决定性的；重要的；严厉的；十字形的；决断的；定局的
syndication	企业联合组织；辛迪加组织
gym	+体育馆；体育训练；体育课；体操
celebration	庆祝；庆典
kde	abbr. 桌面环境（Kool Desktop Environment）
adjacent	毗连的；邻近的；连接的；相邻的；邻位的；交界的
filtering	过滤
tuition	学费；讲授
spouse	配偶
exotic	异国的；外来的；外来人；外来物；舶来品
viewer	观察者；看电视者；视察员；观察器；指示器
signup	注册；签约
threats	威胁；恐吓( threat的名词复数 )；可能造成威胁的人；恶兆；兆头
luxembourg	卢森堡公国；卢森堡（卢森堡公国首都）
puzzles	智力游戏；游戏拼图；谜题（puzzle的复数）
reaching	到达( reach的现在分词 )；联络；伸出手臂；延伸
vb	abbr. 可视化基础（Visual Basic）
damaged	被损坏的；损伤了的；损坏了的
cams	凸轮（cam的复数）
receptor	受体；感觉器官；接受器
piss	小便；下大雨；抱怨；撒尿弄脏；尿在...上
laugh	笑；笑声；大笑；以笑表示
Joel	约珥(<<圣经>>人物)；<<约珥书>>
surgical	外科的；外科医生的；手术上的；外科病例；外科病房；外科手术
destroy	破坏；毁坏；消灭
citation	引用；引证；引用文；指引
pitch	程度；坡度；顶点；前倾；倾斜；投掷；音高；螺距；节距；摊位；树脂；沥青；投；掷；向前倾跌；扎营；竭力推销；为...定调；定位于；用沥青涂；搭帐篷；向前跌；猛然摔倒；坠落；孔距
autos	汽车股票
yo	int. 唷（表示鼓励；警告）；嗨（表示应答）
premises	房屋；上述各点；上述房屋；店铺；契约前言
perry	梨子酒
proved	prove的过去式和过去分词
offensive	令人不快的；侮辱的；攻击性的；攻击的；进攻的；冒犯的
imperial	帝王的；宗主国的；至尊的；壮丽的；特等品
dozen	打；十二个；一打的
benjamin	安息香
deployment	展开
teeth	pl. 牙齿；牙
cloth	布料；织品；布
studying	学习；研究（study的ing形式）
colleagues	同事；同行（colleague的复数）
stamp	印；邮票；打印器；戳子；图章；印花税票；标志；特征；类型；跺脚；盖章于；顿足；贴上邮票；铭刻；捣碎；扑灭
lotus	莲；莲花；荷花；荷；LOTUS；莲花公司
salmon	鲑鱼；大麻哈鱼；鲑
Olympus	奥林匹斯山；天堂
separated	分居；分开的；不在一起生活的
PROC	程序；工艺规程；方法；过程
cargo	货物；货柜
tan	黄褐色；鞣料；马戏团；黄褐色的；鞣皮的；晒成棕褐色；把...晒黑；鞣(革)；狠狠鞭打
directive	指导的；指挥的；方向的；指令；命令
fx	abbr. 外汇（Foreign Exchange）；固定电台（Fixed Station）
salem	塞伦；礼拜堂
mate	配偶；对手；助手；(象棋)将死；使配对；使一致；结伴；成配偶；紧密配合
DL	数据语言；数据长度；数据表；描述语言；分升
starter	开端者；在起跑线上的人；参加赛跑的人；调度员；起动机；酵母；启动程序；启动器
upgrades	提升( upgrade的第三人称单数 )；使（机器、计算机系统等）升级；提高（设施、服务等的）档次；提高（飞机乘客、旅馆住客等）的待遇
likes	爱好的事物
butter	奶油；黄油；涂黄油于
pepper	胡椒粉；胡椒；辣椒；花椒
weapon	武器；兵器；武装
luggage	行李；皮箱
burden	负担；重载；担子；责任；装货于；烦扰；使负担
chef	厨师
tapes	录音带；胶纸带；条带；边带
zones	区域；尺度；地带（zone的复数）
races	赛马会
isle	小岛；群岛；使成为岛状；住在岛屿上
stylish	现代风格的；流行的；潇洒的
slim	瘦的；苗条的；微小的；稀少的；微薄的；变苗条；使苗条
maple	枫；枫木；淡棕色
luke	卢克（男子名）；路加（基督教早期信徒之一）；路加福音
grocery	食品杂货店；食品杂货业
offshore	海面的；吹向海面的；近海的；向海面
governing	调节；控制
retailers	零售商；零售店( retailer的复数形式 )
depot	停车场；车站；贮藏所；仓库；贮存；积存
kenneth	肯尼思（男子名）；英俊的领导者
comp	电脑及相关知识；DOS内部命令:比较两个文件的内容
alt	高音调；高音调的；更换；选择；另外；自动线路跟踪；自由新闻组
pie	馅饼；财富；总额；贪污受贿；杂乱；喜鹊；饼图
blend	混合
Harrison	哈里森（男子名；哈里之子）
ls	目录显示命令
julie	朱莉（女子名）
occasionally	有时候；偶而
cbs	abbr. 哥伦比亚广播公司（Columbia Broadcasting System）；共电式振铃设备（Central  Battery Signalling）
attending	主治的
emission	发射；射出；发行；遗精
Pete	皮特（等于Peter；男子名）
spec	投机；投机事业；规格；说明书；专业人员；加工单
finest	警察
realty	不动产；房地产
JANET	英国大学联合科学网
bow	弓；眼睛框；用弓拉琴；弯成弓形；鞠躬；屈服
penn	abbr. 宾夕法尼亚大学（Pennsylvania）
recruiting	招聘( recruit的现在分词 )；吸收某人为新成员；动员…（提供帮助）；雇用
apparent	清晰可见的；显然的；表面上的；外在的
instructional	教学的；教育的
phpbb	
autumn	秋天；成熟期
traveling	旅行的；旅行用的；移动的
probe	探索；调查；探针；探测器；用探针探测
midi	中长裙；乐器数字化接口
permissions	允许；许可；准许( permission的复数形式 )
biotechnology	生物工艺学；生物技术
toilet	厕所；梳妆；打扮；上厕所；给...梳妆打扮
ranked	&；排列；使成横排（rank的过去式与过去分词形式）
jackets	短上装；夹克衫（jacket的复数）
routes	线路；路由；路径
packed	充满...的；满座的；挤得满满的；压坚实的；塞满了...的；挤满了人的；拥挤的；压缩的；装配的
excited	兴奋的；已励磁的；已激发的；激昂的；激动的
outreach	超出...的范围；作超出能力所及的事而害及自己；占...的上风；胜过；走得太远；伸出；展开
helen	海伦（女子名；火把、光亮的之义）
mounting	装备；衬托纸；舞台效果；上马；装配
recover	重新获得；恢复；复原；拯救；痊愈；胜诉
tied	系（tie的过去式和过去分词）
lopez	洛佩斯（姓氏）
balanced	公平的；平衡的；对称的；均衡的
prescribed	规定的
catherine	轮圈外缘装有倒钩的车轮；侧翻筋斗；轮转烟火；车轮窗
timely	及时的；适时的；及时地
talked	讲话；交谈 talk的过去式；说( talk的过去式和过去分词 )；讨论；说话；（用以强调款额、情况严重程度等）讲的是
upskirts	
debug	除错；改正有毛病部分；除去窃听器；调试；DOS外部命令:其功能是对命令文件或执行文件进行调试或测试；也可用于编写小的命令文件
delayed	定时的；延时的
chuck	抚弄；赶走；抛掷；咯咯声；颈肉；卡盘；轻拍；驱逐；丢弃；用卡盘夹住；咯咯叫
reproduced	复制( reproduce的过去式和过去分词 )；重现；再版；生殖
HON	δ-羟基-γ-氧代正缬氨酸；羟氧基正缬氨酸
dale	小谷；溪谷
explicit	详述的；清楚的；直言的
calculation	计算；考虑；计算的结果
villas	别墅；公馆( villa的名词复数 )；<英>（城郊）住宅
ebook	电子书
consolidated	整理过的；巩固的；统一的
boob	笨蛋；蠢材
exclude	除外；排除；排斥；除外(诊断)
peeing	小便；撒尿( pee的现在分词 )
occasions	机会( occasion的名词复数 )；时刻；原因；需要
brooks	布鲁克斯（姓氏）
equations	方程式；等式；均等；均势（equation的复数形式）
newton	牛顿
oils	油画颜料；油类
sept	氏族；九月
exceptional	例外的；异常的；特别的
anxiety	焦虑；忧虑；令人焦虑的事
bingo	宾戈(一种赌博游戏)；烈酒
whilst	当...的时候；和...同时；虽然；只要；然而；而；尽管
spatial	空间的；受空间条件限制的；占地位的；隙的；间隙的；腔的；立体的
respondents	<律>（尤指离婚案的）被告( respondent的名词复数 )；回答问题的人；（尤指）调查对象
unto	到；对；直到
Lt	LT线上末端
ceramic	陶瓷的；陶瓷制品
prompt	激励；提示；提醒物；提词；付款期限；迅速的；敏捷的；立刻的；提词员的；鼓动；准时地；提示符；DOS内部命令:设定DOS命令行的提示符
precious	宝贵的；珍贵的；过于精致的；珍爱的
minds	思想；主意（mind的复数）
annually	一年一次；每年；年度的；每年的
considerations	考虑( consideration的复数形式 )；报酬；仔细考虑；（对他人的）考虑周到
scanners	检测装置( scanner的复数形式 )；扫描设备；扫描器；扫掠天线
ATM	自动出纳机；异步传输方式
xanax	阿普唑仑（药名）；赞安诺；相呐斯（镇静剂）；性药名
EQ	abbr. 情商（Emotional Quotient）；均衡器；电器极（Electrical Quadrupole）
pays	报酬（pay的复数）；（法）国家
cox	舵手；做舵手
fingers	梳状剔除器；手指头；指头（finger复数）
sunny	阳光充足的；乐观的；快乐的；像太阳的
ebooks	
delivers	递送；交付( deliver的第三人称单数 )；发表；交出；发动
je	abbr. 作业评估；工作估计（job estimate）
Queensland	昆士兰
necklace	项链
musicians	音乐家( musician的复数形式 )
leeds	利兹市（英国城市名）
composite	合成的；混合成的；菊科的；合成物；复合材料；菊科
unavailable	得不到的；不能利用的；无用的；不可得的；无效的
cedar	雪松；香椿；香柏；杉
arranged	安排的
lang	abbr. 语言（language）
theaters	剧场( theater的复数形式 )；戏剧界；戏剧效果；战区
advocacy	拥护；支持；鼓吹；辩护；辩护术；提倡
raleigh	罗利（美国北卡罗来纳州首府）；罗利（英国的探险家、航海家及作家）
stud	装饰钮扣；大头钉；领扣；种马；镶嵌；点缀；散布
fold	折层；折；羊栏；折痕；信徒；折叠；包；合拢；交迭；折叠起来；彻底失败；合并
essentially	本质上；本来
designing	阴谋的；诡诈的；设计(工作)；计谋
threaded	有线状图案装饰的
uv	abbr. 紫外的（ultraviolet）
qualify	取得资格；有资格；使有资格；使合格；限定；限制；准予
fingering	用指摸弄；抚弄；用指弹奏；细绒线
blair	布莱尔（男子名）
hopes	希望（hope的第三人称单数）
assessments	评估( assessment的复数形式 )；评价；（应偿付金额的）估定；（为征税对财产所作的）估价
cms	abbr. 教会传教士协会（Church Missionary Society）
mason	泥瓦匠；共济会会员；用砖瓦砌成
diagram	图表；图解
burns	络腮胡子
pumps	泵；抽运器；无带轻便舞鞋；脉动（pump的复数）
slut	懒妇；荡妇
ejaculation	突然说出；射出；射精
footwear	鞋类；靴类
SG	系统生成程序；磺胺胍
vic	飞机V字队形编队
Beijing	北京
peoples	民族学；民族（people的复数形式）
victor	胜利者；胜利的
mario	马里奥（男子名）
POS	销售点；位置；正；主操作系统
attach	附上；使依附；使附属；使喜爱；系；缚；附属；归属；联系在一起；挂接服务器命令；关联；挂接；附加
licenses	授权；许可（license的复数）
Utils	为全文索检目录的文件
removing	拆迁；消除
advised	考虑过的；知情的；经过考虑的；得到消息的
Brunswick	不伦瑞克(德国城市)
spider	蜘蛛；设圈套者；星形轮
phys	abbr. 物理系（physics）；物理学家（physicist）；生理领域（physics）；生理盐水（physiological saline）
ranges	量程；范围；山脉（range的复数）
pairs	夫妇；一副（pair的复数）
sensitivity	敏感；灵敏度
trails	山径；游径；踪迹（trail的复数）
preservation	保存；保藏；保护；防腐
Hudson	哈得孙河
isolated	孤立的；孤零零的；隔离的；绝缘的
calgary	卡尔加里（加拿大西南部城市）
interim	暂时的；临时的；间歇的；过渡时期
assisted	辅助的；帮助；促进( assist的过去式和过去分词 )；为…的助手；为…当帮手；辅助
divine	神的；神圣的；非凡的；神学家
streaming	流
approve	赞同；核准；为...提供证据；赞许
chose	动产；choose的过去式
compound	混合物；复合词；化合物；院子；复合的；混合的；化合的；化合；和解；妥协；使复合；使化合
intensity	强烈；紧张；强度；亮度
technological	技术的；工艺的
syndicate	企业联合；辛迪加；财团；联合成辛迪加
abortion	流产；堕胎；失败；夭折；中止；小产；顿挫
dialog	会话；对话
venues	犯罪现场；发生地点；场地；场馆（venue复数形式）
blast	一阵风；爆炸；枯萎病；炸；使枯萎；猛攻；猛烈抨击；枯萎
wellness	健康
calcium	钙；钙Ca
newport	新港；纽波特（美国罗得岛之避暑胜地）
antivirus	抗病毒素；细菌滤液
addressing	访问；寻址；定址
Pole	波兰人；极点；磁极；电极；杆；竿；相反的极端；用竿支撑；撑篙
discounted	已贴现的；已折扣的；打折扣(discount的过去分词)；不重视
indians	印第安人；印度人（Indian的复数）
shield	盾；防卫物；保护者；屏蔽；保护；遮蔽；庇护；挡开；避开；起保护作用
harvest	收获；成果；收获物；收获期；收割
membrane	薄膜；膜；羊皮纸；隔膜
Prague	布拉格
previews	预展；试映；预演( preview的名词复数 )；预映( preview的第三人称单数 )；为（影视节目）写预评；概述；扼要介绍
Bangladesh	孟加拉国；孟加拉共和国
constitute	构成；组成；任命；构造
locally	地方性地；局部性地；在当地
concluded	结束( conclude的过去式和过去分词 )；得出结论；断定；推断出
pickup	拾起；加速；刺激；猎物的收集；好转；恢复健康；搭车者；兴奋剂；电视摄像；拾音器
desperate	不顾一切的；危急的；令人绝望的；极渴望的
mothers	母亲；根源（mother的复数）
nascar	abbr. 全国运动汽车竞赛协会（National Association of Stock Car Auto Racing）
Iceland	冰岛
demonstration	示范；实证；示教；实物教授
governmental	政治的；统治上的；政府的；统治的；政治上的
manufactured	制造的；已制成的
candles	蜡烛；烛台（candle复数形式）
graduation	毕业；得学位；分划；刻度；分等级；分度
mega	兆；百万
bend	变弯曲；屈服；使弯曲；使屈服；弯曲
sailing	航行；航海术；启航；航行的
variations	变奏曲；变更；变种（variation的复数形式）
moms	abbr. 密西根数学系统（Michigan's Own Mathematical System）
sacred	神圣的；献给上帝的；庄严的；祭祀的；不可侵犯的
addiction	入迷；瘾；癖嗜
Morocco	摩洛哥；摩洛哥皮革；摩洛哥革
chrome	铬；铬合金；铬(24号元素)
tommy	配给面包；实物工资制
Springfield	斯普林菲尔德（美伊利诺斯州首府）
refused	遭拒绝的
brake	刹车；阻碍；丛林
exterior	外部；表面；外貌；外部的；外在的；表面的
greeting	祝贺；问候
ecology	生态学；社会生态学
oliver	脚踏铁锤
Congo	刚果；刚果河；工夫茶；直接刚果红
glen	峡谷；幽谷
botswana	博茨瓦纳（非洲中南部国家）
nav	abbr. 资产净值（net asset value）
delays	（使）耽搁；延误( delay的第三人称单数 )；推迟；使延期；使延迟
synthesis	综合；组织；综合体；合成
olive	橄榄；橄榄树；橄榄色；橄榄枝；黄绿色的；黄褐色的；橄榄色的
undefined	不明确的；未下定义的；未阐明的；未解释的；不确定的
unemployment	失业；失业人数
cyber	网络的；计算机的
verizon	威瑞森（全成威瑞森无线通讯；是美国第一家提供320万像素照相手机配套销售的无线营运商）
scored	折叠的；刮伤的
enhancement	提高；美化；增进；增强；增加；加强；充实
newcastle	纽卡斯尔（英国港市）
clone	无性系；代用件
dicks	迪克斯（男子名）
velocity	速度；迅速
lambda	希腊语的第11个字母(Λλ)；人字缝尖
relay	驿马；替班；中继；接力；分程传递；转播；使接替；接力传送
composed	镇静的；沉着的
tears	眼泪；泪水（tear复数形式）
performances	履行( performance的复数形式 )；性能；表现；演出
oasis	绿洲；舒适的地方；绿洲(沙漠中)；健岛(病变区中的健康组织)
baseline	基线；基准
cab	出租车；出租汽车；出租马车；乘出租马车(或汽车)
angry	生气的；愤怒的
FA	(英国)足球协会；战地救护车；野战救护队；野战炮；野战炮兵；美术；急救；脂肪酸
societies	社会( society的名词复数 )；上流社会；社团；社群
silicon	硅；硅Si
Brazilian	巴西人；巴西的；巴西人的
identical	同一的；恒等的；完全相同的；同等的
petroleum	石油
compete	竞争；对抗
ist	abbr. 胰岛素休克疗法（insulin shock therapy）；星际航行（Interplanetary Space Travel）；独立悬挂减震系统（Independent Suspension Technology）
Norwegian	挪威人；挪威语；挪威的；挪威人的；挪威语的
lover	爱人；爱好者
belong	属于；合适
Honolulu	火奴鲁鲁(檀香山)
beatles	披头士合唱（摇滚乐队）
lips	嘴唇（lip的复数）
escort	护送者；护卫者；护航舰；护卫；护送
retention	保持；留置；保留；保持力；保留物；记忆；停滞；固位；保贸
exchanges	交易所；票据交换总额；市场；外币兑换（exchange 复数形式）
pond	池塘；筑成池塘
rolls	面包卷；捆；卷轴；辊碎机；滚动（roll的复数）
thomson	汤姆森（①姓氏 ②Sir George Paget；1892-1975；英国物理学家；曾获1937年诺贝尔物理学奖 ③Sir Joseph John；1856-1940；曾获1906年诺贝尔物理学奖）
barnes	巴尔内斯（姓氏）
soundtrack	声迹；声槽；声带
wondering	觉得奇怪的；疑惑的
Malta	马尔他
daddy	爸爸
LC	国会图书馆；信用证；小写体
ferry	渡船；渡口；摆渡营业权；轮渡
rabbit	兔子；猎兔；让...见鬼去
profession	职业；表白；声明；工种
seating	使就座；就座；座位
dam	水坝；障碍；控制；筑坝；直接存取法
cnn	abbr. 美国有线电视新闻网络（Cable News Network）
separately	分开；不相连；分隔；分离；不同；单独；独立；各自；各别；脱离肉体；灵魂；分离地
physiology	生理学；生理机能
lil	abbr. 国际月球实验室（Lunar International Laboratory）
collecting	收集( collect的现在分词 )；收到；收藏；聚积
DAS	双挂接站
exports	出口商品；输出额
omaha	奥马哈市（美国内布拉斯加州）；美国奥马哈族印第安人；奥马哈
tire	轮胎；头饰；使疲倦；使厌烦；打扮；疲劳；厌倦
participant	参加者；参与者；有份的；参加的；参与的
scholarships	学问；学识( scholarship的复数形式 )；奖学金
recreational	消遣的；娱乐的
dominican	多明尼加共和国的
Chad	乍得；孔屑
electron	电子
loads	货载量；负载；负荷（load的复数）
friendship	友谊；友爱；友善
heather	石南花；似石南的；杂色的
passport	护照；手段；通行证
motel	汽车旅馆
unions	工会；联合（union的复数）
treasury	国库；宝库；财政部；国库券；库存；金库
warrant	授权；正当理由；根据；证明；批准；凭证；令状；委任状；授权给；保证；担保；使有正当理由
SYS	DOS外部命令:将系统文件加入指定的磁盘
Solaris	Solaris操作系统
frozen	冻结的；冰冷的；严寒的；冻伤的；冷酷的；freeze的过去分词
occupied	已占用的；使用中的；无空闲的
josh	戏弄；说笑；无恶意的戏谑；玩笑
royalty	皇室；王族成员；王权；特权阶层；庄严；特许权；使用费；使用税
scales	缩放；天平；鳞屑；磅秤
rally	重振旗鼓；集合；群众集会；跌停回升；重整旗鼓；恢复精神；团结；挖苦；嘲笑
observer	观察者；遵守者；观察员；监场员
sunshine	阳光；光明；晴天
strain	紧张；拉紧；张力；过劳；扭伤；血缘；种；族；气质；曲调；旋律；口吻；使劳累；过分使用；滥用；曲解；滤；尽力；努力；紧拉；弯曲；被滤出
drag	拖；拖累；拖拉；沉重缓慢地走；拖动
ceremony	典礼；仪式；礼节
somehow	不知何故
arrested	被捕的；逮捕的；被拘留的
expanding	扩张工作
provincial	外地人；粗野的人；省的；外地的；偏狭的
investigations	（正式的）调查( investigation的复数形式 )；侦查；科学研究；学术研究
icq	abbr. 网路呼叫器（一种网络通讯软件；等于I Seek You）
ripe	成熟的；熟练的；成年的
yamaha	雅马哈（山叶）商标
rely	信赖；依赖；信任
medications	药物治疗；药物（medication的复数形式）
Hebrew	希伯来人；希伯来语；犹太人；希伯来人的；希伯来语的
gained	增进；获得；得到（gain的过去式）
Rochester	罗契斯特市（美国明尼苏达州一城市）；罗契斯特市（美国纽约州港市）；罗契斯特市（英国东南部一城市）
dying	垂死的；快要死的；临终的
laundry	洗衣店；洗好的衣服；洗涤；洗衣作；洗衣房
stuck	stick的过去式和过去分词
Solomon	所罗门(古以色列国王)；聪明人；贤人；所罗门阵列处理机
placing	出盘；出售；铺设
stops	站点；停靠站（stop的复数）
homework	家庭作业；家里做的工作
adjust	调整；使适应于；校准；适应于；被调节；相互熟悉而适应
assessed	对…进行评估（assess过去时形式）
advertiser	做广告者；广告客户；广告商；广告者
enabling	有可能；或有条件完成的；使能够；提供做…的权利( enable的现在分词 )；使可能
encryption	加密
filling	充填物；填料；加填；填充
downloadable	可下载的
sophisticated	复杂的；久经世故的；尖端的；高级的；非常有经验的
imposed	强加的；施加的；应用的
silence	沉默；无声；静寂；湮没；无声息；使缄默；安静
SCSI	小型计算机系统接口
focuses	pl. 焦点；焦距；对焦点；聚焦；活动中心；集中点；兴趣中心；病灶；震源；疫源地
Soviet	代表会议；苏维埃；苏联；苏维埃的；苏联的
possession	拥有；占有；所有；财产；领土；领地；自制；着迷；持有
CU	控制器；立方；用户占用；铜(29号元素)
laboratories	实验室( laboratory的名词复数 )
treaty	条约；谈判；协议；协定；协商
vocal	嗓音的；声音的；有声的；歌唱的；元音；声乐作品
trainer	训练员；驯马师；列车器
organ	风琴；器官；元件；机构；机关
stronger	强劲的
volumes	量( volume的复数形式 )；书；音量；卷
advances	作友好表示；求爱；献殷勤；提早；前进
vegetables	菜类；蔬菜（vegetable的复数形式）
lemon	柠檬；柠檬树；柠檬色
toxic	有毒的；中毒的；毒物的
DNS	分布式网络系统；域名服务
thumbnails	拇指甲；极小的东西( thumbnail的复数形式 )
darkness	黑暗；暗；深色；隐密；模糊；无知
pty	abbr. 巴拿马城（Panama City）；伪终端（ Pseudo-Terminal Utilities）；节目类型（Program Type）
WS	工作区；工作存储器；工作站
nuts	狂热的；发狂的；疯的；呸；胡说
nail	钉子；指甲；用钉钉牢；使固定；截住；揭露
bizrate	
Vienna	维也纳
implied	暗指的；含蓄的
span	指距；全长；跨距；一段时间；小范围；以手指测量；跨越；架设；持续
stanford	斯坦福（姓氏；男子名）；斯坦福大学（美国一所大学）
sox	短袜；袜子；鞋内的衬垫；轻软鞋；巨款；存款；存钱处；银箱；拳打；一击；重击
stockings	丝袜；长袜；球袜
joke	笑话；玩笑；笑柄；开玩笑；取笑；作弄
respondent	回答的；应答的；反射的；应答者；被告
packing	包装；填垫材料；封函；行李；填充物；填料；填充；装柱；装色谱柱；垫革；紧束；敛集；堆积
statute	法令；成文法律；法规；章程；条例；成文法
rejected	被弃之物；落选者；拒绝的；拒绝( reject的过去式和过去分词 )；（因质量差）不用；排斥；拒收
satisfy	使满意；满足；符合；使确信；赔偿；令人满意；替人赎罪
destroyed	被毁；毁坏；遭破坏的
shelter	庇护所；避难所；庇护；隐蔽处；掩蔽；保护；隐匿；躲避
chapel	小教堂；礼拜式
gamespot	
manufacture	产品；制造；假造
layers	层面板；图层面板；图层集合（layer复数形式）
wordpress	博客系统（软件名）
guided	有指导的；有向导的
vulnerability	易受伤；易受责难；易受伤部位；易损性
accountability	负有责任；可说明性；衡算计量
celebrate	庆祝；祝贺；举行
accredited	认可（accredit的过去分词形式）
appliance	器械；用具；应用；矫正器；器
compressed	被压缩的；扁平的
Bahamas	巴哈马群岛
powell	鲍威尔（英国物理学家）
mixture	混合；混淆；混合物
zoophilia	嗜兽癖；动物爱好
bench	长椅子；台
univ	abbr. 综合性大学（university）；宇宙的（universal）
tub	桶；浴盆；装入桶；洗澡；洗盆浴；被放在桶里洗
rider	骑手；(文件后的)附件；扶手；游码
scheduling	行程安排；时间表制定；调度
radius	半径；范围；辐射光线
perspectives	透视( perspective的复数形式 )；透视图；观点；全景
mortality	必死的命运；死亡数目；死亡率；必死性
logging	(木材)采运作业；(事物状况的)记录；测井
hampton	汉普顿（姓氏）
christians	基督教徒( Christian的复数形式 )
borders	边界；边缘地区（border的复数）
therapeutic	治疗的；有益于健康的；治疗学的
pads	波纹细丝带；眼镜丝带；衬垫（pad的复数）
butts	短硬黄麻根纤维；臀部粪污毛；笑柄；粗端；大桶（butt的复数）
inns	abbr. 国际神经网络协会（International Nerve Network Society）
bobby	警察
impressive	给人深刻印象的；威严的
sheep	羊；胆小者
accordingly	相应地；因此；于是
architect	建筑师；设计者；缔造者
railroad	铁路；铁路公司；铺设铁路；用铁路运输；在铁路工作
lectures	演讲；讲课( lecture的名词复数 )；冗长的训斥；（向…）演讲；（给…）讲课( lecture的第三人称单数 )；责备；教训；（尤指恼人地）指责
challenging	挑战的；引起争论的
wines	葡萄酒；令人沉醉的东西（wine的复数）
nursery	托儿所；苗圃；温床；婴儿室
harder	更难的；更努力的；更坚固的（hard的比较级）
cups	拨火罐（器具）；杯子（cup的复数形式）
ash	灰；灰烬；灰分
microwave	微波
cheapest	最便宜的（cheap的最高级形式）
accidents	意外事故；事故（accident的复数）
travesti	
relocation	再布置；变换布置；重新安置
stuart	英国斯图亚特王室；斯图尔特（男子名；等于Stewart）
contributors	捐款人( contributor的复数形式 )；捐助人；促成因素；投稿者
Salvador	萨尔瓦多
ALI	异步线路接口
salad	色拉
Np	镎(93号元素)
monroe	门罗（男子名）；门罗（美国第五任总统）
tender	嫩的；柔软的；脆弱的；温柔的；亲切的；未成熟的；微妙的；棘手的；审慎的；使变嫩；提供；偿还；变柔软；投标；照料；看管人；供应船；小船；提出；偿付
violations	违反( violation的复数形式 )；冒犯；违反（行为、事例）；强奸
foam	泡沫；水沫；泡沫材料；起泡沫；吐白沫；使起泡沫
temperatures	温度( temperature的复数形式 )；气温；高烧；发烧
paste	面团；面食；浆糊；糊状物；粘贴；用拳重击；用浆糊粘；张贴；狠狠地打
clouds	云彩；白云（cloud复数形式）
competitions	比赛；竞争（competition的复数形式）
discretion	慎重；辨别力；考虑；处理权；有决定权的
tft	abbr. 薄膜晶体管；薄膜工艺（thin film transistor）
Tanzania	坦桑尼亚
preserve	保护；保持；保存；维持；腌；禁猎；加工食品；加工成的食品；禁猎地；保护区；防护物
jvc	日本胜利公司
poem	诗；诗般美的事物
vibrator	振动装置；振动器；振动按摩器；振子
unsigned	无符号的；未签名的
staying	刚性结合；撑法；加劲；拉线
cosmetics	装饰品；化妆品（cosmetic的复数）
Easter	复活节
theories	理论（theory的复数形式）
repository	贮藏所；贮物器；仓库；博物馆；店铺；陈列室；资源丰富地区；墓地；亲信；知己；栈房
praise	赞美；称赞；崇拜；赞扬；表扬
jeremy	杰里米（男子名）
Venice	威尼斯
jo	abbr. 乔（女子名；等于Joseph；Josephine）
concentrations	集中( concentration的复数形式 )；专心；关注；浓度
vibrators	振动器；振荡器；（按摩）颤震器( vibrator的复数形式 )
Estonia	爱沙尼亚
Christianity	基督教；基督教精神
veteran	老手；退伍军人；老兵；老树；老兵的；老练的；经验丰富的
streams	数据流；流控制（stream复数形式）
landing	登陆；码头；降落；上岸
signing	签署；签字
executed	执行（法令）( execute的过去式和过去分词 )；（按计划或设计）作成；履行；演（戏）
katie	卡蒂（女子名；等于Kate）
negotiations	磋商；谈判（negotiation的复数）
realistic	现实的；逼真的；现实主义的；实在论的
dT	脱氧胸苷
CGI	计算机生成图象；计算机图象接口
showcase	陈列橱；商品陈列所；货物陈列架
integral	整体；积分；整数；固有的；整体的；整数的；积分的
asks	abbr. 可用座位公里；客运运能（Available Seat Kilometres）
relax	放松；松懈；松弛；变从容；休息；休养；使松弛；缓和；使松懈；使休息
Namibia	纳米比亚
generating	产生的；生成的；生成
christina	克里斯蒂娜（女子名）
congressional	会议的；议会的；国会的；代表大会的；大会的
synopsis	概要；摘要；大意；一览表；提要
hardly	刚刚；几乎不；勉强是
prairie	大草原；草甸
reunion	团圆；重聚；再连合；复连
composer	作曲家；作家；调停者
bean	豆子；油嘴；豆
sword	刀；剑；战争；武力；剑状物
absent	缺席的；不在的；缺乏的；漫不经心的；使缺席
photographic	照相的；摄影用的；详细记录的；逼真的；酷似的
sells	卖；背叛；经营（sell第三人称形式）
Ecuador	厄瓜多尔
hoping	希望（hope的ing形式）
accessed	接近；进入（access的过去式与过去分词形式）
spirits	情绪；兴致；心情；烈酒；酒精
modifications	缓和( modification的复数形式 )；限制；更改；改变
coral	珊瑚；珊瑚色
pixel	像素；象素
float	漂流物；浮舟；漂浮；浮萍；彩车；浮动；飘动；散播；摇摆；动摇；使漂浮；容纳；淹没；发行；实行
colin	科林（男子名）
bias	偏见；斜纹；偏斜的；偏斜；使有偏见；偏流；偏压；偏磁；偏离
imported	输入；进口（import的过去式与过去分词形式）
paths	路径（path的复数）
bubble	泡沫；冒泡；沸腾；使冒泡；滔滔不绝地说
por	abbr. 返回后付款（pay on return）
acquire	获得；学到；目标锁定
contrary	相反的；矛盾的；对立的；相反；对立面；相反地
millennium	千禧年；一千年
tribune	护民官；军团指挥官；公民权利保护者；讲坛
vessel	船；容器；脉管；管；(容)器
acids	酸；酸类；有酸味的东西（acid的复数）
focusing	调焦；聚焦
viruses	病毒；病霉（virus的复数）
cheaper	成本更低；比较便宜的
admitted	被承认了的；公认的
dairy	牛奶公司；乳品店；乳牛场
admit	承认；接受；允许进入；容许；开向
MEM	DOS外部命令:显示内存的使用情况
fancy	想象力；幻想；喜好；想象的；精美的；新奇的；奇特的；高价的；特级的；想象；设想；相信；喜爱
equality	平等；均匀；相等；同等
samoa	萨摩亚（南太平洋中部一群岛）
GC	气相色谱法；气相层析
achieving	取得；实现
tap	轻打；水龙头；轻敲；敲打出；选择；装上嘴子；使流出；开发；分接；向...乞讨；轻叩；轻拍；啪塔啪塔地走；接头
stickers	有背胶的标签( sticker的复数形式 )；坚持不懈的人；锲而不舍的人
fisheries	渔场( fishery的名词复数 )；渔业；养鱼场
exceptions	免责条款（exception的复数形式）
reactions	反应（reaction的复数）
leasing	说谎
lauren	劳伦（姓氏）
beliefs	信仰；信?（belief的复数）
CI	输入；通信接口；计算机工业；配置项；化学电离
macromedia	全球最大的网络多媒体软件公司；旗下的软件包括Macromedia Flash；Macromedia Dreamweaver；Macromedia Fireworks
companion	朋友；陪伴；指南；升降口围罩
squad	班；小队；小集团；编成班
analyze	分析；细察；分解
ashley	艾希莉（人名）
scroll	卷轴；画卷；名册；条幅；滚动；(使)成卷形
relate	讲；叙述；使互相关联；有关；符合；相处得好
divisions	分开( division的复数形式 )；分界线；分歧；分离
swim	游泳；漂浮；潮流；眩晕；游；浸；覆盖；充溢；大量拥有；旋转；游过；使浮起
wages	工资；报酬；薪金；工钱；报应；报答；年产额
additionally	另外；此外
suffer	遭受；经历；忍受；受痛苦；受损害
forests	森林( forest的名词复数 )；丛林；（森林似的）一丛；一片
fellowship	伙伴关系；共同参与；团体；奖学金；友谊；合伙关系；研究员薪金；研究员基金
nano	纳；毫微
invalid	病人；残废者；有病的；无效的
concerts	音乐会；演唱会；（音）协奏曲(concert的复数)；合奏（曲）；音乐会( concert的复数形式 )
martial	战争的；军事的；尚武的；威武的；含铁的
males	壮丁；雄性（male的复数）
Victorian	英国维多利亚女王时代的；笃信宗教的；讲究体面的；维多利亚女王时代的英国人
retain	保持；保有；留住；记得；付定金聘请；保留；留存
colours	国旗；旗帜；船旗；军旗；衣帽；徽章；绶带
execute	执行；实行；完成；处死；制成
tunnel	隧道；地下道；挖隧道；掘隧道于
genres	<法>（文学、艺术等的）类型；体裁；风格( genre的复数形式 )
Cambodia	柬埔寨
patents	专利权；专利（patent的复数形式）
copyrights	著作权；版权（copyright的复数）
yn	abbr. 云南（Yun Nan）
chaos	大混乱；混沌；浑沌
lithuania	立陶宛
mastercard	万事达信用卡
wheat	小麦
chronicles	历代记（旧约）
obtaining	获得；得到
beaver	海狸(毛皮)；轻型及中型飞机加油
updating	校正；更新；使现代化
distribute	分配；散布；分发
readings	读物；文本；朗读（reading的复数）
decorative	装饰性的
kijiji	
confused	困惑的；混乱的
compiler	编辑者；编译程序
enlargement	扩大；肿大；肥大；增大；放大的照片；放大；扩建部分；增补物；扩展；增补
eagles	老鹰乐队；鹰；老鹰（eagle复数形式）
bases	pl. 基础；军事基地；主要成分；根据；基底；底
vii	罗马数字 7
accused	被告
bee	蜜蜂；聚会
campaigns	运动( campaign的名词复数 )；竞选运动；战役；季节性竞赛
unity	一致；联合；单一(性)；个体；统一
loud	大声的；不断的；喧吵的；高声地；大声地
conjunction	连接词；联合；结合；合取
bride	新娘
rats	int. 胡说；瞎扯
defines	定义；详述；规定；表明特征（define的三单形式）
airports	航空站；机场；航空港( airport的复数形式 )
instances	例子；实例( instance的名词复数 )
indigenous	本土的；国产的；固有的；原产的
begun	begin的过去分词
cfr	abbr. 运费在内条件（Cost and Freight）；未来研究中心（Center for Future Research）
brunette	浅黑肤色的女人；深褐色的
packets	数据包；小捆；小包（packet的复数）
anchor	锚；抛锚停泊；使固定
socks	短袜；袜子；鞋内的衬垫；轻软鞋；巨款；存款；存钱处；银箱；拳打；一击；重击
validation	批准；确认；证实；检验
parade	游行；炫耀；阅兵；(使)列队行进
corruption	腐败；堕落；贪污；论误
stat	静
trigger	触发器；扳机；触发；发射；引起；松开扳柄；切换开关
incentives	激励某人做某事的事物( incentive的复数形式 )；刺激；诱因；动机
cholesterol	胆固醇
gathered	（使）聚集（ gather的过去式和过去分词 ）；集合；推断；了解
Essex	艾塞克斯郡(英格兰郡名)
Slovenia	斯洛文尼亚
notified	通知；告知；报告( notify的过去式和过去分词 )
differential	差别的；特异的；微分的；差别；两路线运费差额；工资差额
beaches	海滩；海滨（beach的复数形式）
folders	文件夹；方法；折页；档案夹（folder复数形式）
dramatic	戏剧性的；生动的
surfaces	表面；曲面（surface的复数）
terrible	可怕的；令人恐惧的；极坏的
routers	路由器（router的复数）
cruz	（西）克鲁兹（男子名）
pendant	垂饰；下垂物；补充的东西；补编；垂环
dresses	衣服( dress的名词复数 )；装饰；连衣裙；礼服
Baptist	施洗礼者；浸礼会教友
scientist	科学家
starsmerchant	
hiring	租用；雇用
clocks	钟表；时钟（clock的复数）
arthritis	关节炎
BIOS	基本输入输出系统
females	雌性动物( female的复数形式 )；女人
wallace	华莱士（男子名）
nevertheless	然而；虽然如此
reflects	反射（光、热、声或影像）( reflect的第三人称单数 )；考虑；反照；表达
taxation	课税；征税；抽税；税款；估定的税额；纳税；税制
fever	发烧；发热；热病；热
pmc	abbr. 生产计划与物料控制（Product Material Control）；个人移动通信（Panasonic Mobile Communications）
cuisine	烹调风格；烹调法；烹饪；厨房
surely	的确地；安全地；保证；保证人；保证金
practitioners	习艺者；实习者( practitioner的复数形式 )；从业者（尤指医师）
transcript	抄本；副本；成绩单；法院文本；官方记录；记录的副本
myspace	“我的空间”；美国在线社交网站名称
theorem	定理；原理
inflation	胀大；夸张；通货膨胀；充气吹胀；膨胀
thee	你
NB	注意；留心；铌(41号元素)
ruth	怜悯；悲哀
pray	祈祷；恳求；请
stylus	铁笔；尖笔；唱针；指示笔
compounds	场地( compound的名词复数 )；复合物；（筑有围墙的）院子；复合词；调和( compound的第三人称单数 )；使混合；使严重；调停
pope	罗马教皇；主教
drums	鼓；鼓声（drum的复数）
contracting	缔约的；承包的
topless	无顶的；袒胸的
arnold	阿诺德（男子名）
structured	有结构的；结构的
reasonably	适度地；相当地
jeep	吉普车；乘吉普车；用吉普车运
chicks	雏鸡；小鸡（chick的复数形式）
bare	赤裸的；缺少的；无遮蔽的；坦率的；使赤裸；露出
hung	hang的过去式和过去分词
cattle	牛；家畜
mba	abbr. 工商管理学硕士（Master of Business Administration）；海洋生物协会（Marine Biological Association）；主要战区（Main Battle Area）
radical	激进分子；词根；基础；根式；根；激进的；根本的；基本的；根的
graduates	<美>毕业生( graduate的名词复数 )；<英>大学毕业生；（已经取得学士学位正在攻读高级学位的）研究生；量筒；渐变( graduate的第三人称单数 )；渐渐变为（与into连用）；渐渐消逝（与away连用）；取得资格（与as连用）
rover	漂泊者；流浪者；海盗；海盗船
recommends	托( recommend的第三人称单数 )；推荐；劝告；使显得吸引人
controlling	控制的；控制
treasure	宝物；财富；珍爱；重视；秘藏
reload	再装；再装填弹药
distributors	批发公司；批发商( distributor的复数形式 )；（汽车上的）配电器
flame	火焰；火舌；热情；光辉；焚烧；用火焰给...灭菌；用火焰传送(信号)；点燃；激动；燃烧；爆发；闪耀；无聊邮件；无益邮件
Levitra	艾力达；伐地那非；乐威壮
tanks	坦克；贮水池；大容器（tank的复数）
assuming	傲慢的；僭越的；不逊的
monetary	货币的；金钱的；金融的
elderly	过了中年的；稍老的
pit	深坑；矿井；果核；地窖；深渊；绝境；陷阱；窖藏；使凹下；使有麻点；去...之核；使留疤痕；使相斗；使竞争；起凹点；凹陷
arlington	阿林顿（美国马萨诸塞州一城市）；阿林顿国家公墓（National Cemetery；在弗吉尼亚州）
mono	单声道的
particles	粒子系统；微粒；粒子；碎木料（particle的复数形式）
floating	漂浮的；浮动的；移动的
extraordinary	非常的；特别的；非凡的；临时的
tile	砖瓦；瓷砖；瓦片；铺以瓦；铺以瓷砖；平铺
indicating	指示；表明
Bolivia	玻利维亚
spell	符咒；魅力；轮值；轮班；工作时间；一次发作；拼写；拼成；琢磨；理解；招致；轮换；迷住；拼字
hottest	热的；热烈的；最热门的
stevens	史蒂文斯（姓氏）
coordinate	同等的人(或物)；坐标；同等的；并列的；(使)协调
Kuwait	科威特
exclusively	排他地；仅仅；专门；只；仅；唯一地；专有地
emily	埃米莉（女子名）
alleged	被断言的；所谓的；提出而尚未证实的；声称的；宣称的
limitation	限制；缺陷；限额；限界；限度
widescreen	宽银幕；宽银幕的
compile	编译；编辑；编纂；收集
squirting	喷出；注射（squirt的ing形式）
Webster	韦伯斯特（姓氏或男子名）
struck	受罢工影响的；strike的过去式和过去分词
rx	处方；治疗方案
illustration	例证；插图
plymouth	普利茅斯（英国一座城市）
warnings	发出警告( warning的复数形式 )；征候；<古>（解雇、辞职等的）预先通知；可引以为戒的事（或人）
construct	构造；建造；对...进行构思；作图；构成物
apps	应用程序；应用软件；应用服务
inquiries	调查( inquiry的名词复数 )；疑问；探究；打听
bridal	新娘的；婚礼的
annex	附加物；附属建筑物；附加；盖(印)；并吞
MAG	杂志；星期专刊；期刊；仓库；军火库；弹药；库存物；弹仓；弹盘；弹盒；胶卷盒
gsm	abbr. 政府标准手册（Government Standards Manual）；销售总经理（General Sales Manager）；全球移动通信系统（Global System for Mobile Communications）
inspiration	灵感；鼓舞人心的人或物；妙计；吸气；吸
tribal	部落的；宗族的
curious	好奇的；求知的；古怪的
affecting	感人的；动人的
freight	船货；运费；货运；装货；使充满；以货运运送；租(或出租)(船等)
rebate	部分退款；折扣；退还；打折扣；退还部分付款
meetup	
eclipse	日食；月食；(地位名誉等的)消失；引起日食；引起月食；使黯然失色
Sudan	苏丹；苯偶氮间苯二酚
DDR	与设备有关的程式；数字数据记录器；设备动态重配置
downloading	下装；下载；下传
REC	接收；记录；恢复；补偿；娱乐
shuttle	穿梭；梭子；往返移动之物；(使)穿梭移动；往返运送
aggregate	合计；总计；聚集体；合计的；聚集的；聚集；集合；合计达；聚合体
stunning	打昏迷的；弄得人昏头昏脑的；令人震惊的
cycles	循环动作；圈数；周期（cycle的复数）
affects	影响；假装；喜欢（affect的三单形式）
forecasts	预测；预报( forecast的名词复数 )；预言；预报( forecast的第三人称单数 )
detect	发现；察觉；探测；查明
sluts	荡妇；懒妇；母狗( slut的复数形式 )
actively	活跃地；积极地
ciao	int. （意）你好；再见（见面问候语或告别语）
ampland	
knee	膝；膝盖；膝行；用膝盖碰
prep	(英)(非正式)准备功课；预备学校；预料；(美)(非正式)预备的；准备的；进预备学校；进行预备训练；自修；自我训练；预备；给病人作手术前的准备；准备
PB	10的15次方字节；铅(82号元素)
complicated	复杂的；并发的
chem	abbr. 化学（chemistry）
fastest	最快速的（far 的最高级）
butler	男管家；司膳总管
shopzilla	
injured	受伤的；受损害的；被触怒的；受害的；被害的
decorating	装饰；美化
payroll	工资名单；饷金名单；发放的工资总额；工资表；工资单
cookbook	食谱
expressions	表情；公式；表达式；表示式（expression是复数形式）
ton	吨
courier	送快信的人；伴游服务员；信使；送急件者
uploaded	上传；上载( upload的过去式和过去分词 )
Shakespeare	莎士比亚
hints	暗示；提示（hint的复数形式）
collapse	崩溃；倒塌；虚脱；瓦解；使倒塌；折叠
AMERICAS	美洲
connectors	连接器；接插件（connector的复数形式）
twinks	(twink 的第三人称 -s形式)；（游戏用语） 高等级带练低等级玩家；通常通过给与该等级通常无法获得的强力盔甲和武器。
unlikely	不太可能的
OE	abbr. （常印在账单上）遗漏不在此限（omissions excepted）；古英语（Old English）
GIF	图象交换格式
pros	赞成者；赞成的意见（pro的复数）
conflicts	冲突( conflict的名词复数 )；战斗；相互干扰；矛盾
techno	技术
beverage	饮料；饮料(如牛奶、茶、咖啡、啤酒等)
tribute	贡物；礼物；颂辞
wired	以金属丝加强的；接有电线的；以铁丝围起的
elvis	埃尔维斯（男子名）
immune	免疫的；免除的；不受影响的；免疫者
Latvia	拉脱维亚
travelers	旅行者；旅客（traveler的复数形式）
forestry	林学；森林地；林地；林业
barriers	障碍( barrier的复数形式 )；屏障；栅栏；分界线
cant	伪善之言；黑话；斜面；角落；讲黑话；倾斜
JD	法学博士
rarely	很少地；罕有地
gpl	abbr. grams per liter 克/升
infected	被感染的
offerings	样片；奉献（物）；供品；供奉祖先神佛的菜等；提供之物（offering的复数形式）
Martha	马大(<<圣经>>故事人物)
genesis	发生；起源；创世记；生殖
barrier	障碍；栅栏；势垒；阻片；阻挡层
argue	提出理由；争论；辩论；主张；证明；说服
incorrect	不正确的；不正确；错误的；不适当的
trains	火车；行列（train的复数形式）
metals	五金
bicycle	自行车
furnishings	家具；供应；穿戴用品（furnishing的复数）
letting	租金
arise	站立；出现；起来
Guatemala	危地马拉
Celtic	凯尔特族的；凯尔特语的；凯尔特语
thereby	因此
IRC	国际红十字会；Internet交互式闲聊程序
jamie	杰米（男子名）
particle	颗粒；粒子；质点；极小量
perception	知觉；感觉；领悟力；获取
minerals	矿物质；矿物；矿产；矿产品（mineral的复数）
advise	劝告；给...出主意；通知；建议；提意见；商量
humidity	湿气；潮湿；湿度
bottles	瓶子( bottle的名词复数 )；（婴儿）奶瓶；一瓶（的量）；酒
boxing	拳击；围模(牙科)
wy	abbr. 美国怀俄明州邮递区号（Wyoming）
DM	数学博士；医学博士；数据管理；数据模型；诊断监视器；频分多路技术
Bangkok	曼谷
renaissance	复活；复兴；文艺复兴；文艺复兴的
pathology	病理学；病理；病状；病变；闰理学
Sara	萨拉族；萨拉人
bra	奶罩；左矢；刁
ordinance	法令；条例；圣餐礼；条款
Hughes	体斯
photographers	摄影者（尤指）摄影师( photographer的复数形式 )
bitch	母狗；母狼；母狐
infections	传染病；口腔病害（infection复数形式）
jeffrey	杰弗里（男子名；等于Geoffrey）
chess	国际象棋；雀麦
operates	运转( operate的第三人称单数 )；操作；经营；管理
brisbane	布里斯班（澳大利亚东部城市）
configured	配置的；组态的；配置
survive	比...活得长；生存；生还；幸免于；活下来；幸存
Oscar	奥斯卡金像奖；钱；现金
festivals	节日( festival的复数形式 )；节期；（音乐、戏剧、电影等的）会演
menus	菜单（menu的复数形式）
joan	琼（女子名）
possibilities	可能性( possibility的名词复数 )；可能的事；可选择的方法；可以利用和改善的余地
duck	鸭子；没入水中；闪避；猛按...入水；躲避
reveal	露出；显示；透露；揭露；泄露；(神)启示；窗侧；门侧
canal	运河；水道；管；沟渠；开运河
amino	氨基的；氨基
phi	希腊语的第二十一个字母(Φ；φ)
contributing	贡献的；起一份作用的
herbs	药草；草本植物（herb的复数）
clinics	诊所( clinic的复数形式 )；门诊时间；私人诊所；临床实习
mls	abbr. 复式造表服务处（Multiple Listing Service）
cow	母牛；母兽；威胁
manitoba	马尼托巴湖（加拿大中南部）
analytical	分析的；善于分析的；解析的
missions	任务；传教工作；代表团（mission的复数）
Watson	沃森
lying	说谎；横躺的；说谎的
costumes	服装（costume的复数形式）
strict	严厉的；绝对的；详尽的；严格的；精确的
dive	潜水；跳水；俯冲；猛冲；把...突然伸入
saddam	萨达姆（伊拉克前总统）
circulation	流通；循环；发行量；环流
drill	钻孔机；钻子；播种机；粗斜纹布；训练；钻孔
offense	犯罪；伤感情；攻击
threesome	三人一组；三人的竞赛
bryan	布赖恩（男子名）
cet	abbr. 大学英语考试（College English Test）；已校正的发动机的测试（Calibrated Engine Testing）；对外统一关税（Common External Tariff）
protest	抗议；反对；抗议书；断言
handjob	［俚］手淫
assumption	假定；自负；担任；假装；承担
Jerusalem	耶路撒冷
hobby	嗜好；癖好；爱好
tries	尝试；试验（try的复数）
transexuales	
invention	发明；创作能力；虚构的故事
nickname	绰号；昵称；给...取绰号；叫错名字
Fiji	斐济(西太平洋)；斐济语；斐济人
technician	技师
inline	内联
executives	主管们；高管们；执行管理者；执行主管（executive的复数）
enquiries	询问（ enquiry的复数形式 ）；调查；查询；问讯处
washing	洗涤；浸；洗涤物；涂浆
audi	奥迪公司；奥迪汽车
staffing	人员指挥；配备职工
cognitive	认知的；认识的
exploring	探索的；探测的；扫描
trick	诡计；欺诈；谋略；恶作剧；习惯；决窍；愚弄；欺骗；装饰；哄骗；戏弄；有决窍的；特技的；欺诈的；漂亮的；靠不住的
enquiry	询问；询价；询盘
closure	关闭；使终止
raid	袭击；突袭；搜捕；奇袭；廉价磁盘冗余阵列
PPC	氨非咖片
timber	木材；木料；用木材建造
volt	伏特
intense	非常的；强烈的；紧张的；热情的；强的
div	abbr. 分开（divide）；区分（division）
playlist	播放列表；演出剧目表
registrar	记录者；登记者；登记官员；登记员；挂号员；专科住院医师
showers	阵雨（shower的复数形式）；淋浴站；淋浴设备
supporters	支持者；支持单位；支持单元
ruling	判决；裁定；统治；统治的；支配的；普遍的
steady	稳定的；不动摇的；沉着的；稳固的；坚定的；经常的；使稳定；使坚定；变为沉着；稳固
dirt	污垢；泥土
statutes	议会立法；章程（statute复数形式）
withdrawal	提款；撤退；退回；撤消；退隐；戒毒过程；戒除；脱瘾
myers	迈尔斯（姓氏）
drops	药水；滴剂
predicted	预言；预测；预示( predict的过去式和过去分词 )
wider	宽的；广阔的（wide的比较级形式）
Saskatchewan	萨斯喀彻温省
jc	abbr. 法学家（jurisconsult）
cancellation	取消；作废；注销戳；注销；保险单的注销
plugins	插件；插件程序；外挂程序（plugin的复数形式）
enrolled	登记（入会；卷）
sensors	传感器；感应器；感测器（sensor的复数）
screw	螺旋；螺杆；螺钉；螺旋桨；吝啬鬼；调节；扭紧；旋；拧；加强；压榨；勒索；转动
ministers	大臣( minister的名词复数 )；部长；公使；牧师
publicly	公然地；以公众名义
hourly	每小时的；以小时计的；频繁的；每小时地；频繁地；不绝地
blame	过失；责备；归咎于
Geneva	日内瓦；(荷兰)杜松子酒
freebsd	一种可免费使用的UNIX操作系统
veterinary	兽医的；兽医
acer	宏碁（公司名；主要生产个人电脑产品）
prostores	
reseller	分销商；代理销售商
dist	abbr. 距离（distance）；分配（distribution）
handed	有手的；用手的
suffered	受痛苦( suffer的过去式和过去分词 )；受损害；变糟；变差
intake	入口；吸入；吸入量；摄取量
informal	非正式的；不拘礼的；通俗的；日常使用的
relevance	中肯；关联；相关性
incentive	动机；激励的
butterfly	蝴蝶；蝶式棉块；翼形皮癣；纸蝶
tucson	图森（美国亚利桑那州南部城市）
mechanics	机械学；结构；力学
heavily	很重地；严重地；难以忍受地
swingers	摆动（或挥动）的人；赶时髦的人( swinger的复数形式 )
fifty	五十；五十个
headers	标题（header的复数）
mistakes	错误( mistake的名词复数 )；过失；误解；（用词或数字上的）错误；弄错；误解( mistake的第三人称单数 )；认不出；误会；看错
numerical	数字的；数值的；以数字表示的；擅长于计数的；用数字表示的
ons	abbr. 奥运信息服务（Olympic News Service）；物件名称服务（Object Name Service）；一夜情（One Night Stand）
geek	做低级滑稽表演的人
uncle	叔父；伯父；姨丈
defining	定义的
Xnxx	
counting	计算；计数
reflection	反映；沉思；映像；想法；责难；反射
sink	藏垢的场所；沟渠；污水槽；下沉；沉没；下陷；减弱；衰退；消沉；堕落；渗透；使低落；使下沉；陷于；投入(资金等)；挖掘
accompanied	陪伴；伴随；伴奏（accompany的过去分词）；伴随的；相伴的
assure	保证；使确信；弄清楚；担保；确信；保障
invitation	邀请；请柬；引诱；招待；吸引
devoted	投入的；深爱的
Princeton	普林斯顿
jacob	雅各（以色列人的祖先）；雅各布（男子名）
sodium	钠；钠Na
randy	喧闹的；大声的；好色的；粗鲁悍妇；莽汉
spirituality	精神性；灵性；教士；牧师
hormone	荷尔蒙；激素(旧称荷尔蒙)
meanwhile	其时；其间；同时；于此时
proprietary	所有者的；所有权的；私有的；所有者；业主；所有权
timothy	梯牧草；牛草
childrens	孩子们（child的复数）
brick	砖块；积木；用砖做的；用砖造；用砖砌
grip	紧握；柄；握力；握手方式；手提包；掌握；支配；控制；抓紧；抱住；吸住；握牢；有吸引力
naval	海军的；军舰的；有舰队的；船的
thumbzilla	
medieval	中古的；中世纪的
porcelain	瓷器；瓷；瓷制的
avi	abbr. 多媒体文件格式（Audio Video Interactive）
bridges	桥梁；纽带（bridge的复数）
pichunter	
captured	俘获( capture的过去式和过去分词 )；夺取；夺得；引起（注意、想像、兴趣）
watt	瓦(特)；瓦；瓦特
thehun	
decent	有分寸的；得体的；大方的
casting	投掷；铸成品；角色分配；浇铸；铸品
dayton	代顿（美国俄亥俄州西南部城市）
translated	译本
shortly	不久；简短；唐突地
cameron	卡梅伦/隆（男子名）
columnists	专栏作家( columnist的复数形式 )
pins	插脚；针；精确的综合导航系统
carlos	卡洛斯（男子名）
reno	里诺（美国一城市名；著名的“离婚城市”）
donna	（意）女士（置于女士名字前的尊称；相当于Madam）；堂娜（女子名）
Andreas	安德里亚斯（男子名）
warrior	战士；勇士；武士；鼓吹战争的人；战斗；尚武
diploma	文凭；毕业证书
cabin	小屋；客舱；关在小屋
innocent	无罪的；不懂事的；无知的；天真的人；笨蛋
bdsm	abbr. 绑缚与调教、支配与臣服、施虐与受虐（bondage & discipline；dominance & submission；sadism & masochism）
scanning	扫描；断续言语
IDE	集成电路设备；集成式驱动器电子设备接口
consensus	合意；一致；同感
polo	马球；水球
valium	地西泮；安定
copying	誊写；复写；仿形的
RPG	报表程序的生成程序
delivering	递送；交付( deliver的现在分词 )；发表；交出；发动
cordless	无绳索的；交直流两用的
patricia	帕特丽夏（女子名）
horn	角；角质；喇叭；号角；角制的；用角触；长角于
eddie	埃迪（男子名）
Uganda	乌干达
fired	因祸得福（电影名）
journalism	新闻业；报章杂志；报刊；新闻出版
Pd	钯(46号元素)
prot	abbr. 量角器（protractor）；保护（protection）；蛋白质纤维
trivia	琐事
adidas	阿迪达斯（体育用品公司；主要生产运动服等）
perth	珀斯；佩斯（澳大利亚城市）
frog	青蛙；蛙；马蹄叉
grammar	语法学；入门书；语法检查
intention	意图；目的；含义；愈合；意向
Syria	叙利亚
disagree	不一致；不适宜；抵触；不同意；争执
klein	克莱因（男子名）
harvey	哈维（男子名）
tires	轮胎（tire的复数）
logs	日志；原木（log的复数）
undertaken	undertake的过去分词
tgp	abbr. 三峡工程（Three Gorges Project）；白芍总苷（total glycosides of paeony）
hazard	冒险；危险；机会；冒...的危险；赌运气；使冒危险；相关危险
retro	制动火箭；减速火箭；（服装式样等）重新流行
Leo	狮子；狮子座
livesex	
statewide	全州的；遍及全州的
semiconductor	半导体
gregory	格雷戈里（男子名；古代罗马教皇之名）
episodes	发作；插曲（episode复数）
Boolean	布尔的；逻辑的；布尔型
circular	圆形的；循环的；间接的；环状的
anger	忿怒；激怒；使发怒；发怒
DIY	不雇工；自己动手；供业余爱好者自己学用的；自己动手制造和修理用具的主张
mainland	大陆；本土
illustrations	插图；插画（illustration的复数）
suits	西服；套装；讼案（suit的复数）
chances	机会( chance的名词复数 )；偶然；风险；某事发生的可能性
interact	互相影响；交互作用；幕间剧；幕间休息
snap	使突然中断；猛咬；争夺；拉断；使有啪啪声；厉声说；突然射击；用快照拍摄；咬；扑；抓；折断；劈啪地响；砰然关上；猛扑；劈啪声；申斥；快照；活力；一般时期的寒冷天气；揿钮；突然的；装搭扣的；猛地；子网访问协议
happiness	快乐；幸运；适当
Arg	精氨酸；银(47号元素)
substantially	实质上；本质上；大体上
bizarre	奇异的
glenn	格伦（男子名）
UR	单元记录
Auckland	奥克兰(新西兰港口)
olympics	奥林匹克运动会
fruits	孽息；收益；成果
identifier	检验人；标识符；用户标识符；用户ID
geo	长狭潮道；海湾
worldsex	
ribbon	缎带；色带；带状物；用丝带装饰；把...撕成条状；形成带状；带状条；格式栏
calculations	计算器；计算；运算（calculation的复数形式）
doe	母鹿；雌兔
jpeg	abbr. 联合图象专家组（Joint Photographic Experts Group）
conducting	引导( conduct的现在分词 )；带领；控制；传导
startup	启动
suzuki	铃木（日本机车商标）
trinidad	特立尼达拉岛
ati	abbr. 天线调谐电感（Aerial Tuning Inductance）
kissing	接吻的
wal	abbr. 预写式日志（Write-Ahead Logging）
handy	便利的；敏捷的；容易取得的；便于使用的；易操作的
swap	以货易货；交换；替换；交易
exempt	免税者；被免除义务者；免除的；使免除；豁免
crops	分批出现(疹)
reduces	减少；降低；将…归纳；折合（reduce的第三人称单数形式）
accomplished	完成的；实现的；有造诣的；熟练的；善社交的
calculators	计算器（calculator的复数）
geometry	几何学
impression	印象；意念；盖印；印记；印数；底色；效果；压迹；印模；影响
ABS	绝对；美国标准局
Slovakia	斯洛伐克
flip	掷；弹；轻击；空翻；用指轻弹；抽打；蹦跳；抛；筋斗；无礼的；翻转
guild	团体；协会；行业协会；同业公会
correlation	相互关系；相关；关联；联系
gorgeous	华丽的；灿烂的
Capitol	国会大厦；州议会大厦；朱比特神庙
sim	abbr. 用户身份识别卡（subscriber identity module）；工业管理学院（School of Industrial Management）；科学仪表舱（Scientific Instrument Module）；模拟计算机索引法（Simulated Machine Indexing）
dishes	餐具
RNA	核糖核酸
Barbados	巴巴多斯(岛)
Chrysler	克莱斯勒
nervous	神经紧张的；不安的；神经的；神经质的；神经过敏的
refuse	拒绝；谢绝；废物；扔掉的；无用的
extends	延伸；扩充；继承（extend的第三人称单数形式）
fragrance	芬芳；香味
mcdonald	麦克唐纳（男子名）；麦当劳（快餐店名称）
replica	复制品；目录分区复制
plumbing	测深；管子工行业；管道设备
Brussels	布鲁塞尔
tribe	宗族；部落；一群人；族(生物分类)
neighbors	街坊邻里；邻居；邻国；邻元素（neighbor的复数）
trades	交易；商业；各种营业；贸易（trade的复数）
superb	极度的；华丽的；极好的
buzz	嗡嗡声；流言；发出嗡嗡声；说闲话；使嗡嗡叫；散布
transparent	透明的；显然的；清晰的；透明
nuke	核武器；核电厂；原子核；以核武器攻击；把...打垮；核武器的
rid	免除；以...清除；使获自由；使摆脱；清除；摆脱
trinity	三人一组；三个一组的东西；三位一体
Charleston	查尔斯顿
handled	有把手的；有把柄的
legends	传说( legend的复数形式 )；民间传说；（地图或书中图表的）图例；传奇人物
boom	繁荣；隆隆声；急速发展；发隆隆声；使兴旺
calm	平稳；风平浪静；平静的；冷静的；平静下来；镇静；使平静
champions	夺标；盟主；冠军（champion的复数形式）
floors	楼地面；地板；楼层；层数（floor的复数）
selections	选集；选择（selection的复数）
projectors	电影放映机；幻灯机( projector的复数形式 )
inappropriate	不适当的；不相称的
exhaust	排气；排气装置；废气；抽完；用尽；耗尽；使精疲力尽
comparing	比较器
Shanghai	上海；浦东鸡；上海的；上海时行的；上海风格的；拐骗；胁迫
speaks	讲；谈( speak的第三人称单数 )；说；演说；从某种观点来说
burton	复滑车
vocational	职业的；职业上的；天职的
davidson	戴维森（姓氏）
copied	已复制的；复制的
scotia	凹形边饰
farming	农业；耕作
Gibson	吉布森
pharmacies	制药( pharmacy的复数形式 )；药店；药房；（医院的）药房
fork	叉子；叉状物；分岔；分支；分歧；做成叉形；叉起；派生指令
troy	金衡；金衡制；特洛伊城；用金衡制表示的
ln	abbr. 自然对数（Napierian Logarithm）；液态氮（Liquid Nitrogen）
roller	滚筒；滚轴；压路机；滚柱；托辊
introducing	介绍；引介（introduce的现在分词形式）
batch	一次所烘的面包；一次所制之量；一组；批；成批；分批；分批处理；一批
organize	组织；有机化；给予生机；组织起来
appreciated	感激( appreciate的过去式和过去分词 )；欣赏；（充分）意识到；对…作（正确）评价
alter	改变
nicole	尼科尔（女子名；等于Nichole）
Latino	拉丁美洲人
Ghana	加纳
edges	边界；边缘；优势（edge的复数）
UC	单通道；设备校验
mixing	混合；混频
handles	把；柄；控键（handle的复数形式）
skilled	熟练的；有技能的
fitted	配备的；放在合适地位的；拟定的
albuquerque	阿尔伯克基（美国新墨西哥州中部大城）
harmony	协调；和睦；调和；和声学
distinguished	卓著的；著名的
asthma	哮喘；气喘
projected	投影的；投射
assumptions	假定；臆断( assumption的复数形式 )；（责任的）承担；（他人债务的）承继；1)。 圣母升天
shareholders	股东( shareholder的复数形式 )
Twins	双子座；双子宫
developmental	发展的；进化的；启发的；发育的
rip	裂痕；破绽；拉裂；浪子；巨浪；被拉开；裂开；猛冲；撕；扯；劈
zope	
regulated	管制；管理；规定（regulate的过去分词）
triangle	三角形；三个一组；三角关系；三角
amend	修改；改善；改良；改过自新
anticipated	预期的；期望的
oriental	东方人；亚洲人；东方诸国的；亚洲的；东方的
reward	报酬；酬谢；赏金；奖赏；给...应有报应
windsor	温莎（地名；伦敦西方的城市）
Zambia	赞比亚
completing	完成；使完善( complete的现在分词 )；使完整；填写（表格）
gmbh	abbr. 股份有限公司（Gesellschaft mit beschrankter Haftung）
BUF	缓冲器
LD	致死剂量
hydrogen	氢；氢H-2
webshots	
sprint	短距离赛跑；全速跑；冲刺；全速跑过
comparable	可比较的；比得上的
chick	小鸡；小鸟；竹帘
advocate	提倡者；拥护者；主张；提倡
sims	abbr. 次级离子质谱分析法（secondary ion mass spectroscopy）
confusion	混乱；混淆；无秩序；含混
copyrighted	有版权的；受版权保护的
tray	托盘；公文盘；满盘；发射箱；淋盘
inputs	输入；投入（input的复数）
warranties	担保；特约条款（warranty的复数）
genome	基因组；染色体组
escorts	陪同；护送（escort的第三人称单数形式）
documented	备有证明文件的
thong	装皮带；用皮鞭打；皮带；皮鞭
medal	奖牌；勋章；授勋予
paperbacks	平装本；平装书( paperback的复数形式 )
coaches	长途客运汽车( coach的复数形式 )；（铁路）旅客车厢；教练；指导；训练；辅导( coach的第三人称单数 )
vessels	容器；船舶；血管（vessel的复数）
harbour	港；避难所；庇护；藏匿；(使)入港停泊
walks	搭板；跳板
sucks	不好；差劲（suck的复数）
Sol	溶胶；索尔(秘鲁货币单位)
keyboards	键盘乐器；键盘（keyboard的复数）
sage	圣人；哲人；鼠尾草属植物；贤明的；明智的
knives	pl. 刀子
eco	abbr. 电子耦合振荡器（Electron-Coupled Oscillator）；环境控制组织（Environmental Control Organization）；经济合作组织（Economic Cooperation Organization）
vulnerable	易受伤害的；有弱点的；易受影响的；脆弱的；成局的；易损的
arrange	安排；排列；达成协议；重排
artistic	艺术的；艺术家的；富有艺术性的
bat	蝙蝠；球棒；用球棒打；眨眼；成批
honors	优等成绩；(英)优等成绩奖金；给予优等生的荣誉；荣誉标志
booth	亭；摊棚；货摊；电话间
indie	独立制片人；独立制作的影(唱)片
reflected	反射的；得自他人的
unified	统一的；一致标准的
bones	骨骼；尸体
breed	种类；品种；养育；引起；饲养；繁殖
detector	发现者；检验器；检波器；检测器
ignored	忽略；不理会；不顾（ignore的过去分词）
polar	两极的；极地的；正好相反的；极性的；极线；极面
fallen	堕落的；落下来的；陷落的；fall的过去分词
precise	精确的；严谨的；明确的；精密的；正确的
sussex	苏塞克斯（英国郡名）
respiratory	呼吸的
notifications	通知；通告；告示（notification的复数）
msgid	
transexual	有异性转化欲的
mainstream	主流
invoice	发票；发货单；开发票；记清单
evaluating	评估（evaluate的ing形式）
lip	唇；口缘；唇状构造；以嘴唇碰；轻轻说出；口头上的；大型互连网信息包
subcommittee	小组委员会
sap	树液；体液；活力；坑道；消弱；警棍；使排出体液；使伤元气；使衰竭；挖坑道逼近；逐渐侵蚀；挖坑道；共享汇编程序；结构分析程序；符号汇编程序；服务器广告协议
gather	集合；聚集；渐增；使聚集；搜集；积聚
suse	德国最著名的Linux发行版（软件名）
maternity	母性；怀孕；妇产科医院；产妇的
backed	有背的；有财力支持的
alfred	阿尔佛雷德（男子名）
colonial	殖民的；殖民地的；殖民地居民
MF	中频；三聚氰胺-甲醛树脂；三聚氰酰胺-甲醛树脂
carey	凯里（等于Cary）
motels	汽车旅馆( motel的复数形式 )
forming	形成
embassy	大使馆；大使馆全体人员
cave	洞；穴；凹陷；塌落；挖洞；使凹陷；损坏...的基础
journalists	新闻工作者；新闻记者( journalist的复数形式 )
Danny	丹尼（男子名；等于Daniel）
rebecca	丽贝卡（女子名；寓意迷人的美）
slight	轻蔑；怠慢；轻微的；纤细的；脆弱的；苗条的；轻视；忽略
proceeds	pl. 收益；收入；收款；所得
indirect	间接的；非直截了当的；不坦率的
amongst	在...当中；在...之间；在...之中
wool	羊毛；毛织物；毛线；绒线；绒毛；棉
foundations	地基
msgstr	
arrest	逮捕；监禁；拘捕；抑制；吸引；阻止
volleyball	排球
mw	毫瓦
adipex	
horizon	地平线；眼界；(天)视地平
nu	希腊字母第13字
deeply	深刻地；在深处；深沉地
toolbox	工具箱
ict	abbr. 结缔组织炎症（Inflammation of Connective Tissue）；粘土工艺学会（Ins-tit
marina	码头
liabilities	碍事的人或物；负债；债务（liability复数形式）
prizes	奖赏( prize的名词复数 )；值得竞争的东西；难能可贵的事物；难以争取的重要事物；珍视；珍惜( prize的第三人称单数 )
bosnia	波斯尼亚；波士尼亚
browsers	浏览器（browser的复数）
decreased	（使）缩短；减小；减少( decrease的过去式和过去分词 )
patio	屋子与花园之间的一片供晴天休息用的石砌空地
DP	数据处理；诊断程序；数字绘图机；数据指示字；动态规划
tolerance	宽容；忍受；容忍；容许量；公差；允许误差
surfing	冲浪运动
creativity	创造力；创造性
lloyd	劳埃德（男子名）
describing	描述的
optics	光学
pursue	追赶；追踪；追随；追求；实行；继续；从事
lightning	闪电；闪电的
overcome	战胜；克服；胜过；得胜
eyed	有眼的
ou	abbr. 开放大学（Open University）；牛津大学（Oxford University）
quotations	价目；估价单；行情（quotation复数形式）
grab	抓握；掠夺；强占；东方沿岸帆船；抓取；抢去；攫取；捕获；霸占
inspector	检查员；巡视员
attract	吸引；诱惑；有吸引力
brighton	布赖顿（英国南部城市）
beans	豆子；豆类；黄豆（bean的复数）
bookmarks	书签（bookmark的复数）
ellis	埃利斯（男子名；等于Elias）
disable	使失去能力；使残废；(律)使无资格；使无效；禁止；关闭
snake	蛇；阴险的人；曲折行进；迂回；拉；急抽
succeed	成功；继承；继续；接替
leonard	伦纳德（男子名）
lending	出借；出借物
oops	(表示惊讶、沮丧、谢罪等)哎哟
reminder	提醒的人；暗示；催单
nipple	乳头；奶头；奶嘴；螺纹接口；螺纹接套
xi	希腊字母的第14个字母；粒子（等于xi particle）
searched	找寻( search的过去式和过去分词 )；搜查；探查；（用仪器）探测（外伤）
behavioral	行为的
riverside	河边；河畔
bathrooms	浴室( bathroom的复数形式 )；盥洗室；（带抽水马桶的）厕所；卫生间
plains	平地；平原（plain的复数）
sku	abbr. 库存单位（Stock Keeping Unit）
HT	手控终端；处理时间
raymond	雷蒙德（男子名）
insights	洞察力；眼力；深刻见解（insight的复数）
abilities	能力；才能（ability的复数形式）
initiated	开始( initiate的过去式和过去分词 )；传授；发起；接纳新成员
sullivan	沙利文；苏利文（人名）
za	南非
Midwest	(美国的)中西部；中西部
karaoke	卡拉OK；卡拉OK录音；自动伴奏录音
trap	圈套；陷阱；诡计；存水弯；设圈套；设陷阱；诱捕；诱骗；抓住；使受限制；俘获；陷井
lonely	孤单的；孤寂的；荒凉的
fool	愚人；受骗者；奶油拌水果；愚弄；欺骗；浪费；干傻事；开玩笑；游荡；傻的
ve	委内瑞拉
nonprofit	非赢利的；无利可图的；非营利的
lancaster	兰开斯特（美国成市）
suspended	悬浮的；暂停的；缓期的（宣判）
hereby	因此；据此
observe	觉察到；遵守；注意到；庆祝；注意；评论
julia	朱莉娅（女子名）
containers	集装箱；容器
attitudes	态度( attitude的复数形式 )；（表演时的）姿势；姿态；倾向
karl	卡尔（男子名；等于Charles）
berry	浆果；采集浆果
collar	衣领；颈圈；控制；扭住衣领；给...装上领子
simultaneously	同时发生；一齐；同时；同时存在
racial	人种的；种族的
integrate	综合；使完整；使成整体；成一体；完整的；完全的
Bermuda	百慕大岛
amanda	阿曼达（女子名）
sociology	社会学
mobiles	abbr. motion sculptures (plastic forms in motion) 运动雕塑（运动造型）；风铃；（可随风摆动的）悬挂饰物( mobile的复数形式 )
screenshot	屏幕截图
exhibitions	与展览；展示会；展示会（exhibition复数）
kelkoo	
confident	有信心的；有把握的
retrieved	重新取回；恢复；补偿；挽救（retrieved的过去分词）
exhibits	陈列品；展览（exhibit的复数）
officially	作为公务员；职务上；官方地
consortium	协会；合伙；(国际性)财团；合作；联合；财团
dies	死亡；凋谢；消失（动词die的第三人称单数形式）
terrace	阶地；梯田；房屋之平顶；阳台；沿岸防地；露台；叠层式的；使成梯田；使成有平台屋顶
bacteria	pl. 细菌；细菌；杆菌
PTS	程序测试系统
replied	反响；报复；回答（reply的过去分词）
seafood	海味；海鲜；鱼类
novels	小说（novel的复数）
RH	报表头
RRP	abbr. 建议零售价格（recommended retail price）
recipients	收件人（recipient的复数）
playboy	花花公子；乖巧的人
ought	应该；大概；责任
delicious	美味的
traditions	传统( tradition的复数形式 )；惯例
fg	abbr. 悬浮式陀螺（Floated Gyro）；细粒（Fine-Grain）
jail	监牢；监狱；拘留所；监禁；下狱
safely	安全地；确实地
finite	有限的；有穷的；限定的；有限物
kidney	肾；个性
periodically	定期；循环；间歇；周期；定期刊行；期刊
fixes	菲克斯类（一种烈酒）
sends	发送（send第三人称单数）
durable	持久的；耐用的
mazda	马自达汽车
allied	联盟的；联姻的；联系起来的
throws	曲拐（throw的复数形式）
moisture	湿气；水分；降雨；含水量；含湿量
Hungarian	匈牙利的；匈牙利人的；匈牙利语的；匈牙利人；匈牙利语
roster	花名册
referring	谈及；提交；谘询（refer的ing形式）
symantec	出品NORTON软件的公司
spencer	针织短外衣；斜桁纵帆
Wichita	威奇托（美国堪萨斯州城市）
nasdaq	abbr. 全国证券交易商自动报价系统协会（National Association of Securities Dealers Automated Quotation）
Uruguay	乌拉圭
ooo	已坏
Hz	赫兹
transform	使转换；改变；改造；使...变形；转化；变换
timer	计时员；计时器
tablets	药片( tablet的名词复数 )；（木、竹）简；碑；一块肥皂
tuning	调音；调谐；协调；调整
gotten	get的过去分词
educators	（尤指作为一种职业的）教育工作者；教员；教师( educator的复数形式 )
tyler	泰勒（男子名）；秘密会所看守人（共济会的）
futures	期货
vegetable	蔬菜；植物；无精打采之人；蔬菜的；植物的
verse	诗；韵文；诗句；用诗表达；作诗
highs	高的；高级的；崇高的；高音调的；高水平；天空；由麻醉品引起的快感；高压地带；高；奢侈地；(High)人名；(英)海伊
humanities	人文学科
independently	独立地；自立地
wanting	欠缺的；不足的；不够格的；没有；缺少
custody	监护；拘留；监禁；保管；照顾；保护
scratch	抓痕；搔；抓；擦伤；刮擦声；乱写；零分；起跑线；挖出；擦；刮；乱涂；勾抹掉；发刮擦声；勉强糊口；碰巧的；凑合的；打草稿用的；擦除
launches	汽艇（launch的复数）
ipaq	
alignment	队列；结盟；校正；校准；对齐；对准
masturbating	（对…）进行手淫( masturbate的现在分词 )
henderson	亨德森（姓氏）
Bk	锫(97号元素)
britannica	大英百科全书
comm	abbr. 委员会（committee）；通信（communication）；商业；贸易（commerce）；佣金；委任书（commission）
ellen	埃伦（女子名）
competitors	竞争者( competitor的复数形式 )；对手；参赛者；竞赛者
NHS	国家医疗保健机构
rocket	火箭；烟火；急升；猛涨；飞驰；用火箭运载
aye	赞成票；投赞成票者；永远；(表决时说)赞成
bullet	子弹；弹；距节(马)
towers	塔；塔器；空中跳台（tower的复数）
racks	货架；行李架；拷问台（rack的复数形式）
lace	饰带；花边；缎带；鞋带；结带子；饰以花边；系带子；全穿孔
nasty	污秽的；下流的；险恶的
visibility	可见性；能见度；能见距离
latitude	纬度；范围；宽容度；伟度
consciousness	意识；知觉；自觉；(有)意识；清醒
STE	软件测试环境；用户终端设备
tumor	肿大；肿块；瘤；赘生物；肿瘤；肿胀
ugly	丑陋的；邪恶的；险恶的；不祥的；丑陋的人(或物)
deposits	存放( deposit的名词复数 )；订金；寄存处；储蓄；存放( deposit的第三人称单数 )；（尤指小心地或准确地）放置；付（保证金）；（把硬币）放入（自动售货机）
beverly	贝弗莉（女子名）
mistress	主妇；女主人；情妇
encounter	相会；相遇；遭遇；遇见；邂逅；会战；偶然相遇
trustees	受托人( trustee的复数形式 )；信托公司；（公司、学院）理事；（慈善事业或其他机构的）受托人
watts	瓦特（功率单位）
duncan	邓肯（姓氏）
reprints	重印书；再版书( reprint的名词复数 )；转载( reprint的第三人称单数 )；（书籍）重印；再版
hart	雄赤鹿；雄鹿
bernard	伯纳德（男子名）
resolutions	分辨率；决心；解决；决议（resolution的复数）
ment	abbr. mention 提到；mental 精神的；mentalis 精神的；mentioned 提及的
accessing	访问
forty	四十；四十个
tubes	管子；导管；管状虫；伦敦地铁（tube的复数）
attempted	企图的；未遂的
col	出口；山坳；列
Midlands	英国中部
priest	祭司；牧师；神父；神质人员；僧侣；泰斗
Floyd	弗洛伊德
ronald	罗纳德（男子名）
analysts	分析家；分析师；分析员（analyst的复数）
queue	辫子；一队人；队列；使排队；将...梳成辫子；排队
dx	abbr. 试验驱逐舰（Destroyer Experimental）；远程接收或传输（Distance Reception or Transmission）；远程无线电通信（Distant Radio Communication）；双工接收器（Duplex Repeater）；高级的（deluxe）
SK	链球菌激酶；链球菌致活酶
trance	昏睡状态；恍惚；着迷；使恍惚；使发呆
locale	现场；场所
nicholas	尼古拉斯（男子名）
biol	abbr. biologi or biologisk (Dano-Norwcgian=biology or biologist) （丹麦-挪威语）生物学或生物学家；biological 生物（学）的；biologist 生物学家
yu	禹（传说的中国古代圣君）
bundle	捆；束；包扎；胡乱塞进；匆忙离开
hammer	锤；铁锤；钉锤；锤打；敲打；钉；连续锤打；锤头
invasion	侵犯；侵入；侵害；侵袭；发病
witnesses	目击者( witness的名词复数 )；证词；见证（以言行证实信仰）；见证人；作证( witness的第三人称单数 )；表示；（摆证据）…就是证据；是…的迹象
runner	跑步者；赛跑者；送信人；走私船；操作者；滑槽；碾碎机；压碎机
rows	返回引用中的行数；行（row的复数形式）
administered	管理( administer的过去式和过去分词 )；治理（国家）；给予；执行
notion	概念；观念；想法；打算；别致的小东西
sq	正方形；方形物；平方；广场；直角尺；矩尺；棋盘上的方格；纵横字谜；方阵
skins	（美）连皮烤土豆；面板；皮囊；皮肤（skin的复数）
mailed	披甲的；装甲的
OC	操作码；操作控制器
Fujitsu	富士通
spelling	拼；拼字；拼法；拼写检查
arctic	北极的；极寒的；北极圈；北极
exams	考试；检查（exam的复数）
rewards	奖励；奖品（reward的复数）
beneath	在...下方
strengthen	加强；变坚固；变强；股票上涨
defend	防护；辩护；防卫；作...的辩护律师；为...答辩
aj	合金结（抗干扰）
frederick	弗雷德里克（男子名）
medicaid	医疗补助方案；医疗补助项目；公费医疗补助制；医疗保健业
treo	罗姆伯格（氏）病的串联性眼开合
infrared	红外线的；红外线
seventh	第七；七分之一
gods	上帝们；众神；诸神；泛指神灵（god的复数）
une	abbr. 联合国欧洲总部（United Nations European Headquarters）；通用非线性元件（Universal Nonlinear）；西班牙标准（Una Norma Espanola）
Welsh	威尔士的；威尔士人；赖赌帐；逃避责任
belly	腹部；食欲；使鼓起；鼓起；匍匐前进
aggressive	侵略的；挑畔的；进取的；爱挑衅的；行为过火的
tex	特；特克斯
advertisements	广告（advertisement的复数）；宣传
quarters	寓所；营房；住处
stolen	steal的过去分词；被偷窃的
CIA	中央情报局；中国互联网络协会
sublimedirectory	
soonest	不久( soon的最高级 )；即刻；早；快
Haiti	海地
disturbed	混乱的
determines	（使）下决心；（使）做出决定( determine的第三人称单数 )；决定；确定；使决定
sculpture	雕刻；雕塑；当雕刻师
poly	理工学院；工艺高等专科学校；聚尿苷酸
ears	abbr. 电声额定系统（Electro-Acoustic Rating System）
dod	abbr. 美国国防部（Department of Defense of the United States）
WP	字处理；工作区指示字
fist	拳头；手；拳打；握成拳；紧握
naturals	非常适合或肯定成功的人或事物( natural的复数形式 )
neo	最新式
motivation	动机；刺激；推动；促动；诱导
lenders	出借人；贷方( lender的复数形式 )
pharmacology	药理学；药物学
fitting	适宜的；试穿；试衣；装配；装置
fixtures	固定附物；固定附着物；固定财产；卡具；固定装置（fixture的复数形式）
bloggers	博客
mere	小湖；池塘；仅仅的；只不过的
agrees	同意；赞同( agree的第三人称单数 )；（在性、数、人称或格方面）一致；相同；和睦相处
passengers	乘客( passenger的名词复数 )；旅客；白吃饭的人；闲散人员
quantities	数量；工程量；音符长度（quantity的复数）
petersburg	彼得斯堡（美国城市）；彼得堡（苏联城市列宁格勒旧称）
consistently	坚固；坚实；一致；始终如一；连贯；相容地
powerpoint	微软办公软件
CONS	面向连接的网络服务
surplus	剩余；过剩；盈余；过剩的；剩余的
elder	年长者；老人；前辈；年长的；资深的
sonic	音波的；音速的；声音的；音波
obituaries	讣告；讣闻( obituary的名词复数 )
cheers	干杯；再见
dig	挖；翻土；发掘；挖掘；数字；数位
taxi	出租车；乘出租车；用出租车送
punishment	处罚；刑罚；惩罚；罚
appreciation	感激；赏识；鉴别；涨价；增值
subsequently	后来；随后
om	abbr. 英国功劳勋章（Order of Merit）
Belarus	白俄罗斯；白俄罗斯共和国
nat	守护神；精灵
zoning	分区制；带现象(补体结合)
gravity	地心引力；重力
providence	深谋远虑；天意；天命
thumb	拇指；以拇指拨弄；笨拙地摆弄；用拇指翻旧；迅速翻阅；作搭车手势
restriction	限制；限定；约束
incorporate	合并的；组成公司的；一体化的；吸收；合并；使组成公司；体现；混合；组成公司
backgrounds	背景图片；背景（background的复数形式）
treasurer	会计；出纳员；司库；财务主任；财政大臣
guitars	吉他（guitar的复数）
essence	实质；本质；香精
flooring	地板；地板材料；铺地板
lightweight	不到平均重量的人/物；轻量级；无足轻重的人；性格不够强的人；平均重量以下的；重量轻的；轻便的；轻量的
Ethiopia	埃塞俄比亚
TP	磁带；终端打印机；终端处理器；终端协议；测试程序；事务处理
mighty	有势力的人；有势力的；强大的；有力的；很；极
athletes	运动员( athlete的复数形式 )；体育家；擅长运动的人；健儿
humanity	人性；人类；博爱
transcription	抄写；抄本；转录；转录作用
jm	abbr. 牙买加（Jamaica）；法律硕士（Master of Law）
holmes	福尔摩斯（英国作家柯南道尔所著侦探小说中的神探）
complications	并病；并发症（complication的复数）
scholars	奖学金获得者( scholar的复数形式 )；学者；聪颖勤奋的学生；文人学士
DPI	数据处理设备
scripting	脚本语言；脚本撰写；脚本处理
GIS	图形输入系统；通用信息处理系统
remembered	记得；牢记( remember的过去式和过去分词 )；纪念；记着；回想起
galaxy	银河；星系；一群(显赫的人物)；银河系
chester	切斯特（美国港口城市）；切斯特（英国一城市）
snapshot	快照；抽点打印；瞬象
caring	有同情心的；表示或感到关怀或关心的
LOC	局部；通信线路；位置；单元
worn	用旧的；穿旧的；wear的过去分词
synthetic	合成物质；综合(性)的；人造的；合成的
shaw	杂木林
VP	虚存处理器
segments	积弓形片模型；片段；段数（segment的复数）
testament	遗嘱；<<圣约书>>；遗言；确实的证明
expo	展览会；市集；义卖
dominant	占优势的；支配的；优性的；显性的
twist	一扭；扭曲；曲折；歪曲；螺旋状；新手法；拧；扭；捻；编织；使扭转；缠绕；盘绕；使转动；使苦恼；使混乱；使旋转；转向；弯曲；扭动；呈螺旋形
specifics	详情；细节；特性（specific的复数）
itunes	苹果公司最热门音乐软件（苹果公司开发的与iPod搭配的在电脑上使用的音乐播放器和音乐管理器）
stomach	胃；食欲；欲望；肚子；吃下；忍受
partially	部分地；一部分地；不公平地
buried	埋葬的；埋藏的
CN	通信网络
newbie	新成员
minimize	将...减到最少；最小化
Darwin	达尔文
ranks	队伍；用户等级；级别（rank的复数）
wilderness	荒野；荒地；大量
debut	初次登台；开张
generations	世代（generation的复数）
tournaments	锦标赛；联赛( tournament的复数形式 )；中世纪的骑士比武
bradley	布兰得利（男子名）
deny	否认；拒绝
anatomy	剖析；解剖学；骨骼；结构；解剖
Bali	巴厘岛
Judy	朱迪（女子名）；朱迪（英国木偶戏 Punch and Judy中的妻子）
sponsorship	发起；倡议；主办；保证人的地位；教父的地位；教母的地位
headphones	听筒；耳机；头戴式受话器（headphone的复数形式）
fraction	小部分；破片；分数；部分；成分；分散
trio	三重唱
proceeding	进行；程序；行动；诉讼程序；事项；会议论文集
cube	立方体；立方
defects	缺点；瑕疵；不合格品（defect的复数）
volkswagen	大众汽车（财富500强公司之一）
uncertainty	不确定；不可靠；不确定的事物；不确定度
breakdown	崩溃；故障；事故；击穿
milton	米尔顿（男子名；英国诗人）
marker	作记号的人；记分员；书签；纪念碑；里程碑；标识物；标记
reconstruction	改造；再建；改建；翻造
subsidiary	子公司；附件；辅助者；辅助的；次要的；津贴的
strengths	长处；优势；强项（strength的复数形式）
clarity	清楚；明晰；透明度；透明性；清晰性
rugs	地毯；毯子（rug的复数）
sandra	桑德拉（女子名）
adelaide	阿德莱德（女子名；澳大利亚港市）
encouraging	鼓励的；促进的
furnished	家具；有家具的
Monaco	摩纳哥
settled	固定的；决定的；持续的；难以消除的；付讫的；结过帐的
folding	可折叠的；折叠；折叠效应
Emirates	阿联酋航空公司
terrorists	恐怖分子；恐吓者（terrorist的复数）
airfare	飞机票价
comparisons	比较( comparison的复数形式 )；比喻；（形容词或副词的）比较等级；类似
beneficial	有益的；受益的；有使用权的；可享利益的
distributions	分配( distribution的复数形式 )；分类；分发；分配物
vaccine	牛痘苗；疫苗；疫苗的；牛痘的
belize	伯利兹城（拉丁美洲国家）
crap	废物；废话；掷骰子
fate	命运；运气；注定
viewpicture	
promised	&；(promise的过去式或过去分词形式)；承诺；允诺；答应；允诺( promise的过去式和过去分词 )；有…希望；预示
volvo	沃尔沃（汽车品牌；总部设在瑞典）
penny	便士；一分；小钱；点滴
robust	健康的；强健的；要用力气的；坚定的；粗野的；健壮性
bookings	未交定货
threatened	受到威胁的；威胁(threaten的过去分词)
minolta	美能达牌照相机（日）
Republicans	共和党；共和党员（republican的复数形式）
discusses	讨论；论述；辩论
GUI	图形用户界面
porter	大楼管理员；门房；搬运工人；侍者；服务员；搬运车
gras	abbr. 一般认为安全（Generally Recognized as Safe）
jungle	丛林；杂乱的一堆；弱肉强食的地方
VER	DOS内部命令:在屏幕上显示正在使用的DOS的版本号
RN	(英国)皇家海军；注册护士；新闻阅读程序
responded	回答；回报；响应( respond的过去式和过去分词 )；有反应；有效果；有影响
rim	边；轮缘；框；镶边；为...装边；形成边缘
abstracts	抽象概念( abstract的名词复数 )；抽象派艺术作品；摘要
Zen	禅宗
ivory	象牙；乳白色；象牙制的；乳白色的
alpine	高山的；高山生长的
Dis	狄斯(阴间的神)；阴间；冥府
prediction	预言；预报；预测
pharmaceuticals	医药品
andale	安代尔；安达莱
fabulous	传说的；寓言般的；难以置信的
remix	使再混合；再搅拌；重新合成（乐曲等）
alias	别名；化名；以化名为人所知；替换入口
thesaurus	专类辞典；宝库；知识宝库；叙词表；主题词表；同义词；同义词典
individually	以个人身分；各个地；独特地
battlefield	战场；沙场
literally	逐字地；按照字面上地；不夸张地
newer	更新的；更新
kay	字母K；K字形物
ecological	生态学的；主张生态保护的；生态的
spice	香料；药料；香气；调味品；情趣；少许；加香料；使添趣味
oval	椭圆形；卵形的；椭圆形的
implies	暗示；暗指( imply的第三人称单数 )；必然包含；说明；表明
CG	重心；光气
soma	身体；肉体；身体细胞；体；躯体
ser	锡厄(印、巴等国重量单位)；丝氨酸
cooler	冷却器
appraisal	评价；估价；评估
consisting	由…组成( consist的现在分词 )；包括；存在于；表现为（常与 in 连用）
maritime	海的；海上的；海事的；沿海的；海员的
periodic	周期的；定期的；间歇(性)的；循环的；用完整句的；高碘的；周期性的
submitting	顺从( submit的现在分词 )；听从；屈服；甘受
overhead	经常开支；普通用费；天花板；在头上的；高架的；在头顶上；在空中；在高处；从头到脚全部没入地；总开销；额外开销
ASCII	美国信息交换标准码；美国标准信息交换码
prospect	景色；展望；勘探；勘察；有前途
shipment	装船；出货；运送；运送(寄出)货物；装载
breeding	教养；生育；饲养；繁殖；育种
citations	引用( citation的复数形式 )；引证；引文；表扬
geographical	地理学的；地理的
donor	捐赠人；给体；供体
Mozambique	莫桑比克
tension	紧张；不安；拉紧；张力；压力；电压；使紧张
href	abbr. 超文本引用（hypertext reference）；超链接
Benz	奔驰(汽车)
trash	垃圾；废物；丢弃
shapes	图形；二维造型体；身材；形状（shape的复数）
wifi	abbr. 基于IEEE 802.11b标准的无线局域网（Wireless Fidelity）；无线网络模块
tier	排；层；等级
fwd	abbr. forward 向前；front-wheel drive 前轮驱动（装置）；four-wheel drive 四轮驱动；freshwater damage 淡水破坏
earl	伯爵
manor	庄园；采邑；采地
envelope	信封；封套；封袋；膜；包袋
diane	黛安（等于Diana；女子名）
homeland	本国；故国
disclaimers	放弃( disclaimer的复数形式 )；拒绝；放弃者；免责声明
championships	锦标赛( championship的复数形式 )；冠军的地位（称号、等级、保持称号的时期）；维护；支持
excluded	排除；不包括在内( exclude的过去式和过去分词 )
andrea	安德里亚（男子名）
breeds	品种；族类（breed的复数形式）
rapids	湍流；急流
disco	夜总会；迪斯科；的士高
sheffield	谢菲尔德（英国城市）
bailey	城郭；外栅
Aus	八月
endif	
finishing	最后的；终点的；涂饰
emotions	情绪；情感（emotion的复数形式）
wellington	惠灵顿长靴
incoming	进来的；刚开始的；新来的；进来
prospects	预期；前景；潜在顾客；远景展望
lexmark	美国利盟公司
cleaners	干洗店
bulgarian	保加利亚人；保加利亚语
hwy	abbr. highway 总线；公用信道；交通干道；高速公路
eternal	永恒的；永远的；不灭的
cashiers	出纳员( cashier的名词复数 )
Guam	关岛
cite	引用；引证；表彰；指引
aboriginal	原始的；土著的；土著居民；土生生物
remarkable	不平常的；值得注意的；显著的
rotation	旋转；循环；轮流
NAM	全国制造商协会(美国)
preventing	预防( prevent的现在分词 )；阻碍；阻止；引领
productive	能生产的；有生产价值的；多产的；产出性的；产生性的
boulevard	林荫大道
eugene	尤金（男子名）
ix	abbr. 离子交换（Ion Exchange）
GDP	鸟苷二磷酸
pig	猪；猪肉；贪婪的人；猪一样的人；生小猪；象猪般地生活
metric	公尺的；公制的；计量的；测量的；米制的
compliant	顺从的；屈从的；适用于；配合...使用
minus	负号；不足；减的；负的；阴性的；减；缺；负差
penalties	惩罚( penalty的名词复数 )；刑罚；害处；足球点球
bennett	班尼特（男子名；等于Benedict）
imagination	想像；听觉；想像力
hotmail	微软电子邮件
refurbished	&；(refurbish的动词过去式或过去分词形式)；再磨光；刷新；刷新( refurbish的过去式和过去分词 )；擦亮；使清洁；整修
Joshua	约书亚(<<圣经>>人物)；<<约书亚记>>
Armenia	亚美尼亚
varied	不同的；杂色的；各式各样的；种种的；变化的
grande	重大的；显要的
closest	最靠近的（close的最高级）
activated	活性化的；活泼的
actress	女演员
mess	食堂；伙食；用膳；一份食品；混乱；乱七八糟；困境；将...弄糟；妨碍；使紊乱；使就餐；陷入困境；搞乱
conferencing	召开会议
assign	分配；指派；赋值
Armstrong	公理
politicians	政治家( politician的复数形式 )；政客；玩弄权术者
trackbacks	
lit	light的过去式和过去分词
accommodate	使适应；调和；通融；容纳；向...提供；适应
tigers	老虎（tiger复数）
aurora	曙光；极光；奥罗拉(曙光女神)
una	abbr. 联合国协会（United Nations Association）
slides	滑；徐徐而行；下跌（slide的三单形式）
Milan	米兰
premiere	初次公演；首次露面；初次的演出；首次的；首位的
lender	出借人；贷方；出借者；贷款人
villages	村( village的复数形式 )；乡村；村庄；村镇
shade	荫；阴暗；遮光物；灯罩；帘；浓淡；微量；底纹；渐变；使阴暗；使渐变；遮蔽；微减
chorus	合唱队；齐声；齐声说道；合唱
christine	克莉丝汀（女子名）
rhythm	旋律；节奏；韵律；匀称；张弛节律；节律
digit	数字；位数；指头；数位；位
argued	争论
dietary	饮食的；规定食物
symphony	交响乐；交响曲
clarke	克拉克（姓氏）
sudden	突然；忽然；突然的；意外的；快速的
accepting	易接受的；赞同的；承兑的
precipitation	坠落；沉淀；降水；轻率；急速；猛冲；突如其来；析出
marilyn	玛里琳（女子名）
lions	腰角；雄狮；狮子（lion的复数）
findlaw	
ADA	数据自动采集程序；自动动态分析程序
pools	猜足球赛胜负的赌博
TB	结核；肺结核；结核病；结核杆菌；太字节(万亿字节)
lyric	抒情诗；歌词；抒情的
claire	克莱儿（女子名）
isolation	隔绝；孤立；隔离；分离；生物分离
speeds	速度( speed的名词复数 )；快速；快门速度；感光度；急行；加速( speed的第三人称单数 )；超速行驶；快速运送；加速；促进
sustained	持续的；持久不变的；持久的；不懈的
matched	相配的；敌得过的
approximate	大约的；接近的；近似的；接近；使接近；粗略估计；接近于
rope	绳；索；粗绳；绞索；决窍；捆；缚；绑；圈起；以绳将...系住；拧成绳状
Carroll	卡罗尔（罗马人的姓）
rational	理性的；合理的；有理数
programmer	程序员；程序设计员
fighters	战士（ fighter的复数形式 ）；战斗机；打斗者；奋斗者
Chambers	钱伯斯（姓氏）
dump	垃圾场；倾倒；倾销；倒垃圾；倾销商品；转出；转储；倾卸；切断电源
greetings	问候；招呼( greeting的复数形式 )；祝贺；祝词
inherited	遗传的；继承权的；通过继承得到的
warming	暖和；加温；暖热；温暖；(非正式)打；鞭打
incomplete	不完全的；未完成的；不完善的
vocals	（乐曲中的）歌唱部份；声乐部份( vocal的名词复数 )
chronicle	年代记；记录；编年史；把...载入编年史
fountain	水源；源；喷泉；泉水；本源；泉
chubby	圆胖的
grave	墓穴；坟墓；终结；死亡；庄重的；严肃的；重大的；低沉的；雕刻
legitimate	合法的；正当的；婚生的；认为正当；立为嫡嗣；使合法
biographies	列传；传记（biographie的复数形式）
burner	火炉；烧火的人；灯；灯头；烧嘴炉；燃烧器；燃烧炉
yrs	abbr. 年（years）；你们的（yours）
foo	富/夫（姓氏）
investigator	调查者；审查者；审查员；侦查员；调查员
gba	abbr. 小神游GBA（Game Boy Advance；掌上游戏机）；网球王子（Genius Boys Academy；游戏名）；（德国）（好书共享协会）Gute Bücher für Alle；全球计费协会（Global Billing Association）
plaintiff	原告；起诉人；原起诉人
Finnish	芬兰语；芬兰的；芬兰人的；芬兰语的
gentle	温和的；文雅的
BM	医学士；不列颠博物馆；主机；基准；标准检查程序；商用机器
prisoners	囚徒( prisoner的复数形式 )；俘虏；被夺去自由的人等
deeper	更深
Muslims	穆斯林（muslim复数）
hose	水管；橡皮软管；长统袜；用水管浇
Mediterranean	地中海；地中海民族；地中海的；地中海民族的
nightlife	夜生活
footage	英尺长度；英板尺；(影片的)连续镜头
howto	基本知识的
worthy	杰出人物；有价值的；可敬的；值得的
reveals	显示( reveal的第三人称单数 )；揭示；泄露；启示
architects	建筑师( architect的复数形式 )；设计师；缔造者；创造者
saints	圣人；圣徒（saint的复数）
entrepreneur	企业家；主办人；承包商
carries	传递；携带；运载；怀孕（carry的第三人称单数形式）
SIG	特别兴趣新闻组
freelance	自由作家；自由投稿；自由职业者；自由投稿的
duo	二重唱
excessive	过度的；过多的；极端的；过分的；额外的
devon	德文郡（等于Devon shire；英国郡名）；德文岛（加拿大北部）
screensaver	屏幕保护（程序）
helena	海伦娜（女子名）
saves	救援（save的复数）
regarded	关系( regard的过去式和过去分词 )；注意；（尤指以某种方式）注视；尊敬
valuation	评价；估价；价值判断；计价
unexpected	料想不到的；突然的；意外的；不能预料的
cigarette	香烟；纸烟
fog	雾；迷惑；(割后的)最生草；苔藓；被雾笼罩；变模糊；使困惑；以雾笼罩
characteristic	特性；特征；特色；特性的；特有的；有特色的；阶；指数
marion	马里恩（男子名）
lobby	大厅；休息室；游说议员者；游说议员；游说
Egyptian	埃及人；埃及的；埃及人的
Tunisia	突尼斯
metallica	金属乐队（美国乐队名）
outlined	画出…的轮廓( outline的过去式和过去分词 )；概述；列提纲
consequently	所以
headline	大标题；新闻摘要；为...做标题；写标题
treating	处理
punch	打洞器；钻孔机；冲压机；冲床；潘趣酒；以拳重击；开洞；冲压；用拳猛击
appointments	约会( appointment的复数形式 )；任命；职务；职位
STR	同步收发机
gotta	必须；有；拥有
cowboy	牛仔；牛郎；牧童
narrative	叙述；故事；叙述的；叙事的；故事体的
Bahrain	巴林岛
enormous	巨大的；庞大的
karma	因果报应；命运
consist	组成；存在于；一致
betty	贝蒂（女子名）
queens	皇后区；女王（queen的复数形式）
academics	学习；学术；学者( academic的复数形式 )；大学教师；（院校的）学术活动；柏拉图哲学信奉者
pubs	小酒馆；酒吧（pub的复数）
quantitative	数量的；定量的
shemales	
lucas	卢卡斯（男子名；等于Luke）
screensavers	屏幕保护（程序）( screensaver的名词复数 )
subdivision	细分；分部；再分；亚门
tribes	部落( tribe的复数形式 )；（动、植物的）族；（一）帮；大群
VIP	要人；大人物；血管活性肠肽
defeat	败北；失败；击败；使落空
clicks	点击数；滴答声（click的复数）
distinction	区别
Honduras	洪都拉斯
naughty	顽皮的；没规矩的；不适当的；下流的
hazards	危险( hazard的名词复数 )；冒险的事；危害物；危险的根源；冒险做（无把握之事）( hazard的第三人称单数 )；冒险做出；尝试着做；冒…的风险
insured	被保险人
Harper	哈珀（英语姓氏）
livestock	家畜；牲畜
mardi	(Mardi)人名；(阿拉伯)马尔迪；abbr. 马来西亚农业发展研究所（Malaysian Agricultural Research and Development Institute）
exemption	解除；免除；免税；免检
tenant	承租人；房客；居住者；租借；占据者
sustainability	持续性；能维持性；永续性
cabinets	内阁( cabinet的复数形式 )；橱；（有特殊用途的）小房间；展览艺术品的小陈列室
tattoo	归营号；连续有节奏的敲击；文身；矮种马；连续有节奏地敲；刺花纹于；作连续有节奏的敲击
shake	摇动；震动；动摇；使震动；挥舞；发抖
algebra	代数学
shadows	阴影；影子（shadow复数）
holly	冬青树
formatting	格式化
silly	愚蠢的；糊涂的
nutritional	营养的；滋养的
yea	肯定；赞成；赞成票；投赞成票者；赞成者
mercy	仁慈；宽恕；慈悲；怜悯；幸运；权宜处置权；决定权
hartford	哈特福特（美国康涅狄格州首府）
freely	自由地；随意地；无拘束地；直率地；坦白地；慷慨地；免费地；大量地；浮动地
Marcus	马库斯（男子名）
sunrise	日出；黎明；拂晓
wrapping	用于包裹的材料；绕接
mild	温和的；温柔的；淡味的；适度的；轻微的；(肥皂等)软性的；轻的；缓和的
fur	毛皮；以毛皮制作；使生苔；使生水垢；生苔；积水垢
Nicaragua	尼加拉瓜
weblogs	
timeline	时间轴；时间表
tar	焦油；柏油；水手；涂以焦油；玷污；怂恿；焦油的
belongs	属于( belong的第三人称单数 )；是…的成员；应被放在；适应
rj	abbr. 交叉路口（road junction）
readily	迅速地；轻易地；乐意地
affiliation	联系；从属关系；父权(判定私生儿的父亲)
SOC	社科新闻类
fence	围墙；栅栏；买卖赃物的人；剑术；用篱笆围住；练习剑术；防护；击剑；搪塞
nudist	裸体主义者
infinite	无限；神；无穷的；无限的；极大的
Diana	狄安娜；独身女子
ensures	确保( ensure的第三人称单数 )；担保获得；使（某人）获得；使安全
relatives	亲属；关系词（relative的复数）
lindsay	琳赛〔女子名）
clan	氏族；宗族；集团；支
legally	法律上；合法地；法定地
shame	羞耻；羞愧；耻辱；使羞愧；侮辱
satisfactory	满意的；赎罪的；令人满意的；令当事人满意的；充分的
revolutionary	革命者；革命党人；革命的；革命性的
bracelets	手镯；臂镯( bracelet的复数形式 )
sync	同步的
civilian	平民；民法专家；平民的；百姓的；民用的
telephony	电话学；电话通信；电话制造
mesa	台面；岩滩；平顶山
fatal	致命的；重大的；命运注定的；粗心的；不幸的；致死的
remedy	药物；治疗法；治疗；补救；赔偿；矫正；改善；修补；修缮
realtors	房地产经纪人（realtor 的复数）
breathing	呼吸；瞬间；微风；呼吸的；逼真的
briefly	简短地；扼要地；简明地；简单地
thickness	厚度；密度；愚钝；含混不清
adjustments	调解( adjustment的复数形式 )；<心>调节；调整；调节器
graphical	图的；记录的；图示的；图解的；书法的；绘画的；印刷的；雕刻的；详尽的；图解式的
genius	天才；天赋；精神；神魔；特征
discussing	谈论( discuss的现在分词 )；讨论；商量；论述
aerospace	航天空间；航天技术
fighter	斗士；战士；好战者；战斗机
meaningful	意味深长的
flesh	肉；肉体；肉欲；人性；亲属；人类；众生；人体；以肉喂；激起...的杀戳情绪；使肥；赋以血肉；长胖
retreat	休息寓所；撤退；隐居；退避；隐退；向后倾；退(棋)
adapted	适合的
barely	几乎不
wherever	无论哪里
estates	不动产；房地产；财产（estate的复数）
rug	小块地毯；揭露某人
democrat	民主人士；民主主义者；民主党党员；民主党
borough	自治的市镇；区
maintains	保持( maintain的第三人称单数 )；保养；坚持；保卫
failing	失败；缺点；如果没有...；失败的
shortcuts	快捷键；快捷方式；捷径（shortcut的复数）
ka	千安培
retained	保持( retain的过去式和过去分词 )；拦住；保存；止住
voyeurweb	
pamela	帕梅拉（女子名）
andrews	安德鲁斯（姓氏）
marble	大理石；石弹；雕刻品；大理石的；冷酷无情的；有大理石花纹的
extending	扩展；伸长
Jesse	耶西(<<圣径>>故事人物)
specifies	指定
hull	壳；皮；船体；去壳
logitech	罗技
surrey	四轮双座轻便游览马车
briefing	简报；情况的简要介绍
belkin	贝尔金
DEM	解调器
accreditation	委派；信托；鉴定合格；立案；备案；任命
wav	声音资源文件；音频文件格式
blackberry	刺；黑莓；黑果莓
highland	高地；苏格兰高地
meditation	沉思；冥想
modular	模数的；有标准组件的；积木式的；模块化的
microphone	扩音器；麦克风；传声器
Macedonia	马其顿
combining	结合性的；化合的；组合
brandon	布兰登（男子名）
instrumental	仪器的；器具的；可作为手段的；器械的
giants	巨人（giant的复数形式）；癸干忒斯；巨人族（希腊神话中常与天上诸神作战的种族）
organizing	组织
shed	车棚；小屋；脱落之物；分水岭；使流出；放射；脱落；散发；摆脱；流出；散布
balloon	气球；使成气球状；膨胀如气球；激增
moderators	(moderator 的复数)；主席；会议主持人；仲裁人；筛选人
winston	温斯顿（姓氏；男子名）
memo	备忘录
ham	火腿；后腿；笨拙演员；过火的；做作的；演得过火
solved	解决了的
tide	潮；潮汐；趋势；潮流；涨潮；高潮；使随潮漂流；顺潮行驶
Kazakhstan	哈萨克斯坦（原苏联加盟共和国之一；已于1991年宣布独立）
Hawaiian	夏威夷人；夏威夷语；夏威夷的；夏威夷语的
standings	战绩；名望( standing的复数形式 )；身份；地位；级别
partition	分割；隔离物；隔墙；财产分割；区分；瓜分；隔开；分区；划分
invisible	看不见的；无形的；表面上看不见的；未列在公开帐目的
gratuit	
consoles	（机器、电子设备等的）控制台( console的名词复数 )；操纵台；悬臂；肘托
funk	怯懦；恐惧；臭味；畏缩；害怕；使闻到臭味；惊恐；发出臭味
FBI	美国联邦调查局
Qatar	卡塔尔
magnet	磁铁；有吸引力之人；有吸引力之物；磁体
translations	译文；翻译（translation的复数形式）
porsche	保时捷（德国知名汽车厂商或其出产的轿车品牌名）
cayman	宽吻鳄；凯门鳄
jaguar	美洲虎
reel	卷轴；一卷；纺车；旋转；蹒跚；卷...于轴上；绕；使旋转；蹒跚地走；眩晕；摇晃；退缩；卷；盘
sheer	绝对的；全然的；纯粹的；透明的；峻峭的；偏转；偏航；使急转向；使偏航；完全；全然；峻峭
commodity	农产品；商品；有用的物品；货物；日用品
posing	摆姿势（pose的ing形式）
wang	王（姓氏）；王安电脑公司
kilometers	<美>千米；公里( kilometer的复数形式 )
RP	阅读器/打印机
bind	绑；约束；装订；包扎；使结合；凝固；有约束力；赋值；绑定
thanksgiving	感谢
rand	兰特；(非正式)边；田埂；缘
hopkins	霍普金（姓氏）
urgent	紧急的；急迫的；催逼的
guarantees	担保( guarantee的名词复数 )；担保品；保修单；抵押品
infants	婴儿；幼儿( infant的复数形式 )
gothic	哥特风格；哥特式的；野蛮的
cylinder	圆筒；圆筒状物；汽缸；柱面
witch	巫婆；女巫；施巫术；迷惑
buck	元；雄鹿；纨绔子弟；鞍马；培克(赌博时的庄家标志)；碱水；自夸；谈话；马背突然拱起；反对；吹牛；闲聊；马背突然拱起将骑手摔下；用碱水洗；雄的
indication	指示；象征；暗示；指征；适应征
eh	啊!嗯!是吗?好吗?；氧化还原电位
congratulations	祝贺词；祝贺语
TBA	abbr. 电视广播台协会（Television Broadcasters Association）；应予宣布（to be announced）
cohen	科恩（姓氏）
sie	abbr. 串行接口引擎；传感器
usgs	(usg 的第三人称 -s形式) abbr. 超声成像；美国加仑；超声波检查（ultrasonography）；美国标准度量（United States Gauge）
puppy	小狗；小动物；自负的年轻人
kathy	凯西（女子名；等于Katherine）
acre	英亩
graphs	图形；图表；曲线图（graph的复数）
surround	包围；环绕；围绕；围绕物
cigarettes	纸烟；香烟( cigarette的复数形式 )
revenge	报仇；复仇；报复
expires	期满( expire的第三人称单数 )；文件、协议等（因到期而）失效；断气；逝世
enemies	仇敌( enemy的名词复数 )；敌军；危害物；大敌
lows	低频
controllers	（尤指大型机构或部门的）管理者( controller的复数形式 )；控制者；（机器的）控制器；（公司的）财务总管
aqua	水；水剂
chen	陈
emma	艾玛（女子名）
consultancy	商量；协商；磋商；会诊；与...商量；咨询；请教；找(医生)看病；查阅；考虑；咨询业务；咨询服务
finances	资金；经费；财源；岁入
accepts	合格品；良浆
enjoying	享有( enjoy的现在分词 )；玩得快乐；喜欢；enjoy yourself （祝愿时说）玩痛快些
conventions	惯例；会议；约定（convention的复数）
eva	伊娃（女子名）
patrol	巡逻；巡逻员；侦察队；巡视
smell	味道；气味；嗅觉；嗅；臭味；气息；闻；探出；察觉；发出...的气味；散发气味；发臭
pest	令人讨厌之物；有害之物；害虫；瘟疫；鼠疫
HC	处理能力；大容量；主机
italiano	（意）意大利语
coordinates	坐标；相配之衣物
rca	abbr. 美国无线电公司（Radio Corporation of America）
FP	总保单；总保险单；全部付讫；冰点；凝固点；浮点；函数处理器
carnival	嘉年华会；狂欢节；饮宴狂欢
roughly	概略地；粗糙地；粗暴地
sticker	屠夫；尖刀；刺；芒；尖物；携带尖刀者；张贴物；滞销品；(非正式)难题；呆滞商品
promises	允诺
responding	反应；作答（respond的ing形式）
reef	暗礁；礁；缩帆；缩(帆)
physically	按自然规律；完全地；实际上；真正地；身体上地
divide	分开；分配；分裂；分；除；分水岭
stakeholders	赌金保管者( stakeholder的复数形式 )
hydrocodone	氢可酮；二氢可待因酮
gst	abbr. 格林威治恒星时（Greenwich Sideral Time）
consecutive	连续的；联贯的；连接的
cornell	康奈尔（姓氏）
satin	缎子；绸缎做的；缎子一般的；光滑的
bon	（法）好的
deserve	该得到；值得；应得报答
attempting	试图( attempt的现在分词 )；尝试；试图夺取或攻克（堡垒、要塞等）；试图征服（高山）
mailto	
promo	商品广告；商品推销
JJ	林俊杰；约瑟夫逊结
representations	陈述；投诉；抗议；表现( representation的复数形式 )；表现…的事物；有代理人
chan	通道（槽；沟）
worried	担心的；闷闷不乐的
tunes	曲调；曲子( tune的名词复数 )；调音( tune的第三人称单数 )；调整；（给收音机、电视等）调谐；使协调
garbage	垃圾；废物；无用信息
competing	相互矛盾的；抵触的
combines	（使）联合( combine的第三人称单数 )；兼有；兼备；使融合（或并存）
MAS	低碳混合醇
Beth	贝丝（女子名；等于Elizabeth）
bradford	布拉德福德（英格兰北部城市）
len	伦恩（男子名）
phrases	短语；词组；乐句；措词（phrase的复数）
kai	卡伊（姓氏）
peninsula	半岛；突出的地方；伊比利亚半岛
chelsea	切尔西（伦敦自治城市；为文艺界人士聚居地）
boring	烦人的；无聊的；无趣的；成孔期；搪孔
reynolds	雷诺兹（姓氏）
dom	师（对罗马天主教等修士的尊称）
Jill	吉尔（女子名；等于Juliana）
accurately	正确地；精确地
speeches	说话( speech的复数形式 )；演说；说话方式；口语
reaches	河段；流域；（上、中或下）游；（外）围；（远）处；（组织或机构中的）层级
schema	概要；图解；略图；模式
considers	考虑( consider的第三人称单数 )；想；注意；看重
sofa	沙发
catalogs	目录；一览表；分类（catalog的复数）
ministries	（政府的）部( ministry的复数形式 )；神职；牧师职位；神职任期
vacancies	空缺额；缺位（vacancy复数）
quizzes	智力比赛；小测验（quiz复数形式）
parliamentary	国会的；议会的；议会制度的
obj	abbr. 目标文件（由编译器或汇编工具生成的；是模块的二进制中间文件）
prefix	前缀；称谓；地区号码
lucia	露西娅（女子名）
savannah	大草原；热带草原（等于savanna）
barrel	桶；装入桶内
typing	打字；键入
nerve	精神；勇气；叶脉；神经；鼓起勇气
dans	（法）在…里；按照…；在…时候
planets	行星( planet的复数形式 )；地球（尤指环境）
deficit	赤字；不足额；短缺
boulder	大圆石；圆石；漂石
pointing	指向；指点
renew	使更新；使恢复；复兴；修补；补充；继续；重订；重申；续借；更新；重新开始
coupled	联接的；成对的；耦合的；共轭的（couple的过去分词形式）
viii	罗马数字8
Myanmar	缅甸(即Burma)
metadata	元数据
harold	哈罗德（男子名）
circuits	环路；巡回；电路（circuit的复数）
floppy	叭嗒叭嗒响的；松软的
texture	(织物的)密度；(材料等的)结构；纹理
handbags	（女用）手提包；手提袋( handbag的复数形式 )
jar	广口瓶；震动；刺耳声；震惊；冲突；发刺耳声；不一致；刺激
ev	电子伏特
somerset	有衬垫的马鞍（独腿者乘坐的）
incurred	遭受；招致（incur的过去分词）
acknowledge	承认；告知收悉；答谢；报偿；收到的通知
thoroughly	彻底地；绝对地；透彻地；详尽地；周到地；完全地；完善地；全面地
Antigua	安提瓜岛
Nottingham	诺丁汉郡(英格兰郡名)；诺丁汉市
thunder	雷；雷声；打雷；轰隆地响；怒喝；大声喊出；轰隆地发出
tent	帐篷；帷幕；住处；塞条；塞子；住帐蓬；宿营；暂时居住；用帐篷遮盖；使住帐篷；用塞条嵌入
caution	小心；慎重；警示；警告
identifies	认出( identify的第三人称单数 )；支持；确认；辨认
questionnaire	调查表；问卷
qualification	资格；条件；限制；限定
locks	锁；水闸；锁定器（lock的复数）
modelling	模特儿职业；立体感
namely	即；就是；换句话说
miniature	缩图；小画像；小规模的；纤小的
dept	部；学部；学校；研究室；系；科室；部门；科；处；局；司；车间
hack	劈；砍；砍痕；出租车；干咳；晒架；鹤嘴锄；出租；用旧；驾驶出租车；出租的
dare	挑战；挑动；大胆；敢；胆敢
euros	欧元；欧洛斯风；带雨东南暴风（euro复数）
interstate	州际的；国与国之间的；州与州之间的
pirates	海盗( pirate的名词复数 )；剽窃者；侵犯版权者；非法播音的人（或组织）
aerial	空中的；航空的；空气的；空想的；天线
hawk	鹰；掠夺者；鹰派成员；放鹰行猎；像鹰一般地袭击；清嗓；咳嗽；捕捉；咳出；兜售；叫卖；散播
consequence	结果；重要性；后果；推断
rebel	叛徒；反叛者；造反；反抗；抵抗；反感；造反的；反抗的
systematic	有系统的；分类上的；体系的；系统的；系的；分类的
perceived	感觉( perceive的过去式和过去分词 )；视为；认为；理解为
origins	起源（origin的复数）
hired	租用；雇用（hire的过去式及过去分词形式）
makeup	组成；性格；化妆品；化装(术)；虚构；补考
textile	纺织品；纺织业；织的；纺织的
lamb	小羊；羔羊；产羊羔
Madagascar	马达加斯加岛
nathan	南森（男子名）
tobago	多巴哥岛（南美洲特立尼达和多巴哥的第二大岛）
presenting	举向( present的现在分词 )；面向；举枪瞄准；（分娩时婴儿）露出
cos	余弦；寇斯(爱琴海一岛屿；Hippocrates的出生地)
troubleshooting	发现并修理故障；解决纷争
Uzbekistan	乌兹别克斯坦
indexes	指数；索引；标准（index的复数）
PAC	一六零五；二乙基对硝基苯硫代磷酸酯(有机磷杀虫药)
RL	现实社会
erp	abbr. 企业资源计划（Enterprise Resource Planning）；有效辐射功率（effective radiated power）
centuries	100年；一世纪( century的名词复数 )；100分；千秋
Gl	铍(4号元素铍的别名)
magnitude	巨大；重大；重要；大小；数量；星等(指星的亮度)；值
UI	用户接口
richardson	理查森（姓氏）
Hindu	印度教教徒的；印度教教徒
DH	设计手册；设备处理程序
fragrances	芳香；香味( fragrance的复数形式 )；香水
vocabulary	词汇(量)；词汇表；词表
licking	舔；挫折；鞭打
earthquake	地震
VPN	虚拟私人网络
fundraising	筹款；募款；筹款的
FCC	联邦通信委员会；流化床催化裂化
markers	标记；记分员；书签；马克笔（marker的复数）
weights	重量；砝码（weight的复数）
Albania	阿尔巴尼亚
geological	地质学的；地质的
assessing	评价；评估（assess的ing形式）
lasting	永久的；永恒的；持久的；厚实斜纹织物
wicked	坏的；邪恶的；缺德的；刻毒的；恶劣的；淘气的
eds	abbr. 英语方言学会（English Dialect Society）；电子数据转换（Electronic Data Switching）；环境资料局（Environmental Data Service）
introduces	介绍
kills	杀戮；杀敌数；歼敌数（kill的复数形式）
roommate	住在同室的人
webcams	网络摄像机；网络摄影机( webcam的名词复数 )
pushed	拮据的；紧张的；没空的；忙
webmasters	网站管理员
RO	只接收
DF	数据区；目的区；设备标志；磁盘文件；倍频
computational	计算的
acdbentity	
participated	参加；参与( participate的过去式和过去分词 )
junk	垃圾；乌七八糟的东西；舢板；清除
handhelds	(handheld 的复数)；掌上型；手持型
wax	蜡；蜡状物；一阵发怒；增加；(月亮)渐盈；变大；增大；月亮渐满；上蜡于
lucy	露西（女子名）
answering	应答
hans	德国人或荷兰人的绰号；汉斯（男子名）
impressed	外加的；印象深刻的；了不起的；受感动的
slope	倾斜；斜坡；斜率；扛枪姿势；使倾斜；弄斜；扛；走；逃走
reggae	雷盖
failures	失败（failure的复数）
poet	诗人
conspiracy	同谋；阴谋；阴谋集团；通谋；共谋
surname	姓；别号；绰号；呼以姓氏；起绰号
theology	神学
nails	钉子（nail的复数）
evident	显然的；明显的
whats	
rides	座骑（ride的复数）
rehab	修复（等于rehabilitation）
epic	史诗；叙事诗；史诗的；叙事诗的
Saturn	土星
organizer	组织者；编制者；创立者；组织导体；机化中心(胚)
nut	坚果；核心；螺帽；Novell NetWare服务器实用程序
allergy	变应性；反感；厌恶；变态反应
sake	目的；缘故；理由
twisted	扭曲的
combinations	合谱；组合；制品（combination的复数）
preceding	在前的；前面的；在先的
merit	优点；功绩；价值；功过；真相；值得；应受
enzyme	酶
cumulative	累积的；蓄积的
zshops	
planes	位面
edmonton	埃德蒙顿（加拿大西南部城市）
tackle	工具；复滑车；滑车；装备；扭倒；固定；处理；抓住
disks	圆盘；磁盘（disk的复数）
condo	共同统治；共管下的政府；共管；多层公寓大楼；由个人占用的一套公寓房间
pokemon	口袋妖怪（游戏、动画名）
amplifier	扩大的人(物)；放大器；扩音器
ambien	安必恩（美国产的一种安眠药）
arbitrary	任意的；武断的；专治的；霸道的
prominent	卓越的；显著的；突出的；凸出的
retrieve	取回；挽回；弥补；恢复；补偿；回忆；检索；找回猎物；救险球
lexington	列克星敦市（位于美国肯塔基州）
vernon	弗农（男子名）
sans	没有；无
worldcat	
titanium	钛；钛Ti
irs	abbr. 美国国税局（Internal Revenue Service）
fairy	仙女；精灵；仙女的
builds	修建( build的第三人称单数 )；建造；开发；创建
contacted	联络（通过电话或信件）( contact的过去式和过去分词 )；使接触；与（某人）接触（或交往）；与…联系；与…通讯（或通话）
shaft	轴；箭杆；矛；矿井；装杆于；利用
lean	瘦肉；倾斜；倾斜度；瘦的；贫乏的；歉收的；倚靠；依赖；使倾斜
bye	再会；回头见；结束命令
cdt	abbr. （美国）中央时区（Central Daylight Time）
recorders	录音机( recorder的复数形式 )；记录员；（英国）刑事法院的临时法官；竖笛
occasional	偶然的；临时的；特殊场合的
leslie	莱斯利（男子名）
casio	卡西欧（日本电子品牌）
deutsche	德意志联邦共和国马克
ana	言论集；语录；轶事；自动数值分析
postings	任命；委派( posting的复数形式 )
innovations	改革( innovation的复数形式 )；新观念；新事物；新设施
kitty	小猫；全部赌注
postcards	明信片( postcard的复数形式 )
dude	<美国、加拿大>纨绔子弟；花花公子；<俚>男人；家伙；<俚>打扮得讲究或花哨
drain	排水沟；消耗；排水；排出；喝光；耗尽；流干
Monte	蒙特卡罗
fires	火灾；点火；火力
Algeria	阿尔及利亚
blessed	神圣的；受祝福的；bless的过去式和过去分词
luis	路易斯（人名）
reviewing	检验( review的现在分词 )；复查；写…的评论文章；复习功课；温习功课
cardiff	加的夫（英国港市）
cornwall	康沃尔（英格兰西南部一郡；加拿大城市名）
favors	好意；支持；帮忙（favor的复数）
potato	马铃薯
panic	恐慌；惊慌；惊慌的；没有理由的；恐慌的；使惊慌；使狂热
explicitly	明确地；明白地
sticks	树枝；棍；麻骨（stick复数形式）
Leone	里昂
transsexual	换性者
ez	abbr. 电零点（electrical zero）；东区（eastern zone）
citizenship	国籍；市民权；市民的身份；公民权；公民资格；公民身分
excuse	原谅；申辩；做为...的托辞；致歉；理由；饶恕；借口
reforms	改革；改良；改造( reform的名词复数 )；改善( reform的第三人称单数 )
basement	地下室；墙脚
onion	洋葱；因洋葱使掉泪
strand	(绳索的)股；绳；串；海滨；河岸；搁浅；使搁浅；使落后；使陷于困境；弄断；搓
pf	Picofarad的简写
sandwich	三明治；夹心面包；夹层板；插入；夹入；把...制成三明治
uw	abbr. 华盛顿大学（University of Washington）；水下的（Underwater）；超声波（Ultrasonic Wave）
lawsuit	诉讼；诉讼案件
alto	女低音；男声最高音；女低音歌手
informative	提供消息的；见闻广博的
girlfriend	女朋友
bloomberg	布隆伯格
cheque	支票
hierarchy	等级制度；僧侣统治；等级体系；分级结构；分层结构；新闻组；新闻组分层
influenced	影响性的；影响( influence的过去式和过去分词 )；感染；支配；对…起作用
banners	旗帜广告；横幅；广告横幅（banner复数）
reject	被拒之人；被弃之物；不合格品；次品；拒绝；抵制；否决；驳回；丢弃；呕出
eau	水
abandoned	被抛弃的；无约束的；恣意放荡的
BD	空白显示；框图；布尔差分
circles	园；圆圈；循环（circle的复数）
italic	斜体的；斜体字；斜体
beats	音乐节拍；差拍振动；心脏跳动（beat的复数）
merry	快乐的；愉快的；嬉戏作乐的
mil	千分之一英寸；毫英寸；密耳；军队域名
scuba	自携式水中呼吸器
gore	流出的血；淤血；三角形布；把...剪成楔形三角布；缝以补裆；刺伤；抵
complement	补足物；补语；补数；补充；补足；补码；反相器
cult	膜拜；礼拜式；祭仪；一群信徒；迷信；巫术
dash	冲撞；破折号；短跑；猛冲；泼溅；使猛撞；搀和；使破灭；使沮丧
passive	消极的；被动的；冷漠的；顺从的；无源的
Mauritius	毛里求斯
valued	经估价的；贵重的；受尊重的；受重视的
cage	笼；牢房；战俘营；关进笼内
checklist	清单；(美)选举人名单；名册；目录册
bangbus	
requesting	要求；请求
courage	勇气；胆量
verde	佛得角（塞内加尔西部）
Lauderdale	劳德戴尔
scenarios	情节；脚本；情景介绍（scenario的复数）
gazette	报；公报；报纸；在公报上宣布；刊载于公报
Hitachi	日立网络体系结构
divx	一种数字多媒体压缩技术
extraction	抽出；取出；拔出术；抽出物；萃取；提取
batman	勤务兵
elevation	海拔；提高；仰角
hearings	听力( hearing的复数形式 )；听觉；听力所及的距离；听证会
coleman	科尔曼（姓氏）
hugh	休（男子名）
lap	膝盖；舔；一圈；下摆；衣兜；山坳；重叠；围住；轻拍；包围；抱...在膝上；使重叠；拍打；泼溅；链接访问程序
utilization	利用
beverages	饮料( beverage的复数形式 )
calibration	口径测定；刻度；校准
jake	满意的；上等的；乡下佬；家伙
eval	重新运算求出参数的内容
efficiently	生效；能胜任；有能力；效率高；有效
anaheim	阿纳海姆（美国加利福尼亚州西南部城市）
ping	砰(子弹击中时的声音)；报时的最后一声；声脉冲；砰(铛)地发声；internet网络包测程序；连通性检测命令
textbook	教科书
dried	弄干了的
entertaining	使人愉快的；有趣的
prerequisite	先决条件的；必要的；先决条件；必备条件
luther	卢瑟（男子名）
frontier	边界；边境；国境
settle	有背长椅；决定；整理；安放；使定居；使平静；支付；安排；解决；结算；停留；下陷；沉淀；澄清；安下心来；结清；定居；安家
stopping	停止；制动；中止；制止；堵塞；阻塞；填充物；填塞料；风幛；隔墙；风墙；停机的
refugees	避难者；难民( refugee的复数形式 )
knights	骑兵；骑士（knight的复数）
hypothesis	假设
palmer	朝圣者；变戏法的人；毛虫（尤指北美的小舌麦蛾幼虫）
medicines	药( medicine的复数形式 )；内服药；医术；医学
flux	流出；涨潮；变迁；熔化；使熔融；助焊剂
derby	德比(英国中部都市)；德比赛马；大赛马
sao	abbr. 区段刻录（Session at once）；安全咨询意见
peaceful	平静的；和平的；和平时期的；爱好和平的；喜爱安静的
altered	改变的；改变；更改( alter的过去式和过去分词 )
Pontiac	旁蒂克（汽车名）
regression	退步；回归
doctrine	教条；学说
scenic	风景好的；戏剧性的；舞台的；布景的；风光影片；风景照片
trainers	训练员；运动鞋；练习器（trainer的复数）
muze	
enhancements	增强( enhancement的复数形式 )；增加；提高；用以增强、提高或美化之物
renewable	可更新的；可恢复的；可继续的；可换新的；可重复的；可重说的；可更新；可再生的
intersection	交集；十字路口；交叉点；逻辑乘；与
passwords	口令；密码（password的复数形式）
sewing	缝制品；缝纫
consistency	坚硬性；黏稠度；一致性；稠度
collectors	收集者；收取者( collector的复数形式 )
conclude	结束；作结论；推断
recognised	承认；认出；辨别（recognise的过去分词）；认可的
Munich	慕尼黑
Oman	阿曼
celebs	名人；名流（celeb的复数）
GMC	通用汽车公司
propose	计划；打算；建议；提议；求(婚)；求婚
hh	abbr. 倍硬（指铅笔心硬度 double- hard）；半硬的（Half Hard）；重氢；氚（Heavy Hydrogen）；高功率不定向无线电归航信标（High-powered；non-directional radio homing beacon）；殿下（His Highness）；陛下（His Holiness）；阁下；先生（His Honour）
Azerbaijan	阿塞拜疆
lighter	点火者；点灯工人；打火机；驳船；以驳船搬运
rage	愤怒；情绪激动；狂暴；大怒；狂吹；流行
adsl	abbr. 非对称数字用户环线（Asymmetrical Digital Subscriber Loop）
uh	int. 嗯啊
prix	奖金；价格
astrology	占星术；占星学
advisors	顾问；指导教授；劝告者（advisor的复数形式）
pavilion	楼阁；亭子；大帐篷；观众席；置...于亭中；搭帐篷；笼罩
tactics	用兵学；战术；兵法；策略
trusts	信任( trust的名词复数 )；信托；照管；受托基金机构；相信；信任( trust的第三人称单数 )；认为可靠；想；希望
occurring	事件；事故；事变
supplemental	补足的；追加的；补充的
travelling	旅行的；旅行用的；移动的
talented	天资高的；有才能的
annie	安妮（女子名）
pillow	枕头；靠垫；枕状岩；作...的枕头；垫；枕于；靠在枕上
induction	归纳法；感应；就职；入门
derek	德里克（男名）
precisely	精确地；明确地；刻板地；拘泥地；正好；恰恰；对；正是如此；确实如此；不错
shorter	较短的；更短的；更矮的（short的比较级）
harley	哈利（男子名）
spreading	摊开；涂布；套期图利
provinces	外省；边远地区；乡间
relying	信任( rely的现在分词 )；信赖；依赖；依靠
finals	决赛；总决赛（final的复数）
Paraguay	巴拉圭
steal	剽窃；偷偷地做；偷窃；窃取；偷偷地行动；偷垒；便宜货；断球
parcel	包裹；部分；片；分配；打包；部分的；局部地
refined	精炼的；优雅的；精细的；精制过的；精练过的
FD	文件定义；文件描述；软磁盘；功能相关性；场解吸
bo	体臭；汗臭；狐臭；暂时无法满足的订货；戏院票房；戏院售票处；分支机构
fifteen	十五；十五个
widespread	充分伸展的；广布的；普及的；流传广的
incidence	发生；发生率；影响；负担者；入射；倾角；发生数
fears	恐惧；担心
predict	预知；预言；预报
boutique	专卖流行衣服的小商店
acrylic	丙烯酸的
rolled	辗压的；辊轧的；轧制的
tuner	调音师；调音的人；调节器；调谐器
avon	埃文河（英国西南部一河）；雅芳（化妆品品牌）
incidents	发生的事( incident的复数形式 )；小插曲；敌对行动；骚乱
Peterson	彼得森（男子名）
rays	射线；日光浴；光线（ray的复数）
Asn	天冬酰胺；(不宜称)门冬酰胺
Shannon	香农
toddler	蹒跚行走的人；学步的小孩；学步的幼儿；(非正式)信步走的人
enhancing	提高( enhance的现在分词 )；增进；用计算机增强（照片等）；提高…的价值（或价格）；探溯语源；指示语源( etymologize的过去式和过去分词 )
flavor	滋味；调味品；加味于
alike	相似的；同样的；一样；以同样的方式
Walt	沃尔特（人名）
homeless	无家的；无养主的
horrible	可怕的；遭透的；极讨厌的
hungry	饥饿的；荒年的；渴望的；不毛的；欠鞣皮
metallic	金属的；含金属的；产生金属的
acne	痤疮；粉刺
blocked	堵塞的；被封锁的
interference	冲突；干涉；干扰
warriors	武士；勇士；战士( warrior的复数形式 )
Palestine	巴勒斯坦
listprice	
libs	abbr. 激光诱导击穿光谱（Laser-induced Breakdown Spectroscopy）
undo	解开；取消；破坏；毁灭；扰乱；松开；撤消
Cadillac	卡迪拉克牌轿车
atmospheric	大气的；大气压的
Malawi	马拉维
wm	abbr. 水表（water flowmeter）；威廉（William）
pk	pK
sagem	
knowledgestorm	
dana	美国德纳（美国汽车公司）
halo	晕轮；光圈；晕状物；荣光；使有晕轮；围以光环；成晕轮
ppm	百万分率
curtis	柯蒂斯（男子名）
parental	父母亲的；做双亲的；作为渊源的；父母的；双亲的
referenced	引用的；参考的
strikes	袭击( strike的名词复数 )；罢工；突然发现；打( strike的第三人称单数 )；击；敲响；报时
lesser	较少的；较小的；次要的
publicity	名声；宣传；公开场合；广告
marathon	马拉松；耐力的考验
ant	蚂蚁
proposition	建议；命题；主张；向...提议；向...提出猥亵的要求
gays	同性恋者（尤指男性）( gay的复数形式 )
pressing	紧迫的；迫切的；热切的；压；压榨；冲压件；唱片
gasoline	汽油
apt	有...倾向的；易于的；恰当的；聪明的；自动数控语言；自动图象传输；自动程序控制；自动程序设计工具
dressed	穿好衣服的；打扮好的；去内脏及分割加工好的（特指动物；如鱼；禽类等）
scout	守候；侦察；搜索；侦察员；侦察机；巡视；嘲笑；跟踪；发现；监视；嘲弄
Belfast	贝尔法斯特
exec	主任参谋；副舰长；执行；执行程序
dealt	deal的过去式和过去分词
Niagara	尼亚加拉；尼亚加拉河；急流；泛滥的洪水
inf	abbr. 中程核力量（Intermediate-range Nuclear Forces）
Eos	黎明女神；屏幕结束；段结束；步结束；序列结束；可扩充的操作系统
warcraft	军用飞机；军舰；战略和战术；兵法
charms	吸引力；符咒；护身符（charm的复数形式）
catalyst	触媒；接触剂；催化剂；刺激因素；促进因素
trader	商人；商船；交易者
bucks	雄鹿队（篮球队名）；巴克斯（英国伦敦附近的一个郡名）
allowance	津贴；零用钱；限额；折扣；允许；定量供应
VCR	长春新碱
denial	否认；否定；拒绝接受
uri	abbr. 上呼吸道感染（Upper Respiratory Infection）；统一资源标识符（Uniform Resource Identifier）
designation	指示；指定；命名
thrown	throw的过去分词
prepaid	先付的
raises	举起；建造；饲养（raise的三单形式）
gem	珠宝；宝石；珍贵之物；饰以宝石
duplicate	副本；复本；复制品；复制的；二重的；复制；使加倍
electro	电镀物品
criterion	标准；准则；规范；判据
badge	徽章；标记
wrist	手腕；腕关节；腕
civilization	文明；教化；文化；文明国家的总称
analyzed	检讨；分析（analyze的过去式和过去分词）
vietnamese	越南人；越南语
heath	石南荒原；低矮灌木
tremendous	巨大的；非常的；可怕的
ballot	投票；投票用纸；抽签；投票选出；拉选票
lexus	雷克萨斯（凌志）；日本丰田汽车公司旗下豪华车品牌。
varying	改变
remedies	救济方法（remedy的复数）
validity	有效性；正确性
trustee	受托人；理事；委托者
Maui	毛伊岛
handjobs	(handjob 的复数)；［俚］手淫
weighted	偏向的；偏重的；有利的；加权的
Angola	安哥拉
squirt	喷出；溅迸；注射；水枪；注射器
performs	执行；表演（perform的第三人称单数形式）
plastics	塑料制造学；塑料学；整形外科；成形外科；塑料；塑料制品
realm	王国；领土；领域
corrected	修正的；校正的；折算的
jenny	纺纱机；移动吊车；母驴
helmet	钢盔；盔；防护帽；给...戴头盔
salaries	薪水( salary的名词复数 )
postcard	明信片
elephant	象
Yemen	也门
encountered	遇到；曾遭遇（encounter的过去式）
tsunami	海啸
scholar	学者；奖学金获得者；有文化者；学习者
nickel	镍；镍币；五分镍币；镀镍于
internationally	国际性地；在国际间
surrounded	被…环绕着的
psi	希腊字母的第23个字母；磅；平方寸
buses	公共汽车（bus的复数形式）
expedia	（美国）艾派迪（公司名；主要经营商业服务和供应）
geology	地质学；地质情况
PCT	外部控制终端；处理控制表；程序控制表；%
WB	世界银行
creatures	生物；动物( creature的复数形式 )；人
coating	涂层；上衣衣料；涂复；镀层；敷层
commented	&；评论；谈论（comment的过去式与过去分词形式）
wallet	皮夹；皮包；钱袋
cleared	使干净；清除（clear的过去分词）
smilies	表情符号
vids	(vid 的复数) abbr. （拉）见；参看（vide）
accomplish	完成；达到；实现；使完美
boating	划船
drainage	排水；引流；导液
shakira	夏奇拉（女歌手）
corners	角落；窘境（corner的复数形式）
broader	广大的；一片的比较级
vegetarian	素食者；食草动物；素食的
rouge	口红；胭脂；擦口红
yeast	酵母
Yale	耶鲁
Newfoundland	纽芬兰
SN	顺序号；锡(50号元素)
qld	abbr. 昆士兰州（Queensland；澳大利亚的第二大州）
pas	优先权；舞步；舞；光声谱法；光声光谱法
clearing	清扫；空地；票据清算；票据交换；结算；结帐
investigated	调查( investigate的过去式和过去分词 )；审查；侦查；研究
dk	abbr. 丹麦（Denmark）
ambassador	大使；使节；代理
coated	穿外套的；上涂料的；包著的；套著的；涂过
intend	计划；打算；意思是；想要；意旨
stephanie	斯蒂芬妮（女子名）
contacting	接触
vegetation	植物；贽生物；贽疣；增殖体；生长；增殖
doom	厄运；不幸；法律；宣告；判决；死亡；命中注定
findarticles	
louise	路易丝（女子名）
kenny	肯尼（姓氏）
specially	特别地；专门地
owen	欧文（男子名）
routines	日常生活；日常活动；常规；惯例（routine的复数）
hitting	压缩；拉伸；击中
yukon	重电子
beings	人；生物（ being的复数形式 ）；存在；思想感情；身心
bite	咬；一口；刺痛；穿透
ISSN	国际连续出版物编号码
aquatic	水生动物；水生植物；水生的；水中的；水上的
reliance	信任；信赖；受信赖的人(或事)；信心
habits	习性；习惯（habit的复数）
striking	醒目的；惊人的；打击的；罢工的；罢市的；罢课的
myth	神话；虚构的事；虚构的人
infectious	有传染性的；易传染的；传染性的
podcasts	播客（podcast的复数形式）
Singh	辛格（印度总理）；查理·拉杰（电影名）
gig	旋转物；轻便双轮马车；赛艇；鱼叉；记过；爵士乐演奏会；乘轻便双轮马车；乘快艇；(用鱼叉)叉鱼；(用鱼叉)叉；刺激
Gilbert	吉尔伯特（男子名）
SAS	单一连接站
Ferrari	费拉里
continuity	连续性
brook	小溪；容忍
FU	字段单元；功能部件
outputs	输出；产出；产量（output复数）
phenomenon	现象；迹象；表现；奇迹；奇才
ensemble	全体；合唱曲；(女人的)全套服装；总体；整体；系综
insulin	胰岛素
assured	确定的；自信的；被保险人；被保证者；投保人
biblical	圣经的
weed	杂草；野草；除草；除...的草；剔除
conscious	有意识的；知觉的；觉察的；清醒的
accent	重音；口音；特点；注重点；重读；加重音号于；强调
mysimon	
eleven	十一；十一个
wives	妻
ambient	周围的；周围环境
utilize	利用
mileage	英里数；运费(按英里计算的)
Oecd	已开发国家组织
prostate	前列腺的；前列腺
adaptor	改编者；插座；转接器；接合器；拾音器；适配器
auburn	赤褐色；赤褐色的
unlock	开...的锁；开启；表露；放出；被开启；揭开；解放；解出锁定
Hyundai	现代（公司名；韩国最大汽车企业）
pledge	诺言；保证；誓言；抵押；信物；保人；祝愿；许诺；使发誓；典当；举杯祝...健康
vampire	吸血鬼；吸血蝙蝠
angela	安吉拉（女子名）
relates	使有联系；与…有关；叙述；讲述（relate的三单形式）
nitrogen	氮；氮N-2
xerox	静电复印
dice	骰子；切成方块；掷骰子
merger	合并；归并；购并
softball	垒球运动；垒球
referrals	转交；呈交；提供( referral的复数形式 )
quad	铅块；监狱；四方院子；四胞胎；四胞胎中的一个孩子；成套的四件东西；四芯导线
dock	码头；船坞；被告席；尾巴的骨肉部分；使靠码头；使(船)进港；剪短；进港
differently	差异；不同；各别；各种
firewire	
mods	abbr. 载人的轨道研究站（manned orbital development station）
Nextel	(用于舞台和电影化装中的)"纳克斯泰尔"人造血
framing	成帧
organised	有组织的；组织起来的
musician	音乐家；乐师；作曲家
blocking	组成块；粘连；封闭
rwanda	卢旺达（东非国家）；卢旺达语
sorts	程度；种类；品质（sort的复数）
integrating	整合；积分；集成化（integrate的ing形式）
vsnet	
limiting	限制的；极限
dispatch	派遣；急件；调度
revisions	校订；修正；复习（revision的复数形式）
Papua	巴布亚岛
restored	精力充沛的；精力恢复的
hint	暗示；提示；示意
armor	盔甲；潜水服；装甲；为...装甲
riders	骑（马、自行车等）的人( rider的名词复数 )；乘客；附文；附加条款
chargers	充电器( charger的复数形式 )；（旧时的）战马
remark	评论；注意；谈论；注释
dozens	几十；许多
varies	多重复合
msie	
reasoning	推论；推理；论证
wn	abbr. 绞盘（winch）；营养良好的（well nourished）；西尼罗河（West Nile）；波数（wave number）
liz	莉斯（女子名）
rendered	已渲染的
picking	掘；选择；挑选；采摘；撬开；采得物；捡得物；赃物；扒窃物；挑拣
charitable	大慈大悲的；宽厚的；慈善的；慷慨的；宽恕的
guards	禁卫军；护卫队；守卫；后卫（guard的复数形式）
annotated	有注释的；带注解的
ccd	abbr. 电荷耦合器件（Charge Coupled Device）
SV	单值；状态有效
convinced	确信的；深信的
openings	开口；开幕；走向世界；空缺（opening的复数）
buys	购买；购得( buy的第三人称单数 )；做出牺牲以获得；够支付；买通
Burlington	伯灵顿；柏林顿（美国地名）
replacing	替代；更换（replace的ing形式）
researcher	研究人员
watershed	流域；分水岭；分水界
councils	委员会( council的复数形式 )；（郡、镇等）政务会；（尤指旧时讨论特定步骤的）协商会议；市政（或地方管理）服务机构
occupations	占领( occupation的复数形式 )；消遣；（土地、房屋、建筑等的）使用；工作
acknowledged	公认的
nudity	裸露；裸露物；裸体像
kruger	克鲁格（现代寻租理论的创始人）；格尔（南非政治家）
pockets	口袋（pocket的复数）
granny	奶奶；老奶奶；老婆婆；外婆；婆婆妈妈的人；唠叨挑剔的人；接生婆
pork	猪肉
zu	巴比伦神话中的风雨神
equilibrium	平衡；平静；均衡
viral	病毒的；病毒引起的
inquire	询问；问明；查究
pipes	管线；管道；管子（pipe复数形式）
characterized	具有特征的；是…的特征( characterize的过去式和过去分词 )；以…为特征；描述（人或物）的特性；使…具有特点（或最引人注目的特征）
laden	装满的；负载的；苦恼的；lade的过去分词
aruba	阿鲁巴岛（加勒比海）
cottages	小屋；村舍( cottage的复数形式 )
realtor	房地产经纪人
merge	使合并；使消失；吞没；合并；渐渐消失
privilege	特权；特别恩典；基本权利；特免；给与...特权
edgar	埃德加（男子名）
develops	开发( develop的第三人称单数 )；发展；（使）成长；（使）发育
qualifying	限定的；限制的
chassis	底盘
dubai	迪拜（阿拉伯联合酋长国的酋长国之一）；迪拜港（阿拉伯联合酋长国港市）
estimation	判断；估计；尊重；估定；测定；估值
barn	谷仓；靶(恩)(核反应截面单位)
pushing	有精力的；富有进取心的；莽撞的
llp	abbr. 有限责任合伙（Limited Liability Partnership）
fleece	羊毛；羊毛制的覆盖物；剪下羊毛；诈取
pediatric	小儿科的；儿科的
BOC	abbr. 中国银行（Bank of China Limited）
fare	费用；旅客；食物；进展；进步；经营；过活
dG	脱氧鸟苷；分克
asus	华硕（电脑）公司的简称
pierce	刺穿；穿透；打眼于；洞悉；(声音)响彻；(亮光)照进；深深地打动；刺入；穿入；透入；进入
allan	艾伦（男子名；等于Alan）
dressing	调味品；穿衣；化妆；追肥
techrepublic	
sperm	精液；精虫；鲸油；抹香鲸；鲸蜡油
vg	abbr. 音频段（Voice Grade）；电压增益（Voltage Gain）；很好（Very Good）；代理监督（Vicar General）
bald	秃头的；光秃的；单调的；赤裸的；变秃
filme	
craps	掷骰子赌博
Fuji	富士山（在日本本州岛上的死火山）
frost	霜；冰冻；冷漠；覆着霜；冻结；结霜；受冻；起霜
leon	利昂（男子名；等于Leo）
institutes	学院（institute的复数）
mold	模子；模型；霉；形成；塑造；发霉
dame	夫人
FO	(英)空军中尉；(英国)外交部；前进观察员；校官；野战命令
sally	突击；出击；远足；出发
yacht	快艇；游艇；驾游艇；乘游艇
tracy	特蕾西（女子名）
prefers	提出（请求、控诉等）( prefer的第三人称单数 )；提升；建议；选择某事物（而不选择他事物）
drilling	演练；钻
brochures	小册子( brochure的名词复数 )；（某地、某旅馆等的）情况介绍手册；（印成小册子的）论文
herb	药草；香草；草；草本；草药
TMP	终端监控程序；甲氧苄啶；甲氧苄氨嘧啶
alot	(Alot)人名；(西)阿洛特；(法)阿洛
ate	eat的过去式；自动测试设备；自动测试执行程序
breach	裂口；违背；破坏；违反；突破；破裂；攻破；跳出水面
whale	鲸；捕鲸；使惨败；猛揍
traveller	旅行者；旅行商
appropriations	挪用（appropriation的复数形式）
suspected	有嫌疑的
tomatoes	蕃茄（tomato的复数形式）
benchmark	基准程序；基准
beginners	初学者；生手；首创者（beginner的复数）
instructors	指导者；教师( instructor的名词复数 )
highlighted	突出的
bedford	贝德福德（英格兰一郡及该郡之首府）；贝德福德（美国俄亥俄州城市）；贝德福德（男子名）
stationery	文具；信纸
idle	懒惰的；闲散的；停顿的；空闲的；无用的；无所事事；闲散；浪费；空转；虚度；使闲散；使空转；空闲时间
mustang	野马；(海军行伍出身的)军官
unauthorized	未经许可的；无权的；未经授权的
clusters	群集；簇；丛（cluster的复数形式）
antibody	抗体
competent	能干的；胜任的；有效的；足够的；有权的；授权的
momentum	动力；动量
fin	鳍；鱼翅；鳍状物；五元纸币；猛挥鳍；装上翅；切除鳍
wiring	线路；接线；布线
IO	输入输出
pastor	牧师
mud	泥；诽谤；弄脏
calvin	卡尔文（男子名）；加尔文（法国神学家）
uni	abbr. 印度联合新闻社（United News of India）
shark	鲨鱼；骗子；诈骗
contributor	贡献者；捐助者；赠送者；投稿者；捐助人；捐赠人；投搞人
demonstrates	举行示威游行（或集会）( demonstrate的第三人称单数 )；示范。展示；显示；论证
phases	阶段；时期（phase的复数形式）
grateful	感谢的；感激的；令人快意的；受欢迎的
emerald	翡翠；绿宝石；翠绿色；翡翠的；翠绿色的
gradually	逐渐地
laughing	一笑置之的；高兴的；笑
grows	种植( grow的第三人称单数 )；扩大；扩展；增加
cliff	悬崖；绝壁
desirable	令人想望的；可取的
tract	大片土地；地带；小册子；束；道
ul	abbr. （美）保险商实验所（Underwriters' Laboratories）
ballet	芭蕾舞
Ol	油
journalist	新闻记者；从事新闻杂志业的人
abraham	亚伯拉罕（男子名）
js	abbr. 射流研究
bumper	缓冲器；满杯；大胜利的
afterwards	然后；后来
webpage	网页
religions	宗教；宗教信仰（religion的复数）
garlic	大蒜
hostels	旅舍；招待所( hostel的复数形式 )；青年宿舍
shine	光泽；阳光；使发光；照耀；发光；发亮
Senegal	塞内加尔
explosion	爆发；激增；爆炸(声)；爆炸
PN	清注意；本票；期票；页编号；可编程网络
banned	被禁的
wendy	温迪（女子名）
briefs	三角裤
signatures	签名；鲜明特征（signature的复数）
diffs	(diff 的复数) abbr. 扩散器（diffuser）；微分；差速器（differential）
cove	山凹；小湾；(使)内凹；(使)成拱形
mumbai	孟买（印度城市）
ozone	新鲜的空气；臭氧；使人愉快的影响
disciplines	科目；纪律（discipline的复数）
casa	abbr. 天文学高级研究中心（Centre for Advanced Study of Astronomy）；计算机与自动化系统（Computer and Automated System Association）；合作应用卫星A（Cooperative Application Satellite A）
mu	希腊字母(M；μ)；多用户；存储
daughters	女儿们（歌曲名）；枕边杀机（电影名）
conversations	交谈( conversation的复数形式 )；交往；谈话技巧；（特指通过键盘和计算机进行的）人机对话
radios	收音机；无线电话；无线电广播设备（radio的复数）
tariff	关税；关税表；价格表；收费表；课以关税；价目表
nvidia	恩威迪亚（芯片厂方）
opponent	对手；敌手；反对者；敌对的；反对的；对面的
pasta	意大利面食；糊剂；泥膏剂
simplified	简化了的
muscles	肌肉（muscle的复数）
serum	浆液；血清；乳清
wrapped	有包装的
swift	褐雨燕；快速爬行的小蜥蜴；蝙蝠蛾；大滚筒；迅速的；快的；敏捷的；立刻的；迅速地；敏捷地
motherboard	底板；母板；主板
runtime	执行时间；运行时间
inbox	入站
focal	焦点的；在焦点上的；病灶的；灶的
bibliographic	书目有关的；书目的
vagina	阴道；鞘；叶鞘
Eden	伊甸园；乐园
distant	远的；疏远的；远期的
incl	abbr. 包括（including；included）；包括的（inclusive）；包围（enclosure）
champagne	香槟酒；香槟酒色
ala	翼；翅；丙氨酸
decimal	十进位的；小数的；十进制；小数；小数点
HQ	司令部；指挥部；总部；总店
deviation	背离；偏差；误差；偏斜
superintendent	监督人；主管人；主日学校校长；主管人(部门)
propecia	非那雄胺生发剂<脱发治疗药>
dip	浸；降下；把(手、勺等)伸入；舀取；涉猎；双列直插式组件；分布式输入输出系统；双排直插封装
NBC	全国广播公司(美国)
samba	桑巴舞；跳桑巴舞
hostel	青年招待所；宿舍；旅店
housewives	pl. 家庭主妇
employ	雇用；使用；使从事于
Mongolia	蒙古
penguin	企鹅；空军地勤人员
magical	魔术的；有魔力的；不可思议的
influences	影响( influence的名词复数 )；势力；有影响的人（或事物）；星力；影响( influence的第三人称单数 )；感染；支配；对…起作用
inspections	检查( inspection的复数形式 )；检验；视察；检阅
irrigation	灌溉；冲洗；冲洗法
miracle	奇迹；奇事
manually	用手
reprint	再版；翻版；重印
reid	里德（等于Read；男子名）
WT	字终端；预查
hydraulic	与水有关的；水力的；水压的
centered	居中的
robertson	罗伯森（姓氏）
flex	弯曲；伸缩；折曲；屈曲
yearly	每年的；一年一度的；一年一次；每年
penetration	穿透；渗透；侵入；识穿；洞察(力)；渗入
wound	创伤；伤口；伤疤；伤害；痛苦；损害；使受伤；打伤；wind的过去式和过去分词
belle	美女
rosa	蔷薇；玫瑰
conviction	定罪；信服；坚信；证明有罪；判罪
hash	剁碎的食物；杂乱无章的的一大堆；杂烩；复述；切碎；搞糟
omissions	省略( omission的复数形式 )；删节；遗漏；略去或漏掉的事（或人）
writings	作品；篇章（writing的复数形式）
hamburg	汉堡（德国城市）
lazy	懒惰的；怠惰的；缓慢的；懒散
MV	市面价值；平均变化；中压；商船；内燃机船；初速；毫伏
mpg	每加仑汽油能行驶的英里数
retrieval	取回；恢复；检索
qualities	质( quality的名词复数 )；特点；品质；优点
cindy	辛迪（女子名；Cynthia的昵称）
lolita	洛丽塔（女子名）
fathers	父亲( father的名词复数 )；祖先；（尤指天主教和东正教的）神父；天父
carb	汽化器
charging	计费的；充电；装料
cas	abbr. 中国科学院（Chinese Academy of Sciences）；计算机技术学会（Computer Arts Society）；控制自动化系统（Control Automatic System）
marvel	奇异事物；罕见例子；惊异于；惊异
lined	有内衬的；具线纹的
cio	abbr. 美国产业工会联合会（Congress of Industrial Organizations）；首席信息官（Chief Information Officer）
dow	美国陶氏；美国陶氏化学；道琼斯平均指数
prototype	原型；样机
importantly	重要地；大量地；有名望地；自命不凡地
RB	归偏制；铷(37号元素)
petite	小的；次要的；小个子的；娇小玲珑的；娇小的
apparatus	装置；器具；器官；仪器；器械
UPC	通用产品代码
terrain	地带；地区；地形；领域；范围
dui	abbr. 酒醉驾车（Driving Under the Influence）；数据单元接口（Data Unit Interface）
pens	钢笔（pen的复数）
explaining	讲解；解释( explain的现在分词 )；说明…的原因；辩解；说明；解释
yen	日元(日本货币单位)；渴望；嗜好
strips	分割公债；本息拆离；简易机场；条（strip的复数）
gossip	闲聊；随笔；流言；爱讲闲话的人；说闲话
rangers	护林者( ranger的复数形式 )；<美>突击队员
nomination	提名；任命；提名权
empirical	完全跟据经验的；经验主义的
mh	abbr. 报文处理程序（message handler）
rotary	旋转的；轮流的；旋转式机器
worm	虫；蠕虫；小人物；螺纹；蜗杆；蠕行；慢慢前进；使蠕行；慢慢地走；除虫；蠕虫病毒
dependence	依赖；依存；信赖；依赖(如对药物的依赖；即瘾或癖)；从属；偏利共生
discrete	不连续的；离散的
beginner	初学者
boxed	醉酒的
lid	盖子；限制；眼睑；给...盖盖子
sexuality	性征；性行为；性欲；性别
polyester	聚酯
cubic	立方体的；立方的
deaf	聋的
commitments	委托( commitment的复数形式 )；任务；承担的义务
suggesting	提议；暗示（suggest的ing形式）
sapphire	天蓝色的；蓝宝石；刚玉宝石；天蓝色
kinase	激酶；致活酶
skirts	裙子；短裙（skirt的复数形式）
mats	abbr. 军事空运局（Military Air Transport Service）
remainder	剩余物；其他人；残余；余数；削价出售(图书)；剩余的；出售削价剩书的
crawford	克劳福德（美国西部小镇）
labeled	有标签的；示踪的
privileges	特权( privilege的名词复数 )；（因财富和社会地位而仅有部分人享有的）权益；免责特权；特殊荣幸
televisions	电视( television的复数形式 )；电视机；电视台；电视系统
specializing	专攻
marking	印记；印；分；标志
commodities	商品( commodity的名词复数 )；农产品；有价值的物品；有用的东西
PVC	聚氯乙烯；永久虚电路
serbia	塞尔维亚（南斯拉夫成员共和国名）
sheriff	郡治安官；县治安官；司法行政官；郡长；执行吏
griffin	新手；未经世故的人
declined	辞谢；谢绝（邀请等）( decline的过去式和过去分词 )；（道路、物体等）下倾；（太阳）落下；（在品格、价值上）降低
Guyana	圭亚那
spies	间谍；密探（spy的复数形式）
blah	废话
mime	哑剧；小丑；滑稽戏；摸拟表演；多用途互连网邮件扩展
neighbor	邻居；邻接；毗邻而居；友好；邻近的
motorcycles	摩托车；电单车（motorcycle的复数）
elect	当选人；被选的人；被选的；选出的；选举；选择；作选择
highways	公路；高速公路（highway的复数）
thinkpad	ThinkPad 在2005年以前是IBMPC事业部旗下的便携式计算机品牌；凭借坚固和可靠的特性在业界享有很高声誉。在Lenovo收购IBMPC事业部之后；ThinkPad商标为Lenovo所有。ThinkPad自问世以来一直保持着黑色的经典外观并对技术有着自己独到的见解；如：TrackPoint（指点杆；俗称小红点）、ThinkLight键盘灯、全尺寸键盘和APS(Active Protection System；主动保护系统)。
concentrate	浓缩；精选；集中；专心
intimate	亲密的；私人的；秘密的；暗示；通知；告诉；至交
reproductive	生殖的；再生的；复制的；复现的
preston	普勒斯顿（男子名；英国港市名字）
deadly	致命的；致死的；非常；如死一般地
cunt	女性阴部；性交；淫妇
feof	
bunny	兔子
chevy	打猎时的叫喊；追赶；追猎；奔跑
molecules	分子；微粒；摩尔（molecule的复数）
rounds	圆形物；旋转；巡视；循环（round的复数）
longest	最长的
refrigerator	电冰箱；冷藏库；冷冻机；致冷器
tions	(tion 的复数)；象征式互动；支票电托收
intervals	间隔( interval的复数形式 )；间隔时间；区间；（戏剧、电影或音乐会的）幕间休息
sentences	判决；宣判；句子（ sentence的名词复数 ）；判决（ sentence的第三人称单数 ）
dentists	牙科医生( dentist的复数形式 )；牙科诊所
Usda	美国农业部
exclusion	排除；除外；逐出；分离术
workstation	工作站
holocaust	大屠杀；大火灾；毁灭；大规模烧杀
keen	锋利的；敏锐的；强烈的；敏捷的；热心的；渴望的；挽歌；痛哭；唱挽歌
flyer	飞鸟；飞行物；飞行员；快车；传单；飞跳；投机买卖；孤注一掷；(广告)传单
peas	豌豆（pea的复数）
dosage	剂量；用量；配药
receivers	接受者( receiver的复数形式 )；听筒；无限电接收机；（破产公司的）官方接管人
urls	abbr. 资源定位符（Uniform Resource Locators）
customise	<主英>=customize
disposition	性情；处置；处理；布置；素因
variance	不一致；变化；变异；分歧；不和；方差；变种
navigator	航海家；领航员；驾驶员；航海者
investigators	调查者；审查者( investigator的名词复数 )
Cameroon	喀麦隆
baking	烘焙；一次烘焙的量；烘；焙；烤干
marijuana	大麻
adaptive	适应的；能适应的
computed	计算（compute的过去式）
needle	针；尖；用针缝；缝纫；探针
baths	公共澡堂；公共游泳池；pl. 沐浴；洗澡；浴盆；浴锅；浸没；洗澡处；浴室；澡盆；浴缸；电镀槽；定影液
enb	
gg	abbr. 地面制导（Ground Guidance）；煤气发生器（Gas Generator）
cathedral	大教堂
brakes	刹车系统；制动；刹车（brake的复数）
og	abbr. 奥运会（Olympic Games）
nirvana	天堂
KO	击倒；打倒
Fairfield	费尔菲尔德（美国地名）
owns	属于自己的东西（own的复数）
til	芝麻
invision	
sticky	粘的；有粘性的；顽固的
destiny	命运；定数
generous	慷慨的；有雅量的；大量的；丰富的
madness	疯狂；愚蠢的行为；狂
EMACS	EMACS文本编辑器
climb	攀登；上升；爬；爬升
blowing	吹制
fascinating	迷人的；吸引人的；使人神魂颠倒的
landscapes	风景( landscape的名词复数 )；风景画；乡村风景画；地形
heated	热的；激昂的；兴奋的
lafayette	拉斐特（美国印地安纳州西部城市）；老佛爷（法国百货公司）；三刺光鲳
jackie	杰基（人名）
WTO	给操作员送信息
computation	计算；计数；计算结果；估计；计算法
hay	干草；制干草；供给干草；晒干草
cardiovascular	心血管的
ww	abbr. 栈单（Warehouse Warrant）
sparc	abbr. SUN公司的工作站系统
cardiac	心脏病患者；强心剂；健胃药；心脏的；(胃的)贲门的
salvation	拯救；救助；救世
Dover	多佛(英国港口)
adrian	艾德里安（男子名）；艾德里安市（美国密歇根州东南部城市）
predictions	预言；预言的事物( prediction的复数形式 )
accompanying	随同的；附见的
Vatican	梵蒂冈；罗马教廷
brutal	残忍的；野蛮的；不讲理的
learners	学习者；初学者；见习驾驶员( learner的复数形式 )
GD	图形显示；钆(64号元素)
selective	选择的；选择性的
arbitration	仲裁；公断
configuring	配置选择；配置规划
token	表征；记号；代币；象征的；表意的
editorials	社论（美）( editorial的复数形式 )
zinc	锌；镀锌于
sacrifice	牺牲；供奉；祭品；祭祀；贱卖；献祭
seekers	搜索者；探求者( seeker的复数形式 )
guru	古鲁(印度教导师)；柯拉子
ISA	指令系统体系结构；工业标准结构
removable	可移去的；可免职的；可移动的
convergence	集中；收敛；会聚
yields	生产量；投资效益（yield的复数形式）
Gibraltar	直布罗陀
levy	税款；所征的人数；征收；征税；课税；强求；召集
suited	适合的
numeric	数值的；数字的；数；数字；数值
anthropology	人类学
skating	溜冰
kinda	有几分；有一点
aberdeen	亚伯丁（英国苏格兰一郡 ）；苏格兰粗毛猎狐狗（等于Aberdeenterrier）
emperor	皇帝；君主
grad	毕业生；校友
malpractice	不当治疗；不端行为；渎职；疗法失当；医疗差错
dylan	狄伦（男子名）
bras	abbr. 宽带接入服务器（Broadband Remote Access Server）
belts	带子；皮带（belt的复数）
blacks	黑人（black的复数）
educated	受过教育的；有教养的
rebates	回扣；部分退款（rebate的复数）
reporters	记者( reporter的复数形式 )
burke	秘密地除去；秘密地消灭；压制
proudly	傲慢地；自大地；得意洋洋地
pix	焦油；沥青
necessity	需要；必需品；必然；必要性；必然性；必要
rendering	翻译；表现；描写；表演；打底；透视图
MIC	介质接口；连接器
inserted	插入的；嵌入的；著生的；附着的
pulling	拉单晶的
basename	
kyle	（苏）狭海峡；海峡
obesity	肥胖；多脂
curves	曲线；弯曲状（curve的复数形式）
suburban	郊外的；郊区的；(贬)偏狭的；土气的；见识不广的；郊区居民
touring	游览；游览的
clara	克拉拉（女子名）
vertex	顶点；最高点；头顶；天顶
BW	细菌战
hepatitis	肝炎
nationally	作为整个民族；举国一致地；全国性地
tomato	番茄；西红柿
andorra	安道尔共和国；安道尔市
waterproof	防水材料；不透水的；防水的；使防水
expired	失效的；过期的
mj	abbr. 玛帝脂接缝（Mastic Joint）；兆焦耳（megajoule）
travels	旅途；(非正式)旅行笔记；游记
flush	流溢；面红；旺盛；发烧；惊飞的鸟；同花牌；丰足的；齐平的；满盈的；泛滥的；齐平地；直接地；脸发红；奔涌；惊飞；淹没；冲洗；使脸红；使激动；使齐平；使惊飞
waiver	放弃；弃权；弃权声明书；放弃权利
pale	栅栏；界线；范围；苍白的；暗淡的；无力的；变苍白；变暗；失色；使变苍白；使失色；用栅栏围
specialties	特别；专长；特性（specialty的复数）
hayes	海耶斯（男子名）
humanitarian	人道主义者；博爱者；基督凡人论者；人道主义的；博爱的；凡人论的
invitations	（口头或书面的）邀请( invitation的复数形式 )；请柬；鼓励；（尤指）怂恿
functioning	运行；运作；功能；机能；起酌（function的动名词）
delight	高兴；愉快；使高兴；乐于；感到高兴(或愉快、快乐)
survivor	生还者；幸存者；生存者；辛存者
garcia	加西亚（姓氏）
cingular	(牙齿的)舌面嵴的
economies	节约( economy的名词复数 )；经济；经济情况；经济结构
alexandria	亚历山大港（位于埃及）；亚历山大市（美国弗吉尼亚一城市）；亚历山大大帝
bacterial	细菌的；杆菌的
Moses	摩西；领导者；立法者
counted	（按顺序）数( count的过去式和过去分词 )；有价值；数出总数；算得上
undertake	试图；从事；保证；承担；同意；接受；承包
declare	宣布；声明；申报；断言
continuously	不断地；连续地
johns	约翰斯（姓氏）
valves	阀门；真空管；瓣膜（valve的复数）
gaps	差异；缺口；缝隙（gap的复数形式）
impaired	受损的
achievements	业绩；获得（achievement的复数）
donors	捐赠者( donor的复数形式 )；献血者；捐血者；器官捐献者
tear	泪滴；眼泪；撕；扯；裂缝；激怒；飞奔；流泪；撕破；赶快；被撕破；撕裂；戳破；拉掉；撕掉；使分裂；使精神不安；折磨
jewel	珠宝；贵重物；镶珠宝的饰物；饰以珠宝；镶以宝石
teddy	连衫衬裤；泰迪玩具熊
LF	换行；低频；絮凝单位；絮凝限度
convertible	可改变的；可交换的；有活动篷的汽车
ata	abbr. 航空运输协会（Air Transport Association of America）；高级技术附加装置（Advanced Technology Attachment）
teaches	教( teach的第三人称单数 )；教书；训练；教育
ventures	敢于；冒险( venture的第三人称单数 )；冒…的危险；拿…冒险；用…进行投机
nil	无；全无；零；无有
bufing	
stranger	陌生人；门外汉；局外人；非当事人；第三者
tragedy	悲剧；惨案；悲剧作品；惨事；灾难；不辛
Julian	尤利乌斯恺撒的
nest	巢；窝；休息所；隐匿处；筑巢；找鸟巢；为...设窝；使套叠；嵌套
PAM	脉冲幅度调制；解磷定；派姆；磷敌；甲碘化吡啶醛肟(有机磷和毒扁豆硷的解毒药)
dryer	干衣机；干燥剂；催干剂；干燥器；干燥设备；烘箱
painful	痛苦的；困难的；令人烦恼的；疼痛的
velvet	天鹅绒；天鹅绒的
tribunal	法庭；法官席；裁决；裁判所；裁判
ruled	有横隔线的；有直线行的；受统治的
NATO	北大西洋公约组织；北约组织
pensions	退休金；养老金( pension的名词复数 )
prayers	祈祷；祝福；祷告者；恳求者（prayer的复数）
funky	畏缩的；怯懦的；恶臭的
secretariat	书记处；秘书之职；秘书处
nowhere	无处；到处都无
cop	警官；抓住
paragraphs	段落（paragraph的复数形式）
gale	狂风；大风；定期租金；地租；年金
joins	连接；参加；结合（join的复数）
adolescent	青春期的；青少年的；青少年
nominations	提名；任命( nomination的复数形式 )
wesley	韦斯利（男子名）
dim	暗淡的；模糊的；使暗淡；数据解释模块
lately	近来；最近
cancelled	被取消的；取消( cancel的过去式和过去分词 )；废除；注销；删去
scary	容易受惊的；胆小的；提心吊胆的
mattress	床垫；空气垫；沉床；褥子
mpegs	
Brunei	文莱
likewise	同样地；也
banana	香蕉
introductory	介绍的；引导的；开端的
Slovak	斯洛伐克语
cakes	蛋糕（cake的复数）
stan	斯坦（男子名）
reservoir	贮水池；贮藏处；贮备；水库；储藏
occurrence	发生；事件；出现
idol	偶像；崇拜物；宠儿；幻象；谬论
bloody	血腥的；嗜杀的；有血的
mixer	混合者；混合器；搅拌机；搅拌器；混频器；(非正式)交际家；与人相处的人；音装置
remind	提醒；使想起
WC	厕所
Worcester	伍斯特(①姓氏 ②英国城市 ③美国城市)
sbjct	
demographic	人口统计的；人口学的
charming	迷人的；有吸引力的
mai	显微镜下聚集指数
tooth	牙齿；齿状物；爱好；装以齿；将...切成齿状；啮合
disciplinary	训练的；纪律的；训诫的；惩戒性的
annoying	恼人的；讨厌的
respected	受尊敬的
stays	停留；依靠；妇女胸衣（stay的复数）
disclose	揭露；透露；揭发；公开
affair	事件；事务；恋爱事件
drove	畜群；drive的过去式
washer	洗衣人；垫圈；洗衣机；洗涤器
upset	弄翻的；混乱的；心烦的；弄翻；颠覆；推翻；打乱；使不适；使心烦；翻倒
restrict	限制；限定；约束
springer	跳的人
beside	在旁边
mines	地雷；矿山（mine的复数）
portraits	肖像；画像( portrait的复数形式 )；生动的描写
rebound	弹回；返回；产生事与愿违的结果；使弹回；使返回；反弹；篮板球；振作；rebind的过去式和过去分词
logan	洛根（男子名）
mentor	指导者；良师益友
interpreted	解释( interpret的过去式和过去分词 )；理解；把…理解为；演绎（按自己的感觉演奏音乐或表现角色）
evaluations	估价( evaluation的复数形式 )；<数>赋值；估计价值；诊断
fought	fight的过去式和过去分词
Baghdad	巴格达
elimination	除去；消除；消灭；消去；脱去
metres	米( metre的复数形式 )；（诗的）格律；用于竞赛名称 metres
hypothetical	假设的；有待证实的；假定的；有前提的；理想的
immigrants	移民（immigrant的复数）
complimentary	问候的；称赞的；夸奖的
helicopter	直升机；由直升机运送；乘直升机
pencil	铅笔；色笔；眉笔；画笔；光线束；用铅笔写或涂；草拟
freeze	冻结；冷冻；僵硬；楞住；使结冰；使冻住；使呆住；结冰；凝固
hk	abbr. 加热器箱（Heater Kit）；香港（Hong Kong）
performer	表演者；执行者；完成者；履行者；实行者
abu	abbr. 亚洲广播联盟（Asian Broadcast Union）
titled	有头衔的；有官衔的；有爵位的
commissions	委员会( commission的名词复数 )；佣金；任命；职权
sphere	球；球面；球体；天体；地球仪；范围；包围；使成球体；放入球内
powerseller	
moss	苔藓；泥沼；使长满苔藓
ratios	比；比率( ratio的复数形式 )
concord	一致；和睦；协定
graduated	毕业了的；分等级的；分度的；刻度的；有刻度的
endorsed	&；endorse的过去式或过去分词形式；赞同( endorse的过去式和过去分词 )；<商>在（尤指支票的）背面签字；在（文件的）背面写评论；在广告上说本人使用并赞同某产品
ty	abbr. 总产量；总收率（total yield）
surprising	令人惊讶的
walnut	胡桃；胡桃木
lance	长矛；柳叶刀；执矛战士；以长矛攻击；冲进；急进
ladder	梯；梯状物；发迹的途径；袜子抽丝；成名
italia	意大利
unnecessary	不必要的
dramatically	戏剧地；引人注目地；突然地
Liberia	利比里亚；利比利亚
sherman	谢尔曼（男子名）
cork	软木塞；软木树；软木；木栓
maximize	取...最大值；使增加(或扩大)到最大限度；最大化
CJ	审判长；法院院长；首席法官
hansen	汉森（姓氏）
senators	参议员( senator的复数形式 )
workout	试验；试用；锻炼
Mali	马里
Yugoslavia	南斯拉夫
bleeding	出血；流血；渗色
characterization	特性描述；人物之塑造；特性因数
colon	冒号；结肠
likelihood	可能；可能性
lanes	小路( lane的复数形式 )；车道；航道；分道
purse	钱包；小钱袋；金钱；募捐款；囊状物；缩拢；皱起
fundamentals	基本面；基本原理（fundamental的复数）
contamination	污染；污物；沾污
mtv	abbr. 音乐电视（Music Television）
endangered	有生命危险的；濒临灭绝的
compromise	妥协；折中；折中方案；和解；妥协处理；危害
masturbation	手淫
optimize	使完美；使完善；充分利用；乐观地对待；优化；持乐观态度
stating	叙述；说明
dome	圆顶；加圆顶；成圆顶状
caroline	凯若琳（女子名）
leu	列伊(罗马尼亚货币单位)；亮氨酸
expiration	终止；满期；呼出；呼气；呼；断气；死亡
namespace	命名空间
align	排列；排成一行；结盟；使结盟；使成一行；校正
peripheral	周边的；周围的；圆周的；无关紧要的；肤浅的；外周的；末梢的
bless	祝福；祈佑；使神圣化
engaging	动人的；迷人的；有魅力的
negotiation	谈判；磋商；交涉；协商
crest	冠；饰毛；头盔的顶部；到达绝顶；加以顶饰
opponents	对手（opponent的复数形式）
triumph	凯旋；胜利；欢欣；得胜；成功
nominated	被任命的；被提名的
confidentiality	机密性；保密
electoral	选举人的；选举的；(有关)选举的；由选举人组成的
changelog	
welding	焊的；熔接；焊接；锻接
orgasm	极度兴奋；兴奋的高潮；(感情等的)爆发；性欲高潮；性乐
deferred	推迟的；迟延的；递延的
alternatively	非此即彼
heel	脚后跟；踵；后部；倾侧；尾随；装以鞋跟；追赶；紧随；用脚后跟传球
alloy	合金；将...铸成合金；减低成色；合铸
condos	(condo 的复数)；共同统治；共管下的政府；共管；多层公寓大楼；由个人占用的一套公寓房间
plots	情节；阴谋；平面图；小块土地（plot的复数）
polished	擦亮的；优雅的；精良的
yang	杨（姓氏）
gently	温和地；温柔地；轻轻地；逐渐地
greensboro	格林斯博罗（美国北卡罗来纳州中北部城市）
tulsa	塔尔萨（美国俄克拉菏马州东北部城市）
locking	锁定；加锁
casey	凯西（男子名）
controversial	争论的；论争的；被议论的
draws	铸件孔穴；图画（draw的复数）
fridge	电冰箱
blanket	毛毯；毯子；掩盖；覆盖；总共的
bloom	花；开花；青春；钢块；焕发青春；茂盛；使茂盛；把...轧成钢坯
QC	质量管理
simpsons	辛普森一家（电影名）
lou	卢（女子名；等于Louise或Lu）
Elliott	艾略特（姓氏）
recovered	重新获得；恢复（recover的过去分词）
fraser	弗雷则河（加拿大西南部河流）；弗雷泽（男子名）
justify	替...辩护；证明；证明合法；段落重排；两端对齐
upgrading	升级；提高品位（upgrade的现在分词）
blades	刀刃；扁叉；刀片（blade的复数）
pgp	abbr. 加密软体（Pretty Good Privacy）
loops	封闭的环形；循环（loop复数）
surge	巨涌；汹涌；澎湃；颠簸；猛冲；突然放松；使汹涌奔腾；急放；电压尖峰
frontpage	网页制作；首页；网页设计
trauma	外伤；损伤；创伤
aw	int. 哦！噢！（表示抗议；厌恶；讨厌等）
tahoe	美国塔霍湖
advert	提出看法；引起注意；留意；广告
possess	持有；占有；拥有；克制；支配；迷住；具有
demanding	要求高的；费力的
defensive	防卫的；防备用的；自卫的；守势；防卫姿势；防卫物
sip	啜饮；小口喝；抿；啜；单列直插式组件
flashers	闪光
subaru	富士重工；斯巴鲁（富士斯巴鲁汽车）
forbidden	被禁止的；严禁的；forbid的过去分词
TF	转移因子
vanilla	香草；香子兰
programmers	（计算机的）程序员( programmer的复数形式 )
pj	abbr. 有功电度表；圆周喷射（Peripheral Jet）
monitored	指导；检测；监控（monitor的过去分词）
installations	装置( installation的复数形式 )；安装；就职；军事设施
Deutschland	德国
picnic	野餐；远足；愉快的经历；去野餐
souls	灵魂；精神（soul的复数）
arrivals	进站；进港；到达（arrival的复数形式）
spank	打；拍击；飞跑；拍打；一巴掌
CW	等幅波；连续波；余弦波；调用等待；顺时针方向；代码字；命令字；控制字
practitioner	从业者；开业者；行医者；医师
motivated	有动机的；目的明确的
WR	写入
dumb	哑的；不说话的；无声音的
Smithsonian	史密森尼（美国博物馆）；史密森学会
hollow	洞；窟窿；山谷；空的；虚伪的；空腹的；凹的；形成空洞；挖空
vault	拱顶；窖；地下室；撑竿跳；穹窿；做成圆拱形；撑竿跳过；成穹状弯曲；跳跃
securely	安全地；安心地；牢固地；有把握地
examining	审查的；审讯的；考试的
fioricet	
groove	凹槽；惯例；理想境况；开槽于
revelation	揭露；泄露；发觉；默示；启示
rg	abbr. 角速度陀螺仪（Rate Gyroscope）；巴西航空（Brazilian Airlines）
pursuit	追踪；追求；追赶；娱乐；职业；追捕
delegation	代表团；派遣代表团；代表的地位(或权力)；派遣；委任；委托
wires	电线；线变形器（wire的复数）；小五金；网格
bl	abbr. 法学士（Bachelor of Law）；架桥装置（Bridge-Layer）；提货单（bill of lading）
dictionaries	词典；字典( dictionary的名词复数 )
mails	邮件（mail的复数形式）
backing	后退；衬背；后援；支持者；衬垫
greenhouse	温室
sleeps	为…提供床位( sleep的第三人称单数 )
VC	虚拟计算机
blake	布莱克（英国作家）
transparency	透明；透明度；透过性；透明物；清晰；透明性
dee	D字形马具；D形电极(回旋加速器内)
travis	崔维斯合唱团；特拉维斯（男子名）
wx	abbr. 女式特大号（women's extra large size）
endless	不停的；无穷尽的；无尽的；无端的；环状的
figured	有形状的；有图案的；用图表表现的；用图画表现的
orbit	轨道；常轨；眼眶；绕...轨道而行；进入轨道；盘旋
currencies	通货( currency的名词复数 )；货币；流通；市价
Niger	尼日尔；皂脚
bacon	熏猪肉；腌肉
survivors	幸存者；残存者；生还者( survivor的复数形式 )
positioning	定位；配置；布置
heater	加热器；灯丝；加热工
colony	殖民地；移民队；菌(集)落；菌丛；移民区
cannon	大炮；加农炮；炮轰
circus	马戏团；马戏；竞技场
promoted	晋升的
forbes	福布斯（美国出版及媒体集团）；福布斯（美国著名财经杂志）；福布斯（姓氏）
mae	（苏格兰）更多（等于more）
Moldova	摩尔多瓦
mel	蜂蜜
descending	下降的；下行的；递减
paxil	帕罗西汀（抗抑郁药物）
spine	背骨；脊柱；尖刺；棘；刺；马蹄嵴
trout	鲑鱼
enclosed	被附上的；附上；内附
feat	壮举；功绩；技艺表演；灵巧的；合适的；整洁的
temporarily	暂时；一时；临时
Ntsc	国际电视系统
cooked	精疲力竭的；被揍得昏厥的；未达到目的就完蛋的；喝醉了的
thriller	使人激动的东西；使人毛骨悚然的东西；使人毛骨悚然的小说
transmit	传输；传染；传达；遗传；发射；传播；发射信号；留传下来；传送
apnic	
fatty	肥胖的；脂肪的；含脂肪的
gerald	杰拉尔德（男子名；义为勇敢的战士）
pressed	紧迫的；繁忙的
frequencies	频率（frequency的复数形式）；频数分析；次数分配表
scanned	已扫描的
reflections	反光；反响；回声；回旋曲
hunger	饥饿；渴望；饥荒；使挨饿；挨饿
mariah	玛丽亚（女子名）
sic	原文如此
municipality	自治区；市当局；市民；市；自治市；自治地区
usps	abbr. 美国邮政管理局（United States Postal Service）
joyce	乔伊斯（女名）
detective	侦探；侦探的
surgeon	外科医生；军医；船医；外科医师
cement	水泥；胶结剂；胶合；用水泥涂；黏牢
experiencing	体验
fireplace	壁炉
endorsement	支持；认可；背书；担保；保证
BG	后台
planners	规划者；策划人( planner的名词复数 )
disputes	辩论( dispute的名词复数 )；争端；（劳资）纠纷；罢工；辩论；争论( dispute的第三人称单数 )；争夺；阻止；就…进行辩论
textiles	纺织品；纺织面料；纺织业；纺织品类（textile的复数）
missile	发射物；导弹；飞弹；火箭；可发射的
intranet	内联网；企业内部网
closes	（使）关；关闭( close的第三人称单数 )；终止；（使）缩小；合上
seq	abbr. 序列发生器；音序器（sequencer）
psychiatry	精神病学；精神病治疗
persistent	固执的；坚持的；持续的；作用持久的
deborah	黛博拉（女子名）
conf	abbr. conference 会议；confer (Latin=compare) （拉丁语）比较；confine 限制；confident 确信的
marco	马尔科（人名）；显示地图；展现地图
assists	协助；助攻（assist的复数）
summaries	摘要；概要( summary的名词复数 )
glow	赤热；光辉；热情；热烈；红光；发红光；红光焕发；发热；洋溢；激动
Gabriel	加百利(<<经经>>中七大天使之一)
auditor	审计员；听者；旁听生；审计(查帐)员；审计师；会计检查员
wma	abbr. 美国威廉·莫里斯经纪公司（William Morris Agency）；世界医学协会（World Medical Association）；美国专精于野外急救的教育机构（Wilderness Medical Associates）；音频媒体（Window Media Audio）
aquarium	水族馆；养鱼池；水草缸；培养缸
violin	小提琴
prophet	预言者；先知；提倡者
cir	abbr. circular 通知；circulation （货币；货物等的）流通；circle 圆；circa (Latin=about) （拉丁语）大约
bracket	支架；括弧；托架；装托架；括入括弧；方括号；括号
looksmart	
isaac	艾萨克（男人名）；以撒（希伯来族长；犹太人的始祖亚伯拉罕和萨拉的儿子）
oxide	氧化物
oaks	橡树（oak的复数）
magnificent	华丽的；高尚的；宏伟的
erik	埃里克（姓氏）
colleague	同事；同僚
Naples	那不勒斯
promptly	敏捷地；迅速地
modems	调制解调器( modem的复数形式 )
adaptation	适应；改编；改编本
hu	abbr. 海南航空公司在国际航空运输协会中的二字代码；匈牙利（Hungary）；英国无国界卫生组织（Health Limited）
harmful	有害的；伤害的
paintball	彩弹球；漆弹游戏
prozac	百忧解（一种治疗精神抑郁的药物）
sexually	性别地；两性之间地
enclosure	附件；围墙；围绕；机壳；外壳
ACM	计算机协会；异步通信控制模块
dividend	被除数；股利
newark	纽瓦克市（美国新泽西州港市）
kw	千瓦
paso	abbr. 泛美体育组织（Pan American Sports Organization）
glucose	葡萄糖；右旋糖；葡糖(用于复合词中)
phantom	幻影；虚位；幽灵；化身；令人恐惧的事物；骇人的想法；幻觉的；幻影的；幽灵的；虚无飘渺的；捉摸不定的；有名无实的
norm	基准；模范；标准；准则；平均数；定额
playback	(录音)重放；(录音)重放装置；重现
supervisors	监督者；管理者( supervisor的复数形式 )
Westminster	威斯敏斯特
turtle	海龟
IPS	英寸/秒
distances	距离( distance的名词复数 )；远处；（时间或空间的）相距；疏远
absorption	吸收；专心；全神贯注；吸收作用
treasures	金银财宝( treasure的名词复数 )；宝藏；珍宝；不可多得的人才；重视( treasure的第三人称单数 )；珍惜；珍视；珍爱
DSC	示差扫描量热法；差示扫描量热法
warned	已警告的
neural	神经的；神经系统的；神经中枢的；背的
ware	物品；器具；货物；商品；陶器；留心；小心；知道的；意识到的；留神的
fossil	化石；古物；化石的；陈腐的；守旧的
mia	abbr. 战斗中失踪的（Missing In Action）
hometown	故乡；家乡
badly	严重地；恶劣地；极度地
transcripts	抄本（ transcript的复数形式 ）；转写本；文字本；副本
Apollo	阿波罗(太阳神)；美男子
wan	苍白的；无血色的；病态的；暗淡的；(使)变苍白；广域网
disappointed	失望的
Persian	波斯人；波斯语
continually	不断地；频繁地
communist	共产主义者；共产党员；共产主义的；共产党的
collectible	可收集的；可搜集的；可征收的；可收回的
handmade	手工的；手制的
greene	格林（姓氏）
entrepreneurs	<法>企业家( entrepreneur的复数形式 )；主办人
robots	机器人（robot的复数形式）
Grenada	格林纳达
creations	创作；创造物（creation的复数形式）
jade	玉；翡翠；老马；绿色的；玉制的；(使)疲倦
scoop	铲子；勺子；穴；口；独家新闻；汲取；舀取；挖空；抢先报道
acquisitions	获得( acquisition的复数形式 )；获得者；（企业的）合并；（图书馆通过采购、交换赠阅等）图书资料的获得
foul	污秽的；邪恶的；恶臭的；肮脏的；恶劣的；淤塞的；弄脏；妨害；污蔑；犯规；淤塞；腐烂；缠结；违反规则地；不正当地；缠绕
keno	基诺(一种赌博)
gtk	
earning	收入（earn的现在分词）
mailman	邮递员
sanyo	日本三洋电气公司
nested	嵌套的
biodiversity	生物多样性
excitement	刺激；兴奋；激动
Somalia	索马里
movers	（会议上的）提议人( mover的复数形式 )；搬家工人；…走动的人；兴旺发达的事物
verbal	用言辞的；言语的；口头的；逐字的；动词的；口述的
blink	眨眼；闪亮；使闪亮；瞬间；闪光；闪烁
presently	目前；不久
seas	海洋（sea的复数）
carlo	卡洛（男子名）
workflow	工作流程
mysterious	神秘的；难解的；不可思议的
novelty	新奇；新鲜；新奇的事物
bryant	布赖恩特（男子名；等于Brian）
tiles	瓷砖（tile的复数形式）
voyuer	
librarian	图书馆员；图书管理员；程序库管理程序；程序库生成程序
subsidiaries	附属事物；附属机构；子公司( subsidiary的名词复数 )
switched	转换的
Stockholm	斯德哥尔摩
Tamil	泰米尔人；泰米尔语
garmin	肉叶芸香硷
RU	请求回答单元；钌(44号元素)
pose	姿势；姿态；装模作样；伪装；摆姿势；假装；使摆好姿势；提出；造成
fuzzy	有微毛的；模糊的；微毛
Indonesian	印尼的；印尼人；印尼语群
grams	克（gram的复数形式）
therapist	治疗学家
richards	理查兹（姓氏）
mRNA	信使核糖核酸
budgets	预算（budget复数形式）
toolkit	工具包
promising	有希望的；前途有望的
relaxation	松弛；放松；减轻；缓和；休息；休养；驰豫
goat	山羊；替罪羊；色鬼
render	回报；给于；付给；汇报；提出；舍弃；反映；表示；表演；致使；执行；实施；给予补偿；交纳；打底
carmen	卡门（女子名）
ira	abbr. 爱尔兰共和军（Irish Republican Army）；个人退休帐户（Individual Retirement Account）
SEN	传感器（传感元件；探测设备）
thereafter	其后；从那时以后
hardwood	硬木；硬木材；阔叶材；落叶树
erotica	色情作品；色情书籍；色情画；淫画
temporal	时间的；暂时的；现世的；世俗的；颞的；太阳穴的；世间万物；教会财产
sail	帆；篷；帆船；航程；帆状物；航行；启航；张帆而行；航行于；驾船
forge	熔炉；铁工厂；打制；锻造；伪造
commissioners	专员( commissioner的复数形式 )；长官；委员；政府部门的长官
dense	密集的；浓厚的
DTS	数据传输系统；对话终端系统；数字终端系统
brave	勇敢的；美好的；华丽的；勇敢者；勇敢地面对
forwarding	转发；转入下页；信件转寄(投)发运
qt	abbr. 夸脱（液量单位；quart）；鉴定试验（Qualification Test）
awful	可怕的；庄严的；虔敬的
nightmare	梦魇；恶梦；可怕的事物(或情景、人物)
airplane	飞机
reductions	减少( reduction的复数形式 )；降低；约简；减薄
southampton	南安普敦（英国港市）
Istanbul	伊斯坦布尔
impose	征(税)；把...强加于；以...欺骗；利用；欺骗；施加影响
organisms	有机物( organism的复数形式 )；有机体；生物；有机体系
sega	abbr. 世嘉株式会社（日本游戏公司）
telescope	望远镜；叠缩；嵌进；缩短；使叠缩；使缩短
viewers	电视观众( viewer的复数形式 )；观看者；勘查孔；看片机（把幻灯片等放大观看的装置）
asbestos	石棉
portsmouth	朴茨茅斯（英国港市；美国港市）
cDNA	互补DNA
meyer	迈耶（日耳曼语；指首席侍从或农夫）
enters	进入( enter的第三人称单数 )；进去；参加；登记
pod	豆荚；(豆荚状的)保护性外壳；扁豆形矿体；从豆荚中剥出；结豆荚
savage	未开化的；野蛮的；无礼的；残酷的；原始的；粗鲁的；未开发的；用暴力对付；凶猛攻击；原始人；粗鲁人
advancement	前进；进步；提升；徙前术
wu	abbr. 西联（Western Union）；工作单位（Work Unit）；武汉航空公司
harassment	困扰；烦扰；烦恼；折磨；骚扰；侵扰
willow	柳树；柳木制品；柳树的；柳木制的
resumes	简历；个人履历（resume的复数）
bolt	门闩；螺钉；筛子；闪电；意外事件；闩住；发射；脱口而出；筛；囫囵吞下；囫囵吞枣；射箭；脱缰；退出党派；突然
gage	抵押品；挑战；以...为担保；以...为赌注；标准度量；计量器；精确计量；估计
throwing	投掷
existed	存在( exist的过去式和过去分词 )；生存；（尤指在特殊的条件下或在特定的场所）发现；持续存在
whore	娼妓；卖淫
generators	发电机；生成器（generator的复数）
LU	逻辑单元；逻辑部件；镥(71号元素)
wagon	四轮马车；货车；囚车；马车；运货车
Barbie	芭比（女子名）；芭比娃娃（商标名）
DAT	磁盘分配表；动态地址转换；数字录音带
favour	好感；偏爱；喜爱；相信；庇护；赞同；支持；信赖；善行；恩惠；徽章；礼物；赞成；帮助；偏袒；关切；赐与；给与；有利于；有助于；像；体恤
soa	abbr. 前进速度（speed of advance ）；工艺技术水准（state of the art）；进场著陆速度（speed of approach）；工艺现状（State of the Art）
knock	敲；敲打；敲门；敲击；互撞；攻击
urge	冲动；推动力；迫切的要求；驱策；力劝；竭力主张；推动；强烈要求
SMTP	简易邮件传递协议
generates	生（儿、女）( generate的第三人称单数 )；（通过物理或化学过程）发生；生成；引起
potatoes	马铃薯；土豆（potato的复数形式）
thorough	十分的；彻底的
replication	回答；反响；复制；第二次答辩；折转；弯回
inexpensive	便宜的；不贵重的
kurt	库尔特（男子名）
receptors	<生>感受器；受体( receptor的复数形式 )
peers	平辈；同事（peer的复数）
roland	罗兰（男子名）
optimum	最适条件；最佳效果；最优的；最适宜的
neon	氖；氖Ne
interventions	介入；干涉；干预( intervention的复数形式 )
quilt	棉被；加软衬料后缝制；东拼西凑地编；缝被子
huntington	亨廷顿（男子名；美国地名）
creature	人；动物；创造物；生物
ours	我们的
mounts	加载的文件系统；山峰（mount的复数）
syracuse	锡拉库扎（意大利西西里岛东部一港市）
internship	实习医师的职务；实习医师职位；实习医师期
lone	孤单的；孤立的；单身的；寂寞的
refresh	使清新；使恢复；使生气蓬勃；提起精神；恢复精神；吃点心；喝饮料；刷新；重新整理
aluminium	铝；铝的
snowboard	滑雪板
beastality	
webcast	网路广播；网络广播；网络直播
michel	米歇尔（男子名）
evanescence	逐渐消失；消失性
subtle	敏锐的；精细的；狡猾的；稀薄的；灵巧的；微妙的；锐敏的
coordinated	调节；调整；整理；使调和（coordinate的过去分词）
notre	（法）我们的
shipments	发货；运载的货物（shipment的复数）
Maldives	马尔代夫(群岛)
stripes	条子布；条纹布（stripe复数形式）
firmware	固件
Antarctica	南极洲
cope	竞争；应付；长袍
shepherd	牧羊人；牧羊犬；牧师；保护者；看守；领导；指导；牧羊
lm	地上移动式无线电设备（Land Mobile）；登月舱（Lagrange multiplier）；光学显微镜
Canberra	堪培拉
cradle	摇篮；发祥地；孩提时代；放在摇篮内；抚育；刈割
chancellor	大臣；总理；首相；大使馆/领事馆的一等秘书；司法官；大学校长
mambo	曼博舞；曼博音乐；跳曼博舞
lime	石灰；粘鸟胶；酸橙；以石灰处理；粘鸟胶于；撒石灰
kirk	教会；苏格兰教会
flour	面粉；粉沫；碎粉；麦粉
controversy	论争；辩论；论战；争论；争吵
legendary	传说的；传奇中说的；传奇般的；传说中的；著名的
BOOL	布尔；逻辑的
sympathy	同情；赞同；怜悯；慰问；吊唁；交感；同感；感应
choir	唱诗班；唱诗班的席位；合唱
avoiding	避免；回避；避免（avoid的ing形式）；撤销；避免的；回避的
beautifully	美好地；漂亮地
blond	金发的；白肤碧眼金发的人
expects	期望( expect的第三人称单数 )；预料；要求；认为（某事）会发生
cho	abbr. 首席人事官（Chief Human resources Officer）
jumping	跳跃的
fabrics	纤维织物（fabric的复数）
antibodies	抗体（antibody的复数）
polymer	聚合物；聚合体；多聚体；高分子；大分子
hygiene	卫生保健；卫生学；保健法；卫生
wit	机智；智力；头脑；理智；妙语；机智的人
poultry	家禽
virtue	德行；美德；优点；功效；效力；贞操
burst	破裂；突发；爆发；爆裂；充满；二进制位组；字符组；脉冲串
examinations	检查( examination的复数形式 )；考试；考查；试题
surgeons	外科医生；外科医生( surgeon的复数形式 )
bouquet	花束；丛；酒香；末梢分极
immunology	免疫学
promotes	<正>促进( promote的第三人称单数 )；提升；推销；使 （学生）升级
mandate	命令；指令；要求；委任统治
Wiley	威利（姓氏）
departmental	部门的；各部的；分科的
BBS	电子公告牌系统
spas	矿泉( spa的复数形式 )；矿泉疗养地；（矿泉）旅游胜地
ind	abbr. 印度；印第安纳州
corpus	(事物的)主体；文集；本金；语料库；体
johnston	约翰斯顿（姓氏）
terminology	术语；术语学；名词学；命名法
gentleman	绅士；先生
fibre	纤维；构造；纤维制品
reproduce	繁殖；再生；复制；生殖
convicted	宣判有罪( convict的过去式 )
shades	墨镜；阴魂咒法术；制造幽影（shade复数）
jets	喷射机队；喷气机（jet的复数形式）
indices	pl. 索引；指针；指数；指标
roommates	<英>室友；住在同室的人( roommate的复数形式 )；<美>同住一屋（一套公寓等）的人
adware	广告软件；广告程序
qui	abbr. 定量超声指数（Quantitative Ultrasound Index）；门控；速度
intl	国际的
threatening	胁迫的；危险的；威胁的；恐吓的
spokesman	发言人；代言者
zoloft	左洛复（药物名）
activists	（政治活动的）积极分子；活动家( activist的复数形式 )
frankfurt	牛肉香肠；猪牛肉混合香肠
prisoner	囚犯；犯人；战俘；扣押犯
daisy	雏菊；一流人物；第一流的
halifax	哈里法克斯（财富500强公司之一；总部所在地英国；主要经营银行）
encourages	鼓励( encourage的第三人称单数 )；支持；促进；鼓动
ultram	盐酸曲马多片剂<镇痛药>
cursor	游标；光标
assembled	集合；装配（assemble的过去分词）
earliest	早的；初期的
donated	（尤指向慈善机构）捐赠( donate的过去式和过去分词 )；献（血）；捐（血）；捐献（器官）
stuffed	已经喂饱了的；塞满了的
restructuring	重构的
insects	昆虫；昆虫类；昆虫纲（insect的复数形式）
terminals	终端；终端机；接线端子；终止节点（terminal的复数）
crude	天然的；未成熟的；粗糙的；粗鲁的；天然的物质
morrison	莫里森（姓氏）
maiden	年轻未婚女子；少女；处女；未婚的；处女的；初次的；无经验的
simulations	仿真；模拟（simulation的复数）
cz	abbr. 捷克（Czech Republic）；运河区
sufficiently	足够；充分
examines	仔细检查( examine的第三人称单数 )；考试；审查
viking	海盗
myrtle	桃金娘科植物；桃金娘
bored	无聊的；烦人的；无趣的
cleanup	清除；暴利；清扫工作；扫除
yarn	纱；纱线；故事
knit	编织；结合
conditional	有条件的；有前提的
mug	有柄大杯；脸；苦读者；给...拍照；攻击；苦读；拼命用功
crossword	纵横填字游戏；纵横填字字谜；纵横组字
bother	烦扰；迷惑；烦恼；操心；麻烦；纠纷；讨厌的人
Budapest	布达佩斯(匈牙利首都)
conceptual	概念的
knitting	编结；针织法；针织；编结法；编结物；针织品；骨愈合
attacked	攻击；侵害（attack的过去分词）
hl	百升
Bhutan	不丹
Liechtenstein	(中欧国家)列支敦士登的
mating	交配；配套
compute	计算；估算
redhead	红发的人
arrives	到达；来( arrive的第三人称单数 )；发生
translator	翻译者；翻译程序；翻译器
automobiles	<美>汽车( automobile的复数形式 )
tractor	牵引器；拖拉机；拉纸器；进纸器
Allah	安拉
continent	大陆；洲；自制的
ob	abbr. 养地（Ocean Bottom）；实况无线电广播（Outside Broadcasting）；向船外（Out Board）
unwrap	打开
fares	照明弹；票价；车费（fare的复数）
longitude	经度；经线
resist	抵抗；耐得住；抵制；反抗；防染材料
challenged	受到挑战的
telecharger	
hoped	希望（hope的过去分词）
pike	长矛；尖头；(体操)屈体；流浪者；狗鱼；通行费；用矛刺杀；刺；离开；谨慎办事；采用屈体姿势
safer	更安全（safe的比较级）
insertion	插入；刊载；插入物
instrumentation	乐器法；仪器制造学；仪表化；器械用法；器械操作法
ids	abbr. 标识部分（Identification Section）
hugo	雨果（男子名；等于Hugh）
wagner	瓦格纳接地法
constraint	强制；约束
groundwater	地下水
touched	精神不太正常的；受感动的
strengthening	强化的；强化；加固
Cologne	科隆；科隆香水
gzip	压缩程序
wishing	期盼着；希望；愿望
ranger	王室守林人；骑警；漫游者
smallest	最小的（small的最高级）
insulation	绝缘；隔离；孤立
Newman	牛曼
marsh	沼泽；湿地；沼泽的
ricky	里基（男子名；等于Rick；Rickie）
ctrl	计算机的Ctrl按键（控制键）
scared	害怕的；担惊受怕的；惊慌的；吓坏了的
theta	希腊字母的第八字
infringement	违犯；侵害；违反；侵犯；侵权
bent	弯曲的；决心的；爱好；bend的过去式和过去分词
Laos	老挝
subjective	主观的；个人的；自觉的
monsters	怪物( monster的复数形式 )；小恶魔；恶棍；坏人
asylum	庇护；收容所；养育院
lightbox	光箱特效；航行识别灯控制箱
robbie	罗比（男子名）
stake	桩；炮烙刑；木柱；赌注；奖金；打桩；用桩撑；下赌注；资助；打赌
cocktail	鸡尾酒；开味品；鸡尾酒会的
outlets	出路；排水口；销售点；批发商点（outlet的复数形式）
Swaziland	斯威士兰
varieties	种种( variety的名词复数 )；品种；变化；（基于遗传差异的）变种
arbor	藤架；树；心轴；凉亭；树(树状结构)
mediawiki	
configurations	立体基阵；配置（configuration的复数）
poison	毒药；毒；毒物；有毒害的事物；毒害；毒杀；使中毒；放毒；下毒
stare	注视；凝视；瞪视；显眼；盯
troop	军队；一群；一队；群集；结队；成群而行
emerge	浮现；形成；出现；(事实)显露
marry	与...结婚；娶；嫁；结婚
critic	批评家；鉴定家
insist	坚持；坚决主张；强调
threaten	恐吓；威胁；预示...的凶兆；恫吓；可能来临
voter	选民；投票人；选举人
nod	点头；打盹；晃动；点头表示；点(头)
disappear	消失；不见
athlete	运动员；运动选手
warn	警告；提醒；通知；发出警告
circumstance	环境；状况；事件
politician	政客；政治家；从事党派政治的人
Jew	犹太人；守财奴；犹太教信徒；欺骗；杀价
complain	抱怨；抗议；控诉
expectation	期待；指望；展望；期望值
stir	骚动；轰动；搅动；监狱；移动；摇动；激起；惹起；搅拌；走动；传播
oppose	反对；以...对抗；抗争
emphasize	强调；加强语气；着重
expose	使暴露；使曝光；揭穿；陈列；暴露；露置
accuse	指责；控告；归咎于
convince	说服；使相信；使确信；使信服；使人认识错误
immigrant	移民；移入的；移民的
emotion	情绪；激动；强烈的情感；情感
scream	尖叫声；尖叫；大笑；尖啸；令人震惊；尖叫着说；大叫大嚷着要求
prosecutor	实行者；告发者；公诉人；原告；起诉人；检举人
shout	呼喊；喊声；喊叫；嚷；高喊
perceive	感觉；认知；理解；意识到
abandon	放弃；抛弃；遗弃；使屈从；沉溺；放纵；放任；无拘束；狂热
symptom	症状；征候；征兆
breathe	呼吸；生存；低语；使喘息；发散；低声说
inspire	使感动；激发；启示；吸入；鼓舞；产生；使生灵感；赋予灵感
retire	隐居；引退；退役；退休；退去；撤退；退却；使...撤退；辞退
habit	习惯；嗜好；习性；使穿衣
dominate	支配；占优势
illustrate	举例说明；作图解；阐明
tablespoon	大汤匙；汤匙；大匙(15毫升)
toss	投掷；抛；摇摆；震荡；掷钱币决定；猛抬；摇荡；使不安；被到处扔；颠簸；辗转；掷钱币决定某事
bury	埋葬；埋藏
ally	同盟者；同盟国；助手；使联盟；使联合；使有关系；结盟
confront	使面对；对抗；遭遇；使对质；比较；对证
educator	教育家
teaspoon	茶匙；茶匙(4毫升)
implication	牵连；含义；暗示；推断；含蓄之意
supporter	支持者；后盾；迫随者；护身织物；赡养者；抚养者
accompany	陪伴；伴随；补充；为...伴奏；伴奏；伴唱
teenager	十三岁到十九岁的少年
whisper	耳语；密谈；谣传；沙沙声；沙沙地响；低声说
embrace	拥抱；互相拥抱；包含；收买
grandmother	祖母；女祖先
weigh	称...重量；衡量；把...压弯；考虑；权衡；起锚；称分量；有意义；重压；过秤
negotiate	商议；谈判；交涉；谈妥；转让；处理
historian	历史学家；记事者
criticize	批评；吹毛求疵；非难
quietly	安静地；沉着地；秘密地
ingredient	成分；因素；配合剂；拼料；组分
activist	激进主义分子
refugee	难民；流亡者；避难者
yell	叫喊；大叫；(齐声)呐喊欢呼；喊叫着说；叫声；喊声；呐喊
sweep	扫除；打扫；肃清；视野；范围；全胜；掸去；猛拉；扫荡；冲走；刮起；环视；掠过；扫射；扫；袭击；席卷；扫视
react	起反应；起作用；反攻；应答；发生反应
cheek	颊；厚颜；脸蛋
pant	喘息；悸动；渴望；气喘吁吁地说
occupy	占领；占(时间、空间等)；住进；担任；使从事；使全神贯注；占据；占有
wipe	擦拭；用力打；凸轮；擦；揩；消灭；涂上；拭去；打
cousin	堂兄弟姊妹；表兄弟姊妹；同辈表亲或堂亲
adviser	顾问；劝告者；指导教师
interpret	解释；演出；翻译；理解
pause	暂停；中止；停顿；间歇；踌躇；休止符；DOS内部命令:暂时停止批处理文件的执行
withdraw	撤回；取回；撤消；使撤退；拉开；移开；撤退；离开
testify	证明；作证；声明；表明
imply	暗示；意味；隐含
dismiss	解散；开除；解职
bake	烘焙；烤；烤面包
evolve	进展；进化；展开；使发展；使推断出；使进化
politically	政治上
characterize	描绘...的特性；刻划...的性格
stair	梯级；楼梯；阶梯
rub	摩擦；困难；障碍；磨损处；擦；搓；惹怒；擦破
fade	褪色；消失；凋谢；使褪色；淡入；淡出；平淡的
squeeze	紧握；挤；榨；榨取；佣金；压榨
pretend	假装；伪称；自命；自称
violate	违犯；亵渎；违反；侵犯；妨碍
adapt	使适应；改编；适应
correspondent	通讯记者；通信者；客户；代理商行；代理银行
flee	逃避；逃跑；逃走；逃；消失
grandfather	祖父；始祖；原始资料组
gesture	手势；姿态；作手势；作姿态
counselor	顾问；参事；法律顾问
owe	亏欠；负...债；归功于；怀有；应给予；感恩；欠钱
sustain	承受；支持；供养；继续；忍受；蒙受；证实；准许；持续
economist	经济学者；经济家；经济学家
pile	堆；大堆；大厦；建筑群；电池；大量；桥桩；软毛；痔疮；堆起；堆积；积累；挤；猛烈攻击；堆于；累积；堆叠；打桩于；用桩支撑
consume	消耗；消费；消灭；耗尽；毁灭
psychologist	心理学家
wealthy	富有的；丰裕的；充分的
educate	教育；培养；训练
aide	助手；副官；数据输入的可说明性
tendency	趋向；倾向；趋势
porch	门廊；走廊
derive	得自；起源
scandal	丑闻；中伤；耻辱；反感；流言蜚语；丑事；干丑事的人
impress	印象；特征；印记；使有印象；印；铭刻；传送；影响；强征；给人印象
resemble	相似；类似
guideline	指导路线；方针；指标；准则
rifle	来复枪；步枪；用步枪射击；抢夺；(抱有不良意图)迅速翻查
asleep	睡着的；长眠的；麻木的；熟睡地
bombing	轰炸；投弹
glove	手套；给...戴手套
modest	谦逊的；羞怯的；端庄的；适度的；适当的
explode	爆炸；爆发；激增；使爆炸
handful	少数；一把；棘手事
absorb	吸收；使全神贯注；同化；买进；理解；承受；忍受；承担
taxpayer	纳税人；纳税义务人
eager	热心的；渴望的；热望的
overlook	俯瞰；远眺；没注意到；眺望；俯瞰到的景色
undergo	遭受；经历；忍受；经受
assert	主张；坚称；断言；宣称；维护
appoint	任命；指定；下令；派；派任
wander	游荡；漫步；徘徊；迷路；离题；蜿蜒；在...漫游
anticipate	预期；占先；加速；提前使用；提前出现；先期发生
shrug	耸肩
depict	描述；描写
borrow	借；借入；借用；借位；借位数
sanction	核准；制裁；处罚；约束力；制定制裁规则；认可；同意
devote	投入于；献身
seize	抓住；逮捕；俘获；没收；扣押；掌握；突然抓住；利用
gifted	有天才的
frustration	挫折；顿挫
repeatedly	重复地；再三地
distinguish	区别；辨别
discourse	谈话；演讲；讲述
competitor	竞争者；竞争对手
portray	描绘；描写；描绘...的肖像
persuade	劝；使相信；恳求；敦促；说服；劝服；被说服
admire	赞美；钦佩；爱慕；称赞；惊奇
tactic	一项战术；一条策略；战术的；顺序的；排列的
nonetheless	然而；尽管；不过；仍然；尽管如此
quarterback	四分卫；担任四分卫
recruit	新兵；新手；新会员；补给品；恢复；补充；充实；征募；征募新兵；复原；得到补充
painter	画家；油漆匠；喷漆匠
gaze	注视；凝视
reinforce	加强；增援；补充；求援；得到增援；加固材料
swear	发誓；咒骂；使宣誓；诅咒；誓言
clue	线索；暗示；提供线索
slice	薄的切片；一部分；菜刀；切成薄片；切下；切；片
sigh	叹息；渴望；叹息着说
surprisingly	使人惊奇；出人意外；惊人；令人惊讶
couch	长沙发；睡椅；卧榻；横躺；表达；躺下；蹲伏
boyfriend	男朋友
compose	组成；写作；作曲；使平静；创作；排字；编写
regulate	管理；控制；调节；调整；校准
resign	辞职；放弃；使顺从；屈从
lightly	轻轻地；少许；不费力地
laughter	笑；笑声；大笑
invent	发明；创作；虚构
ritual	仪式；典礼；宗教仪式；仪式的；依仪式进行的
insect	昆虫；卑鄙的人
interrupt	中断；妨碍；插嘴；打断
presidency	总统职权；总裁职位
beg	乞求；乞讨；请求
slam	砰然声；猛然；猛烈的抨击；猛然关上；砰地关上；猛烈抨击；猛攻
melt	熔化；熔化物；溶解；(使)熔化；(使)溶解；(使)消散；(使)变软
entitle	给...权利；取名为；给予名称；叫做；使有资格；称呼
harsh	粗糙的；刺耳的；严厉的；苛刻的
closet	壁橱；小室；秘密的；空谈的；把...关入小室
corridor	走廊；回廊；人口密集地带
greet	问候；致敬；欢迎；映入眼帘
pitcher	有把的大罐；瓶状体；投手；摊贩
weakness	虚弱；薄弱；弱点；欲振乏力
rumor	谣言；传闻；谣传
elbow	手肘；弯头；扶手；用手肘推开；推挤
allegation	断言；主张；申辩；声明；事实陈述
confuse	使混乱；使狼狈；使困惑；混淆
initiate	入会；开始；新加入的；传授基本知识给
plead	辩护；恳求；为...辩护；提出...借口；托称
suburb	市郊住宅区；郊区；边缘
motivate	给与动机；刺激；提高...的学习欲望；促动；激发；激励
swallow	燕子；吞咽；喉；咽；淹没；吞没；耗尽；轻信；忍受；抑制；吞下；咽下
longtime	(已持续)长时间的；为时甚久的；长久
seemingly	看来似乎；表面上看来
enforce	强迫；执行；坚持；予以强制执行
lend	借；贷款给；增添；提供；出租；贷款
contend	奋斗；斗争；竞争；为...斗争
frankly	坦白地
assemble	集合；收集；装配；汇编
hallway	门厅；玄关；走廊
inevitable	不可避免的；必然的；无法规避的
obstacle	障碍；妨害物；阻碍
overwhelming	压倒性的；无法抵抗的
recession	后退；凹处；衰退；归还；退缩
motive	动机；目的；主题；基调；运动的；成为动机的
bitter	苦的；痛苦的；怀恨的；刺骨；(使)变苦
forgive	原谅；宽恕；免除
drift	漂流物；漂流；动向；(使)漂流
prosecution	执行；经营；起诉
hurry	匆忙；急忙；急促；急派；催促；赶快
leap	跳跃；剧增；急变；被越过之物；突然经过；跃过；使跃过
curtain	帐；幕；窗帘；装帘子于；遮蔽
guilt	罪行；内疚；罪；犯罪
playoff	双方得分相等时的最后决赛；复赛；季后赛
uncomfortable	不舒服的；不自在的；不安的
limb	四肢；枝干；翼；边缘；切断...之手足
ideology	思想体系；意识形态；观念学；空论；观念形态
endure	忍受；忍耐；容忍；耐；(正式)持久；持续；仍能工作；继续工作
behave	举止端正；行为规矩；检点(自己的)行为；使表现好
administer	管理；料理；执行；执行遗产管理人的职责；给予帮助
dancer	舞蹈演员；跳舞者
await	等候；等待着
spill	溢出；溅出；摔下；溢出量；木片；小塞子；使溢出；使散落；洒；使流出；倒出；使摔下；涌流
convict	囚犯；罪犯；宣告有罪；使知罪
towel	手巾；毛巾；擦干身子
sweat	汗；汗水；水珠；焦急；出汗；渗出；冒出水气；结水珠；烦恼；懊恼；使出汗；流出；榨出；使汗流浃背
undermine	在...下面挖；渐渐破坏；暗地里破坏；暗中破坏；以阴谋中伤伤害
freshman	新手；生手；大学一年级学生；(美)中学一年级学生
traditionally	传统上；传说上；习惯上
govern	统治；支配；管理
rhetoric	修辞；修辞学；雄辩(术)
enthusiasm	巨大的热情；热心
injure	伤害；损害；使受冤屈；损伤
profound	极深的；深厚的；深刻的；渊博的
trait	特征；特性；一笔；少许
apologize	道歉；辩解
astronomer	天文学家
scatter	消散；分散；散播；散射；散布；酒馆；使消散；使分散；撒；散点图
convey	传达；运输；转让；转让(财产等)；搬运
suspicion	怀疑；觉察；嫌疑；疑心
relieve	减轻；救济；解除；使免除；换...的班；使得到调剂；使不单调；衬托；使显著；当替补投手；呈鲜明突出
sidewalk	人行道
suspend	悬；吊；使悬浮；暂停；中止；推迟；悬浮；停止偿付债务
delicate	细致优雅的；微妙的；美味的；柔弱的
forehead	额；前额；前部
rebuild	改建；重建；改造
bounce	跳；跳跃；弹力；撞击；反跳；弹跳；使跳回；打回
dedicate	献出；贡献
altogether	完全地；总而言之
carve	雕刻；切开
scare	惊吓；恐慌；使恐慌；受惊
ankle	踝；踝关节
counterpart	副本；复本；配对物；相应物；正副二份中之一
historically	历史上地；从历史观点上说
firmly	坚固；坚定；断然
amid	在其间；在其中；在...中
anxious	忧虑的；发愁的；渴望的
carbohydrate	碳水化合物；糖类
diagnose	诊断
crawl	爬行；匍匐而行；养鱼池
handsome	英俊的；大方的；慷慨的；相当可观的；美观的；灵敏的
businessman	商人；实业家；工商业家
hers	她的
hug	紧抱；拥抱；坚持；使沾沾自喜
punish	处罚；惩罚；严厉对待
doorway	门口；途径
elevator	电梯；升降机；提升机
statue	以雕像装饰；雕像
endorse	支持；赞同；背书于；签署；赞成；背书
sunlight	日光；太阳光
reluctant	不情愿的；勉强的；不愿的；难以处理的
practically	几乎；差不多；事实上
sharply	锐利地；严厉地；厉害地；剧烈地
peel	皮；外壳；削...皮；剥去...的壳；蜕皮；剥落；脱皮；脱去衣服
hesitate	犹豫；迟疑；踌躇；支吾；停顿
huh	哼；哈
metaphor	隐喻
servant	仆人；有用物；公务员；雇员；受雇人；服务者
diplomatic	外交的；老练的；外交上的；文献上的
chin	下巴；颏
racism	种族主义；种族偏见；种族歧视；种族歧视主张
vanish	消失；不见；成为零
confess	承认；坦白；忏悔；供认
diminish	(使)减少；(使)变小
isolate	使隔离；使孤立；使绝缘；隔离种群
chop	肋条肉；排骨；砍；戳记；商标；剁碎；切击；割断；突然转向
hostage	人质；抵押品
steep	浸渍；悬崖；险峻的；陡峭的；急剧升降的；夸大的；浸；泡
prohibit	禁止；阻止
enroll	登记；使加入；参军；注册
stumble	绊倒；蹒跚而行；失足；使绊倒；使困惑；失策；犯错；蹒跚；踌躇
descend	下降；世代相传；屈尊；袭击
cooperate	合作；协力；配合
shortage	不足；缺乏；缺额
softly	柔和地；静静地；温柔地
ridiculous	荒谬的；可笑的
credibility	可信用；确实性；可靠；证据能力；可信程度
sentiment	感情；感伤；情操；情绪；感想；意见；情感
oversee	向下看；了望；监督；偷看到；监察；俯瞰
monument	纪念碑；纪念物；石碑
juror	陪审员；审查委员；陪审官；宣誓者
loyalty	忠贞；忠诚；忠实；忠心
nominee	被提名者；被任命者；被指定人
stiff	坚硬的；严厉的；呆板的；生硬的；刚强的；强烈的；粘的；稠的；艰难的；死尸；醉鬼；钞票；不肯付...小费
slap	掴；掌击；侮辱；拍击声；拍击；惩罚；正面地；直接地；突然地
jaw	颚；颌；闲谈；教训；唠叨
grief	伤心；忧愁；悲痛；不幸；灾难
inmate	同住者；被收容者；内部的；接近中心的；内在的
dignity	尊严；高贵；高位
tightly	紧紧地；坚固地
specialize	使特殊化；列举；特别指明；限定...的范围；成为专家；专攻
tuck	缝褶；活力；鼓声；船尾突出部；食品；打褶；卷起；挤进；塞；收藏；缝褶裥；缩拢
faint	昏厥；昏倒；模糊的；微弱的；无力的；变得微弱
dilemma	困境；(进退两难的)窘境
shallow	水浅的地方；浅滩；浅的；肤浅的；(使)变浅
ancestor	祖先；祖宗
condemn	判刑；责备；谴责；定罪；宣告有罪
optimistic	乐观的；乐观主义的；乐天的
shrimp	虾；小虾；矮子；捕小虾
equip	装备；配备；设备；装置
unite	联合；接合；混合；使联合；统一；使粘合；使结合
courtroom	法庭；审判室
grin	露齿笑；露齿而笑
symbolic	象征的；符号的；符号化
hostile	敌人的；怀敌意的；敌对的；敌对分子
aunt	阿姨；姨妈；舅妈；姑妈；伯母
conceive	构思；认为；怀孕
patience	耐性；忍耐
spite	恶意；怨恨；使人烦恼的事物；故意刁难；欺侮
grasp	把握；抓紧；理解；抓；柄；控制；抓住；紧握；领会
willingness	乐意；心甘情愿；愿意
Cuban	古巴的；古巴人的；古巴人
haul	用力拖拉；拖运；强拉；捕获量；拖运距离；拖；拉；改变方向；改变主意；拖拉
concede	承认；退让；让步
afterward	然后；后来
ruin	毁灭；推翻；废墟；衰败；破坏；破产；堕落；使毁灭；毁坏；使破产
alongside	在旁边；靠拢着；在...旁边；与...在一起
thigh	大腿；股
discourage	使气馁；阻碍
drawer	抽屉；开票人
ideological	意识形态的；空想的；思想的；思想上的
secular	修道院外的教士；世俗的；现世的；长期的
casualty	意外事故；伤亡；受害者；事故
terrific	非常好的；极端的；可怕的
teammate	队友
instinct	本能；直觉；充满着的
whoever	任何人；无论谁
instruct	教；教育；命令；通知；托办；指导；指示
skull	头盖骨；头脑；好学生；头颅
verdict	裁决；判决；判断性意见；定论；结论；判断；意见
manipulate	操纵；利用；操作；巧妙地处理；假造
subsidy	补助金；津贴；补贴
whip	鞭子；抽打；车夫；搅拌器；鞭打；搅拌；煽动；召集；仓促制成；拍击；急走
mushroom	蘑菇形物；蘑菇；暴发户；迅速生长；迅速增加；采蘑菇；蘑菇形的；迅速生长的
boil	煮沸；沸腾；疖；激动
tragic	悲惨的；悲剧的
mechanic	机械工；技工；手工的
dessert	餐后甜点
incredibly	不能相信地
fisherman	渔夫；钓鱼者；渔船
sock	短袜；鞋垫；一击；重击；猛投；给...穿袜；打击；正着地；不偏不倚地；非常成功的
ambition	野心；志向
breeze	微风；煤屑；轻而易举的事；吹微风；逃走
touchdown	触地；触地得分；着地
costly	昂贵的；奢华的；费用大的
ambitious	有野心的；抱负不凡的；雄心勃勃的
presumably	推测上；大概
influential	有影响的；有势力的
uncertain	不确定的；无常的；不确信的；不可预测的；未定的
dissolve	溶解；解散
aesthetic	美学的；审美的；有美感的
gut	剧情；内容；内脏；肚子；海峡；勇气；取出内脏；毁坏...的内部
waist	腰部；腰
accomplishment	成就；完成
crush	压碎；粉碎；群众；迷恋；压破；征服；塞；弄皱；榨出；被压碎；起皱；挤
cocaine	可卡因；古柯碱
fortunately	幸运地；幸亏
illusion	幻影；错觉；幻想
tolerate	宽容；容许；有耐力
scramble	攀缘；爬行；抢夺；混乱；紧急起飞；杂乱蔓延；争夺；拼凑；匆忙；攀登；扰乱；使混杂
decorate	装饰
sibling	兄弟；同胞；同胞(兄弟姐妹)
irony	反语；讽刺；具有讽刺意味的事
spoon	匙；调羹；匙形工具；以匙舀起；调情；使成匙状
alley	小路；巷
midst	中间；在...中间
rival	对手；竞争者；竞争的
persist	坚持；固执；持续；坚称
mentally	心理上；精神上；智力上
heal	痊愈；使复原；使和解；治愈
exploit	功绩；勋绩；开发；利用；开拓；剥削
organism	生物；有机体；社会组织；机体
gop	abbr. 大老党（美国共和党的别称）（Grand Old Party）；地面观测站（Ground Observation Post）
sensation	感觉；轰动
upstairs	楼上的；在楼上；向楼上；处于更高地位；楼层
shove	推；挤；推挤；猛推；强使
backyard	后院；后庭
stove	火炉；窑；用火炉烤；stave的过去式和过去分词
comprise	包含；构成
grandchild	孙；外孙女；外孙；孙女；孙子
dough	生面团；捏塑体
reportedly	根据传说；根据传闻；据报道
outfit	用具；配备；机构；供应；得到装备
unprecedented	空前的；无前例的
columnist	专栏作家
shy	惊跳；惊避；胆怯的；畏缩的；迟疑的；羞怯的；惊退；乱投；乱掷；厌恶；避开
banker	银行家；庄家；银行业者
caller	访客；召集员；传唤员；新鲜的；呼叫方标识
interfere	妨碍；冲突；干涉；抵触；干扰；阻碍；碰腿(马)
eighth	第八；八分之一
speculation	沉思；推测；投机；投机交易；买空卖空
uncover	揭露；揭开；暴露；脱帽致敬；揭去盖子
stimulate	刺激；激励；鼓舞；起刺激作用
outsider	外人；局外人；非会员；外行；门外汉；比赛中获胜可能性不大的选手；外船公司
stance	准备击球姿势；站立的姿势；位置；姿态；地位；形势
compel	强迫；迫使
desperately	拼命地；绝望地；极度地
someday	有一天
proclaim	宣布；公告；宣言；表明；赞扬；宣告；公布
hike	徒步旅行；远足；涨价；提高；步行；上升；使高涨；拉起
confrontation	对抗；对质；面对
scent	气味；香味；香水；踪迹；痕迹；线索；嗅觉；闻出；嗅；发觉；使充满气味；嗅猎；发出气味
colorful	华美的；富有色彩的；有趣的
eyebrow	眉毛；眉
sack	麻布袋；洗劫；把...装入袋
cease	停止；终了
inherit	继承；遗传；接受遗产
shrink	收缩；萎缩；回避；退缩；缩小；使收缩；使缩小
fierce	凶猛的；猛烈的；热烈的；暴躁的
envision	想象；预想
aisle	走廊；侧廊；过道；走道
weaken	削弱；减弱；使虚弱；变弱；变软弱
openly	公开地；坦率地；直率地；公然地
unfair	不公平的；不正直的；不正当的；偏颇的
risky	危险的
deploy	展开；配置
distract	转移；分心；使发狂
depressed	沮丧的；降低的；抑郁的；阻抑的；压低的；凹的；扁平的
chunk	大块；矮胖的人(或物)；定样
invade	侵入；拥入；侵略；侵袭；强入；侵犯
coup	砰然的一击；妙计；出乎意料的行动；政变；发作；中；击
classify	分类；归类；分等；分级；分粒
curiosity	好奇心；新奇的事物；珍品
aggression	侵犯；侵略；攻击
supportive	支撑；支承；资助；赞助；支援；经受；忍受；扶养；证实；鼓励；维持；伴奏
stimulus	刺激；激励；刺激品；刺激特
ecosystem	生态系统；生态系
feather	羽毛；长羽毛；用羽毛装饰
boast	吹牛；自夸；夸口说；自恃有
tighten	勒紧；使变紧；变紧；绷紧
unfold	展开；打开；披露；开展；挑明；伸展；开花；呈现
supposedly	想象上；看上去像；被认为是；恐怕；按照推测
streak	条理；斑纹；倾向；加条纹；变成条纹；飞跑
deem	认为；相信
glimpse	一瞥；一闪；投以一瞥；闪烁不定；瞥见
premise	前提；房屋连地基；上述各项；预先提出；引出；作为...的前提；作出前提
sneak	鬼鬼祟祟做事；偷偷地做；鬼鬼祟祟的人；偷偷摸摸的行为；帆布胶底运动鞋；暗中进行的
artifact	人工制品；人为现象；人工产物
listener	收听者；听众
disturb	扰乱；妨碍；使不安；滋扰
disappointment	失望
rib	肋骨；肋状物；笑话；装肋状物于；戏弄
debris	碎片；残骸；碎屑
socially	在社会上；在社交上；以社会生活方式
slavery	奴隶的身分；奴隶状态；奴隶制度；奴役；苦役
halfway	中途的；不彻底的；部分的；半路地；在中途；在半途
deliberately	故意地
regret	遗憾；后悔；悔恨；抱歉；歉意；为...感到遗憾；惋惜；懊悔；感到抱歉
carrot	胡萝卜
wheelchair	轮椅
atop	在顶上；在...的顶上
embarrassed	尴尬的；窘迫的
suspicious	可疑的；多疑的；怀疑的；令人怀疑的
cling	粘紧；附着；紧贴；坚持
plunge	钻进；跳进；跳水；跳水池；猛跌；落下；投入；开始从事；盲目投资；投身于；陷入；下降；使投入；使插入；使陷入；使遭受
refuge	避难所；安全地带；避难；庇护；躲避；给予...庇护
chill	寒冷；寒意；失意；寒冷的；冷漠的；使寒心；冷冻；变冷
legislator	立法者；立法官；立法委员；立法机关成员
cheer	愉快；振奋；欢呼；喝彩；快活起来；使振奋
steer	引导；驾驶；航行；控制；掌舵；行驶；驾驶指示；劝告
intact	尚未被人碰过的；原封不动的；完整的；无伤的
peanut	花生；小人物；极小的数额；渺小的；微不足道的
thrive	繁荣；兴旺；茁壮成长；旺盛
elaborate	精细的；详尽的；精心计划(或制作)的；详细地说明；用心地制作；发挥；变复杂；作详细说明
chew	咀嚼；嚼碎；细想；咀嚼物
steak	牛排；鱼排；肉排
shareholder	股东；股票持有人
conception	观念；概念；妊娠；受孕
conscience	良心；道德感；正义感
considerably	非常地；很；颇
awake	醒着的；唤醒；唤起；使意识到；醒来；被唤起；意识到
feminist	男女平等主义者
inevitably	不可避免地
emotionally	在情绪上
expedition	远征；探险队；迅速
similarity	类似；类似处；相似；类似事例
allegedly	依其申述
philosophical	哲学的；冷静的；达观的；哲学上的；哲学家似的
sprinkle	洒；散置；撒；点缀；下小雨；小雨；少量
patron	赞助人；顾客；保护人；庇护人
blessing	祝福
grandparent	祖父母
peasant	农夫；乡下人
supermarket	超级市场；自助售货商店
neat	整洁的；巧妙的；匀称的；简洁的；牛
lawmaker	立法者
beard	胡须；抓住胡须；公开反对
widow	寡妇；孀妇；使成寡妇
impulse	冲动；驱使；刺激；推动；冲力；建议；脉冲
forbid	禁止；不准；妨碍；不许；阻止
predator	食肉动物；掠夺者；捕食者
poke	刺；戳；袋子；捅；拨弄；搜索；伸出；行动散慢；存数
soar	高扬；翱翔；往上飞舞；高耸
happily	幸福地；快乐地；幸好
enact	制定法律；扮演；颁布；法令；法规；条例
autonomy	自治；自治权；自主性
landmark	陆标；划时代的事；地界标；界标
unhappy	不快乐的；不幸的；不适当的
privately	秘密地；私下地
offender	罪犯；无礼的人；得罪人的人
distinctive	有特色的；出众的
routinely	日常；乏味；常规；例行
regulator	调整者；校准者；校准器；调整器；标准钟；调节剂；调节器
straw	稻草；麦管；吸管；一文不值的东西；草帽；稻草的；稻草色的；琐碎的；无价值的
theological	神学上的
fragile	易碎的；脆的；脆弱的
objection	异议；反对；不喜欢；缺点；缺陷；妨碍；拒绝之理由；抗议
crowded	拥挤的；塞满的
prevail	获胜；流行；盛行
fragment	碎片；破片；片段；段落；分段
headache	头痛；令人头痛之事
warmth	温暖；温情；暖和；激动；生气
policeman	警察；淀帚
mansion	大厦；宅邸
cruel	残酷的；令人极痛苦的；残忍的
grape	葡萄；葡萄树
authorize	授权；批准；委托；委任；认可
driveway	车道
loyal	忠诚的；忠实的；忠贞的
ego	自我
regain	取回；恢复；重回；复得；回潮
frown	皱眉；皱眉头；皱眉表示
molecule	分子；些微
sweater	毛衣；毛线衫；运动衫；出汗者；发汗器
favorable	有利的；赞许的；良好的
steadily	稳定地；无变化地；有规则地
youngster	小孩；年轻人；少年；儿童；青年
contemplate	注视；沉思；盘算；冥思苦想
overwhelm	淹没；受打击；制服；压倒；使不知所措；打翻；倾覆；覆盖
spark	火花；火星；闪光；无线电报务员；瞬间放电；活力；朝气；花花公子；情郎；发火花；求婚；发动；鼓舞；使有朝气
fatigue	疲乏；疲劳；使疲劳；使心智衰弱；疲劳的
ironically	冷嘲地；挖苦地；讽刺地；令人啼笑皆非地
speculate	深思；推测；投机
bucket	桶；存储桶
meantime	间隔时间；其时；其间
preach	传道；讲道；说教；宣讲；鼓吹；布道
confession	承认；坦白；招供；自白；自认有罪
defender	防卫者；防护者；辩护者；辩护人；保护人
provoke	激怒；惹起；诱导；刺激；煽动
disturbing	引起烦恼的；令人不安的
depart	离开；出发；背离；违反；去世
neighboring	附近的；邻近的；邻接的
devastating	毁灭性的；(非正式)很好的；引人注目的
soak	浸；湿透；大雨；使上下湿透；吸入；吸收；浸洗掉；浸泡；渗透
mutter	喃喃低语；喃喃自语；作低沉声；出怨言；抱怨地说
riot	暴动；喧闹；放纵；发动；纵情；放荡；浪费；挥霍
nutrient	营养的；滋养的；营养物；滋养物
severely	严格；尖锐；严肃；严重；严厉；朴素
sovereignty	主权；独立国；主权国家；统治权
frustrate	挫败；击败；破坏；无益的；挫败的；挫折的
unidentified	未被认出的；未经确认的
articulate	发音清晰的；口才好的；明白地说；以关节连接；使成为系统的整体
swell	增大；隆起的部分；巨浪；肿胀；优秀的；一流的；膨胀；增强；骄傲；使膨胀；使增大；使上涨；使骄傲
soften	(使)变柔软；(使)变柔和
accusation	控告；指控；指责；起诉；告发
terribly	可怕地；甚为；非常
cue	提示；线索；给...暗示(或提示)；尾接指令
straighten	弄直；整顿；清理；使改正；直起来；改正；好转
seldom	不常的；稀少的；很少；不常
compelling	强制的；强迫性的；激发兴趣的
honestly	真诚地；公正地
troubled	烦恼的；混乱的；不安的
economically	节约地；不浪费地；节省地；节俭地；在经济上；在经济学上
vague	含糊的；不清楚的；茫然的
foreigner	外国人；外地人；进口货；外国货
twentieth	第二十；二十分之一
weave	编法；织法；编织式样；编织；组合；编排；使迂回前进；纺织；迂回行进
plea	恳求；辩解；抗辩；诉讼；请愿；托词；申诉案件；答辩
bulb	球茎；电灯泡；球；鳞茎
narrator	讲述者；叙述者；陈述者
missionary	传教士；负有任务者；工作人员；传教的；传教士的
sometime	以前的；某一时间的；改天；来日
diplomat	外交官；有外交手腕的人；外交家；有权谋的人
epidemic	传染病；流行病；流行的；传染性的
inherent	固有的；与生俱来的；生来的
accelerate	加速；促进
drown	淹死；把...淹死；淹没
spit	唾液；唾吐；小雨；炙叉；一铲的深度；吐出；降小雨；用炙叉穿过；吐唾沫；吐痰；唾弃；飘霏霏细雨
dictate	听写；口述；口授；使听写；命令；指挥；指令
stereotype	铅版；陈规；老套；使用铅版；把...印制成盲文；套用老套；使一成不变
kneel	跪下
pistol	手枪；信号枪；以手枪杀死(或伤害)
apology	道歉；辩护；谢罪；辩解者
bore	令人讨厌的人；激浪；枪膛；孔；使烦扰；钻孔；bear的过去式；内径；孔径
beloved	心爱的；心爱的人
entertain	娱乐；招待；怀抱；款待
chopped	砍；斩碎；大量削减（chop的过去分词）
bomber	轰炸机；投弹手
nominate	提名；任命；命名；提名...为候选人；指定；推荐
devise	设计；发明；图谋；遗赠给；遗赠
skeptical	怀疑论的；怀疑的；不可知论的；不信的；怀疑论者的
scrutiny	细看；仔细检查；监视；选票检查；复查；评核
suppress	镇压；使止住；禁止；抑制；查禁；平定；禁止出版
unfortunate	不幸的；不合适的；不吉利的
betray	出卖；背叛；辜负；暴露；泄漏
bureaucracy	官僚；官吏；官僚主义；官僚政治；官僚机构
clever	聪明的；精明的
loser	失败者；遗失者；失物者
critique	评论文章；评论
aboard	在船上；在火车上；在飞机上；在...之上
compassion	同情；怜悯
congregation	集合；聚集；集会；人一；红衣主教会议
awkward	笨拙的；棘手的
Iranian	伊朗的；伊朗语系的；伊朗人；伊朗语
complication	复杂化；复杂情况；并发症；并发病
militia	义勇军；民兵组织；国民军
concession	特许；让步；认可；核准；许可；特殊(权)
rejection	拒绝；抛弃；驳回；被抛弃的东西；呕出物；报废；拒收
tenure	享有；保有期；(财产；职位等的)占有；占有权
inadequate	不充分的；不适当的
thief	小偷；贼；取样
locker	抽屉；小柜；上锁人；锁柜
faithful	忠实的；详确的；可靠的；信徒
haunt	常到的地方；生息地；常到；出没于；萦绕于；出没；作祟
evoke	唤起；引起；召(魂)；提审；移送
affirmative	肯定的；赞成的；积极的；肯定语
vein	血管；静脉；纹理；气质；情绪；使有脉络；像脉络般分布于
surrender	交出；放弃；使投降；让与；投降；自首
scar	疤痕；伤痕；悬崖；结疤；愈合；痊愈；使有伤痕
sailor	水手；船员；海员
inspect	检查；检阅；检验
follower	从者；属下；追补者；随动机
compensate	偿还；补偿；付报酬
hover	盘旋；翱翔；徘徊；孵
viable	能养活的；能生长发育的；有活力的；有生机的
clarify	澄清；阐明；使明晰
sketch	素描；草图；小品；描绘略图；画素描或速写
countless	数不尽的；无数的
pupil	学生；门生；未成年人；瞳孔
ninth	第九；九分之一
strive	努力；奋斗；斗争
neglect	疏忽；忽略；漏做；忽视；不顾
warfare	战争；战斗；交战；斗争；竞争；战事；作战
mound	土墩；堤；小山；筑堤；用土堆防卫；积成堆
tilt	倾斜；倾向；船篷；车篷；使倾斜；使倾侧；用帆布篷遮盖；翘起；冲；评击
biologist	生物学家
learner	学习者；初学者
knot	结；群；难题；打结；(使)纠缠
antibiotic	抗生素；抗生的
prosperity	繁荣；茂盛；成功
accumulate	积聚；堆积
prosecute	告发；起诉；彻底进行；执行；从事；作检察官
intervene	插入；调停；干涉；进场干预
embody	具体表达；使具体化；合并；具体化；具体表现
dull	钝的；无趣的；呆滞的；阴暗的；使迟钝；使阴暗；缓和；变迟钝；减少
creep	爬；徐行；蠕动；蔓延；潜行
crab	螃蟹；偏航；脾气乖戾的人；沙果；捕蟹；发牢骚；使偏航；抱怨；破坏
vinegar	醋；尖酸刻薄；加醋于
capitalism	资本主义
inability	无能；无力
smash	打碎；粉碎；打碎时哗啦声；猛击；扣球；杀球；经营失败；破产；硬币；假硬币；非常轰动的；了不起的；击溃；使破产；使裂变；使用假硬币；碎裂；猛撞；轰隆一声；哗啦一声
manuscript	手稿；原稿；底稿；手写的
morality	道德；教训；品行；道义
hopeful	有希望之人；有前途之人；有希望的；怀抱希望的；保持乐观的
disagreement	不合；争论；不一致；不同意；陪审团的意见不一
purely	纯粹地；清白地；贞洁地
soda	苏打；碳酸水；纯碱；碳酸钠
shiny	有光泽的；发光的；辉煌的；磨光的；磨损的
stun	使昏迷；使震惊；打昏；昏迷；猛击
poorly	贫穷地；不充分地；贫乏地；身体不舒服的
affection	影响；病；喜爱；情感；倾向；疾患；病变；感情
philosopher	哲学家；哲人；思想开创人；达观的人；哲学研究者
clutch	抓紧；掌握；离合器；一窝小鸡；抓住；踩汽车离合器踏板；抓；联轴器
silently	默默地；静静地
conceal	隐藏；掩盖；隐瞒；隐匿；保守秘密
curl	拳曲；鬈发；弄卷；弯曲
nineteenth	第十九；十九分之一
goodness	仁慈；善良
remarkably	显著地；引人注目地；非常地
leak	漏洞；漏处；漏出；泄漏；漏；使渗漏
trillion	大量；兆
homicide	杀人；杀人者
herd	兽群；人群；牧人；群集；使成群；放牧；聚在一起
passionate	热情的；热烈的；易怒的；热恋的
psychiatrist	精神病医生；精神病学家
positively	明确地；肯定地；无疑地；(非正式)确实地；真正地
snack	小吃；点心；快餐；吃零食；吃快餐
migrant	候鸟；移居者
competence	胜任；职称；能力；活性
distress	苦恼；贫困；痛苦；使苦恼；亏本出售的
homeowner	私房屋主；自己拥有住房者
imagery	肖像；比喻；雕刻；成像
infect	传染；感染
paradigm	范例；式样；词形变化表；纵聚合关系语言项
backward	向后地；相反地；向后的；相反的；倒推
appetite	食欲；欲望；爱好
offend	犯罪；冒犯；违反；进攻
sympathetic	有同情心的；合意的；赞成的；交感神经；容易感受的人
hostility	敌意；敌对；反对
condom	避孕套；阴茎套
spectator	观众；目击者；旁观者
comet	彗星
bleed	流血；悲痛；渗出；使出血；榨取
choke	窒息；阻塞；噎；抑制；阻气门
pesticide	杀虫剂；农药
pea	豌豆；似豌豆的东西
delegate	代表；委派...为代表
cautious	谨慎的；小心的
tremble	战栗；颤抖；忧虑；摇晃
prejudice	偏见；成见；侵害；使存偏见；使有成见
designate	指定；指明；称呼；已选出而未上任的
robe	宽松长袍；礼服；披肩；覆盖物；(给)穿长袍
abruptly	突然地；唐突地
classmate	同班同学
hatred	憎恨；仇恨；憎恶；敌意
enlist	征募；参与；谋取；从军；应募；赞助
predecessor	前任；先辈；前身；初牙；前辈；祖先
induce	引诱；招致；归纳出；感应；诱导
rookie	新手
gown	睡衣；法衣；大学全体师生；使穿睡衣
notably	显著地；著名地；尤其；特别
correlate	有相互关系的东西；相关物；使有相互关系；相关
halt	停止；立定；休息；使停止；使立定；蹒跚；踌躇；有缺点
exile	放逐；流放；被放逐者；使背井离乡
roar	吼；咆哮；轰鸣；大声说出；叫喊；喧闹；呼喊；使轰鸣
revive	使苏醒；使复兴；使振奋；回想起；重播；苏醒；复活；复兴；恢复精神
sour	酸的；酸臭的；发酵的；愠怒的；讨厌的；拙劣的；不健全的；变酸；发酵；厌烦；变坏；使变酸；使失望；酸味；酸饮料
unclear	不易了解的；不清楚的；含混的
reside	住；居留；属于；居住
originate	创始；发明；发起；发源；发生；起航；发自
lure	饵；诱惑；引诱
erupt	爆发；喷出
loom	织布机；若隐若现的景象；朦胧地出现；隐约可见；可怕地出现
notable	著名人士；值得注意之事物；值得注意的；显著的
dusty	灰尘多的；无聊的；含糊的；粉末状的
cane	手杖；细长的茎；藤条；以杖击；以藤编制
fortunate	幸运的；幸福的
disrupt	分裂的；中断的；使分裂；使瓦解
breakthrough	突破；新发现；新进展
odor	气味；香味；名声；意味
lobbyist	说客；院外活动集团成员
allege	宣称；主张；提出；断言；指称；指证
countryside	乡下地方；乡下居民
hut	小屋；茅舍；临时军营；(使)住在茅舍
attain	达到；获得
sixteen	十六；十六个
dinosaur	恐龙
excite	刺激；使兴奋；激励
pronounce	发音；宣告；断言
confine	限制；使不外出；禁闭；邻接；交界；边缘；范围；区域
assertion	断言；主张；宣称；维护
orthodox	正统的；传统的；惯常的
outbreak	爆发；暴动；暴发
freshly	新；新近；精神饱满
grim	冷酷的；坚强的；残忍的；可怕的；讨厌的
bead	珠子；滴；用珠装饰；形成珠；珠
profitable	有利润的；有利益的；赚钱的；有利(可图)的；合算的
drought	干旱；缺乏
uphold	支撑；赞成；鼓励；举起；坚持；确认；支持
commentator	评论员；实况广播员；注释者；时事评论员
believer	信徒
grind	磨；碾；苦差；摩擦声；用功的学生；磨擦；磨碎；磨光；折磨；压榨；苦干
prescribe	规定；指定；嘱咐；开处方
wounded	受伤的；受伤者；受了损害的
shotgun	散弹猎枪；媒人；用猎枪射击
subway	地铁；地道；乘地铁
transplant	使移居；移植；使迁移；移居；耐移植；移居者
explosive	炸药；爆破音；易爆发的；爆炸的；暴躁的
illuminate	照明；用灯装饰；阐明；说明；使灿烂；照亮
congressman	国会议员；众议院议员；国会议会
Nazi	纳粹党人；纳粹党的
penetrate	穿透；刺穿；渗透；看穿；洞察；了解；使充溢；刺入；打进
evolutionary	展开的；进化论的；进化的；发展的；改良的
innocence	无罪；无知；天真无邪；无罪的人；清白无辜者
flaw	缺点；裂纹；瑕疵；一阵狂风；划痕；裂缝
optimism	乐观主义；乐观；乐天
skinny	似皮的；极瘦的；少的；小气的；皮的；消瘦的
posture	姿势；态度；情形；形势；作...的姿势；作姿势
demon	魔鬼
reassure	使...安心；向...再保证；重新保证；再保险；使清除疑虑
rehearsal	预演；排演；练习；叙述；复述；详述；列举事实
invoke	祈求；恳求；实行；援引；引起；调用；请求
correspond	符合；通信；相当；一致
discard	丢弃；抛弃；垫牌
revival	复兴；复活；恢复精神；苏醒；复苏；回生；精神重振
restraint	抑制；克制；束缚；约束；拘束
Sunni	〈伊斯兰〉逊尼派教徒
theirs	他们的
murderer	凶手；杀人者；谋害者；谋杀犯
abundance	丰富；充足；大量；充裕
despair	绝望；失望
attendant	随从；侍者；出席者；侍候的；伴随的；出席的；在场的
fulfill	实践；履行；实行；完成；结束；满足；达到
ethnicity	种族划分
successor	继承者；接任者；后继
assassination	暗杀；行刺
strawberry	草莓
crying	叫喊的；嚎哭的；迫切的；臭名昭著的
guerrilla	游击队
environmentalist	环保人士
trophy	战利品；奖品；用战利品装饰
ironic	冷嘲的；挖苦的；反话的；讽刺的；令人啼笑皆非的；出乎意料的
contradiction	反驳；矛盾；否认
rattle	使嘎嘎响；喋喋不休地说；格格响；喋喋不休；格格声；拨浪鼓；喋喋不休的话
shatter	碎片；粉碎；落叶；喷洒；打碎；使散开；破坏；损坏；脱落
descent	降落；家系；侵袭；血统；下降；世代
startle	惊愕；惊恐；吃惊；使惊愕；惊起
widen	弄宽；加宽；扩大；变宽
tease	揶揄；戏弄；逗惹；取笑；强求；梳理；使起毛
waiter	侍者
vow	誓约；誓言；许愿；起誓；发誓；郑重宣言；立誓；起誓要；郑重地宣布
downstairs	楼下；楼下的；在楼下
rigid	坚硬的；刚性的；严格的；精密的；刻板的
tumble	跌倒；摔跤；翻斤斗；翻倒；摔倒；倒塌；滚动；仓促地行动；使摔倒；使滚翻；弄乱
financially	金融上；财政上
statistically	用统计的方法；统计学上
psychiatric	精神病学的；医精神病的
eighteen	十八；十八个
rotate	辐状的；使旋转；使转动；使轮流；旋转；循环
recount	详述；叙述；重新计算
settler	移民者；解决者；结算员；沉淀池；沉降器；澄清槽
polite	有礼貌的；文雅的；客气的；有教养的
scrape	刮；擦；挖；擦痕；刮擦声；困境；刮掉；擦掉；刮出刺耳声；擦伤；挖成；积蓄
fourteen	十四；十四个
ambulance	救护车
prey	被掠食者；牺牲者；捕食
bump	撞击；肿块；碰撞；撞；颠簸而行
peculiar	奇特的；罕见的；特殊的；特别的；特有财产；特权
sadness	悲哀；悲伤
enthusiastic	狂热的；热心的；热烈的
firefighter	<美>消防队员
supper	晚餐
goose	鹅；雌鹅；鹅肉；弯把熨斗；与...性交；突然加大油门；使生色；喝倒彩
peach	桃子；桃树；桃色；美人儿；极好的事物；告发；告密；检举
summarize	概述；总结
nurture	养育；营养物；培育；供给营养物；教养
frighten	使惊吓；惊恐
formally	正式地；形式上
vivid	生动的；鲜明的；鲜艳的；活泼的；逼真的；清晰的
frightening	令人恐惧的；引起突然惊恐的
furious	狂怒的；激烈的；吵闹的
undoubtedly	无疑；必定；确实地
omit	省略；删除；疏忽；遗漏
ruler	统治者；管理者；尺；直尺；划线板；标尺
obsession	困扰；困扰人的情绪；强迫观念
corpse	尸体
certainty	确定；确实的事情；肯定；必然的事
problematic	成问题的；未定的；疑难的；有疑问的；盖然性的；或然性的
damp	潮湿；湿气；潮湿的；使潮湿；使阻尼；抑止；变潮湿；衰减
melody	曲子；美妙音乐；曲调
physicist	物理学家；机械唯物论者；自然科学家；菲西克氏手术(虹膜圆片切除)
utterly	完全地；全然；绝对
memoir	传记；实录；追思录；回忆录；自传；研究报告
salesman	售货员；推销员；店员
cultivate	培养；耕作
goodbye	再见
realization	实现；领悟；实得；现实化
meadow	草地；牧场
defy	藐视；挑衅；使落空；挑战
socialist	社会主义者；社会党党员；社会主义的
tempt	诱惑；引诱；引起...的兴趣；吸引；冒...风险
fundamentally	基础；首要；主要；十分重要；基本；根本；原始；基频；基音；基谐波
scrap	碎片；残余物；些微；片断；铁屑；吵架；扔弃；敲碎；拆毁；互相殴打；零碎拼凑成的；废弃的
wildly	狂暴地；激动地；狂热地；鲁莽地；轻率地
inject	注射；注入；使入轨
applause	鼓掌；喝彩；赞许
suitcase	手提箱
evenly	平衡地；平坦地；平等地
supervise	监督；管理；指导
precede	在...之前；优于；较...优先；在前面
aspiration	热望；志向；渴望；吸入；吸；吸引术
inclined	倾向于...的；想要...的；可能的；趋向于...的
newcomer	新来者
fried	油炸的
gravel	砂砾；碎石；沙砾；尿沙
precedent	先例；前例；在先的；在前的
nationalism	民族主义；民族特性
indictment	起诉；控告；起诉状；起诉书
interpreter	直译程序；解释者；口译者；注释器
calf	小牛；小牛皮；腓肠
collision	碰撞；冲突；抵触
encompass	围绕；完成；包括；包含；环绕；包围
diplomacy	外交；外交手腕；交际手段；权谋
faction	小派系；内讧；宗派；派别；小集团
sixty	六十；六十个
skillet	煮锅；长柄浅锅
immense	极广大的；无边的；非常好的
thirteen	十三；十三个
ashamed	惭愧的；羞耻的
aftermath	结果；后果
astronaut	太空旅行者；宇航员；美国太空人
useless	无用的；无效的；无益的；无用；无价值；无效
crust	外壳；坚硬外皮；面包皮；盖以硬皮；结硬皮
gasp	喘气；喘息；渴望；气喘吁吁地说
altar	圣坛；祭坛
embarrassing	令人为难的；麻烦的
umbrella	伞；雨伞；保护伞；伞的；包罗万象的；用伞遮掩
mosquito	蚊子；蚊
unconscious	未意识到的；无意识的；无知觉的；人事不省的；神志丧失的
intimacy	亲密；熟悉；亲昵行为(言语)；亲近的行为；隐私
obey	服从；遵从；顺从
divert	转移；使欢娱
thoughtful	深思的；体贴的
vine	藤本植物；葡萄；藤；蔓；形成藤蔓
permanently	永久；不变；持久；永久性的
shocked	震撼的；震惊的
awaken	唤醒；唤起；使意识到；觉醒；意识到
outrage	暴行；侮辱；愤怒；凌辱；虐待；触犯
monopoly	垄断；专卖权；独占事业；专利品；垄断(权)独占
loudly	高声地；大声地；吵闹地
nun	修女；尼姑
broth	原汁清汤；肉汤；肉汤(培养基)
summon	召唤；召集；号召；振奋；唤起；鼓起；传唤；传讯
miner	矿工；开矿机；坑道工兵
aloud	出声地；大声地
dangle	摇晃地悬挂着；追求；使摇晃地悬挂；悬垂
cigar	雪茄
jerk	性情古怪的人；急拉；肌肉抽搐；牛肉干；痉挛；急推；猛拉
mob	暴民；民众；暴徒；大举包围；蜂拥进入；围攻；聚众生事
weep	哭；哭泣；流泪；哀悼；滴落；哭着使...；悲叹；滴下
liquor	酒；液体；汁；溶液；浸水；喝酒
dioxide	二氧化物
accountable	负有责任的；可说明的；可解释的
affirm	断言；确认
sadly	悲痛地；悲惨地；悲伤地；说来遗憾
emergence	出现；浮现；发生
lifelong	终身的；毕生的
linger	逗留；消磨；徘徊
applaud	拍手喝彩；称赞；赞同
stabilize	使安定；使稳固；稳定；安定
underneath	在下面；在...的下面
preacher	传道士；讲道者；牧师
plantation	种植园；大农场；植树造林；新开垦地；栽植(如牙或其他组织的植入、再植和移植)
predictable	可预言的
presume	假定；推测；擅自；意味着；擅自行动；相信
proponent	建议者；支持者；提议者；辩护者
constituent	成分；选民；构成物；构成的；组织的；选举的
gardener	园丁；花匠；园艺家
sweeping	扫除；垃圾；扫荡的；彻底的；广泛的
manipulation	操作；处理；(用手)操作；使用
skate	溜冰；冰鞋；滑冰；滑过
legitimacy	合法；正统；正当；合法性；正统性；婚生
curse	咒骂；诅咒
resignation	辞职；辞呈；听从
culturally	从文化角度；文化意义上；在人文学方面
reconciliation	和解；和好；复交；调解；调停；和谐；一致；甘愿；顺从；(银行往来)调节；调和
deed	行为；实行；契约；立契转让
impairment	削弱；减少；损害；损伤；危害；减损
miserable	悲惨的；痛苦的；卑鄙的
lively	活泼的；鲜明的；生动的
erase	抹去；擦掉；清洗；擦除；抹除；DOS内部命令:从磁盘上删除一个或多个文件
shave	修面；刮胡子；幸免；剃刀；剃；修剪；掠过；刮脸；勉强通过
irrelevant	不恰当的；无关系的；不相干的；无关的；离题的
foolish	愚蠢的；傻的
frightened	受惊吓的；受惊的；(非正式)害怕...的
neatly	整洁地；干净地；匀称地
ignorance	无知；愚味；不知情；愚昧
wetland	湿地；沼泽地
skier	滑雪的人
reverend	教士；大人(对教士的尊称)；应受尊敬的；教士的
playground	运动场；操场；度假胜地；活动场所
embarrassment	困难；阻碍；困窘；窘迫
primitive	原始人；早期艺术家；原始的；上古的；图元；原语；基元
balcony	阳台；戏院楼厅
brow	眉毛；额；眉；睫毛
mosque	清真寺
recycle	使再循环；重新利用；再制；再循环
coincidence	巧合；同时发生；符合计数器
resentment	怨恨；愤恨
feminine	女性的；阴性的；柔弱的；雌性的
justification	辩护；证明正当；释罪；调整
destructive	毁灭性的；破坏的；有害的；毁坏的
repetition	重复；背诵；循环；复制品；副本；反复
niche	壁龛；放入壁龛；安顿
courtyard	庭院；天井
terrify	使恐惧；恐吓
revise	校订；修正；改样；校正
bark	树皮；吠声；吠；叫骂；喊出；剥树皮
fascinate	令人入神；使着迷；入迷
stab	刺；戳；剧痛；尝试；努力；刺入；刺痛；直入；使伤心；刺伤
propaganda	宣传；宣传活动
underscore	划线于...下；(表强调的)下划线；底线
formulate	用公式表示；明确叙述；制订；公式化；公式表示
prop	支柱；支持者；倚靠人；道具；螺旋桨；支撑；维持
technically	技术上；学术上；专门地
fulfil	实践；履行；实行；完成；结束；满足；履行(契约)；满期
corrupt	腐败的；贪污的；讹误充斥的；使腐烂；腐蚀；使恶化；腐烂；堕落
specimen	样品；标本；试料；试样
obscure	模糊的；昏暗的；难解的；晦涩的；偏僻的；微贱的；无名的；使变暗；隐藏；使变模糊；使难解
monk	修道士；僧侣；和尚
spectacle	引人羡慕的东西；景象；眼镜；场面；公开展示
thrill	震颤；激动；刺激性；一阵激动；颤抖；使激动；使颤动
heroin	海洛因；吗啡；二醋吗啡；二乙酰吗啡
bout	一回；回合；较量；发作
sniff	以鼻吸气；嗅；气息；蔑视；嗤之以鼻；闻；用力吸；发觉
runway	跑道；河床；过道；单轨架空道；吊车道
cone	圆锥体；球果；使成锥形
stroll	闲逛；漫步
lineup	阵容；阵形；布阵；一组人
circulate	(使)流通；(使)循环；(使)传播
endeavor	努力；尽力
intriguing	吸引人的；有趣的
absurd	荒谬的；不合理的；可笑的；荒诞
thrust	插；戳；刺；猛推；口头攻击；推力；插入；强加；延伸；(用力)推
temptation	诱惑；诱惑物
feast	宴会；酒席；享受；节日；款待；享乐；请客；参加宴会；尽情地吃
unfamiliar	不熟悉的
conductor	领导者；指挥者；售票员；向导；导体
analogy	相似；类似；模拟
inhabitant	居民；居住者
intensify	加强；强化
sway	摇摆；影响力；支配；摇动；弄歪；使倾斜；使动摇；影响；倾斜；动摇；统治；转向
postwar	战后的
erosion	腐蚀；冲蚀；侵蚀；磨耗
manifest	载货单；运货单；旅客名单；显然的；明白的；显示；出现；表明；表现；证明
sophomore	(大学)二年级生；二年级学生的；二年级的
refusal	拒绝；推却；优先决定权；谢绝；取舍权
lick	舔；少许；打；卷过；鞭打；轻轻拍打
unaware	未认识到的；不知道的；不察觉的；无意的
predominantly	主要地；显著地；大多数地；突出地
idiot	白痴；极蠢之人；白痴者；痴子
courthouse	法院；郡政府所在地
defect	缺点；缺损；缺陷
accountant	会计人员；会计师
owl	猫头鹰；走私
fairness	晴朗；光明正大；美丽；公正；适当
slash	猛砍；乱砍；删减；斜线
diner	用餐者
finely	雅致地；仔细地；敏锐地；微细地
artery	动脉；干道；要道
curator	管理者；经理；主管人；掌管者；馆长；大学学监；监护人；保护人；临时监护人
mist	雾；迷蒙；朦胧不清；使模糊；使蒙上雾；变模糊；下雾
grower	栽培者；生长物
nonsense	无意义的事；荒谬言行；荒唐
humble	低下的；谦逊的；粗陋的；使...卑下；降低...地位；贬抑
gum	树胶；橡皮；橡皮糖；牙床；老天；涂以树胶；用胶粘；使有粘性；分泌树胶；发粘
fishery	渔业；捕鱼；捕鱼权
coefficient	系数
cosmic	宇宙的；宇宙航行的；无限的；有秩序的
ponder	沉思；考虑
complicate	弄复杂；使错综；使恶化；变复杂
sanctuary	圣所(指教堂、寺院等)；耶路撒冷的神殿；避难所；庇护所；教堂
denounce	告发；抨击；谴责；斥责
beating	打；挫败；搏动；打浆
stool	凳子；大便；粪便；厕所；长新枝；引诱；诱捕
credible	可信的；可靠的
tuna	金枪鱼；金枪鱼肉
daylight	白昼；日光；使沐浴于日光；享有日光
simmer	煨；炖；内心充满；即将沸腾的状态；即将发作
wary	谨慎的；小心的；机警的；周到的；唯恐的
saturated	饱和的；渗透的
embed	使插入；使嵌入；使深留脑中；嵌入
staffer	(一名)职员(尤指编辑或记者)
linen	亚麻布；亚麻线；亚麻制品；亚麻布制的；亚麻的
robbery	抢掠；抢夺；强盗；抢劫；劫掠
memorable	值得纪念的；难忘的
nicely	漂亮地；谨慎地；恰好地
footstep	脚步；脚步声；足迹
prostitute	妓女；男娼；使沦为妓女；卖淫的；堕落的
drip	水滴；(使)滴下
clove	丁香；cleave的过去式
shocking	令人震惊的；极坏的；不正当的
elevate	举起；提拔；鼓舞
loosen	放松；松开；解除；变松；松弛
predictor	预言者；预示变量；预测程序
chore	零工；家务
fringe	边缘；端；流苏；穗；初步；加穗于；加饰边于；边缘的；附加的
lengthy	冗长的；漫长的
hedge	树篱；障碍；套头交易；用树篱围；套期保值；妨碍；两面下注以防...的损失；筑树篱；躲闪；两面下注以防损失；树篱的；偷偷摸摸的
murmur	低语；低声的怨言；低声而言；低声说
maid	少女；未婚女子；女仆
rationale	基本原理；原理；理论
lieutenant	中尉；助理人员；副官
inhabit	居住于；占据；栖息
injustice	不公平；非正义的行为；不公正；权利侵害
quota	配额；限额；定额
stride	大步；步幅；步态；进步；迈大步走；跨过；跨
soy	酱油；大豆
insurer	保险公司；保险人；承保人
oversight	勘漏；失察；失败；照料；监督权
dub	配音；轻点；授予称号；击；一下击鼓声；笨蛋
viewpoint	观点
unbelievable	难以置信的
snatch	抢夺；攫取；片断；夺取；想抢走
amazed	吃惊的；惊奇的
accord	一致；调和；协定；给与；使一致；相符合
slogan	呐喊声；标语；口号
outrageous	暴虐的；极无礼的；可恶的
overly	过度地；极度地
perch	栖木；高位；杆；河鲈；(使)栖息；就位；位于；(使)暂歇
shrine	圣地；神龛；庙；将...置于神龛内
albeit	尽管；虽然
misery	痛苦；悲惨；不幸；穷困
adequately	足够地；适当地
addict	使沉溺；使上瘾；入迷的人；上瘾者
marginal	边缘的；最低限度的；有旁注的；缘的
mustard	芥末；芥菜；强烈的兴趣；芥子；芥属植物
ramp	斜坡；坡道；敲诈；狂跳乱撞；乱冲；蔓延；使有斜面
villager	村民
watercolor	水彩颜料；水彩画
fertility	肥沃；丰饶；生产力；生育力
relaxed	松懈的；不严密的；不严格的；放松的；得到休息的；随意的；不拘束的；自在的
hail	冰雹；致敬；欢呼；招呼；向...欢呼；使象下雹样落下；下雹；万岁；欢迎
secretly	秘密地；背地里
whatsoever	无论什么
garment	衣服；衣装；外表
activate	使活动；使激活；正式建成；有活力
naive	天真的；纯真的；幼稚的
exert	发挥；运用；施以影响；施加；产生；行使
caregiver	照料者；护理者
kindergarten	幼稚园
cereal	谷类食品；谷类植物；谷类的
fracture	破碎；骨折；(使)破碎；(使)破裂
turnover	翻倒；翻转；半圆酥饼；营业额；流通；周转；可翻转的
sensible	有感觉的；敏感的；明智的；可感觉的
socioeconomic	社会经济学的
pyramid	角锥；金字塔；(使)成金字塔状；(使)渐增；(使)上涨
Protestant	新教徒；新教的；新教徒的
convincing	使人信服的；有力的；令人心悦诚服的
decoration	装饰；装饰品
descendant	后裔；子孙；传下的；下降的
lump	块；瘤；很多；肿块；笨人；使成块状；混在一起；结块
scarf	围巾；头巾；领带；领巾；嵌接；用围巾围
freeway	高速公路
clash	冲突；撞击声；抵触；使发出撞击声；对撞
upward	向上的；以上
mammal	哺乳动物
yank	猛拉
multiply	繁殖；乘；增加
pumpkin	南瓜
imitate	模仿；效法；冒充；仿造
notorious	声名狼藉的；臭名昭著的；众人皆知的
compost	混合物；堆肥；施堆肥于
cough	咳嗽；咳出
lethal	致命的；致死因子
entail	使成为必需；需要；使承担；遗传给；限定继承
toast	吐司；烤面包；干杯；敬酒；烤；使暖和；烘
filmmaker	电影制作人
credential	国书；凭据；证明书；凭证；证书
swirl	漩涡；涡动；使成漩涡；打漩；盘绕；眩晕
broadly	宽广地；明白地；无礼貌地
smoothly	平滑地；流畅地；流利地
distraction	娱乐；分心的事物；分心；注意力分散；内脱位；牙弓过宽
fling	投掷；急冲；嘲弄；投；丢下；抛弃；使陷入；挥动；嘲笑；扫视；猛冲
roam	漫游；闲逛；徜徉；漫步
heroic	英勇的；英雄式的；壮丽雄伟的；英雄诗；史诗；英勇行为
heir	继承人；嗣子；后嗣
insure	保险；确保；投保
asteroid	小行星；海盘车；星状的
tomb	坟墓；死亡；埋葬
straightforward	笔直的；率直的；明确的；简单的；直接的
anticipation	预期；预料；提前出现(如遗传病)
frustrating	令人沮丧的
glorious	光荣的
honesty	诚实；公正；正直
encouragement	鼓励；激励；奖励；怂恿；煽动；助长
crisp	脆的；新鲜的；活泼的；(使)烘脆；(使)拳曲；(使)起皱；松脆物
protester	抗议者；持异议者；拒付者；反对者
fearful	可怕的；恐怕的；担心的
sausage	香肠；腊肠
overturn	倾覆；破灭；革命；推翻；颠倒；翻倒
deprive	剥夺；使丧失；夺去
standpoint	立场；观点
empower	授予权力；允许；使能够；授权；准许；转委
flourish	繁荣；茂盛；活跃；手舞足蹈；挥舞；夸耀；炫耀；兴旺；华丽词藻
tug	用力拉；拖曳；苦干；挣扎；绳索
shiver	颤抖；哆嗦；被打碎；使迎风飘动；粉碎；战栗；碎块
lobster	龙虾
solidarity	团结；团结一致；共同一致；共同责任
saddle	鞍；马鞍；车座；鞍状物；装以马鞍；使负担；跨上马鞍
freeman	自由民；公民；正会员；有公民权的人
partisan	党羽；虔诚信徒；同党；游击队员；党派的；偏袒的；效忠的；献身的；盲目推崇的
abundant	丰富的；充分的；大量的
prone	俯伏的；面向下的；有...倾向的；旋前的；伏的；俯的
renewed	复兴的；更新的；重建的
aggressively	(贬)侵略；侵犯；寻衅；(褒)敢作敢为；有进取心；(武器)攻击性；过分；放肆
formidable	巨大的；优秀的；可怕的；艰难的
liberation	释放；解放；发出；放出
confusing	令人困惑的；混淆的；混乱的
burial	埋葬；葬礼
mobilize	动员；调动；使流通
vigorous	精力充沛的；元气旺盛的；茁壮的；有力的
unwilling	不愿意的；勉强的；不服从的
fond	喜欢的；宠爱的；温柔的
questionable	可疑的；有问题的；不可靠的
poise	平衡；均衡；姿势；镇静；安静；砝码；使平衡；使悬着；保持...姿势；悬着；准备好
marital	丈夫的；婚姻的；夫妇间的
vicious	邪恶的；堕落的；品性不端的；恶毒的；恶性的；有错误的；缺点的；恶的
surroundings	环境；周围的事物
homemade	自制的；国产的
drape	布帘；褶皱；用布帘覆盖；披上；成褶皱状
evangelical	福音派教会的；福音派信徒
spokeswoman	女发言人；女代言人
wedge	楔子；楔形物；起因；导致分裂的东西；楔住；挤进；楔入
coffin	棺材；灵柩；把...装进棺材
tense	紧张的；拉紧的；(使)紧张；(使)拉紧；时态
archaeologist	考古学家
disturbance	扰乱；不安；忧虑；扰动；干扰；失调
emit	发出；放射；发表(意见等)；散发；发行
acquaintance	认识；相识者
unusually	不寻常地；异乎寻常地；(非正式)非常
contempt	轻视；轻蔑；藐视；侮辱
bastard	私生子；劣货；私生的；杂种的；不合标准的
efficacy	功效；效力；效能；效验
anthropologist	人类学家
dominance	优势；显性；统治；控制；支配；扰势
ample	大量的；充足的；丰富的
theorist	理论家；理论工作者
disadvantage	缺点；不利；坏处
stripe	斑纹；条纹；纹
potent	有力的；有说服力的；有效的；有性交能力的
foremost	最初的；最重要的；在最前
exclaim	大叫；呼喊；大声叫
dentist	牙科医生；牙医师
sorrow	悲伤；哀惜；不幸；懊悔；遗憾
oyster	牡蛎；蚝；沉默者
scholarly	学者派头的；学者风度的；有学问的；博学的；好学的
exaggerate	夸大；夸张
whisk	掸；扫帚；毛掸子；搅拌器；拂；扫；挥动；迅速移动；搅拌；飞奔
pastry	油酥点心；面粉糕饼
decisive	决定性的；坚定的；果断的
reactor	反应者；反应器；反应堆；电抗器；反应釜；反应锅
seventeen	十七；十七个
visually	看；视力；视觉；可见；凭视力；看到；看得见；光学；形象化；栩栩如生
volcano	火山
jealous	嫉妒的；羡慕的；留心的；戒备的
satisfying	满意的；充分的；足可相信的
pasture	牧场；草地；牧草；放牧；吃草
rebellion	谋反；叛乱；反抗；造反；反叛
constituency	选民；顾客；读者；选区；全体选民；选区内的选民
chuckle	咯咯的笑声；轻笑；咯咯的笑；咕咕叫
swamp	沼泽；进退两难的困境；淹没；击溃；清除；使陷于沼泽；陷于沼泽
evidently	明显地；根据现有证据来看
standardized	标准化的；标准的；定型的
deliberate	深思熟虑的；故意的；从容的；仔细考虑
fictional	虚构的；编造的；小说式的；拟制的；假定的
bait	饵；以饵引诱；欺负；中途休息
novelist	小说家
sore	悲伤的；痛的；引起痛苦的；痛处；溃疡；疮
subscale	内部氧化物
oath	誓约；誓言；咒骂；宣誓
embargo	封港令；禁运；禁止出入港口
erect	直立的；竖立的；笔直的；使竖立；使直立；树立；建立；勃起
implant	深植；灌输；嵌入；植入物；植入管
deficiency	缺乏；不足
nephew	侄子；外甥
blur	使模糊；弄脏；模糊
fertilizer	肥料；促进发展者；受精媒介物
freezing	冰冻的；冷冻用的；严寒的；冻结；冻结作用；凝固；凝固作用
altitude	高度；海拔；高处
glare	闪耀光；刺眼；发眩光；瞪视；瞪眼表示
squint	斜视眼；斜着；斜视的；使变斜视眼；斜视；倾向；斜行
flashlight	手电筒；闪光信号灯
urgency	紧急；催促；迫切；紧急之事
racist	种族主义者；种族主义的；种族歧视
oddly	奇怪地
differentiate	区别；区分
collaborate	合作；勾结；合著；通敌
succession	连续；继承权；继位；演替；地层次序；继承
waitress	女侍者；女服务员
tricky	狡猾的；机敏的
elk	麋鹿
remnant	剩余；零料；遗迹；剩余的；残余的
morally	道德上；德性上；有道德地
recite	背诵；朗读；叙述
communal	公有的；公社的；公共的；自治体的；巴黎公社的
situate	使位于；使处于
guiding	引导的
unemployed	失业的；未被利用的；没有被雇用的；没有被利用的
thinker	思想者；思想家
wrestle	摔跤；角力；扭斗；搏斗；斗争；斟酌；与(对手)摔跤
underestimate	低估；看轻
spoil	战利品；赃物；奖品；变质；次品；损坏；破坏；溺爱；腐坏；掠夺
maturity	成熟；完备；到期；成熟期；发育期
devastate	毁坏；使荒废；毁灭；掠夺
darling	亲爱的；可爱的人；可爱的物；可爱的
mama	妈妈
parlor	客厅；会客室；小店；客厅的
northwestern	在西北部的；西北方的；来自西北的
resent	愤恨；憎恶；怨恨
petty	琐碎的；小规模的；小气的；委琐的；小额的；微小的
temper	(钢等的)硬度；脾气；心情；中和剂；倾向；回火；使回火；锻炼；调和；使缓和
blossom	花；花开的状态；兴旺期；开花；兴旺；发展
smiling	微笑的；欢快的
genuinely	真诚地；诚实地
obsessed	着迷的；无法摆脱的
spacecraft	航天飞船
bureaucratic	官僚的；机僚化的
globalization	全球化；普及到世界范围
prestigious	享有声望的
discomfort	困苦；不适；不舒适；不舒；烦闷；不快活
icy	冰的；冰冷的；冷淡的；滑溜的
backpack	远足用的背包；双肩背包；背包
massacre	大屠杀；残杀
spur	马刺；刺激物；鼓舞；刺激；激励；用马刺策(马)前进；用马刺驱马；疾驰
trench	渠；沟渠；战壕；在...开沟；挖战壕于；用战壕围住；挖战壕；开沟
whistle	口哨；汽笛；啸啸声；口哨声；吹口哨；鸣汽笛；发嘘嘘声；用口哨或吹哨传意；用口哨演奏
cinnamon	肉桂；肉桂树皮；肉桂色；肉桂色的；浅黄褐色的
devotion	热爱；投入
appropriately	适当的；恰如其分的；恰当的；合适的
insane	患精神病的；极愚蠢的；神经错乱的
unpleasant	使人不愉快的；使人厌恶的；煞风景的
skeleton	骨骼；骨瘦如柴的人；梗概；骨干；残骸；骨骼的；概略的；基层的；骨干的；骨架
spawn	(鱼)卵；产物；产卵；酿成；大量生产
sew	缝纫；缝合；缝
inflict	施以；加害；使承受；处；加；予以
indict	起诉；控告；指控；揭发；对...起诉
muddy	泥泞的；浑浊的；模糊的；使污浊；使沾上泥污
profoundly	深深地；深切地
leverage	杠杆作用；杠杆装置；杠杆效率；杠杆率
comeback	复原；复辟；复位；尖刻的对答；抱怨的原因；复原的
conflicting	冲突的；不一致的；相矛盾的
clergy	牧师；僧侣；神职人员
astonishing	令人惊讶的
turmoil	骚动；混乱
migrate	移动；移往；随季节而移居；迁移程序
perfection	完美；完成；极端；完整性
randomly	偶然；胡乱；无目的；任意；随便；任取；无规则；机遇；胡乱地；任意地；随便地；随机地
rite	仪式；典礼；惯例；礼拜式
offspring	子孙；后代；产物；后辈；后裔
imaginary	想像的；虚构的；假想的
orient	东方；东方诸国；东方的；向东；使朝东；使适应；确定方向
adhere	依附；粘着；坚持；追随；拥护；使粘附
radically	根本地；完全地
pillar	柱子；栋梁；台柱；重要的支持者；柱；脚
appropriation	拨用；挪用；拨款
uneasy	心神不安的；不自在的；不稳定的；不舒服的
disappearance	看不见；失踪；消失
unacceptable	无法接受的；不受欢迎的；不能接受的；难以承认的
privileged	有特权的；有特别恩典的；特许的
carriage	马车；客车；举止；运输；搬运费；运费
artillery	火炮；炮兵；炮术
hitter	打手；打击的人
pavement	路面；人行道；铺面路；铺路材料
moist	潮湿的；多雨的；感伤的；含泪的；湿的
mentality	精神力；智力；头脑作用；心态
postpone	延迟；使延期；缓办；搁延；延缓；延缓发作
motif	主题；基调；动机；基本图案；主旨
contention	争论；争辩；所持的论点；争用
beneficiary	受惠者；受益人；受封的
helpless	无助的；无能为力的；无依无靠的
Bosnian	波斯尼亚人；波斯尼亚的
critically	批评性地；审慎地；精密地
pathway	路径；途径；道
reconcile	使和解；调停；使和谐；使一致；使听从；对帐
compartment	分隔间；卧车包房；防水舱隔；隔室；隔间
policymaker	政策制定者；决策人
noisy	嘈杂的；喧闹的；噪声的
opposing	对面的；反对的；相反的；相对的
insult	侮辱；无礼；损害；攻击
usher	引座员；招待员；引导；招待；作招待员
golfer	打高尔夫球的人
misleading	引入歧途的；使人误解的；骗人的；误写姓名的；误称的；令人误解的
fury	愤怒；狂暴；狂怒的人；狂乱；狂怒
embark	乘船；着手；从事；上飞机；使上船；使上飞机；使从事
spontaneous	自然的；自发的；未经琢磨的；特发的；自生的
slender	苗条的；纤弱的；微少的；微薄的；细的；纤细的
proliferation	增殖；激增；增生
perimeter	周长；周界；边缘；周；周边；周界线；视野计
blouse	宽松的上衣
firing	烧毁；焚烧；加热；添煤；点火
proximity	接近；亲近
lettuce	莴苣；生菜；纸币
manifestation	显示；证明；示威运动；表现；表示
brace	支柱；曲柄；支撑；一对；紧缚；激励；打起精神；花括号
colonel	陆军上校；长官
symbolize	符号化；用符号表现；采用象征；使用符号
flock	兽群；鸟群；一群人；大量；棉束；成群而行；聚集；用棉束填满
rivalry	竞争；对抗；拮抗
firearm	火器；枪炮
sermon	说教；启示；布道
volatile	挥发性的；可变的；不稳定的；飞行的；轻快的；爆炸性的；有翅动物；挥发物；易失的
mule	骡；倔强之人
rigorous	严厉的；严酷的；严格的；苛刻的；严密的；精确的
linebacker	中后卫球员
delighted	高兴的；快乐的
turf	草皮；泥炭；跑马场；覆草皮于
hurdle	障碍；跳栏；临时活动篱笆；用篱笆围；越过；克服
canoe	独木舟；轻舟；乘独木舟；用独木舟运
sturdy	强健的；健全的；羊晕倒病；羊蹒跚病
broaden	变宽；扩大；放宽；使扩大
definitive	限定词；限定的；决定性的
propel	推进；驱使
voyage	航行；航海；航程；旅行；航空；航行越过；飞过
parsley	皱叶欧芹；荷兰芹；绉叶石蛇床
replicate	折叠；折转；复制；复现试验；复制品；高八度音；复现的；复制的；折转的；弯回的
distort	扭曲；歪曲；歪区；曲解；纂改
overweight	超过重量；过重；优势；超过重量的；超重的；使超重；重于；过于重视
stalk	茎；追踪；高视阔步；悄悄靠近；蹑手蹑脚地走近；蔓延；搜索
intimidate	威胁；恐吓；使恐惧
goddess	女神；美女；受崇拜的女性
verge	边缘；边界；起始点；处在边缘；接近；下沉；趋向
plague	瘟疫；天罚；麻烦；灾祸；折磨；使苦恼；使得灾祸
sergeant	警察小队长；军士
grandson	孙子；外孙
bipartisan	两党连立的
deter	制止；吓住；威慑
smoker	吸烟者；吸烟的人；吸烟车厢；(美)(非正式)蒸汽火车头
expire	期满；呼气；断气；呼出
catastrophe	大灾难；大祸；突变
withhold	使停止；扣留；保留；拒给；克制；忍住
messy	散乱的；污秽的；麻烦的
privatization	私有化
unpredictable	不可预知的
embryo	胚胎；胎儿；胚芽；胚
coincide	一致；符合；重合
stark	僵硬的；完全的；刻板的；明显的；荒凉的；结实的；突出地；简直；全然
lucrative	有利益的；获利的；合算的
transcend	超越；胜过
rag	碎布；抹布；碎片；碎屑；少量；破旧衣服；责骂；揶揄；戏弄；喧闹
reopen	重开；再开始；再开
homosexuality	同性恋；同性性欲；同性恋爱
stall	厩；停车处；牧师职位；货摊；托辞；拖延；关入厩；停顿；推托；支吾；使陷于泥中；被关在厩内；陷于泥中；停止
detention	阻止；监禁；拘留；隔离；滞留；停滞
liar	说谎者
southeastern	东南方的
elicit	引出；推导出；引起
fascination	令人着迷的事物；入迷；魅力
pact	契约；协定；条约；合同
contender	参赛者；争论者；斗争者；竞争者
oblige	强制；施恩惠于；使感激；施恩惠；帮忙
vest	背心；汗背心；使穿衣服；授予；穿衣服；归属
bust	半身像；胸部；失败；殴打；使爆裂；使破产；爆裂；破产；操作错
signify	象征；预示；要紧；重要
prestige	声望；威望；威信；商誉；声誉
bolster	支持；长枕；支撑
linguistic	语言的；语言学的
splash	飞溅；污点；一点儿；溅泼声；色斑；溅湿；溅开；溅；泼；使溅起水；洒；使成斑驳状
vibrant	振动的；战栗的；响亮的；活跃的
sensibility	感性；感觉；情感；感觉性；感受性；感觉能力
parole	假释；誓言；释放宣言；宣誓后释放；使假释出狱
backdrop	背景幕；背景
reformer	改革家；改革运动者；转化炉；转化器；重整器；重整炉
poetic	诗的；诗意的；诗人的
interrogation	审问；疑问句；问号；询问
shooter	射手；狩猎者；手枪
stain	污染；污点；着色剂；沾染；染污；着色；变脏
imminent	即将来临的；逼近的
foil	箔；烘托；衬托；贴箔于；阻止；挡开；挫败
flawed	有缺陷的；有裂纹的；有瑕疵的
rude	粗鲁无礼的；粗陋的；粗暴的；原始的；未开化的；大略的；崎岖不平的；狂暴的
backwards	向后
unveil	揭开；揭幕；除去...的面纱；显露；除去面纱
frustrated	失意的；挫败的；泄气的
clap	拍手；拍手声；霹雳声；花柳病；鼓掌；(使)啪地关上
landlord	房东；地主；业主
uncommon	不寻常的；非凡的；罕有的；不平常地
bunker	煤仓；沙坑；暗堡；击入沙坑；使陷入困境
deepen	深化；使加深；使强烈
enduring	持久的；忍耐的
amusement	兴味；娱乐；消遣；娱乐活动
curb	抑制；勒马绳；边石；束缚；勒住
implicit	暗示的；含蓄的；固有的；绝对的；不讲明的
conquer	克服；征服；战胜；得胜
crouch	蹲伏；蜷缩；蹲下；蜷着；缩着；低头
interestingly	有趣地
dictator	命令者；独裁者
fetch	取得；拿；诡计；魂；接来；取来；售得；带来；推出；引出；杀死；吸引；到达；取物；前进；取
inhale	吸入；吸气
genetically	创始；遗传学；生殖；基因；遗传；发生
forthcoming	即将来临的；来临
siren	女海妖；妖女；警报器；汽笛；迷人的美女；诱惑的；响着警报器前进
vacant	空的；空白的；空虚的；空闲的；茫然的；空缺的；闲暇的
greed	贪欲；贪婪
environmentally	有关环境方面
hillside	山坡；山腹
referendum	（就重大政治或社会问题进行的）全民公决；全民投票
weary	疲倦的；萎靡的；厌倦的；厌烦的；使疲倦；使厌烦；疲乏；生厌；不耐烦
allocate	分派；分配
lush	苍翠繁茂的；多青草的；丰富的；酒；酒鬼；饮
probable	很可能的；大概的；可信的；很有希望的候选人；很可能的事情
mourn	哀悼；忧伤；服丧
millionaire	百万富翁；大富豪；大资本家；巨富
arguably	可论证地；可争辩地；正如可提出证据加以证明的那样地
scarce	难得的；稀罕的；缺乏的
siege	包围；围攻；再三的努力
paradox	似非而是的论点；自相矛盾的话；悖论；怪人怪事；佯谬
prevailing	盛行很广的；优势的；主要的；普遍的；占优势的；盛行的；通行的
barbecue	烤肉；烧烤
pervasive	普遍的；流行的；到处蔓延的；到处渗透的
definite	明确的；一定的；确切的
preside	统辖；当主人；主持；负责；指挥
discriminate	区别；差别待遇
strangely	奇妙地；奇怪地；不可思议地
disruption	分裂；崩溃；瓦解
strategist	战略家
nowadays	现在；现时；当今；时下；现今
displace	移置；替换；转移
territorial	领土的；土地的；地方的；区域性的；本土自卫队队员
homosexual	同性恋的；同性恋者
multicultural	融合或具有多种文化的；多种文化的
gradual	逐渐的；渐增的；弥撒升阶圣歌
solitary	独居者；孤独的；独居的
casually	偶然地；临时地；随便地
angler	钓鱼；攫取；追逐
slump	暴跌；垂头弯腰的姿态；猛然掉落；陷入；衰落(经济等)
prohibition	禁令；禁止
inaudible	听不见的
coconut	椰子；椰子(实)
dislike	嫌恶；讨厌；不喜欢
battered	磨损的；弄垮的；破旧的；受到虐待的
granite	花岗岩
theologian	神学者
erode	腐蚀；侵蚀；受腐蚀
hum	嗡嗡声；哼声；杂声；发低哼声；哼；用哼声表示；嗯
restrain	抑制；阻止；束缚；遏制；制止
syrup	糖浆；果汁；糖浆剂
mimic	模仿的；摹拟的；效颦者；模仿者；小丑；仿制品；模仿；摹拟
illegally	非法地；不合法地；违法地
wholly	完全地；整个；统统；全部；统统地
oppression	压抑；沉闷；压迫手段；压迫
ammunition	军火；弹药
paperwork	文书工作
indulge	纵情于；使高兴；放任；迁就；沉溺
steroids	类固醇( steroid的名词复数 )
commuter	乘公共车辆上下班者；月季票乘客；非(当地)居民
flick	快速的轻打；轻打声；弹开；轻弹；轻轻拂去；忽然摇动
investigative	审查的；调查的；好研究的；受调查研究的
Texan	得克萨斯州的；得克萨斯州的人；得克萨斯人
dwarf	矮子；侏儒；(使)变矮小
pear	梨子；梨树；梨木
boomer	往来无定的临时工
surpass	超越；凌驾；胜过
reflective	反射的；反映的；沉思的
contradict	反驳；与...抵触；与...矛盾
muscular	强壮的；肌肉发达的；有力的；肌的
landfill	垃圾堆；垃圾填埋地
commute	交换；折偿；减轻；代偿；经常乘车来往
bilateral	有两边的；双边的；双方的；两侧的
HMO	休克尔分子轨道法
pluck	勇气；猛拉；动物内脏；摘；拔；拉；扯；采；拽
lunar	阴历的；月的；微亮的(指光)；银的
discrepancy	不符合；差异；不相符之处；不符值；偏差值
utter	全然的；绝对的；完全的；发出声音；做声；发表；发射；流通
sincere	诚实的；正直的；真挚的；纯净的
demise	崩；薨；死亡；让渡；遗赠；转让
enrich	使富足；使肥沃
chant	圣歌；赞美诗；吟唱；诵扬
submarine	潜水艇；海底生物；海中的；生长在海中的；用潜水艇攻击；在下疾行；在下滑动
overwhelmingly	压倒性地；不可抵抗地
premature	早产的；过早的；不成熟的；早产儿；过早发生的事物
tout	招徕顾客；兜售物品；招徕；刺探...情报；兜售者；侦查者
crater	火山口；环行山；弹坑；焊口；火山石；弧坑；焰口
comfortably	安乐地；舒服地；宽裕地
exploitation	开发；开采；剥削；宜传
clown	小丑；乡下人
ditch	沟渠；在...开沟；开沟
secondly	第二；其次
loaf	一条面包；块；游荡；游手好闲；虚度光阴
cushion	垫子；橡皮软垫；加垫褥；缓冲；掩盖
vaguely	含糊地；暧昧地
twilight	暮光；曙光；黎明；黄昏；微光；朦胧状态；微明的
adolescence	青春期；青年期
comprehend	理解；包括
dispose	处理；排列；布置；处置
squirrel	松鼠；松鼠毛皮；贮藏
destine	注定；预定
responsive	回答的；应答的；易感应的
understandable	可以理解的
loosely	松弛地；宽松地；不紧
evacuate	疏散；撤出；排泄
descriptive	描述的；叙述的
hardship	艰难；辛苦；苦难；受苦；吃苦
squash	挤压；压碎的东西；南瓜属植物；拥挤的人群；压扁；镇压；压制；被压扁；发溅泼声；挤入
instability	不安定；不稳定；不稳定性
pity	遗憾；同情；怜悯；憾事；可惜；觉得可怜；有同情心
relocate	重新安置；再配置；放在新地方；再定位；浮动
elusive	难懂的；易忘的；难以捉摸的
unwanted	没人要的；不需要的；多余的
bureaucrat	官僚作风的人；官僚；官僚主义者
claw	爪；螯；抓伤；用爪抓；挖；搜刮
marvelous	令人惊异的；了不起的；不平常的
skepticism	怀疑论；多疑癖
laborer	体力劳动者；辅助工；劳动者
immunity	免疫；免疫性；免除
planetary	行星的；流浪的；迁移不定的；地球上的；现世的
nucleus	核心；核子；原子核；起点；核心程序
cater	提供饮食及服务；投合；迎合
Taliban	塔利班
brightly	生辉地；明亮地；鲜明地
tornado	旋风；龙卷风；大雷雨
heck	int. 真见鬼（hell的委婉说法）
declining	倾斜的；衰退中的
conform	使一致；使遵守；使符合；一致；符合；适应
worthwhile	值得花时间的；值得做的；有真实价值的
cuff	袖口；一巴掌；用巴掌打；殴斗
bud	芽；花蕾；发芽；萌芽；使发芽
admiration	赞赏；钦佩；引人赞赏的对象
sedan	轿车；轿子
apartheid	种族隔离
withstand	抵住；顶住；经得起
earring	耳环；耳饰
expel	驱逐；逐出；排出；开除；排除；迫出
extinction	消失；消灭；废止；消光；熄灭
reluctance	不情愿；勉强；磁阻
forgiveness	宽恕；宽仁之心
scarcely	简直不；一定不；仅仅
cabbage	卷心菜；甘兰
slack	松弛；松懈；淡季；闲散；家常裤；松弛的；不流畅的；疏忽的；无力的；呆滞的；软弱的；漏水的；马虎地；缓慢地；放松；使缓慢；减弱
lumber	木材；破旧家俱；废物；隆隆声；砍伐木材；乱堆；笨拙地移动；喧闹地向前走；隆隆地移动
extensively	广大；广延；外延；大面积(耕种)；粗放；广博；广泛；广阔
societal	社会的
prevalent	普遍的；流行的
benign	善良的；良性的
calmly	平静地；安静地；冷静地
dedication	奉献；献身；献辞；专用
inequality	不平等；不同；不平坦；不平均；不等式
archaeological	考古学的；考古学上的
kidnap	绑架；诱拐；拐骗；拐带
windshield	挡风玻璃；风遮蔽
rugged	高低不平的；崎岖的；粗糙的
preschool	就学前的；育幼院；幼稚园
earnest	定金；诚挚；认真；认真的；热心的；重要的
coherent	互相耦合的；清晰的；明了的；凝聚性的；连贯的
canned	罐装的；录音的；一稿数用的；刻板的；被囚的；洋铁罐的；罐头的
simplicity	单纯；简朴；朴素；坦率；天真；简明性
staple	主要产物；常用品；主要要素；原料；订书钉；钩环；主要的；重要的；分级；钉住
plaque	匾；饰板；名牌；勋章；胸襟饰物；血小板
autobiography	自传
superstar	超级明星
sleek	光滑的；油嘴滑舌的；线条明快的；圆滑的；时髦的；使光滑；掩盖；打扮漂亮；滑动
intensely	强烈地；极度；剧烈地
indirectly	间接；曲折；迂回；不直截了当；不诚实；不坦率；间接地
deduction	减除；扣除；减除额；推论；演绎
whiskey	威士忌酒；威士忌酒的
dune	沙丘
grilled	烤的；炙过的；有格子的
rinse	清洗；染发；染发剂；以清水冲洗；漱；漂清；被漂净
vigorously	朝气蓬勃；精力充沛；壮健；茁壮；健壮；强有力
interpersonal	人与人之间的；人际(关系)的；需要与他人接触的
staircase	楼梯；梯子；楼梯部分；阶梯现象
susceptible	易受影响的；易感动的；容许...的；易感的；容许
inconsistent	不一致的；易变的；前后矛盾的；矛盾的；不协调的
appealing	有感染力的；动人的；恳求的
ambiguity	不明确；含糊；二义性；多义性
relentless	无情的；冷酷的；残酷的
fixture	固定(状态)；固定物；设备；夹具
tester	考试人；做试验者；试验装置；天盖；华盖；检验器；试验仪器
crumble	(使)粉碎；(使)成为碎屑；瓦解；崩溃；败落
canopy	天篷；遮篷；苍穹；用天蓬遮盖
certify	证明；保证
vase	花瓶；瓶
negotiator	磋商者；交涉者；议定者；谈判者；交易者；协商者
maternal	母亲的；母系的；母方的；属母的；母的；母性的
loneliness	寂寞；孤独；清静
cynical	愤世嫉俗的；讽刺的；冷嘲的
blunt	钝的；坦率的；麻痹的
fungus	真菌；真菌类植物；霉菌；蕈；海绵肿
accidentally	偶然地；意外地
gratitude	感激之情
astronomical	天文学的；庞大的
authoritarian	独裁的；独裁主义的
hue	样子；色度；色彩；叫声；色调
outraged	义愤填膺的；愤慨的；气愤的
disparity	不一致；差异；不等
deepest	深的（ deep的最高级 ）；严重的；深奥的；有…深的
intercept	截取；妨碍；截距；拦截；阻止
ambiguous	不明确的；模棱两可的；意思含糊的；暧昧的
surviving	继续存在的；未死的；依然健在的
cafeteria	自助餐厅
dire	可怕的；悲惨的；阴沉的；极端的
dismantle	拆除...的设备；分解；去除覆盖物
honorable	值得尊敬的；荣耀的；高贵的
communism	共产主义
pave	铺设；安排；铺满；为...铺路
heap	堆；许多；累积；堆积；装满
precaution	预防；留心；警戒；预先警告
fry	油炸食物；鱼苗；油炸；煎
glide	滑动；滑过；流水；滑翔；溜走；流逝；使滑动
nervously	焦急地；神经质地；提心吊胆地
onset	开始；攻击；进攻；起始
activism	激进主义；行动主义；能动论
unstable	不稳定的
invariably	不变化地；恒定地；始终如一地
qualitative	性质的；质的；定性的
saucepan	(长柄有盖)深平底锅；炖锅
awe	敬畏；使敬畏
informant	提供消息者；密告者；被调查者；填报人；被征询人
myriad	无数；无数的人(或物)；无数的；种种的
reluctantly	不情愿地；勉强地
insufficient	不够的；不能胜任的；不充足的；不足的；不充分的
saut	<法>n.(芭蕾舞用语)跳
stew	炖；烦恼；热浴；妓院；鱼塘；焖；忧虑；使焦虑
trousers	pl. 裤子；长裤
plausible	貌似真实的；貌似合理的；说得煞有其事的；花言巧语的；似乎有理的
sneakers	胶底运动鞋（sneaker的复数形式）
someplace	在某处；某处
energetic	精力充沛的；积极的
secrecy	秘密；保密；秘密状态
abusive	恶言谩骂的；被滥用的；腐败的；虐待的
airborne	升空的；空运的；空中传播的；空降的
harass	使困扰；使烦恼；折磨
ethic	道德规范；伦理
embarrass	使困窘；使局促不安；阻碍
substantive	表示实在的；有实质的；独立存在的；大量的；重大的；坚实的；名词的；名词性实词；名词
endanger	危及；使危险
grader	把东西分类别的人/机器；平路机；推土机
billboard	广告牌；布告板；宣传
confer	授予；带来；协商
daytime	白天；日间
paralyze	使瘫痪；使麻痹
precinct	区域；管理区；管辖区域；管辖区；选区；分界
arouse	唤醒；鼓励；引起；醒来
shrub	矮树；灌木；果汁甜酒
underway	航行中的；进行中的；起步的
napkin	餐巾；餐巾纸；尿布
consolidate	巩固；使联合；统一；合并计算
stressful	着重；强调；重读；使受应力
unload	卸货；从...卸下；摆脱...之负担；倾销；卸(货)；卸载
cockpit	驾驶员座舱；战场
nationalist	国家主义者；民族主义者
pornography	色情描写；黄色书刊；色情画；色情照片；色情文学；黄色读物
urine	小便；尿
affluent	丰富的；富裕的；支流；富人
cozy	舒适的；安逸的；惬意的；(茶壶等的)保暖罩；舒适的座位；以假话使安心
takeover	接管；接收
exacerbate	使恶化；使增剧；激怒；使加剧
milky	乳状的；乳白色的；柔和的
innings	局；回合；盘；一局；当权期间
realism	写实主义；现实；实在论；现实主义
tangible	可触知的东西；有形资产；可触摸的；有实体的；非相像的；有形的；明确的
groan	呻吟；叹息；抱怨；受压迫；呻吟地说
militant	好战的
dwell	居住；居住(于)；存在(于)
torch	火把；启发之物；火炬
lurk	潜伏；潜行；暗藏；埋伏；隐匿阅读
spinach	菠菜；货币；胡说八道
swiftly	很快地；即刻
terminate	有结尾的；(可)结束的；结束；终止；满期；使停止；使结束；使终止
huddle	杂乱一团；混乱；拥挤；把...挤在一起；乱堆；草率了事；蜷曲；挤作一团；蜷缩
tactical	战术的；用兵上的；策略的
attic	阁楼；顶楼；鼓室上隐窝
constellation	星座；荟萃；构象
beetle	甲虫；大槌；快速移动；捶
populate	使人口聚居在...中；殖民于；移民于；居住于；定居于
maneuver	演习；调遣；策略；用计
probation	鉴定；查验；证明；试用；察看；缓刑；审辨；试验；见习
wreck	失事；残骸；破坏；使失事；拆毁；(船)失事；营救失事船只
smack	风味；滋味；少量；拍击声；咂嘴声；小渔船；海洛因；有味道；咂嘴；发出拍击声；拍；打；掴；咂；出声地吻；啪地一声；猛然
Turk	土耳其人；土耳其马
civilized	文明的；有礼的
pirate	海盗；盗印者；侵犯专利权者；盗印；掠夺；翻印；做海盗；从事劫掠
sewage	脏水；污水；污物
renowned	有名的；有声誉的
gee	马；家伙；向右；前进；哎呀(惊讶时所发声音)；(使)向右转
dusk	薄暮；傍晚；黄昏；微暗的；(使)微暗
sweetheart	心上人；爱人；爱慕；向...求爱
platter	大浅盘；主菜盘；底板
masculine	阳性；男性；男性的；阳性的；有丈夫气的
lingering	拖延的
crumb	碎屑；面包屑；少许；捏碎；弄碎
provocative	激发感情的；挑拨的；刺激的；刺激物；挑拨物；兴奋剂
batter	连续猛打（尤其指妇女）；猛击；面糊（食物）；击球员；打击手
dart	飞镖；投射；疾走；突进
reversal	翻转；颠倒；反转；逆转
disappointing	使失望的；期待落空的；令人沮丧的
sob	啜泣；呜咽；哭诉；哭得使
allegiance	忠贞；效忠
felony	重罪；重刑罪
retiree	退休人员；退休者；退职者
graceful	优美的
socialism	社会主义；社会主义运动
freezer	冰库；冰箱；冷冻库
disastrous	损失惨重的；悲伤的
adversary	敌手；对手；敌手的；敌对的
voucher	证人；保证人；证明者；凭证；凭单；证实...的可靠性
subsidize	补助；资助；贿赂；津贴；给...补助金
fingertip	指尖；指套
shovel	铲；铁铲
puppet	傀儡；木偶；受他人操纵的人
throne	王座；君主
intricate	复杂的；错综的；缠结的；难懂的
gunman	枪手；持枪的歹徒；制造枪械者；持枪歹徒；持枪抢劫或杀人者；枪炮工人
pastoral	牧歌；田园诗；牧人的；田园生活的；牧师的；田园式的
orchard	果园；果树林
explosives	爆炸物；炸药；爆炸品（explosive的复数）
fingerprint	指纹；采指纹
renovation	革新；刷新；修理；改建
mural	壁的；壁上的；壁似的；壁画
burger	汉堡包（等于hamburger）
glue	胶；粘性物；粘合；胶合
chord	弦；和音；索；带
sideline	副业；旁线；界线；兼职；旁观者看法；使退出比赛场地
diaper	尿布；兜布
theatrical	剧场的；夸张的；戏剧性的；戏剧演出
turbine	涡轮机
frenzy	疯狂；狂暴；狂怒；暴怒；狂乱
shining	光亮的；华丽的
mankind	人类；男性
serbian	塞尔维亚人（语）的；塞尔维亚的
betrayal	背叛；辜负；通敌；背信
baggage	行李
veto	否决权；否决；禁止
shack	陋屋；棚屋；居住；暂住
eventual	最后的；终于的
insurgent	谋叛的；起义的；澎湃的；起义者；叛乱者
bleak	萧瑟的；荒凉的；阴冷的
setback	挫折；退步；逆流
veil	面纱；面罩；借口；幕；帐；遮蔽物；戴面纱；隐藏；遮蔽；掩饰；蒙上面纱
traumatic	外伤的；创伤的
restless	不安静的；慌张的；休息不充分的；不宁的
insistence	坚持；坚决主张
severity	严格；朴素；激烈
pounding	重击；重击声
cheerful	快活的；高兴的；兴高采烈的
crusade	改革运动；十字军东侵；从事改革运动；加入十字军
Pakistani	巴基斯坦的；巴基斯坦人
deposition	免职；作证；沉淀；沉积
lily	百合；百合花；洁白的；纯白色的；纯洁的
extraordinarily	非凡；破例；特别；非常；离奇；使人惊奇；惊人；特命；特派
competency	足以使人过舒适生活的富裕收入；充裕的生活条件；权能；资格；资产
torso	躯干；裸体躯干雕像
entitlement	权利
puzzled	困惑的；迷惑的
stump	残株；树桩；烟蒂；讲演台；砍断；挑战；难住；蹒跚而走
openness	公开；宽阔；率真
formulation	系统陈述；公式化；配制；表述；数学表述；数式化
reconstruct	重建；改造；按原样修复
ginger	姜；精力；姜黄色；姜黄色的；用姜调味；使活泼；使有生气
comb	头梳；鸡冠；梳头发；梳毛；(浪)涌起
pancake	薄烤饼；薄煎饼；烙饼
hurl	用力的投掷；用力投掷；发射；愤慨地说出；丢下；猛投；猛掷
whoa	int. 惊叹声；停止
furnish	供给；提供；装设；供应；配料
friction	摩擦；摩擦治疗；不和
segregation	隔离；偏析；被隔离的部分；种族隔离；分离；分凝；离析；分聚
kin	亲戚；同族；血缘关系；家族；有亲属关系的；性质类似的；同类的
voluntarily	自愿地；以自由意志
knowledgeable	聪明的；有知识的
prosperous	成功的；繁盛的；幸运的；繁荣的；昌盛的
forensic	辩论的；法院的；关于法庭的；辩论练习
foliage	树叶；植物
unleash	解开...的皮带；发出；发动
pollutant	污染物质；污染物
giggle	吃吃地笑；咯咯地笑；咯咯笑；傻笑
respectable	值得尊重的；人格高尚的；相当数量的；品格高尚的人
examiner	检查人；审查人；主考者；检验人；验收员
domination	支配；控制；管辖
ignorant	无知识的；不知道的；由无知产生的；无知的；愚昧的；不知情的
tick	滴答声；一瞬间；壁虱；褥套；信用；赊欠；滴答响；活动；滴答地记录；标记号于
cohort	一群；步兵大队；支持者；共同特点的一群人
dine	用正餐；进餐；宴请
disguise	假面目；假装；隐瞒
hatch	孵化；舱口；孵；孵出；策划
prolonged	延续的；长时间的
mediate	居间的；间接的；斡旋；调停；处于中间；调解
lipstick	口红；唇膏
seizure	捕获；夺取；占领；捕获物；没收；充公；发作；癫痫发作
imitation	模仿；效法；冒充；赝品；仿制；仿制品
raft	筏；救生筏；大量；乘筏；筏运；制成筏
shifting	移位；移位操作
cram	塞满；填满；猛吃；贪吃；极度拥挤；死记硬背
spike	长钉；鞋钉；钉状物；尖峰状物；穗；以大钉钉牢；用尖物刺穿；阻止；弃置不用；尖峰信号
sideways	向旁边；向侧面地；旁边的；向侧面的
palette	调色板；颜料
selfish	自私的；利己主义的；自我中心的
lament	悲叹；悔恨；恸哭；挽歌；悼词；哀悼
keeper	监护人；管理人；看守人；保管人；保持片
negatively	否定地；消极地
worrying	使人烦恼的；忧虑重重的
basil	罗勒属植物；罗勒；矮糠
hmm	abbr. 隐马尔可夫模型（Hidden Markov Model）；Hardware Maintenance Manual；Hyundai Merchant Marine
ignite	点燃；使灼热；使兴奋
revolve	(使)旋转；反复考虑；循环出现
bully	欺凌弱小者；土霸；威胁；恐吓；欺负；特好的；第一流的；十分
arsenal	兵工厂；军械库
contaminate	弄污；弄脏；污染；毒害
inhibit	禁止；抑制；起抑制作用
startling	令人吃惊的
disbelief	不信；怀疑
alumnus	男毕业生；男校友
plight	困境；窘境；宣誓；保证
chaotic	混乱的；无秩序的；混沌的
enormously	非常地；巨大地
sickness	疾病；不健康；呕吐；病
vibration	振动；颤动
disperse	分散；传播；散开；分散的
awhile	片刻；一会儿
sober	未醉的；稳重的；节制的；严肃的；不夸大的；合理的；朴素的；使醒酒；使严肃；从醉里醒来；变严肃
madame	夫人；小姐；太太；女士；主妇；(非正式)喜欢差使/指使别人的女子；鸨母
comrade	同志；伙伴
sleepy	困乏的；欲睡的
peek	偷看；窥视；看一眼
youthful	年轻的；青年的
contradictory	反驳的；反对的；抗辩的；矛盾因素；对立物
flatten	使...不活跃；变平；弄平；打倒；使失去光泽
glowing	白热的；灼热的；通红的；鲜艳的；辉光
nap	小睡；稍睡；细毛；孤注一掷；疏忽；使拉毛；打盹度过；预测...为获胜马
roadside	路旁；路边；路边的
impair	损害；减少；削弱；伤害
unexpectedly	想不到的；突然的；意外的；出乎意料的
razor	剃刀；剃
frantic	狂乱的；疯狂的
constructive	建设性的；构造上的；构成的
planting	种植；栽培；播种；人工林；花圃；苗圃
charcoal	木炭
intrinsic	本质的；原有的；真正的；内部的；内在的
starve	(使)饿死；(使)挨饿
impatient	不耐烦的；着急的；急切的
reclaim	开垦；改造；感化；纠正；回收；喊叫；抗议
sewer	下水道；阴沟；裁缝师；用下水道排；铺设下水道于
catcher	捕手；捕捉器；受器；接受器
prevalence	普遍；流行；广泛；盛行
cautiously	慎重地
fertile	可繁殖的；肥沃的；生产多的；能生育的
wield	挥舞；运用
slab	平板；厚片；切成厚板；以平板盖上
daunting	使人畏缩的
disgust	厌恶；嫌恶；令人厌恶；使作呕
southwestern	西南的；向西南的；来自西南的；西南部的
yogurt	酸乳酪；酸乳
prose	散文；写散文；散文的；平凡的
eagerly	渴望；热衷于；热切
rancher	大农场经营者；牧场工人
northeastern	东北方的；在东北的；来自东北的
niece	侄女；甥女
rainy	下雨的；多雨的
mumble	喃喃而语；咕哝
capsule	胶囊；蒴果；瓶帽；航天舱；胶囊剂
hamburger	汉堡(德国港口)；肉饼；汉堡包；纯精牛肉；汉堡牛排
accidental	意外的；偶然的；非主要的；附属的；临时记号；次要方面
eighty	八十；八十个
lever	杠杆；似杠杆之工具；撬开；使用杠杆
upright	正直的；诚实的；公正的；垂直的；竖式的；立杆
readiness	预备；准备；敏捷
abolish	废止；革除；消灭；废除；取消；裁撤
persistence	固执；坚持不懈；持续(性)；存留(状态)；持久
liberate	解放；释放；使自由；释出；放出
rhetorical	修辞学的；符合修辞学的；修辞的
desperation	绝望
feminism	女权主义；男女平等主义；男子女性
anonymity	匿名；姓氏不明；匿名信件
autonomous	自治的；自主的
liner	班机；划线者；定期船；衬里；衬垫；垫带；套管
topple	推翻；颠覆；倒塌；摇摇欲坠
inferior	次等的；较差的；下方的；下级的；部下；次品；下标(符号)
reinforcement	加强；增援；补充；援军；加固物；补强；加强件
morale	士气；道德
diversion	转移；转向
vastly	广大地；许多；巨大
almond	杏仁
distortion	扭曲；变形；曲解；畸变；失真
announcer	节目报告员；宣告者
reminiscent	回忆的；怀旧的；往事叙述者；回忆录作者
validate	使有效；使生效；确认；证实；验证
dime	10分硬币(美、加)
pragmatic	忙碌的；爱管闲事的；自负的；固执己见的；实际的；务实的；国事的；国务的；闲断的；实用主义的
undercover	秘密从事的；秘密的；从事间谍活动的；暗中从事的
orphan	孤儿；无双亲的；孤儿的；使成孤儿；弧体
graze	吃草；放牧；擦伤；轻擦；(使)吃草
founding	铸造
persona	人；人物；角色；外表印象；人格面具；伪装人格
alleviate	减轻；使缓和
protagonist	主人公；主角；领导者
collectively	集合；聚合性；共同；集体主义；集团；集体
comedian	喜剧演员
systematically	有系统地；有组织地；有条理地
sprawling	蔓生的；不规则地伸展的
crunch	嘎吱嘎吱的咬嚼；压碎；嘎吱嘎吱地踏过；咬碎；咬碎声
mock	嘲笑；戏弄；模仿；假的；伪造的；模拟的；虚伪地；嘲弄；使失望；欺骗；挫败
escalate	逐步扩大；逐步升高；逐步增强；使逐步上升
cruiser	巡洋舰；巡航飞机；警察巡逻车
scrub	用力擦洗；矮树；矮人；渺小之物；擦掉；摩擦；擦洗干净；进行手臂消毒；次等的；矮小的；非正规球队的；临时凑合的
foe	仇敌；反对者；敌人；对手
stubborn	顽固的；不听话的；执拗的；棘手的
rubble	粗石；碎砖；粗石堆
bathe	沐浴；用水洗；洗澡
resemblance	相似处；类似；肖像
avert	转开；避免；防止
cavity	洞；空穴；腔
detain	扣留；扣押；耽搁；拘留；留住
genocide	种族灭绝；灭绝整个种族的大屠杀；种族灭绝(侵略军队加害居民的罪行)
troubling	浊度；浑浊度
crave	渴望；热望；恳求
redefine	重新定义
novice	新手；初学者
tenth	第十；十分之一
catastrophic	悲惨的；灾难的
compliment	称赞；恭维；敬意；褒扬
unrelated	无关的
blueprint	蓝图；设计图；(周详的)计划；制成蓝图；计划
progression	前进；连续；级数；进行；步态
pedestrian	行人；步行者；人行的；徒步的；呆板的；通俗的；平淡无奇的
residue	残渣；剩余；余数；残基；残液；釜液
agony	极大的痛苦；挣扎；濒死苦闷；剧痛
shorten	弄短；缩短；减少；缩小；变短
runoff	径流(量)；决赛；决定性竞选
professionally	专业地；内行地
accustom	使习惯于
empathy	移情作用；共鸣；移情；神入
deteriorate	(使)恶化
collide	碰撞；互撞；抵触
reap	收割；收获；获得；得到报应
feasible	能实行的；可行的；适宜的；可执行的；可完成的
bargaining	讨价还价；谈判；交涉；议价；交易
mastery	征服；统治权；优势；精通；掌握；控制权
preventive	预防的；防止的；防止物；预防方法；预防药
arrogant	自大的；傲慢的
oneself	自己；亲自
dubious	可疑的；不确定的
facade	建筑物的正面；外观；表面
bypass	旁路；省略；绕过；忽视；回避
creamy	含乳脂的；乳脂状的；奶油色的；含乳油的；似乳油的
underlie	位于...之下；成为...的基础
playwright	剧作家
binoculars	双目镜；双筒镜
vent	排气口；出口；通风孔；发泄；排出；给...开孔
foresee	预见；预知
harmless	无害处的；未受损害的；无辜的；无恶意的；无害的；无损害的
peril	危险；冒...之险；险境；险因；置...于险境；冒险；危及
bruise	青肿；挫伤；擦伤；受伤；使受伤；研碎
wade	跋涉；涉水；浅滩
reign	为王；为君；当政；统治
rewrite	重写；改写；改写新闻；书面答复；修改旧作；改写的作品
enjoyment	享乐；快乐；享受；使用权
automaker	<美>汽车制造商
rightly	合适地；正当地；正确地
sitcom	abbr. 情景喜剧（situation comedy）
patriotic	爱国的；有爱国心的
cracker	饼干；爆竹；破袭者
impeachment	控告；检举；弹劾
procession	队伍；连续；列队行进；涌出
perpetuate	使永存；使不朽；保持
dictatorship	独裁者之职位；独裁；独裁政权；专攻；独裁权
gosh	唉；天啊；天哪
payoff	发工资；分赃；贿赂；盈利；报酬；报应；结果；高潮；决定因素；决定性的；产生结果的；支付的
heterosexual	异性的；异性爱的；异性恋的人
moan	呻吟；悲叹；抱怨；呻吟着说
lessen	减少；缩小；减轻；变小
fashionable	时髦的；上流社会的；流行的
conquest	战胜；征服；战利品；赢得；获得
railing	扶手；栏杆；抱怨；高重回率的雷达脉冲排挤
expectancy	期待；期望的事物；嘱望；希望；期望；预期
lebanese	黎巴嫩的
inheritance	遗传；遗产
methodist	墨守成规者
briefcase	公事包
infamous	无耻的；不名誉的；声名狼藉的
brink	边缘；陡岸
paycheck	付薪水的支票；薪水
plum	李子
Catholicism	天主教的信仰
elevated	提高的
kidnapping	绑架；诱拐
inherently	内在地；生来地；固有地；固有的
cellar	地窖；地下室；藏酒
breakup	分裂；崩溃；解散；解体；停止
boiling	沸腾的；激昂的；沸腾
recede	向后退；退却；收回；降低；减弱；退缩
abound	大量存在；富于；充满
linkage	联合；连锁；结合；联动；连接
roast	烤肉；烘烤；嘲笑；烘烤的；烤过的；烤；炙；烘焙
depiction	描写；叙述
plummet	测深锤；铅坠；垂直落下
kindness	仁慈；亲切；和蔼
repression	抑制；压抑；制止
lust	贪欲；欲望；色欲；贪求；渴望；动淫念
masterpiece	杰作；名著
culminate	到绝顶；达于极点；达到高潮；使到绝顶；使达到高潮
maze	迷宫；迷惘；使迷惘；使混乱；迷失
humiliation	耻辱；丢脸；谦卑
pronounced	发出音的；读出来的；显著的；断然的；明显的；明确的
implicate	涉及；含意；暗示；牵连；包含的东西
wartime	战时
multinational	多国的；跨国公司的；跨国公司
navajo	纳瓦霍人（美国最大的印第安部落）
ordeal	严酷考验；痛苦经历；煎熬；神裁判法；严酷的考验；痛苦的经验
inning	一局；挨次轮换；执政期；围垦
adore	崇拜；爱慕；喜爱
literal	逐字的；字面上的；文字的；字母的；印刷错误；文字；直接量；字面量；句节
slippery	滑的；光滑的；靠不住的；圆滑的；不稳固的；狡猾的；不可靠的；不安定的
splendid	光亮的；了不起的；灿烂的；壮丽的；显著的；杰出的
discern	辨别；看清楚；了解
politely	有礼貌地；文雅地；客气地
dove	鸽子；dive的过去式
solicit	请求；乞求；招揽；征求
ache	疼痛；痛；哀怜；渴望
alarming	使人惊恐的；引起惊恐的
thinly	薄；细；瘦
nasal	鼻的；鼻声的；尖锐的；鼻音；鼻音字
tentative	试验；试验性的；暂时的
outing	郊游；远足；远足适用的
stagger	蹒跚；踌躇；犹豫；使摇摆；使踌躇；交错；错开；交错的；错开的
nudge	用肘轻推；推动；讨厌家伙
conjure	念咒文召唤；变戏法；想象；施魔法
trajectory	轨道；弹道；轨线
unsuccessful	不成功的
spicy	香的；多香料的；辛辣的；下流的
intercourse	交往；交流；交际；往来
ornament	装饰；点缀品；教堂用品；修饰
observatory	天文台；气象台；了望台
uprising	起义；升起；暴动
endurance	忍耐；忍耐力；耐性；持九性
constrain	强迫；限制；关押
pinch	捏；拧；撮；少量；收缩；挤压；夹痛；苦恼；逮捕；指控；匮乏；紧急关头；掐；修剪；使困苦；使萎缩；节制；少量加入；勒索；节省；引起苦恼
comforting	安慰的；令人鼓舞的
orderly	有秩序的；整齐的；值班的；护理员；清道夫；传令兵；勤务兵；依次地；顺序地
intentionally	故意地；有意地
dealings	来往；交易；买卖
recess	休息；休会；放假；凹进处；深处；使凹进；休假
buildup	发展；集结；增强
nationality	国籍；国家；民族性；民族；国民
flake	小薄片；扁薄的一层；火星；晒鱼架子；使成薄片；剥落
culinary	厨房的；烹调用的
alcoholic	酒鬼；酒精中毒者；酒精的
reconsider	再考虑；重新考虑
newborn	婴儿；新生的
saga	传说；英雄传奇；冒险故事
opener	开...的人；开局人；开创人；开具；开启工具；首项；申请开证人
sliced	刨切的
degradation	降格；堕落；退化；降级
superiority	优越；高傲；优越性
fingernail	手指甲
questioning	审问；讯问；质问
bum	游荡者；懒鬼；闹饮；没有价值的；过游民生活；乞讨；流浪
exemplify	例证；例示；制作经公章证明的誊本
pedal	踏板；脚蹬子；脚的；脚踏的；用脚踏动；踩踏板；骑车
hiss	嘘声；嘶嘶声；发出嘘声；发嘶嘶声；发嘶嘶声表示
incapable	无能力的；不能的；不能行的；耐不住的
adulthood	成年；成人期
slower	减慢
autopsy	验尸；尸体解剖；尸体剖检
gigantic	巨人般的；巨大的
repertoire	全部剧目；全部技能；全部节目；全部作品
scrutinize	细看；仔细检查；审查；细阅
rehearse	预演；排演；使熟练掌握；练习；复述；排练；演习
IQ	智商；智力商数
shuffle	拖着脚走；曳步；混乱；蒙混；洗纸牌；拖曳；马虎地做；笨手笨脚地穿(脱)衣；推诿；洗牌；混洗
rethink	再想；重想
psyche	灵魂；精神；普赛克(希腊神话中人类灵魂的化身)；心灵
residual	残渣的；剩余的；残渣；剩余；余数
loft	阁楼；鸽房；楼上；储存于阁楼上；将球高击
Kurdish	库尔德人的；库尔德语
crate	板条箱；装货箱；篓；筐
uranium	铀；铀U
fiercely	猛烈地；厉害地
layoff	临时解雇；操作停止；活动停止期间
lizard	蜥蜴
tailor	裁缝；成衣匠；缝制；制作；使适应；做裁缝
violently	猛烈地；激烈地；极端地
scattered	分散的；散乱的
compassionate	慈悲的；富于同情心的；照顾性的；怜悯；同情
brighten	变亮；活跃；使生辉；使快活
champ	大声地嚼；格格地咬；格格地嚼；咀嚼声
convene	集合；召集；召唤；聚集
roasted	烤的
nineteen	十九；十九个
wrinkle	皱纹；妙计；方法；技巧；起皱；使起皱纹
psychic	灵魂的；精神的；心灵的；巫师；灵物；心灵现象
fireworks	烟火；激烈争论；焰火
comprehension	理解；包含
interviewer	会见者；面谈者；进行面试者
painfully	痛苦地；苦恼地；费力地
aspire	渴望；立志于
landowner	地主；土地所有人
pardon	原谅；赦免；宽恕
fiery	炽热的；热烈的；暴躁的
aspirin	阿斯匹林；乙酰水杨酸；阿司匹灵；邻乙酸基苯甲酸
dependency	属国；保护地；从属物；从属；从属部
pier	码头；桥墩；支框；防波堤；桥基；基牙
bluff	断崖；绝壁；吓唬；直率的；欺骗
slick	光滑的；熟练的；聪明的；华而不实的；老套的；陈腐的；灵活地；聪明地；使光滑；使漂亮；打扮整洁；光滑平面；平滑器；修光工具
onstage	在前台；在前台的
hog	猪；贪婪者；象猪般的人；(使)拱起
broccoli	花椰菜
resonate	(使)共鸣；(使)共振
capitalist	资本家；资本主义者；资本主义的
ideally	完美地；理想地
chemotherapy	化学疗法
knob	把手；瘤；旋钮；球形突出物；使有球形突出物；鼓起
attribution	归因；归属；属性
ineffective	无效的；失效的；效率低的
squat	蹲；窝；蹲着的；矮胖的；蹲下；蹲坐；蹲伏；使蹲下；擅自占有
fumble	摸索；笨拙的行动；漏球；乱摸；笨拙的处理；漏接(球)；笨手笨脚
Judaism	犹太教；犹太文明；犹太教信仰
cardboard	薄纸板；咭纸；特等纸板；卡纸板；卡片纸板
glacier	冰川
polling	选举投票；轮询；探询
sediment	沉淀物；沉积；沉降物；沉积物
recollection	记忆；回想；回忆
lobbying	为了支持或抵制某项特定目标游说（lobby的现在分词形式）
akin	同类的；同族的；同源的
estrogen	雌激素
bartender	酒保；酒吧侍者
evaporate	蒸发；失去水分；消失；使蒸发；使脱水；使消失
succumb	屈从；屈服；死
seventy	七十；七十个
radioactive	放射性的；有放射能的；放射的
seasoned	经验丰富的；老练的
simulate	模拟；假装；模仿；伪装的；模拟的；假装的；冒充
stature	身材；身高；高度
forearm	前臂；预先武装；准备
intrigue	阴谋；复杂的事；密谋；私通；激起...的兴趣；用诡计取得
grenade	手榴弹
shudder	战栗；发抖
wink	眨眼；使眼色；瞬间；闪烁；眨
stellar	星的；似星的；星球的；主要的
coarse	粗糙的；下等的；粗俗的；粗略的
incumbent	现任的；依靠的；负有义务的；领圣俸者；在职者
celebrated	驰名的；有名的
baked	烘焙的；烤的
regimen	养生法；常规强化训练课；体制；情态；制度；生活制度
goddamn	该死的；完全的；十足的；讨厌的
perpetrator	作恶者；犯罪者；行凶者
whine	哀叫声；嘎嘎声；哀鸣；哭诉；嘎嘎响；发呜呜声；哀诉
fetus	胎儿；胎
extremist	偏激份子
contour	轮廓；画轮廓；显示轮廓的
wardrobe	衣橱；衣室；全部衣服
doctoral	博士的
grease	脂肪；兽脂；油脂；贿赂；涂脂于
episcopal	主教的；主教制度的；英国国教的
imaginative	想像的；虚构的
hopeless	无希望的；绝望的；不可救药的
pathetic	悲哀的；可怜的；感伤的；差劲的；感情的
confide	吐露；委托；信赖
struggling	努力的；奋斗的；苦斗的
fasten	拴紧；使固定；系；集中于；强加于；扣紧
decay	衰退；腐败；(使)衰退；(使)腐败
silhouette	黑色半身侧面影；影子；轮廓；剪影；描绘...成侧面影；使照出影子来；使仅仅显出轮廓
revisit	再访；重游；重临；再访问
hen	母鸡；雌禽
resonance	共鸣；回声；反响；谐振；共振
conserve	蜜饯；果酱；保存；使(能量等)守恒
noodle	面条；笨蛋
moonlight	月光；有月光的；月夜的
portrayal	描绘；描写；画像；肖像
shaky	震动的；摇晃的；动摇的
villain	坏人；恶棍；歹徒；恶徒
industrialized	工业化的
generosity	慷慨；宽大
capitalize	以大写字母写；使资本化；估计...的价值；资本化；收益的现值化
sift	筛；过滤；撒；详查；被筛下；精选
bail	保释；拎环；杓；栅栏；舀水
deliberation	熟虑；熟思；审议；慎重考虑；商讨
compass	指南针；范围；音域；包围；达到；图谋；理解
podium	墩座；矮隔墙；指挥台；足；吸足
hoop	箍；铁环；呼呼声；加箍于；包围；发呼呼声
brightness	光亮；明亮；聪明；亮度
outset	着手；开头；最初
pastel	粉蜡笔；粉蜡笔画；随笔；彩色蜡笔的；蜡笔画的；柔和的；纤弱的
schooling	学校教育；学费
dropout	退学学生；中途退学；离去
flooding	充溢；泛滥；血崩；满屏幕；扩散式路由选择
repay	偿还；报答；报复
irresponsible	不负责任的；不可靠的
stimulation	刺激；激励；鼓舞；兴奋
grouping	分组；组
jeopardize	危害；使受危困；使陷危地
chili	干辣椒；辣椒粉
sprout	芽；萌芽；使发芽；摘去芽；长芽；抽条
spinal	针的；尖刺的；尖刺状突起的；脊骨的；棘折；脊柱的
categorize	分类；归类
pigeon	鸽子；易上当受骗的人；年轻女子
mutually	互相地；互助
heighten	增高；提高；加强；升高；变大
gland	腺；密封套；衬片；密封垫
expressive	表达的；富于表情的
meaningless	无意义的
moose	麋；驼鹿
equate	使相等；视为平等；等同
yearn	渴望；想念；怀念；同情
unsure	不肯定的；不确定的；没有自信的
unseen	未被看见的；看不见的
theoretically	理论上；理论地
prostitution	卖淫；糟蹋；滥用
ceramics	制陶术；陶瓷学
adorn	装饰；使生色
unify	统一；使成一体
famed	著名的；闻名的
turnout	聚集的人群；出席者；产量；输出；产额
rabbi	拉比(犹太教圣职人员)；大师(对犹太学者的尊称)；犹太教的法学博士；老师；犹太教教士
inaugural	就任的；开幕的；就职演讲
detainee	被拘留者；被扣押者；被扣扣者
acceleration	加速；促进；加速度
indifference	不重视；无兴趣；漠不关心；中立；不偏袒
shiite	什叶派教徒
wavelength	波长
contingency	偶然性；可能性；意外事故；意外开支；偶然事故
spiral	螺旋形之物；螺线；螺旋形的；盘旋的；螺旋形下降；螺旋形上升；螺旋形行进；使螺旋形行进
distinctly	显然地；明显地；清楚地
paw	爪；以蹄扒地；用爪子抓；拼命抓；向...乱抓；笨拙地使用；费力地前进
whirl	回旋；旋转；急走；眩晕；使旋转；使回旋；卷走；发晕
flirt	卖弄风骚的人；急动；急扔；忽然弹出；轻快摆动；挥动；调情；玩弄；摆动；轻率地对待
computerized	电脑的；用电脑处理的；电脑化的
sovereign	元首；独立国；具有主权的；至高无上的；国王的；完全的
plow	犁；耕
atrocity	残暴；凶恶；暴行；残酷；残忍
flutter	摆动；鼓翼；烦扰；拍(翅)；使焦急；颤动
incur	招致；蒙受；遭遇；担负
flicker	闪烁；闪光；颤动；闪动；摇动；扑动翅膀；使摇曳；使闪烁
Finn	芬兰人
brag	吹牛
tortilla	玉米饼
plank	厚木板；支架；木板制品；冲浪板；救急物；政纲条目；在...上铺板；撂下；立即付款
exhausted	耗尽的；疲惫的
postmodern	后现代的
blaze	火焰；烈火；光辉；燃烧；发光；使燃烧；宣布；在树皮上刻痕
familiarity	熟悉；精通；亲密
physiological	生理学的；生理学上的；生理机能的；生理的
carpenter	木匠
glamorous	富有魅力的；迷人的
slate	板岩；页岩；提名名单；人选；记录；石板；石板色的；铺石板；责骂；痛打
souvenir	纪念品
narrowly	狭窄地；严密地；仔细地；几乎不；勉强地；仅仅
successive	继承的；连续的；接续承运人
conversely	相反；逆；颠倒；反题；反
disciple	弟子；门徒
biscuit	饼干；素坯
angrily	愤怒地
lousy	污秽的；恶心的；生虱的
monastery	修道院；僧侣
sniper	狙击兵
headlight	前灯；桅灯；车前灯
backlash	后冲；强烈反对；反撞；逆栅流
bakery	面包店
vet	兽医；当兽医；诊断；检审
intern	实习生；被拘留者；作实习医师(教师、实习生)；拘留；扣留
divorced	离婚的
hesitation	犹豫；踌躇；含糊；口吃；暂停
apron	围裙
nostalgia	乡愁；向往过去；怀旧之情；怀乡病
coyote	丛林狼；讨厌的家伙
uneven	不平坦的；不均等的；奇数的
waterfall	瀑布
preclude	预先排除；预防；阻止；妨碍；排除；消除
litter	垃圾；杂乱；轿；担架；乱丢；铺草；弄乱；产仔；乱丢垃圾
exquisite	精致的；细腻的；敏锐的
immerse	沉浸；使陷入；浸
bodyguard	保镖；护卫
thug	恶棍；刺客；凶手；暴徒
initiation	开始；指引；入会；引发
preheat	预热
misunderstanding	误会；误解；不和
mustache	髭；胡子
consciously	自觉地；有意识地
aura	气氛；气味；先兆
competitiveness	竞争
honeymoon	蜜月；蜜月假期；渡蜜月
jealousy	妒忌；猜忌；羡慕；嫉妒
flap	飘；摆动；拍打；拍打声；片状垂悬物；鼓翼而飞；飘动
cadet	军官学校学生；军校学生
drastic	激烈的；峻泻药；剧烈的
chilling	冷却；致冷
farewell	辞别；再见；再会
woe	悲哀；悲痛；苦痛
ripple	涟波；涟漪；波纹；粗钢梳；使起涟漪；起微波；起潺潺声
striped	有斑纹的
patriotism	爱国心；爱国精神；爱国主义
eighteenth	第十八；十八分之一
advent	来到；来临
imbalance	不平衡；不均衡；失调
moderately	适当地；适度地；中庸地
broadcaster	播送者；广播装置；播种机
seam	缝合线；衔接口；接缝；线缝；伤疤；缝合；接合；焊合；使留下伤痕；裂开；发生裂痕
alienate	使疏远；离间；转让；让与；疏远
dolphin	海豚
restructure	更改结构；重建；调整
sting	叮；刺痛；刺激；讽刺；使苦恼
shortcoming	缺点；短处
sandal	凉鞋；拖鞋；檀香木；穿以便鞋
exhaustion	抽空；耗尽；疲惫；筋疲力尽
longing	渴望；热望；憧憬；渴望的；热望的
booster	向前推的人；支持者；后援者；升压器；爆管；扩爆药；传爆药；升压机；增压装置；助促进剂
indoors	在户内
Kurd	库尔德人
ubiquitous	无所不在的；到处存在的；普遍存在的
carved	有雕刻的
pinpoint	极小之物；针尖；立锥之地；精确位置；精确地找到；准确地轰炸；刺穿；准确描述；使突出；强调；针尖的；极微的；精确的；详尽的；精确定位的
swimmer	游泳者
scenery	风景；景色；舞台布景
mince	切碎物；切碎；矫揉做作地说；碎步走；装腔作势
glamour	魅力；迷人的美；魔法；迷惑
pivotal	枢轴的；关键的；起中心作用的
cosmos	宇宙；秩序；和谐；大波斯菊
haze	薄雾；阴霾；疑惑；使变朦胧；使变糊涂；变朦胧；变糊涂
liberalism	自由主义
dissent	异议；持异议；不同意
solitude	孤独；单独；孤寂
ragged	衣衫褴褛的；参差不齐的；不协调的；粗糙的；刺耳的
drunken	酒醉的
celery	芹菜；糖蒿
courageous	勇敢的；大胆的；有胆量的
sculptor	雕刻家
lavender	熏衣草；淡紫色；淡紫色的；用熏衣草熏
disconnect	使分离；使不相连；拆开；断开
luckily	幸运地；幸亏；侥幸
gleaming	闪闪发光的；（使）闪烁；（使）闪亮( gleam的现在分词 )
authenticity	可靠性；真实性；确实性
converge	聚合；集中于一点；使集合
trivial	琐碎的；不重要的；轻微的；平常的
Syrian	叙利亚人；叙利亚语；叙利亚语的；叙利亚人的
deception	欺骗；诡计；瞒骗；诈欺
expanse	宽阔区域；宽阔；天空
inventor	发明家；发明人；创造者
reinvent	重新使用；彻底改造；重复发明（在不知他人已发明的情况下）
fines	细骨料；粉末；罚款（fine的复数）
boxer	拳师
famine	饥荒；缺乏；饥饿
systemic	系统的；体系的；全身的
clump	丛；块；笨重的脚步声
eerie	怪诞的；可怕的；奇异的；令人迷惑不解的
nebula	星云；角膜云翳；薄翳；角膜翳；喷雾剂
arrogance	傲慢态度；自大
disappoint	使失望
harden	使变硬；使坚强；使冷酷；变硬；变冷酷
liaison	联络
vapor	汽；蒸气；蒸发；使蒸发
dwelling	住处；住房
trooper	骑兵；骑警；伞兵
evacuation	撤退；疏散；抽空；排空
decidedly	决定了；坚决；明显；显而易见；显然；明确；果断；毫无疑问
carving	雕刻品；雕刻；雕刻术
clamp	夹钳；夹紧；强加
hinder	后面的；阻碍；打扰
irrational	无理数；无理性的；不合理的
pristine	太古的；原来的；古时的；原始的
armored	装甲的
patiently	耐心地；有毅力地
diver	潜水者
plaster	石膏；灰泥；安慰(缓解)用品；膏药；涂以灰泥；敷以膏药；掩饰；使平服；彻底击败；减轻；粘贴
abnormal	反常的；不规则的；变态的；畸形的；畸形的人
redemption	赎回；赎身；偿还；拯救；买回
improper	不合适的；错误的；不成体统的；不道德的；不适当的；不正确的
creditor	债权人；债主；贷方
bamboo	竹子；竹类
prosper	繁荣；兴隆；成功；使成功；使昌盛
pianist	钢琴家；钢琴演奏者
heartbeat	心跳
interception	拦截；截断；截住；截取；截击；窃听；侦听；雷达侦察
downward	向下的
tread	踏；步态；梯级；交尾；鞋底；行走；踩；践踏；跳(舞)
stifle	使窒息；抑止；扼杀；窒息；被扼杀
sentimental	感伤的；感情用事的
insecurity	不安全；不安全感；无保障
recognizable	可认识的；可承认的；可识别的；可被认出的；可辩认的；可被承认的
inclination	倾向；趋向；倾斜度；点头；倾角
boarding	木板；起纹
pilgrimage	朝圣；漫游；人生的一段经历；朝拜
monumental	纪念碑的；做为纪念的；不朽的
memorize	记住；熟记；背熟
upscale	迎合高层次消费者的；质优价高的
thyme	百里香；麝香草
ninety	九十；九十个
superficial	表面；外表；表面的；肤浅的；面积的
puff	一阵喷烟；肿块；喘息；喷出；张开；吹捧；(使)充气；喘气；(使)骄傲；(使)膨胀
snort	喷着气弄响鼻子；轻蔑地哼；嘶嘶响着排气；哼着鼻子说；喷出；吸入(毒品)；喷鼻息；(潜艇的)水下通气管
rig	装备；帆装；装配；装扮；给船装帆；垄断；操纵
pecan	美洲山核桃(树)
misunderstand	误解；误会
excursion	远足；游览圆；短程旅行；移动；离轨；逸出
superpower	超级强权；超级大国
modernity	现代性；现代状态；现代东西
hallmark	纯度检验证明；品质证明；加盖纯度检验证明
cucumber	黄瓜；胡瓜
nightclub	夜总会
sharpen	使尖锐；使敏捷；加重；削尖；尖锐化；变锋利
turnaround	转向；回车道；转变；小修；预防(性)修理
crooked	弯曲的；歪的；邪恶的
asphalt	柏油；用柏油铺成的；以柏油铺
mortar	臼；研钵；灰泥；用灰泥涂抹；用灰泥结合
savor	滋味；气味；食欲；有...的滋味；加调味品于；使有风味；尝到
demonstrator	论证者；证明者；指示者；示威者；示教者
impending	即将发生的；迫切的；悬空的；就要来的；逼在眼前的；紧急的
microscope	显微镜
spear	矛；枪；持矛者；嫩枝；用矛刺；刺；戳；父系的
weekday	周日；平日；工作日
bloc	集团
dorm	宿舍
ledge	突出部分；暗礁；矿层
overtime	超时；加班；延长时间；超时的；加班的；加班地；使超过时间
mediation	调停；调解；中介；间介；居间
occupant	占有者；居住者；占用者
bitterness	苦味；悲痛；怨恨
chimney	烟囱；灯罩
lateral	侧部；支线；边音；侧面的；旁边的
aroma	浓香；香气；芳香气
thwart	横放的；反对；阻挠；横过
curved	弯曲的；弄弯的
buffet	自助餐；小卖部；碗橱；殴打；冲击；连续打；搏斗；奋斗
stint	节省；限制；停止；节约；吝惜；限额
dispense	分发；分配；特许；豁免
jog	轻推；轻撞；慢跑；(使)蹒跚行进；(使)慢跑
awfully	恶劣地；非常地；极端地
cruelty	残酷；野蛮；残酷行为；残忍；虐待
lantern	灯笼；提灯；航标灯；装上提灯
plateau	高地；高原；(上升后的)稳定水平；平顶；坪
slaughter	残杀；屠杀；杀戮；亏本出售
heroine	巾帼英雄；烈妇；女主角；海洛因；二醋吗啡；二乙酰吗啡
retrospect	回顾；追忆；回溯
trot	快步；快步走；小跑；使小跑；策马小跑
socialize	使社会化；使社会主义化；使适合社会需要；(美)(非正式)参加社交活动；发生社交往来
damaging	破坏性的；损害的
mingle	(使)混合
clubhouse	俱乐部会所
pony	矮种马；借助逐字直译文翻译；小型的；每日摘要的
grapple	抓住；掌握；系紧；与...扭打
stocking	长袜；马足水肿
centerpiece	中心装饰品；放在餐桌中央的摆饰
imperative	命令；必要的事；规则；祈使语气；命令式的；急需的；势在必行的；强制的
congratulate	祝贺；庆贺
heightened	（使）变高；（使）增大( heighten的过去式和过去分词 )；（使）提高；（使）加强
seriousness	严肃；认真；严重性
indifferent	漠不关心的；无重要性的；中立的；中性的；无作用的；无亲和力的；淡漠的
impoverished	穷困的；无力的；用尽了的
respectful	表示尊敬的；有礼貌的；谦恭的
eternity	永远；来世；不朽
martyr	烈士；受苦者；受难者；使成为烈士；使受苦
synagogue	犹太人集会；犹太教会堂；犹太教
ominous	恶兆的；不吉利的；预兆的
howl	嗥叫；吠声；号叫；狂吠；咆哮；呼啸；对...吼叫；狂喊着说
modernization	现代化
rotten	腐烂的；恶臭的；堕落的；风化的；虚弱的
deceive	欺骗；行骗
crane	鹤；起重机；伸颈；起重机起吊；伸颈看；迟疑
ethanol	乙醇；酒精
vodka	伏特加酒
farmhouse	农舍
relic	遗物；遗迹；纪念物；遗风；残留物
hype	大肆宣传；皮下注射
jeopardy	危难；危险；危险处境
offseason	淡季
vie	争；竞争；争胜；提出...来竞争；以...作较量
faded	已褪色的；已凋谢的
crow	啼叫；乌鸦；鸡鸣；撬棍；报晓
variability	易变；变化性；变异性；可变性
empowerment	授权；许可
footprint	足迹；印迹
churn	搅乳器；搅拌；搅动
materialize	赋予实质；使体现；物质化；成有形；体现；实现
unfinished	未完成的
irregular	不规则物；不合规格之物；不规则的；不整齐的；不合法的
anguish	剧痛；痛苦；使极痛苦；感到痛苦
decree	法令；判决；天意；颁布；发布命令
abstraction	抽象化；心不在焉；空想；提炼；抽象派作品；提取；抽取；夺取；夺取反应；除去
transitional	变迁的；过渡期的；转变的；过渡的；过渡型单核白细胞
collaborator	合干者；合作者；通敌者；协助者；勾结者
downturn	(尤指经济方面的)衰退；下降趋势；低迷时期
indefinitely	无期限地
prominence	突起；突出；显著；突出物；凸出；隆凸；凸
commanding	指挥的；威风凛凛的；居高临下的
butcher	屠夫；肉商；小贩；屠宰；屠杀
lesion	损害；身体上的伤害
temperament	气质；性格；性情；禀赋
thankful	感谢的；感激的；欣慰的
muster	召集；集合；检阅；清单；花名册；样品；应召；集中
democratization	民主化
promoter	促进者；助长者；助催化剂
oblivious	遗忘的；健忘的；不知不觉的；忘却的；不在意的
narcotic	麻醉药；镇静剂；麻醉的；催眠的
bodily	身体的；亲自
multitude	多数；群众
chilly	寒冷的；冷淡的；不友好的；番椒；冷
degrade	(使)降级；(使)退化
cloak	斗蓬；大氅；掩护；遮掩；隐匿；使披斗蓬
drummer	鼓手；旅行推销员；跑街；旅行商人；旅行销货人
vitality	活力；生命力；生机；生活
playful	爱打趣的；多趣的；开玩笑的；嬉戏的
mildly	柔和地；和善地；适度地
convoy	护送；护卫；护航
lag	落后；囚犯；迟延；桶板；防护套；最后的；蹒跚；缓缓而行；滞后；落后于；押往监狱；加上外套；延迟
disruptive	分裂的；破坏(性)的；击穿的；中断的
flank	侧面；侧腹；胁；腰窝肉；攻击侧面；守侧面；侧面与...相接
unconstitutional	违反宪法的；不符合宪法的；违宪的；不合宪法规定的
lash	鞭子；鞭打；睫毛；责骂；讽刺；摆动；扎捆；冲击；煽动；冲洗
outskirts	近郊；市郊
abide	停留；遵守；居留；继续下去；忍受；经受；屈从于
enclose	围绕；圈起；放入封套；附上
accumulation	积聚；累积；积聚物；蓄积
fluctuation	变动；波动；动摇；涨落；起伏；脉动
darken	弄暗；使模糊；暗下来；颜色变深
imprison	使下狱；关闭；拘禁；限制；关押；监禁
irritate	激怒；使发怒；使兴奋；使发炎；引起不快
flare	闪光；闪耀；用发光信号发出；使闪耀；使张开
momentarily	暂时地；立刻；随时地
retaliation	报复；报仇；回敬
tasty	好吃的；可口的
crushed	压碎的；倒碎的
unpopular	不得人心的；不受欢迎的；不流行的
worsen	使更坏；使恶化；变得更坏；恶化
haircut	理发；(男子的)发式
archaeology	考古学
devour	吞食；挥霍；吞没
hefty	重的；肌肉发达的
parasite	寄生生物；寄生虫；食客；寄生物；寄生胎
simplify	单一化；简单化
thicken	变浓；变厚；变得模糊；变为复杂；使变厚；加强；使模糊
yep	是（美国俚语=yes）
handkerchief	手帕；头巾；围巾
noticeable	显而易见的；显著的；值得注意的
sensory	知觉的；感觉的；传递感觉的
complementary	补充的；补足的
envy	羡慕；嫉妒
rove	徘徊；粗纺；流浪；漂泊于；漫游于；飘忽不定；reeve的过去式和过去分词
curiously	好奇地
radiate	放射；散发；辐射；传播；广播；发光；流露；有射线的；辐射状的
whereby	靠什么；如何；为何；靠那个；因此；由此；由是
pry	杠杆；窥探；好奇者；打听；撬动；撬开；费力得到
dresser	化妆台；(剧团)服装师；碗柜；敷裹员
denomination	名称；教派；面额；票面金额；(度量衡)
customary	习惯的；惯常的；通常的
stigma	耻辱；污名；烙印；柱头；小孔；眼点；气孔；小斑；特征
bitterly	怨恨地；悲痛地；残酷地
mystical	神秘的；奥秘的
humane	有人情的；人道的；仁慈的
grate	炉格；炉篦；炉栅；火炉；壁炉；格栅；装格栅于；磨擦；轧碎；磨碎；使焦急；触怒；使人烦躁；刺激；激怒；擦响；发出刺耳的尖厉声
boycott	联合抵制
skim	撇取浮沫；略读；掠过；擦过；浏览；脱脂乳；表层物；撇去浮沫的
referee	仲裁人；调解人；裁判员；仲裁；裁判
pudding	布丁
alas	唉
intuition	直觉；直觉的知识
deceased	已故的；死者
accustomed	惯常的；习惯了的
reckon	计算；总计；估计；认为；猜想；数；依赖；料想
restrictive	限制的；约束的；限定的；限制词
granddaughter	孙女；外孙女
sociologist	社会学家
dissatisfaction	不满；不平
eccentric	怪人；偏心圆；古怪的；反常的；不同圆心的
refrigerate	使冷却；使清凉；冷藏；冷冻
charismatic	魅力；能吸引大众的非凡能力；神授的能力；领袖人物感人的超凡魅力
overhear	无意中听到；偷听
gracious	亲切的；慈善的
enthusiast	热心家；狂热者；爱好者
volcanic	火山的；猛烈的；火山岩
continuum	连续统一体；连续统；闭联集；连续区；连续谱；连续介质
insurgency	叛乱状态；发生暴动；暴动；起义；叛乱
entertainer	表演娱乐节目的人；演艺人员
stink	臭味；臭气；发臭味；名声臭；用臭味赶
diversify	使多样化；使变化
demeanor	行为；品行；举止
overthrow	推翻；瓦解；倾覆；打倒
doctorate	博士头衔
tempting	诱惑人的；吸引人的
grumble	怨言；满腹牢骚；抱怨；发牢骚；发隆隆声
quake	颤抖；地震
reckless	不介意的；大意的；鲁莽的；不顾后果的；不注意的；粗心大意的
drawback	缺点；退税；退款
foreground	前景；最显著的位置；前台
toxin	毒素
muffin	松饼
dazzling	眼花缭乱的；耀眼的
vengeance	复仇；报仇
clout	敲击；破布；打补钉
glossy	平滑的；有光泽的
heavyweight	重量级拳击运动员；(非正式)有影响的要人；最重量级的
ape	无尾猿；应用程序评价
drastically	激烈地；彻底地
salsa	洋葱做的辣调味汁；萨尔萨舞曲
moth	蛾害；蛾；乌头叶菜豆；蠹
lighten	照亮；点亮；减轻；使轻松；闪出；发亮；打闪；变轻
influx	流入；河口；汇集；注入
ghetto	犹太人区
terrifying	令人恐惧的；骇人的；极大的
rooftop	屋顶
sizable	相当大的；大小相当的
handicap	障碍；困难；不利条件；加障碍于；妨碍
phony	假货；假冒者；赝品；伪造的；假的；不可信的；华而不实的
hemisphere	半球；地球的半面；大脑半球
housewife	主妇；家庭妇女
apprentice	学徒；生手；使做学徒
cavalry	骑兵
catfish	鲶鱼
outward	向外的；表面的；外服的；向外；在外；表面
supernatural	超自然的；神奇的
allude	暗指；提及
rogue	恶棍；流氓；小淘气；欺骗；游手好闲
starving	挨饿的；饥饿的
seduce	唆使；怂恿；引诱；诱奸；勾引；诱惑
amaze	使吃惊
coax	哄；诱骗；耐心地摆弄；哄骗；同轴电缆
entrepreneurial	创业的；具有企业精神的；企业性质的
cleric	牧师的；教士的
affective	情感的；表达感情的；感情的
wig	假发；斥责；给...戴假发；激怒；使发狂；激动；发狂
climber	登山者；登杆器
normative	合乎规范的；标准的；规范的
renovate	更新；革新；刷新；修复；使恢复活力
mutation	变化；突变；元音变化
brutality	残忍；无慈悲；野蛮的行为
electorate	选民；有选举权者；选区；选举团
grievance	委屈；冤情；苦况；不满(对雇用条件的)
meteor	流星；大气现象
rein	缰绳；统治；支配；驾驭；以缰绳控制；控制；勒住马
attest	证明；表明；作证；为...作证
pneumonia	肺炎
eyewitness	目击者；见证人
commercially	商业上；通商上
duct	管；输送管；通过管道输送
pathogen	病原体
uniquely	独特地；珍奇地
monarch	帝王；统治者；元首；单原型(植)
helm	舵；驾驶盘；枢机；头盔；给...掌舵；指挥；给...戴头盔
pulp	果肉；纸浆；使化成纸浆；除去...果肉；变成纸浆
woo	追求；向...求爱；恳求；求爱；央求
stomp	跺脚；跺；践踏
nostril	鼻孔
crank	不稳的；脾气暴燥的；易怒的；曲柄；奇想；装曲柄；转动曲柄
crook	钩；弯曲部分；坏蛋；使弯曲；诈骗；弯曲
paranoid	(似)患妄想狂的；(似)患偏执狂的；患妄想狂的人
spacious	广大的；宽广的
annoyed	恼怒的；烦闷的
scalp	剥头皮；头皮；战利品
seep	渗出；渗流；漏；小泉；水陆两用吉普车
curry	咖哩粉；咖哩饭菜；用咖哩粉调味；用马梳梳；制革
relish	滋味；风味；美味；爱好；食欲；调味品；调味；喜欢；玩味；有味道
cherish	珍爱；怀有；爱护
unravel	阐明；解决；解开；散开
eruption	爆发；喷出物；出疹；喷发
censorship	检查制度；督察；监察
eyelid	眼皮；眼睑；睑
smuggle	偷运；走私；私运
commonplace	寻常事；老生常谈；普通的东西；平凡的；普通的
mislead	误导
boredom	厌烦；厌倦；令人厌烦的事物
persuasive	有说服力的；劝诱的；劝导性的
visualize	使看得见；使具体化；想象；设想；显形
avid	渴望的；急切的；劲头十足的
incidentally	伴随地；偶然；顺便
soothing	抚慰的；使人宽心的；缓解的；安抚的
emanate	散发；发出；发源
farmland	农田
deregulation	撤消(价格等的)管制规定；解除控制
unrealistic	不切实际的；幻想的
contraction	收缩；缩写式；害病；挛缩；牙弓内缩
nanny	保姆；母山羊
inaccurate	错误的；不准确的；不精确
commemorate	纪念
mythology	神话
groom	马夫；新郎；男仆；喂马；使...整洁；推荐；打扮；穿戴
simultaneous	同时的；同时发生的
filthy	污秽的；丑恶的
exceptionally	特殊地；异常地；例外地
defer	推迟；延期；听从；使推迟；使延期
attacker	攻击者
outweigh	比...重；比...重要；比...有价值
abrupt	突然的；唐突的；陡峭的；不连贯的
rampant	猖獗的；蔓生的；猛烈的；跃立作扑击状的
demographics	人口统计资料
antiquity	古老；古代；古代人；古物
generalization	一般化；普遍化；概括；推广；普适化
downside	底侧；下降趋势
nestle	舒适地坐定；挨靠；偎依；抱；安置
nonexistent	不存在的
shred	碎布条；细片；少量；撕碎
veer	转向；使转向
tabloid	小报；小型画报；药片；文摘；轰动性的；扼要的；缩略的；小报式的
fulfillment	履行；结束；完成；实现；满意；称心
caucus	领导人会议；核心会议；开核心会议
refreshing	使清爽的；有精神的；爽快的
ailment	病痛；疾病
gunfire	炮火；号炮报时；炮击
amazingly	令人惊讶地；惊奇地
reunite	(使)再联合
fugitive	逃亡的；短暂的；难捉摸的；逃亡者；亡命者；难捕捉之物
intrusion	闯入；侵扰；突入
versatile	多才多艺的；万用的；万向的
battalion	营；军队；集团
unchanged	无变化的；持稳的
nuisance	讨厌的东西；讨厌的人；损害；讨厌
Lutheran	路德教会的；路德教会
dizzy	晕眩的；眼花缭乱的；使晕眩
rumble	隆隆声；辘辘声；发隆隆声；辘辘响；使隆隆响；低沉地说
juicy	多汁液的；生动的；多水分的
contestant	竞争者；争辩者
intentional	故意的；与目的有关的；有意的
growl	吠声；咆哮声；怒吠；咆哮；吼
purity	纯净；纯正；纯粹；纯度
brokerage	经纪人；回扣；佣金；中间人业务；经纪业；手续费
putt	击球入洞；轻击高尔夫球；轻轻一击(入洞)
vomit	吐出；呕吐；呕吐物；催吐剂
reiterate	反复地说；重申；反复地做；重述；反覆地做
rhythmic	有韵律的；有节奏的
sag	下垂；倾斜；萎靡；萧条；变得乏味；使下垂；系统分析组；语法分析生成程序；电压下降
frantically	狂暴地；疯狂似地
endlessly	不断地；无穷尽地
delightful	令人愉快的；可爱的
conditioner	调节器；土壤团粒结构促进剂；整形器
illicit	不法的；不正当的；禁止的；违法的；违禁的；被禁止的
perpetual	永久的；不断的；无期限的；没完没了的；四季开花的；永远的；终身的；持续的
makeshift	权宜之计；临时代用品；权宜的；临时代用的
goodwill	友好；好意；善意；亲善；(企业享有的)信誉；声誉；(企业的)商誉；信誉
wrongdoing	干坏事；坏事
aerobic	需氧的；需氧菌产生的；增氧健身法的
skeptic	怀疑者；怀疑论者；不可知论者
covert	隐蔽的；偷偷摸摸的；隐密的；树丛；隐藏处
facet	(多面体的)面；方面；琢面；小平面；小面
disarm	解除武装；裁军；缓和；放下武器
beckon	招手示意；召唤；吸引；表召唤的点头(或手势)
improvise	即席创作；临时做
slipper	拖鞋；制轮器；用拖鞋打
challenger	挑战者；申请回避的人
candidacy	候选人的地位；候选资格；候选人的身份；资格
preoccupation	抢先占据；先人之见；入神；成见；注意散漫；心不在焉
handgun	手枪
Buddhist	佛教徒；佛教的
suicidal	自杀的；自杀性的；自我毁灭的
mole	痣；鼹鼠；防波堤；摩尔；克分子
assortment	分类；各种各样；配列
impede	妨碍；阻碍；阻止
wince	畏缩；退避；退缩
subside	沉淀；沉降；平息
collegiate	学院的；集体组织的；合议的；大学的
needy	贫穷的；贫困的；生活艰苦的
baseman	守垒员
hypothesize	假设；假定
internally	内部的
outspoken	直言无讳的；坦率的；坦白无隐的
petal	花瓣
graffiti	墙上乱写乱画的东西
cliche	陈腔滥调；凸印版；陈腐的
barren	不育的；贫瘠的；荒地
hinge	铰链；关键；枢纽；装铰链；靠铰链移动；依...而转移
hierarchical	分级的；分层的；层次的
celestial	天的；天国的；天空的
forefront	最前部；最前线
clench	牢牢抓住；钉紧；敲弯钉尖；紧握；牢牢地抓住；确定；敲弯；握紧；钉牢
timetable	时间表
mundane	现世的；世俗的；宇宙的
raspberry	悬钩子；呸声；覆盆子
presbyterian	长老派的；长老宗的；长老教教友；长老制支持者
prudent	审慎的；三思而后行的；精明的；节俭的
spokesperson	发言人；代言人
wreckage	残骸；失事；破坏；(船双等的)失事遭难
unanimous	意见一致的；无异议的
lest	以免；唯恐；免得
tavern	酒馆；客栈
assassin	暗杀者；刺客；行刺者
etch	蚀刻；蚀镂；施行蚀刻法；腐蚀剂；刻蚀；侵蚀
flute	笛；横笛；凹槽；吹笛子；用长笛奏；刻凹槽于
nightly	每夜的；夜间的；每夜
continuation	继续；续集；补编；连续
dangerously	危险；不安全
popcorn	爆米花
barracks	兵营；营房；简陋的房子；警察所（barrack的复数）
smear	涂；擦上；玷污；把...擦模糊；被弄脏；污点；污迹；污蔑
assassinate	暗杀；行刺；中伤
liberalization	自由主义化；宽大；自由化
preoccupied	被先占的；入神的；一心一意的
worthless	无价值的；无益的；无足轻重的；无用的
intellect	智力；出众的才华；知识分子；才智
persecution	虐待；迫害运动；迫害；烦扰；困扰
outright	率直的；完全的；总共的；直率的；完全地；率直地；立刻地；一直向前
tremendously	极大地；极端地；极其；非常
stunned	受惊的
quotation	引用语；语录；牌价；报价
infuse	注入；使充满；泡制；鼓舞；泡
rake	耙子；钱耙；斜度；浪子；搜索；掠过；(用耙子)耙；(使)倾斜
coping	墙压顶；顶部；顶盖；墙的顶部；盖
trickle	滴；细流；细细地流；使滴；使小量流动；信息透露
inflate	使膨胀；使得意；使通货膨胀；使充气；充气；膨胀
chestnut	栗子；栗树；栗色；栗色的
windy	多风的；风强的；腹胀的；吹牛的
differing	不同；有异( differ的现在分词 )；持异议
perennial	常年的；长期的；反复的；多年生的
overlap	重叠；重复；部分的同时发生；与...同时发生；迭盖
longevity	长命；长寿；寿命
cilantro	芫荽叶
handler	处理者；操作者；拳击教练；管理者
muse	沉思；冥想；若有所思地凝望或说
obsolete	荒废的；成废物的；陈旧的；老式的；废词；废物
culprit	犯人；罪犯；刑事被告；犯罪者
bankrupt	破产者；破产的；使破产
greatness	大；巨大；广大
recycled	回收利用( recycle的过去式和过去分词 )；再利用；再次应用；重新使用（概念、方法、玩笑等）
anomaly	不规则；反常事物；畸形；异常；反常
variant	变体；异体；不同的；有差别的；变体型
intellectually	智力上；知性上；理智地
insignificant	无关紧要的；无意义的；琐碎的
mogul	大人物；有权势的人
wail	恸哭；哀号；嚎啕；呼啸(声)；呼啸；悲叹
watcher	看守人；守望者；哨兵
overtake	赶上；突然降临于；压倒；代替
kinship	亲属关系；家族关系；关系
wonderfully	惊人地；极好地；精彩地
sequel	继续；续集；后果；结构的英语查询语言
blender	混合者；混合器；搅拌器；掺合机；捏和机；混合机；搅拌机；搅切器；捣碎器
excavation	挖掘；发掘；挖掘的洞；陷凹；挖除
bunk	铺位；废话；逃走；逃跑；睡在铺上；提供铺位
sweaty	出汗的；吃力的
surrogate	替代者；代用品；代理；替代
jointly	共同地；连带地
causal	原因的；因果关系的；表示原因或理由的；表示原因的连词
scissors	pl. 剪刀；剪
greedy	贪婪的；贪得的；贪吃的
salvage	海上救助；抢救；打捞；抢救出来的财物；营救；文件恢复程序
bedside	床边；床边的；临床的
disadvantaged	社会地位低下的；生活条件差的；被剥夺了基本权利的；被剥夺了基本权力的
punitive	刑罚的；惩罚性的；结予惩处的
disparate	根本不同的；全异的；不相干的；无法相比的东西(或人)
storytelling	说故事；说谎话
sophistication	诡辩；老于世故；复杂(性)；掺假
negotiating	谈判
entree	入场许可；主菜
anecdote	轶事；奇闻
misconduct	办错；使行为不端；渎职；通奸
admittedly	公认地；诚然
soybean	大豆
frail	脆弱的；虚弱的；意志薄弱的；少女；少妇；灯心草篓
dismissal	免职；解雇
contentious	好争吵的；爱争论的；有异议的；诉讼的；争执的；引起争论的
helper	帮忙者；有益的东西；助手
plywood	夹板；合板；层板；木夹板；三夹板
trumpet	喇叭；小号；喇叭声；吹喇叭；用喇叭吹出；吹嘘
rash	轻率的；匆忙的；鲁莽的；皮疹
disgusting	令人厌恶的
universally	宇宙；全世界；普遍；一般；普通；全体；一致；通用；万能；广用；广泛
autograph	亲笔；亲笔签名；手稿；亲笔签名于；亲笔写
orchestrate	编管弦乐曲
intently	一心一意地；心无旁物地；专心地
hone	磨刀石；抱怨；想念；用磨刀石磨；磨练
gunshot	枪弹；(枪炮)射击；炮击；射程；射击的
verb	动词
indispensable	不可缺少之物；不可缺少的；责无旁贷的；绝对必要的
congestion	拥挤；充血；拥塞
revolt	叛乱；反抗；反感；起义；厌恶；使反感；使恶心
dye	颜料；染料；染；染色；被着色
sever	切断；脱离；分开；使分离；断绝；中断；断；裂开
pamphlet	小册子；活页文选
buckle	皮带扣；扣子；扣住；使弯曲；变弯曲；屈服
cocoa	可可粉；可可茶；可可色；可可；可可豆
discredit	无信用；丢脸；不名誉；不信；怀疑；使丢脸
ancestral	祖先的；祖传的
bun	小面包；血液尿素氮
ooh	int. （表示惊异、热心、高兴或不悦的叫声）哦！
procedural	程序上的
freak	畸形人；畸形物；不正常的事物；反复无常；奇异的；反常的
factual	事实的；实际的；与事实有关的
salute	行礼；致意；问候；放礼炮；向...致意；迎接；赞扬；招呼；敬礼；礼炮
fern	蕨类植物
inscription	题字；碑铭；划；药量记载
citrus	柑橘属果树
swarm	群；大群；蜂群；分蜂群；分群；群集；聚集一块；云集；攀；挤满；爬
pajamas	睡衣；宽松裤；喇叭裤
stepfather	继父
blockbuster	巨型炸弹
tidal	潮汐的；受潮汐影响的
raisin	葡萄干
deterioration	恶化；衰退；退化；变坏；变质；颓废
mitigate	温和；缓和；减轻
interruption	打扰；中断；障碍物；间断；阻断；中止
unrest	不安的状态；动荡的局面；不安
soothe	缓和；使安静；安慰；奉承；起安慰作用
experimentation	实验；试验；实验法；实验过程
clasp	扣子；钩；紧握；扣紧
obstruction	障碍；妨碍；闭塞物；梗阻；不通
tow	拖；拖绳；拖轮；拉；牵引
blush	脸红；羞愧；弄成红色
mailbox	邮筒；邮箱；电子邮箱
Spaniard	西班牙人
vantage	优势；有利情况
alteration	变更；改动
grit	砂砾；粗砂石；覆以砂砾；咬牙切齿地说；摩擦作声
puddle	小池；水坑；胶土；搅浊；搅炼；在泥污中打滚；(把黏土等)捣制成胶土
fend	击退；保护；供养
shutter	百叶窗；关闭物；照相机快门；关闭者；为...装百叶窗；以百叶窗遮闭
ivy	常春藤；学院的；抽象的
visionary	幻像的；幻想的；梦想的；有眼力的人；空想家；梦想者
symbolism	象征主义；符号论
doubtful	可疑的；疑心的；不明确的；怀疑的；有疑问的；未确的
despise	轻视
dismay	沮丧；使惊愕；使气馁
enjoyable	可从中得到乐趣的；令人愉快的
outgoing	外出；开支；流出；喜欢外出的；即将离职的；乐于助人的
intruder	侵入者；干扰者；妨碍者；入侵者
jelly	果冻；果冻甜食；胶状物；(使)结冻；(使)成胶状
emulate	效法；尽力赶上；同...竞争；仿真
ceremonial	仪式；正式的
bladder	膀胱；囊
refrain	重复的话；叠句；副歌；节制；避免；克制
untouched	未触摸过的；未改变的；未受影响的
lavish	大方的；丰富的；浪费的；浪费；滥用；慷慨给予
ballroom	舞厅；跳舞场
knuckle	指节；蹄爪；膝关节；以指节打；以手指射
retrospective	回顾的；怀旧的；在后面的；回顾展
pilgrim	旅行者；朝圣者；香客；朝圣
midwestern	美国中西部的
milestone	里程碑；里程石；里程标
curtail	缩减；剥夺；简略；剥夺特权
amusing	有趣的；引人发笑的
hamper	食篮；阻碍物；食盒；阻碍；使困累；妨碍；牵制
reappear	再出现
lineage	血统；直系；世系
booming	急速发展的；暴涨的；大受欢迎的
motto	箴言；座右铭；警句
damned	可恶的；该死的；非常
fragrant	芬香的；馥郁的；愉快的
banquet	宴会
phenomenal	现象的；能知觉的；异常的；显著的；惊人的
gravy	肉汁；外快
luxurious	豪华的；奢侈的；放纵的
ratify	批准；认可；证实；肯定；确认
irresistible	不可抵抗的；不能压制的；不可抗力
peacefully	平静地
fireman	救火队员；消防队员；司炉
imposing	令人难忘的；壮丽的；威风的
bourgeois	中产阶级分子；商人；资产阶级；中产阶级的；平庸的；九点活字
ballpark	（美）棒球场；活动领域；可变通范围
glamor	魅力；迷人的美；魔法；迷惑
murky	黝暗的；阴沉的；朦胧的
rosemary	迷迭香
sighting	照准；瞄准；视线
upheaval	举起；隆起；大变动；剧变
inadvertently	漫不经心地；疏忽地；非故意地
seasoning	调味品；作料；佐料；锻练；天然时效
sparkling	闪闪发光的；闪烁的；闪烁着才华的
psychologically	心理上；从心理学角度
tuberculosis	肺结核；顿挫性结核
fluorescent	荧光；荧光的
lava	熔岩；火山岩；火山石(一种顺势疗法药)
pineapple	凤梨；菠萝；失业救济金；波萝
mediator	调停者；传递者；基督；间介器；传递器；介质；传递质介体
anthrax	炭疽；炭疽(脾脱疽)
womb	子宫；发源地
tutor	家庭教师；导师；助教；监护人；当...的教师；教；指导；约束；克制；当家庭教师；受家庭教师的指导
depressing	抑压的；沉闷的；阴沉的
chalk	粉笔；白垩；用粉笔写；记录
crossroads	十字路口；交叉路口；聚会的中心地点；(喻)需作抉择的重要关头；紧要关头
enclave	被包围的领土；被包围物
lifting	吊装；提升
displacement	换置；移位；移动；取代；顶替展开法
leftist	左翼的人；左派；左派的
furnace	火炉；熔炉；考验；在炉中烧
pigment	色素；色质；颜料
nuance	细微差别
gadget	小配件；小玩意；诡计
stunt	特技；绝技；花招；噱头；手腕；发育不良；阻碍成长；表演特技
alcoholism	酗酒；酒精中毒；酒中毒
wisely	聪明地；精明地
intuitive	直觉的
eradicate	根除；扑灭；根绝；消灭
underwater	在水中的；在水下
undercut	底切；牛腰部下侧嫩肉；下口；下旋削球；廉价出售；雕出；切除底部
augment	增加；增长；增量；添加
shun	避开；规避；避免
fortress	城堡；要塞；筑要塞；以要塞防守
touching	动人的；令人同情的
caption	说明；字幕；标题；加上标题；加上说明
devastation	毁坏
racer	比赛者；游蛇属黑蛇
safeguard	保卫；保护措施；防护设施；保护
larva	幼虫；幼虫(昆虫)；蚴(蠕虫)
rapper	敲门人；(美)(非正式)控告人；证人；检举人；敲杆
midday	正午；中午；正午的
interdisciplinary	学科间的
barber	理发师
fallout	原子尘的降下；辐射性微尘；原子尘；附带结果；回降
heed	注意；留心
scam	骗局；诡计；故事
malaria	疟疾；瘴气；疟
horrific	令人毛骨悚然的；感到恐惧的
unsafe	不安全的；不安稳的；危险的；不安全
avoidance	避免；避开；逃避；回避；废止；宣告无效
liken	比喻；比拟
scant	不充分的；不足的；减少；吝啬；限制；藐视；忽略
allergic	对...过敏的；极反感的；变应性的
lurch	惨败；倾斜；挫折；举步蹒跚；徘徊；击败
gamble	赌博；冒险；孤注一掷
brisk	强烈的；寒冷而干燥的；活泼的；使活泼；活跃起来
bounty	慷慨；宽大；礼物；奖励金；补贴
cramped	狭窄的；难懂的；难辨的
authoritative	权威性的；官方的；命令式的；当局的；权威的
rocker	摇的人；摇杆
irritation	刺激；烦恼；刺激物；兴奋
ostensibly	可公开；显然；表面；外表；诡称；假装
blindness	盲目；失明；愚昧；盲；视觉缺失
flea	跳蚤；蚤
reaffirm	重申；再确认
coma	昏迷；麻木；彗发；彗差；彗形像差
hymn	赞美诗；圣歌；唱赞美歌
gala	节日；祝贺
jumper	跳跃者；工作服；跳线连接器；跳接器
tolerant	宽容的；容忍的；(对冷、热)能耐的；能耐受的
solemn	严肃的；郑重的；庄严的
rainfall	降雨；降雨量
heave	举；抛；起伏；鼓起；用力举起；使举起；使鼓起；抛出；喘息；凸起
concur	同意；一致；同时发生；并发
cranberry	越橘
disregard	忽视；漠视；不顾
glaze	釉；上光；光滑面；装以玻璃；上釉于；变得光滑；(目光)变呆滞
hound	猎犬；带猎犬狩猎；追捕；激励；使追逐
crib	婴儿小床；食槽；蓄栏；抄袭；拘禁；关入栅栏
dread	恐惧；可怕的人(或事)；可怕的；可怖的；害怕
camper	露营者
livelihood	生计；营生；生活
chemist	化学家；药剂师；化学师；化学工作者；药房
outnumber	数目超过；比...多
paddle	桨；划桨；明轮翼；戏水；涉水；用桨划；划船运送；搅；拌
stringent	迫切的；严厉的；银根紧的；约束的；紧迫的
spaghetti	意大利面条
alphabet	字母；字母表
pentagon	五角形；五边形；五角平台
revealing	暴露的；显露的；揭露的
syllable	音节；分成音节；字节
deprivation	剥夺；剥夺官职；免职；丧失；缺乏
amused	愉快的；被逗乐的
inflammation	怒火；发火；燃烧；发炎；炎
limestone	石灰石；石灰岩
expansive	扩张性的；使扩大的；广阔的；膨胀的；可以膨胀的
punctuate	给文章加标点；加标点符号；强调；加强；(常用被动)不时打断；标点；标点法；标点符号
autism	孤独症；孤独癖；自我中心主义
motherhood	母道；母性；母亲们
inscribe	登记；铭记于；题写；雕刻；书写
sliding	滑行的；变化的；滑动
federally	同盟地；联邦地；联邦政府地
handwriting	笔迹
energize	使活跃；激励；供给...能量
prod	刺针；刺棒；激励话；提醒物；戳；刺；刺激
backer	援助者；支持者；背书人；支持人
pollute	污染；弄脏；玷污
clumsy	笨拙的；不雅观的；粗陋的
Martian	火星人；火星的
singular	单数；异常的；单一的
hypocrisy	伪善；虚伪
outpost	前哨；前哨部队；前哨基地
belongings	财产；所有物；相关事物；附属物
coil	线圈；盘绕；骚动；卷
infer	推论出；推断；作推论
motivational	激发性的；动机说明；引起动机；动机的形成
mourning	哀痛；居丧；举哀；哀悼；丧服；戴孝
bedtime	就寝时间
instinctively	本能地；直觉地
Haitian	海地的；海地人；海地语
scripture	圣经；圣经的一节；圣经的一句；铭文
captive	俘虏；迷恋者；被俘的；被迷住的
conservatism	保守；守旧性；保守主义；保守党的主张和政策；保守党；保守性
overt	明显的；公然的；蓄意的；公开的
textual	文本的；原文的；本文的；文字上的
cartel	卡特尔；企业联合；俘虏交换条约；决斗挑战书；同业联合；联合贩卖
curly	拳曲的；卷毛的；弯曲的
gin	杜松子酒；轧棉机；陷阱；轧棉；用陷阱捕
fundamentalist	基要主义者
unreasonable	不合理的；过度的；不切实际的；不讲道理的；非理智的
germ	细菌；种子；生殖细胞；根源；芽胞；胚；胚芽；病菌
rename	重新命名；再命名；给...改名；重命名；DOS内部命令:更改文件名
hysterical	歇斯底里的；异常兴奋的；癔病的
drugstore	药房；杂货店
affinity	吸引；姻亲关系；类同；亲合力；亲合能；亲合势；近似；类似
fraternity	友爱；互助会；大学生联谊会
richness	富裕；丰富；肥沃
folly	愚蠢；荒唐事；讽刺剧
strangle	勒死；扼死；压制；使窒息；抑制；被扼死；被绞死；窒息而死
unofficial	非正式的；非官方的；非法定的；未入药典的
pup	小狗；幼畜；令人讨厌的年轻人；生小狗
stray	走失的家畜；浪子；迷途的；偶然的；迷路；彷徨；流浪
appetizer	开胃食品；吊胃口的东西；开胃剂
hunch	肉峰；预感；大块；弯腰驼背；预感到；耸肩；向前移动；隆起
chic	漂亮；别致的款式；漂亮的；别致的
lineman	线务员；线路工人；护路工；养路工
elude	逃避；规避；把...难倒
contingent	或许发生的；附随的；偶然发生的；偶然事件；分遣队
sprawl	伸开手足躺；爬行；蔓生；蔓延；懒散地伸开；使蔓生；使不规则地伸展；伸开手足躺卧姿势
advancing	导前；进行的
daring	大胆的
firsthand	直接的；直接得来的；直接采购的；直接地
tanker	坦克手；油船；空中加油飞机；运油飞机；油槽/水槽汽车；槽车；油槽船
overflow	溢值；超值；泛滥；(使)泛滥；(使)溢出；(使)充溢；上溢；溢出
shoreline	海岸线
dreadful	可怕的
twitch	急拉；抽搐；阵痛；攫取；抽动
brigade	旅；队；团体；组
elegance	高雅；典雅；优雅
aesthetics	美学
paramount	首长；最高当局；最重要的；最高的；至上的
sponge	海绵；海绵状的东西；用海绵擦拭；吸收掉；抹掉；采集海绵；海绵般吸收
carton	硬纸盒；纸板箱；卡纸
suffice	足够；有能力；满足
engender	产生；引起；发生；形成
artisan	工匠；技工；熟练技术工；匠人
needless	不需要的；不必要的
inconsistency	不一致；易变；前后矛盾的事物；前后矛盾
limo	柠檬
towering	高耸的；激烈的
burgeoning	急速增长的
dissertation	论文
asparagus	芦笋；天冬；天门冬
powerless	无力的；无权的；无效能的
preferably	更可取地；更好地；更合意地
cracked	破碎的；破裂的；声音嘶哑的；有裂缝的；裂化的
shriek	尖锐的响声；尖叫；发尖声；尖声发出
opaque	不透明物；不透明的；不传热的；不传导的；阴暗的；白底
nausea	反胃；晕船；恶心；厌恶
menace	威胁；胁迫；威吓
cactus	仙人掌；仙人掌属
horseback	马背；在马背上；骑在马上
numb	麻木的；失去知觉的；使麻木；使昏迷；使失去知觉
rewarding	有益的；有报酬的；报答的
hastily	匆忙地；急速地；急躁地
academically	学术上；学业上
socialization	社会化；社会主义化
falter	支吾地说；支吾；蹒跚地走；颤抖；踌躇
fuss	大惊小怪；小题大作；忙乱；无事自扰；焦急；焦燥；使激动；使烦燥
warden	典狱官；渔猎法监督官；看守人；监护人；管理员
amazement	惊愕；惊异
famously	极好地；非常令人满意地
orchid	兰花；淡紫色；兰科植物
pluralism	多数状态；多重性；多元论；兼任
pouch	小袋；小包；眼袋；邮袋；育儿袋；装...入袋中；使成袋状；成袋状
miraculous	奇迹的；不可思议的
crackdown	制裁；镇压；痛击
humiliate	使丢脸；使蒙羞；屈辱
willingly	自动地；欣然地
gravitational	重力的
unnoticed	不被注意的；被忽视的；未被注意的；未被顾及的:不瞩目的
racially	按人种；人种上
cherokee	彻罗基族人（北美印第安人之一族）
tyranny	专制；暴政；苛政；专横
breadth	宽度；违背；违犯；未遵守
vividly	鲜艳；强烈；明亮；鲜明；活泼；有生气；生动；清晰；逼真
heavenly	天上的；神圣的；天国似的
scurry	急赶；急跑；急转；阵雪；阵雨
gangster	流氓；歹徒；暴徒；恶棍；打手
sterile	不毛的；不孕的；无菌的；贫瘠的；无效的；枯燥的；消毒的；不育的
orphanage	孤儿院；孤儿身份；孤儿
multilateral	多边的；多国的；涉及多方的
extinct	熄灭的；灭绝的；耗尽的；消灭了的；过时的；无效的
cupboard	食橱；碗柜；餐具柜
impetus	动力；推动力；动量；冲动；动能；起始(病)
muted	变弱了的；变柔和了的
plump	圆胖的；丰满的；直接下落的；直率的；突然放下；支持；使丰满；使鼓起；扑通落下；投票赞成；变丰满；鼓起；沉重地；突然地；直截了当地
lad	青年；家伙；少年；情人
unilateral	单方面的；单边的；片面的；单侧的；一侧的
gorilla	大猩猩；残暴的男人；歹徒
assimilation	同化；同化作用；吸收
residency	住处；管辖区
asshole	屁眼儿；肛门；令人讨厌的人
cloning	研制兼容产品；克隆
futile	无用的；琐细的；不重要的
cultivation	教化；培养；耕作
salty	有盐分的；咸味浓的；海洋的；辛辣的；有经验的
posit	假设；安置；布置
cutter	裁剪者；切割者；切割器；刀具；剪切机；切刀；切胶机
bowel	肠；内脏；内部；挖...的内脏
reshape	改造；使成新的形状；打开新局面；整形
refinery	精炼厂；精炼厂炼糖厂
conspicuous	显著的；显眼的；出众的
tenor	稳定的进程；思路；要旨；大意；誊本；票据的限期；男高音；男高音的
ordinarily	通常；普通；一般地
emptiness	空虚；无知
platoon	排；一组；一群人
hustle	心碌；挤；推；拥挤喧嚷；催促；乱挤活动；硬逼；强夺；赶紧；硬挤过去
barefoot	赤脚的
invasive	侵入的；侵略性的；攻击性的
upbeat	弱拍；上升；兴旺；上升的；乐观的
ruthless	无情的；残忍的；毫不留情的；彻底的
placebo	(为死者所诵的)晚祷歌；安慰剂；安慰的话；使人宽慰的事；无效剂
outlaw	被剥夺法律保护的人；罪犯；使...失去法律保护；将...逐出社会；宣告非法；取缔
cripple	跛者；残废；使跛；使成残废；削弱；跛的；残废的
ballad	歌谣
braid	辫子；穗带；编成辫；镶边
shady	荫凉的；成荫的；阴暗的；隐蔽的；成问题的；令人怀疑的
footing	站稳；立足点；立场；关系；脚子(糖浆下脚的结晶)
waver	动摇；踌躇；挥动者；摇摆；颤抖；摆动；摇曳；犹豫
salient	显著的；突出的；跳跃的；凸角；突出部分
carcass	尸体；屠体(宰后除脏的畜体)
motorist	开汽车者；驾车旅行的人
screenplay	电影剧本
banish	驱逐；消除；流放
magician	魔术家；幻术家；术士
prophecy	预言；预言能力
broom	扫帚；金雀花；扫除
candid	坦白的；率直的；公正的
trendy	随潮流的；时髦的；赶潮流的
ecstasy	狂喜；心醉神迷；忘形；入迷
unison	调和；和谐；一致；齐唱；齐奏；共同做的；同声的
unthinkable	不能考虑的；不能想像的；想像不到的；不合理的
bestow	授予；使用；贮藏；留宿
assimilate	使同化；吸收；使相拟；把...比作；被吸收；被同化
beet	甜菜(根)；甜菜
bandage	绷带；帘布筒；实心轮胎；紧带
intimidating	恐吓；威胁( intimidate的现在分词)
fairway	航路
gloom	忧郁；暗处；幽暗；变忧沉；变黑暗；使忧郁；使黑暗
misconception	误解
lining	衬里；内层；衬垫；衬套；衬层
hoist	升高；起重机；推动；升起；举起
tangle	缠结；纠结的一团；困惑；纠纷；混乱；使缠结；缠住；乱作一团
rearrange	再排列；重新整理；重新排列
undertaking	事业；企业；保证；承担
flier	飞行者；快船；快车；投机买卖；孤注一掷；传单
hasten	催促；加紧；赶快；急忙
jagged	锯齿状的；锯齿形的
prolong	延长；拖延；拖长；冷凝管
doughnut	油炸圈饼；环状物；圆环图
dysfunction	机能不良；机能障碍
relinquish	放弃；撤回；停止；松开；让与；把...交给
commence	(使)开始；得学位
hesitant	迟疑的；踌躇的；犹豫不定的
flurry	疾风；飓风；慌张；使恐慌；使激动
apprehension	理解；忧惧；逮捕；领会
clog	障碍；脚坠；阻塞
dismal	阴沉的；凄凉的；令人忧郁的；低落的情绪；沼泽
noteworthy	值得注目的；显著的
plume	羽毛；羽毛装饰；羽状的；用羽毛装饰；整理羽毛；使成羽毛状
Emmy	埃米奖(美国电视艺术奖)
sweetness	甜蜜；芳香；美妙
algae	pl. 藻类；海藻；藻类
infantry	步兵；步兵团
unmarried	未婚的；单身的；独身的
sloppy	泥泞的；潮湿的；粗心的
transcribe	抄写；译；意译；录制；改编；转录
predicament	处境；穷境；困局
sinus	窦；静脉窦；凹陷处
garnish	装饰；装饰品
override	推翻；无视；对...有最后发言权；制服；践踏；奔越过；代理佣金；代销佣金
notch	刻痕；等级；峡谷；刻凹痕；用刻痕计算；赢得
attentive	注意的；留心的
perish	毁灭；丧生；凋谢；颓丧；死亡；腐烂；毁坏；使麻木；使丧生；耗尽
tangled	纠缠的；紊乱的；复杂的；缠结的；繁乱的
donkey	驴子；笨蛋；顽固者；辅助发动机；辅助泵
healer	医治者；治疗物；治病者；医生；治病术土；江湖医
dealership	代理权；经销权；商品经销特许权；代理商
blueberry	乌饭树
vicinity	附近；邻近；附近地区；近处
humility	谦逊；谦虚；谦卑
pleasing	令人喜爱的；愉快的；舒适的
televised	由电视播送( televise的过去式和过去分词 )；电视拍摄
caffeine	咖啡因；咖啡碱
locus	轨迹；地点；所在地
anthem	圣歌；赞美诗
vanity	虚荣心；虚无；自负；空虚；时髦的小摆饰
mango	芒果；芒果Mangifera indica
bulky	庞大的；庞大；笨重
limp	跛行；柔软的；无力的；软弱的
motionless	不动的；静止的
tickle	胳肢；痒；使发痒；使快乐；逗乐；觉得痒；使人痒
bony	如骨的；多骨的；瘦骨嶙峋的
scour	擦亮；洗涤；清洗；冲刷成；急速穿过；擦；洗；冲刷；腹泻；急速穿行；洗涤剂
freshwater	江河湖泊的；淡水的
dilute	冲淡；稀释；淡的；稀释的
billionaire	亿万富翁
kite	风筝；筝帆；空头支票；骗子；象风筝一样飞；轻快地移动；使用空头支票；使上升；骗钱
compress	压缩；压紧；受压缩小；压缩程序
waterway	航道；水路；水道；水路航道
jockey	赛马骑师；驾驶员；操作工；骗；瞒；驾驶；移动；当赛马的骑师
skyline	天涯；地平线；空中轮廓线
lunge	刺；刺进；跃进；套马索；突进
mortal	生物；人类；不免一死的；人类的；临终的
ascend	上升；追溯；登高；攀登
ultraviolet	紫外线的；紫外线
twig	小枝；细枝；懂得；了解
downhill	下坡的；下坡；向下
pageant	盛会；游行；虚饰；露天表演
ashore	向岸；在岸上
rectangular	成直角的；矩形的
eldest	最年长的；排行中第一的；最年长者；排行中第一者
rum	朗姆酒；古怪的；奇特的
alligator	短吻鳄；两栖装甲车
overshadow	遮阴；使阴暗；使失色；使相形见绌；使蒙上阴影
persuasion	说服；信念；派别；说服力
unhealthy	不健康的
repeal	废止；撤消；放弃
ensue	跟着发生；继起；追求
intimately	亲切地；亲密地；个人性地
havoc	大破坏；蹂躏；严重破坏
bilingual	双语的
borrower	借用人；剽窃者；借款人
evade	(巧妙地)逃脱；规避；逃避
terrified	受惊吓的；感到恐惧的
chlorine	氯；氯Cl
sulfur	硫；硫磺；用硫磺处理
riches	pl. 财富；财产；富有；财富；财宝；房地产
inference	推论；推理；推断
sane	神智健全的；稳健的；没病的；合理的；精神健全的
robber	强盗；盗贼
monarchy	君主政体；君主国；君主政治；君主制度
deity	神；神性
somber	昏暗的；阴天的；严峻的；忧郁的
engulf	卷入；吸进；吞没；使全神贯注
unsettle	使移动；搅乱；使动摇；使不安宁；动荡不定；离开固定位置
subtly	敏锐地；巧妙地；精细地
containment	抑制；牵制；遏制
magnify	放大；扩大；赞美；夸大；有放大能力
colonist	殖民地居民；移民
admirer	钦佩者；仰慕者；求爱者
ascertain	确定；查明；弄清
misguided	被误导的
sinister	不吉利的；凶恶的；左边的；左的
outburst	爆发；突发；破裂；暴乱
incarnation	典型；特殊阶段；化身；体现
mower	刈草的人；刈草机
auditorium	听众席；礼堂；大讲堂；大会堂
microscopic	显微镜的；用显微镜可见的；微观的；(非正式)极微小的；细微的
poisoning	中毒
caretaker	照顾者；看管者；看守人；看守员；管理员；看管人
juggle	玩戏法；行骗；篡改；耍弄；歪曲；魔术；欺骗
plainly	清楚地；明白地；简单地；朴素地；直率地；坦白地
limousine	轿车
plentiful	许多的；丰富的；丰饶的
guitarist	吉他弹奏者
starvation	饥饿；饿死；绝食；饥锇(指长时期的)
deflect	转移；使偏斜；偏斜
defiance	蔑视；挑战；藐视；违抗
luminous	发光的；明亮的
shear	修剪；剪下的东西；大剪刀；切变；剪切机；切；割；剥夺；横越；削剪；剪；剪羊毛；切断
amplify	增强；放大；扩大；详述；引伸
lofty	高的；傲慢的；崇高的；高级的；玄虚的
foyer	门厅；入门大堂
staggering	蹒跚的；巨大的；惊人的；参差
modernist	现代主义者；现代人；现代主义作家
snowy	多雪的；雪的；被雪所覆盖着的；下雪的
casket	首饰盒；小箱；匣子；棺材
inauguration	(美)总统就职；开幕仪式；就职典礼；开始；开辟；开创；为...举行开幕式；就职；创造
rot	腐烂；腐蚀；败坏；烂；堕落；憔悴；使腐烂；使腐朽；使堕落
horrify	使恐惧；使震惊
fume	臭气；烟；激怒；熏；冒烟
meager	质量差的；贫乏的；不毛的；瘦的
dent	凹痕；使凹下；削弱；塌陷
pollen	花粉；传授花粉给
remotely	极小地；极细微地
rusty	生锈的；腐蚀的；生疏的；顽固的；腐烂的；锈色的
terrestrial	地球上的人；地球的；陆生的；陆地的；人间的
jug	水壶；监牢；模仿夜莺的叫声；放入壶中；炖；关押；模仿夜莺叫
alienation	疏远；离间；转让；精神错乱
perk	昂首；振作；举止高傲；神气活现；滤煮；竖起；打扮；使振作；小费
permeate	弥漫；渗透；充满；影响；感染；透入；散布
defiant	挑衅的；目中无人的
swollen	肿大的；涨水的；夸张的；骄傲的；swell的过去分词
grunt	作呼噜声；咕哝；呼噜声
loophole	枪眼；小窗；换气孔
bash	猛击；打坏；猛撞
acquaint	使认识；介绍
statistic	统计量；统计的；统计学的
afflict	使苦恼；折磨
pollster	民意调查人；民意测验经办人
apiece	就每个而论；各
amass	积聚；堆积
skater	溜冰者
implicitly	含蓄；不言明；暗示；暗指；内含；固有；无疑；绝对；无保留；隐含地
slum	贫民窟；访问贫民区
inefficient	无效率的；无能的；无效的；无效力的
soaring	高飞的；翱翔的；高耸入云的；崇高的；高涨的；飞涨的
cyclist	骑脚踏车的人
sidebar	其他选项；工具条
traverse	越过；横贯；横断物；屏障；否认；反驳；横过；穿过；经过；详细研究；反对；在...来回移动；横越；横断；旋转；来回移动；横亘的；横贯的
protector	保护者；保护物；保护装置；保护质；保护器
thermometer	温度计；体温计
hippie	嬉皮士
disdain	蔑视；鄙弃
prominently	显著地
vigor	精力；活力
comer	来的人；新来者；有成功希望的人
savvy	理解；领悟；理解能力；机智；悟性
oppressive	压制性的；压迫的；沉重的
mow	草堆；皱眉；怪脸；割草；做怪脸
unnatural	不自然的；反常的；不近人情的；违背人道；邪恶的
precursor	先驱者；前导；前兆；前体；前身；产物母体
poignant	辛酸的；尖锐的；剧烈的
vibrate	振动；颤动；激动；摇摆；踌躇；使颤动；使振动；使摆动
swoop	俯冲；攫取；抓取；猛扑；突然袭击
marketer	赶集者；市场商人；在市场买卖的人
minivan	小型货车
cleansing	洗净；清洗法
impart	给予；传授；告知
parachute	降落伞；跳伞
centralized	集中的；中央集权的
trafficking	非法交易
treadmill	踏车；令人厌倦的工作
discontent	不满
coaster	沿海航行者/贸易者；沿海航船；带轮银盘；杯托；(酒瓶)垫子；沿海贸易船
dissident	意见不同的；持不同政见的；意见不同的人；持不同政见者
faintly	微弱地；模糊地；朦胧地
amuse	消遣；娱乐；使发笑
arousal	奋发；激励
hiker	徒步旅行者
mommy	妈咪
speedy	快的；迅速的
underline	在...下面划线；作...的衬里；强调；下划线；图下说明文字；加下划线
eclectic	折衷主义者；选择的；折衷的
intimidation	恐吓；威胁
newfound	新发现的
stained	沾污的；褪色的；着色的；染色的；染污
snag	(尖利的)突出物；(衣服等的)戳破处；断牙；意外障碍；造成阻碍；抓住机会；抢到；清除障碍物
sly	狡猾的；诡密的；俏皮的；偷偷摸摸的
relegate	驱逐；使降低地位；把...归类；把...委托给；流放；判流放刑
prom	(英)音乐会；(美)舞会；散步道；可编程序只读存储器
quantify	定量；用数量表示；测量
conspire	阴谋；协力；共谋；图谋
geologist	地质学家；地质学者
pundit	学者；梵文学者；博学的印度人；权威
bearded	有须的；有胡子的
oust	逐出；罢黜；剥夺；驱逐；免职
shadowy	有影的；暗黑的；朦胧的；虚幻的
abdomen	腹部；腹
entice	诱骗；引诱；怂恿
speculative	思索性的；投机的；推测的；冒险的
interpretive	解释的；翻译的
recurring	循环的；复发的；再发的
uniformed	使成一样；使一律化；使一致
Communion	共享；交流；恳谈；宗教教派
deterrent	制止的；威慑的；遏制的；威慑力量(或因素)；制止物
swelling	肿胀；肿大；隆起部；身上的肿胀处；膨胀；增大；肿大的；突起的
squarely	干脆地；正好；直角地
storyteller	说故事的人；故事作者
timeless	无时间限制的；不受时间影响的；永恒的
pioneering	首创的；先驱的
demolish	毁坏；破坏；粉碎
berth	船岸之间的水区；锚地；卧铺；停泊；使停泊
radiant	发光的；明亮的；辐射的；容光焕发的；放射的；辐射物
orbital	轨道的；眼眶的；轨道
backbone	脊椎；志气；骨干；支柱；主干网；主干网点
nope	不；不是
marrow	髓；骨髓；精华；活力；配偶；髓(尤指骨髓)
furiously	狂暴地；猛烈地
transnational	超越国界的；跨国的；超国家的
greasy	油腻的；含脂肪多的
checkpoint	检查站；检查点
iris	虹膜；鸢尾属植物；虹；虹彩；可变光阑
stitch	一针；疼痛；针法；碎布条；针脚；缝；缝合；装订
supernova	超新星
bonding	结合；屏蔽接地；搭接；压焊
postseason	赛季后
denote	指示；表示
devoid	全无的；缺乏的
immoral	不道德的；邪恶的；放荡的；道德败坏的
assorted	各种各样的；分类的
armchair	扶手椅
NAFTA	abbr. 北美自由贸易协定（North American Free Trade Agreement）
stiffen	使变硬；使僵硬；使顽强；使严厉；变粘；变硬；变强烈
grieve	使悲伤；悲痛；伤心
receptive	能接纳的；接受的；感受的
seminary	神学院；发源地
Populist	民粹派的成员
bathtub	浴缸
darkened	变暗；转黑
harness	马具；挽具状带子；甲胄；给...上挽具；驾驭；披上甲胄；利用...以产生动力
leftover	剩货；残留物；剩饭；残余的
coercion	强迫；威压；高压统治；强制
fatality	不幸；厄运；致命性；死亡者；天命
drizzle	细雨；下毛毛雨
walkway	走道；人行道
dissipate	散失；驱散；浪费；消散；放荡
publicize	宣传
incompetent	无能力的；无资格的；机能不全的；不胜任的；无能力者
chaplain	牧师
subordinate	属下；附属物；下级的；次要的；附属的；使居下位；使服从
visibly	看得见地；明显地；明白地
semifinal	半决赛
pediatrician	儿科医生；儿科专家；儿科医师；儿科学家
uninsured	未保过险的；未保险的；未经保险的
finale	结局；最后乐章；终曲
mahogany	桃花心木；红褐色
bulge	胀；膨胀；凸出；使膨胀
reimbursement	付还；退还；偿付；赔还
ensuing	接著发生的
diocese	主教教区
pessimistic	悲观的；厌世的；悲观主义的
quarry	采石场；方形石；猎物；被追求物；来源；挖出；努力挖掘；费力地找
Dane	丹麦人
savior	救助者；救世主；救星
obscene	淫秽的；猥亵的；讨人厌的；可憎的；海洋的；污秽的
scarcity	缺乏；不足；缺少
cynicism	犬儒主义
combustion	燃烧；骚动
grandma	奶奶；外婆
invader	侵略者；侵入物
ventilation	通风；空气流通；公开讨论；换气
turbulent	狂暴的；骚乱的；紊乱的
holistic	完整的；整体的；机能整体性的
inviting	引人动心的；有魅力的；诱惑人的；动人心的
manure	肥料；粪肥；施肥于
tenet	信条；教义；宗旨；原则
straddle	跨坐；观望；两腿叉开坐
longitudinal	经度的；经线的；纵的
affirmation	肯定；断言；证实；确认
ethnographic	人种志的
luncheon	午宴；午餐会
aggravate	使恶化；使更严重；加重
insanity	疯狂；愚顽；精神错乱；精神病
cornerstone	奠基石；基础
exaggerated	夸大的；夸张的；言过其实的
rustic	乡下人；乡巴佬；乡村的；纯朴的；手工粗糙的
seductive	诱惑的；引人注意的；有魅力的
mantle	斗篷；罩子；披风；罩住；覆盖；脸红
rigor	严格；严厉；苛刻；严酷；严密；精确；寒战；强直；僵硬
gloomy	抑沉的；忧闷的；黑暗的；悲观的
disposable	可任意处理的；可任意处理或处置的；可自由使用的
sling	投石器；抛掷；吊索；吊钩；用投石器投掷；用吊钩吊上；吊起
warhead	弹头
troublesome	麻烦的；令人讨厌的
wreath	花圈；花环；圈状物；花冠；花冠体(细胞核分裂的一时期)
torn	tear的过去分词
annoy	使恼怒；骚扰
amidst	在...当中
managerial	管理的；管理上的；经营上的
geometric	几何学的；几何学上的；几何学图形的
wooded	树木繁茂的
condemnation	非难；宣告有罪；非难的理由
nighttime	夜间
scribble	潦草的写法；潦草写成的东西；拙劣的作品；潦草地书写；乱写；滥写
scorer	记录员；刻痕者
molest	妨碍；干扰；调戏；作弄；恶意干涉
contaminant	污染物；沾染物
umpire	裁判员；仲裁人；对...进行仲裁；当...的裁判；当裁判
imprisonment	监禁；下狱；坐牢；徒刑；拘禁
flop	砰然落下；拍击声；失败；笨重地摔；猛落；笨拙地抛下；噗通
revel	作乐；狂欢；狂欢作乐；陶醉；着迷；耗费
indicative	指示的；象征的；表示...的；指标的
tidy	椅子的背罩；装杂物的容器；整齐的；有条理的；弄整齐；收拾；整理
blackness	黑；黑色；邪恶；黑度
dysfunctional	功能失调的
typewriter	打字机
lagoon	环礁湖；近海岸的浅水区；泻湖；咸水湖
ambivalence	矛盾情绪；矛盾情绪(两种情感互相冲突)
blizzard	大风雪；暴风雪
humorous	富幽默感的；滑稽的；诙谐的
insofar	在...的范围
divisive	区分的；制造分裂的；造成不和的
buyout	全部买下；买下（公司或产业）
unmistakable	不会弄错的；不会被误解的；不会搞错的；明白无误的；清楚明白的
beware	小心；谨防
melon	瓜；甜瓜；红利；赃物；三聚二氰亚胺
smoky	冒烟的；满是烟的；熏脏的；烟灰色的
sensational	使人感动的；非常好的
usefulness	有用；有益；有用性
wrath	愤怒；激怒；愤怒的举动；(自然现象等)严酷
videotape	录相磁带；把电视节目录在录像磁带上
pertinent	相关的；中肯的；切题的；恰当的；有关的
vineyard	葡萄园
condominium	共同统治；财产共有权
nontraditional	不符合传统的；非传统的
unanswered	未答复的；无反应的
shimmering	闪闪发光；发微光( shimmer的现在分词 )
flinch	畏缩；退缩；畏首畏尾；弗林奇戏
pulpit	讲道坛
presumption	专横；放肆；假定；推测；设想
endow	捐赠；捐助；赋予；赠送财产给；分给寡妇一份遗产；授与
downplay	不予重视
anyhow	无论如何；至少
bullshit	胡说
acknowledgment	承认；答谢；认可；谢礼；收到的通知；收到的回音；谢意；肯定；确认认可
racket	球拍；喧闹；杂乱无章；用球拍打
vocation	职业；天命；天职；才能；行业；职业上的才能
waterfront	水边；滨水区；滩；海滨；江边
rounded	圆形的；滚圆的；完整的；圆润的
levee	早朝；大堤；为...筑堤
abandonment	放弃；抛弃；放纵；委付；废弃；放弃(采矿权)
tart	酸的；辛辣的；尖酸的；妖艳打扮；果馅饼；妓女
favored	有利的；受惠的；幸运的
witty	富于机智的；诙谐的
stale	尿；不新鲜的；陈腐的；疲惫的；陈旧的；使变旧；走味；变陈旧；失时效；撒尿
obedience	服从；顺从；忠实；遵从
equitable	公平的；公正的；平衡法的
careless	粗心的；不关心的；无忧无虑的
fret	烦躁；磨损；焦急；网状饰物；烦恼；不满；使烦恼；腐蚀；使磨损；使起波纹
disseminate	散播；传播；宣传；广为传播
fetal	胎儿的；胎的
flatter	奉承；阿谀；使高兴；平面锤
worldview	看；视力；观点；目的
injunction	命令；禁令；劝告；指令
errand	任务；差使；使命
lapse	过失；流逝；失效；犯错；堕落；减退；消失；使失效
rapist	强奸犯
kitten	小猫；淘气姑娘；产仔；卖弄风情
realist	现实主义者；写实主义者；实在论者
hamlet	小村；部落
photon	光子；光量子；光度
frying	油炸；油煎( fry的现在分词 )；皮肤晒黑；煎炸；油发
ballistic	弹道的；射击的；冲击的
improvisation	即兴而作；即席演奏；即席作品
barge	驳船；用船运输；蹒跚；闯入
runaway	逃跑；逃走的人；逃亡；压倒性的优胜；逃亡的；逃走的
envoy	外交使节；特使；使者；代表；使节
coexist	共存
sucker	乳儿；吸管；吸盘
judiciary	司法的；法院的；法官的；司法部；司法系统；法官
chromosome	染色体
traitor	叛逆者；叛国者；叛徒；叛逆；背信者
unconventional	不依惯例的；非传统的；非常规的
markedly	显著地；醒目地；明显地
espouse	支持；赞成；嫁；娶；出嫁；信奉
powdered	弄成粉末的；粉状的
chopper	切物之人；斧头；切肉大刀；切碎机；切...机；断裂剂(热原子化学)；断路器；斩波器；断续器
adherence	依附；固执；坚持；粘合
showdown	摊牌；暴露；紧要关头
traction	曳；牵引；牵引力
sunscreen	(防晒油中的)遮光剂
graveyard	墓地
rodent	咬的；啮齿类的；啮齿动物
scientifically	合乎科学地；学问上；系统地
lame	跛足的；僵痛的；不完全的；金属薄板；不知内情的人；变跛；使成残废；使无用
journalistic	新闻业的；新闻工作者的；报刊特有的；新闻工作的
iceberg	冰山；冷冰冰的人
parrot	鹦鹉；应声虫；学舌；机械地模仿
midtown	商业区与住宅区之间的地区
deserted	被遗弃的；废弃的；无人的；放弃的
faulty	有过失的；有缺点的；不完美的；应受责备的；缺点多的
unification	统一；联合；一致；连结
thump	重打；重击声；撞击；痛打
paralysis	麻痹；停顿；瘫痪
strew	散播；撒满
tempo	速度；节奏；进行速度；(棋的)一着
acquit	无罪释放；表现；使履行；开释；释放；免
wilt	(使)枯萎；(使)衰弱；(使)畏缩；枯萎；衰弱；憔悴
enrichment	丰富；肥沃；富集
botanical	植物学的；植物性药材
divinity	神；神性
flowing	流动的；如流的；平滑的
wane	减少；衰微；败落；亏缺；月亏；变小；衰落；消逝；退潮
unfairly	不正当地；不公平地
forceful	有力的；强烈的；有说服力的
tack	平头钉；大头钉；粗缝针脚；行动方针；食物；以大头针钉住；附加
emblem	象征；徽章；符号；用象征表示
bland	温和的；乏味的；冷漠的；淡的
styling	款式；式样
stakeholder	赌金保管者；赌款保存人；保存保证金的人
hegemony	霸权；领导权；支配权；拥有支配权的政府；盟主权
homage	尊崇；尊敬；效忠
mashed	捣烂的；被捣成糊状的；捣碎的
displaced	位移的；无家可归的；被取代的
thriving	兴旺的；旺盛的；繁荣的
mobilization	动员；调动；活动法；活动化
psychosocial	社会心理的(指社会环境影响下的个人心理变化)
clipping	剪断；剪裁；剪下物；剪报；第一流的；头等的；极好的；快速的；剪取；削波
immensely	无限地；广大地；庞大地
imagined	想( imagine的过去式和过去分词 )；想像；料想；误认为
palpable	可感知的；明显的；触摸得到的；可触知的
mantra	颂歌；咒语(尤指四吠陀经典内作为咒文或祷告唱念的)
whim	一时的兴致；冲动；怪念头；绞盘
spotted	有斑点的；斑纹的；弄污了的
watchdog	看门狗；监察人；监控设备；监视器
pickle	盐卤；腌汁；泡菜；困境；讨厌鬼；腌制；酸洗；葬送(机会等)；泡
stationary	不动的；静止的；不变的；固定的；停留的；定常；定态
continual	持续不断的；继续的；连续的
ridicule	嘲笑；愚弄；笑柄；嘲弄
denim	斜纹粗棉布；牛仔布；劳动布；(非正式)工作服；工装裤
pitching	护坡(石)；铺地石；俯仰；(船的)上下颠簸
rectangle	长方形；矩形
angular	有角的；消瘦的；有尖角的；生硬的；角的；角形的
imperfect	不完美的；不完整的；减弱的；未完成过去时的；未完成体
revert	恢复；复归；回复；还原；使回复原状；使回转；恢复原信仰的人
periphery	外围；边缘地区；圆周；外周；周围
patronage	赞助；恩赐态度；光顾；任免权；保护人的身分；资助
startled	震惊（startle的过去分词）
clinician	临床医师；临证医师
hospitalize	送...进医院治疗；入院
ringing	响亮的；明白的；清脆的；干脆的；振铃
comparatively	比较地；相对地
poisonous	有毒的；恶毒的；讨厌的
statesman	政治家
Marxist	马克思主义的；马克思主义者
stimulating	刺激的；有刺激性的
zest	兴趣；热情；风味；热心；给...调味
appointee	被任命者；被指定的人
invaluable	无价的；价值无法衡量的
infusion	注入；泡制；注入物；浸渍；浸泡
ulcer	溃疡；腐烂物
proactive	〈心理〉前摄的
shampoo	洗头；洗发剂；洗发
translucent	半透明的；透明的
brutally	残忍地；蛮横地
triumphant	得胜的；得意洋洋的
sensual	肉欲的；感觉的；感觉论的
hoof	蹄；(人的)脚；以蹄踢；行走；步行；走；踢；踏
chandelier	枝形吊灯
contaminated	受污染的；弄脏的
halve	二等分；对半分享；把...减半
concentrated	集中的；浓缩的；浓的
unpaid	未付款的；不支薪水的；未付的；未缴纳的
enthusiastically	热心地；狂热地
precarious	不稳定的；不安的；危险的
grassy	草绿色的；象草的；长满草的
mosaic	马赛克；镶嵌细工；镶嵌工艺；马赛克的；镶嵌细工的；拼花的；用镶嵌细工装饰；Mosaic浏览程序
winding	绕；卷；弯曲；线圈；蜿蜒的；卷绕的；弯曲的
rosy	蔷薇色的；玫瑰红色的
downstream	下游地；下游的
shredded	shred的过去式和过去分词
clam	蛤；沉默寡言的人；捞蛤
breathtaking	惊人的；惊险的
passionately	热情地；激昂地
avalanche	雪崩；山崩；大量；崩塌；大量涌至
robotic	自动的；机器人的；像机器人的
squadron	骑兵营；分遣队；小舰队
festive	庆祝的；喜庆的；欢乐的
biker	骑自行车/摩托车的人
ramification	分枝；分叉；枝状物；支脉；支流；衍生物；分支；支状分布
sluggish	偷懒的；懒惰的；迟钝的；萧条的；呆滞的
grope	摸索
venerable	庄严的；值得尊敬的
seventeenth	第十七；十七分之一
microbe	微生物；细菌
repetitive	重复的；反复性的
footnote	脚注
serene	宁静的；沉着的；安详的；晴朗的；晴朗；平静
notation	记号；符号表示法；注释；记数法
sanitation	(环境)卫生；环境卫生的提倡/维持；卫生设备；下水道设施；卫生设施；环境卫生
gust	突然一阵；趣味；爱好
fluffy	毛绒绒的；蓬松的；空洞的；无内容的；不明确的；绒毛状的
stern	尾部；船尾；臀；严厉的；严格的；坚定的；坚决的
incompatible	不相容的；不能并存的；矛盾的；不协调
blurt	冲口说出；脱口说出
vain	无价值的；徒然的；空虚的；自负的；愚蠢的
vigil	警戒；监视；守夜；不眠；警醒
suppression	抑压；镇压；抑制
orthodoxy	正统说法；正教；信奉正教
nonviolent	非暴力的
stressor	紧张性刺激；应激物
neutron	中子
minced	切碎( mince的过去式和过去分词 )；剁碎；绞碎；用绞肉机绞（食物；尤指肉）
stairway	楼梯；阶梯
fir	枞树；杉木；枞木
excavate	挖空；挖出；凿通
intrude	闯入；侵入；强加于
holler	叫喊；发牢骚；抱怨；大声叫喊
hearty	诚恳的；健壮的；热烈的；丰盛的
cerebral	脑的；大脑的；小脑的
cornerback	(美式橄榄球)侧卫
retarded	智力上迟钝的
modernism	现代作风；现代主义；现代思想
crocodile	鳄鱼
cider	苹果汁；苹果酒
fidelity	忠实；诚实；忠诚；保真度；逼真度
symmetry	对称；匀称；对称性；对称现象
earthly	地球的；俗世的；可能的
finalist	决赛选手；决赛队
innate	先天的；天生的；生来的
dearly	深深地；昂贵地
dope	吸毒者；笨蛋；麻醉药物；粘稠物；麻痹；上涂料；预测出；吸毒
parishioner	教民
snail	蜗牛；行动迟缓的人；脑筋迟钝的人；蜗形凸轮；(蜗牛般)缓慢地打发(时间)；缓慢移动
zeal	热心；热衷；热诚
braille	布莱叶点字法(盲人用点字法)；用布莱叶点字法印刷
rejoin	使再结合；再加入；回答；重新聚合；第二次答辩
decipher	译解；解释；密电译文
exemplary	可仿效的；可做模范的；惩戒性的；示范的；惩罚性的；警戒性的
electronically	电子地
osteoporosis	骨质疏松症；骨质疏松
shattered	极度疲劳的；破碎的
deplete	耗尽；使衰竭；排除；减少
martini	马提尼（一种鸡尾酒；等于Martini）
perverse	乖张的；故意作对的；有悖常情的；执迷不悟的；歪曲的；错误的；不正当的；邪恶的；罪恶的:堕落的；不合法的
proficiency	精通；熟练；精练
favorably	顺利地；亲切地；好意地
standoff	冷淡的；有支架的；冷淡；平衡；和局
coronary	冠的；花冠的；冠状的
obsessive	着迷的
rhyme	韵；押韵；韵文；使押韵；用韵诗表达
sincerely	真诚地
analogous	类似的；相似的；类同的
Colombian	哥伦比亚人；哥伦比亚的
legion	军团；军队；众多的人
patriarchal	家长的；族长的；由族长统治的；家长制的；主教的
gait	步法；步态；训练...的步法
gleam	光束；微光；反光；闪烁；隐约地闪现；使发微光；使闪烁
kosher	合犹太人戒律的；清净的；合适的
caravan	旅行队；有篷顶的大车；商队；结队商贩
unresolved	无决断力的；不果断的；无决心的；未解决的；未澄清的；未议决的；未分解的；非分辩的
gambler	赌博者；赌徒；投机商人
sect	宗派；教派
sectarian	宗派的；党派的；偏狭的；宗派成员；闹宗派的人
resurrection	复活；复兴；恢复；掘墓盗尸；修复
brittle	易碎的；脆弱的；易坏的；脆的；脆性的
adept	熟练的；老练的；巧妙的；能手；内行
handicapped	残疾的；有生理缺陷的；残废的
foray	侵略；劫掠；袭击；侵掠；攻击
torque	扭转力；转矩；项圈
outdated	旧式的；落伍的；过时的
fragmented	成碎片的；片断的
coastline	海岸线
thrift	节约；茂盛；海石竹
necessitate	迫使；使成为必需；需要
installment	就职；装设；分期付款
daycare	日托；日间照管儿童
precipitate	沉淀物；凝结物；结果；猛抛；使陷入；促成；使沉淀；猛地落下；突然的；猛地落下的；轻率的
subsistence	生存；生活
subtract	减去；扣掉；减少；做减法；减
nourish	滋养；使健壮；怀有
slug	鼻涕虫；刺蛾；懒汉；弹丸；金属小块；重击；偷懒；动作迟缓
understandably	可懂；可了解；可理解
likeness	相象；相似物；样子
strategically	在战略上；颇策略地
scold	好骂街的人；责骂
hysteria	歇斯底里症；不正常的兴奋；癔病；歇斯底里
upbringing	教养
sixteenth	第十六；十六分之一
intolerance	不宽容；偏狭；不容许相反的言论；不耐
drinker	饮者；酒徒
festivity	节日；喜庆日；欢宴；欢庆
reflex	反射；反射光；映像；反射的；折转的；使折转；使折回
rebuilding	重建
barrage	弹幕；掩护炮火；以密集炮火进攻
inspiring	鼓舞人心的
slowdown	降低速度；减速
conglomerate	聚成球形的；砾岩性的；集成物；混合体；砾岩；(使)凝聚成团
rust	锈；生锈；衰退；使生锈；腐蚀
cheerleader	啦啦队长
insulate	使绝缘；隔离；绝缘
honorary	荣誉的；无报酬的；道义上的；名誉的
disproportionate	不成比例的
consolation	安慰；令人安慰的事物；慰问
dissatisfied	不满的；显出不满的
operative	动作的；运转的；有效的；关键的；手术的；技工；侦探
Englishman	英国人
transmitter	传送者；传达人；(疾病的)传播者；发散机；发送器
bailout	跳伞
curricular	课程的
anthology	选集；诗选
vacancy	空；空白；空缺；空虚；空闲；空位
imprint	印；铭刻；印记；特征；痕迹；版本说明
audition	听；听力；试听；审计命令
receptionist	接待员
addictive	上瘾的
unbearable	无法忍受的；承受不住的
notoriously	臭名昭著的；声名狼藉的
wares	货物；商品
prehistoric	历史以前的；史前的
eloquent	雄辩的；有口才的；有说服力的
nicotine	烟碱；尼古丁
globally	全局地
nongovernmental	非政府的；非政治（上）的；草野；民间
regiment	（军队）团；大量（人或物）；组编成团；组织；严格管制
ascent	上升；提高；攀登；上坡路
apricot	杏子；杏树；杏黄色；杏黄色的
quaint	古雅的；离奇有趣的；奇怪的
seedling	秧苗；树苗；籽苗；幼苗；实生苗
herring	青鱼；鲱
nigger	黑人；社会地位低下的人；深棕色；被歧视者；有黑人血统者
tofu	豆腐
thirsty	口渴的；渴望的；干燥的
anecdotal	轶事的；爱谈奇闻轶事的；多轶事的
tapestry	挂毯；绒绣；用挂毯装饰
skid	刹住；滚滑；打滑；刹车；滑动垫木
smoked	熏制的
hospice	旅客住宿处；收容所
adjective	形容词；形容词的；从属的
brilliance	卓越；光辉；辉度
scarlet	猩红色；绯红色；红衣；绯红色的；鲜红色的
misfortune	不幸；灾祸；坏运气；不幸事故
hostess	女主人；女房东；女老板
abuser	滥用者
inception	起初；获得学位
clad	在金属外包上另一种金属；包层金属的；clothe的过去式和过去分词
reverence	尊敬；敬重；敬礼；尊严；威望；崇敬；敬畏
winery	葡萄酒厂
balk	障碍；错误；失败；阻止；错过；推诿；逡巡不前
monstrous	巨大的；畸形的；怪异的；异形的；畸形的:荒诞的
obese	肥胖的
thoughtfully	沉思地；体贴地；亲切地
lecturer	演讲者；讲师；讲演人；讲课人
profess	声称；以...为业；伪称；讲授；表白；承认；当教授
unintended	不是存心的；无心的；非故意的
jihad	讨伐异教徒；拥护运动
moratorium	延期偿付；暂停；延缓履行；延期偿还期
ore	矿石；矿
headnote	前言；眉注；(写在判决书或报告前面的)提要
sprig	小树枝；无头钉；用小树枝装饰；用钉子钉上；使蔓生
pharmacist	药师；药品商；药商；药剂师；调剂员
monologue	独白；独脚戏；独白场面；(非正式)(贬)滔滔不绝的话
feud	不和；封地；争执；长期不和；擦亮
embryonic	萌芽的；初期的；未成熟；胚胎的
casserole	餐桌上用有盖的焙盘；砂锅菜；勺皿
audible	听得见的；可闻的
beaten	被打败了的；筋疲力竭的；敲平的；踏平的；beat的过去分词
disgrace	耻辱；不名誉；使受耻辱；使失体面
resurgence	再起；复活；再现
squirm	蠕动；辗转不安
fledgling	羽毛初长的雏鸟；刚会飞的幼鸟；无经验的人
brilliantly	辉煌地；光亮地；灿烂地
pantry	餐具室；食品室
anew	重新；再
RBI	abbr. Run Batted In；打点
fuse	保险丝；导火线；熔化；融合
fabricate	制造；建造；装配；伪造
sow	母猪；懒胖女人；播种；散布；使密布
modernize	现代化；使现代化
disapproval	不赞成
tendon	腱
avocado	鳄梨；鳄梨树
GNP	国民生产总值；国民生产毛额
getaway	逃走；起步
plaid	格子花呢披风；格子花呢；格子图案
complexion	肤色；情况；局面；体质；面色；面容
wrench	扳钳；扳手；扭伤；歪曲；痛苦；猛扭；曲解；折磨；猛绞
collateral	并行的；附随的；旁系的；旁系亲属；担保品
stoop	佝偻；屈从；弯腰；弯下；堕落；使屈从；使弯曲
unused	不用的；不在使用的；从未用过的
ecstatic	狂喜的人；狂喜的
waive	不坚持要求；放弃；推迟考虑；丢弃；放弃权利；免除；弃权人
paramedic	伞兵军医；伞降急救人员
thaw	融解；融化；解冻时期；使融解；使缓和；解冻
disintegrate	(使)分解；(使)碎裂；分解；分裂；蜕变
hardy	难的；艰苦的；坚硬的；勇敢的；努力地；辛苦地；坚硬地
obliterate	擦去；冲刷(掉)；消灭；忘掉；盖销(邮票等)；灭迹；涂抹
infiltrate	使浸润；使潜入；使渗入；渗入；渗透物
decency	得体；礼貌；正派；正当；合乎礼仪
brandy	白兰地酒；白兰地
notwithstanding	虽然；尽管
enlightened	有知识的；进步的；文明的
extravagant	奢侈的；挥霍无度的；浪费的
testosterone	睾丸激素；睾酮
Belgian	比利时人；比利时的
chatter	饶舌；啁啾；喋喋不休；喋喋不休地谈；(鸟)啭鸣
cub	幼兽；年轻人
predictive	预言性的；成为前兆的
interrogate	质问；讯问；审问
grieving	感到悲痛；伤心( grieve的现在分词 )；使…伤心
inflammatory	激动的；煽动的；炎症性的；炎的；炎性的
visitation	访问；探望；视察
hypertension	高血压；过度紧张；血压过高；张力过强；压力过高
conceivable	想得到的；可想象的；可理解的
zucchini	绿皮密生西葫芦
entrust	信托；交托；委托
taut	拉紧的；整洁的；紧张的
exploratory	探究；探查；探察(伤处)；探险；探测；勘探；考察；钻研；探索；探察的
incremental	增加的；增值的；增长的；增量的
cutback	情节倒叙；减少；短截植物
remedial	治疗的；补救的；矫正的
detach	使分离；分遣；摘下；分离；卸下
biopsy	活组织检查
brew	酿造酒；酝酿；酿造
sacrament	圣礼；圣事；誓言；使立誓；使宣誓
gymnastics	体操；体育
reorganization	改组；再编制；改造；再机化；组织再生
clientele	诉讼委托人；客户；委托人；受保护者；门徒
endowment	捐助；天赋；才能；捐赠；捐款；养老金
biomass	生物量；生物质
zipper	拉链
adrenaline	肾上腺素
mediocre	不好不坏的；通常；平凡的
heartland	心脏地区；中心地带
sparse	稀疏的；稀稀落落的；稀薄的
narrate	说故事；说明；叙述
snore	鼾声；打鼾；打鼾度过
beacon	烽火；灯塔；照亮
speck	斑点；有斑点的东西；污点；缺点；微粒；肥肉；使有斑点
tattered	破烂的；褴褛的
cellphone	蜂窝式便携无线电话；大哥大
rendition	译文；施舍；表演；生产量
saloon	大厅；沙龙；酒吧；会客室
pleasantly	和蔼地；亲切地；友好地；愉快地
preseason	活跃季节前的；旺季前的
unanimously	全体一致；无异议；一致同意
curfew	晚钟；打晚钟时刻；宵禁；宵禁令
gritty	有砂砾的；坚韧不拔的
glisten	闪亮；辉耀；闪光；闪耀
courtship	求爱；求婚；求爱时期
victimization	牺牲；欺骗
rift	裂口；空隙；裂开；使分开；使割开
melting	熔化的；温柔的；令人感动的；甜美的；熔化
takeoff	起飞
gracefully	优雅地；温文地
admirable	可钦佩的；极好的；令人惊奇的
remorse	懊悔；良心不安；自责；同情；悔恨
shortfall	不足；不足量；缺少；亏舱运费
Buddhism	佛教
cubicle	小卧室；小隔间(宿舍或病室中的)
progressively	进步；先进；向前进；不断前进；累进；渐进；逐渐；渐次；主张进步；进行性
principally	主要地；大部分
beforehand	预先
undecided	未定的；不明确的
margarine	人造黄油；人造奶油；代奶油
lookout	注意；前途；了望台；景色；看守；守望
objectivity	客观；客观现实；客观性
affidavit	宣誓书；书面陈述；宣誓；声明
folded	折叠；交叉合拢；失败垮台；把牲畜关在栏中（fold的过去分词）
satire	讽刺文学；讽刺
dues	税；应付款；该缴之款；会费；捐费；手续费
cot	行军床；小屋；(家畜等的)棚；(家畜等的)栏；指套；小床
makeover	化妆美容；大转变
batting	击球；球棒的使用；棉絮；棉胎
behold	看到；注视；看
pew	教堂长椅；会众；座位；为(教堂)安装座位；把...围在一起
Ethiopian	埃塞俄比亚的；埃塞俄比亚人
wring	扭绞；拧；挤；绞；扭；勒索；折磨；使痛苦；蠕动；扭动；感到痛苦
tedious	沉闷的；冗长乏味的
nostalgic	乡愁的；怀旧的；怀乡病的
turbulence	混乱；动荡；骚乱；紊流；湍流
differentiation	区别；分化；变异；鉴别；微分法
dignified	有尊严的；高尚的
parody	打油诗文；诙谐的模仿诗文；拙劣的模仿；拙劣模仿；作模仿诗文
caste	印度的种姓制度；(排他的)社会团体
relentlessly	不仁慈；严酷；无情；坚韧；不懈；不屈不挠
neutralize	使中立；使成中立地带；使中和；抵销；中立化；变无效；中和
proportional	比例的；相称的；比例项
Austrian	奥地利人；奥地利的；奥地利人的
fleeting	疾驰的；短暂的；飞逝的
pedestal	支柱；基架；基座；基础；加座；搁在台上；支持；提高...的地位
biographer	传记作者
abdominal	腹部的；有腹鳍的；腹的
diarrhea	腹泻
delineate	描绘...的轮廓；描绘；描写
spew	呕吐；喷涌；呕出；喷；呕吐物；喷涌物
omission	省略；遗漏；疏忽
annoyance	烦恼；打扰；可厌之事；使人烦恼的事物；麻烦事；讨厌物
paranoia	偏执狂；多疑症；妄想狂
Kuwaiti	科威特的；科威特人的；科威特人
emeritus	名誉退休的；退休后保留头衔的
reptile	爬行动物；爬虫；卑鄙的人；爬行的；爬虫类的；卑鄙的
foreclosure	取消抵押品赎回权；取消抵押品赎回权的法律手续
insecure	不安全的；不牢靠的；不坚固的；不稳定的
majestic	宏伟的；庄严的
confound	使混淆；使狼狈；挫败
mathematician	数学家
surreal	超现实主义的；离奇的；不真实的
cleanse	使清洁；净化；使纯净；纯化；精炼
lotion	洗液；洗剂
identifiable	可辨认的；可证明为同一的；可以办清的
cadre	框架；干部
commend	嘉奖；委托给；推荐
encircle	环绕；围绕；包围
confiscate	没收；把...充公；查抄；被没收的
dynasty	朝代；王朝
burglary	夜盗行为；盗窃；盗窃行为；夜间入屋窃盗罪；窃盗
coroner	验尸官；检验员
generously	宽大地；慷慨地；丰盛地
paradoxically	反论；荒谬；自相矛盾；似非而可能是
boldly	大胆地；显眼地
preferable	更可取的；更好的；更合意的
amnesty	大赦；赦免
rediscover	重新发现
disgusted	厌恶的；厌烦的
forcefully	激烈地；强有力地；有说服力地
rink	溜冰场；室内溜冰场；溜冰
rafter	椽；筏夫；装椽于
resurrect	复活；使复活；复兴；恢复；盗掘
individualism	个人主义；个人特征
neuron	神经原；轴索；神经细胞；神经元
deli	熟食店；熟食品（等于delicatessen）
backfire	逆火；回火；放火；放逆火；预先放火；发生意外
resilience	弹回；有弹力；恢复力；回弹；弹性；弹回性；回能；弹能
downright	明白的；率直的；十足的；全然；彻底；完全
buttocks	臀部
delicately	优美地；微妙地；精致地
menopause	绝经期；绝经
yugoslav	南斯拉夫的；南斯拉夫人的
halftime	中场休息
derail	使出轨；脱轨器；转移指令
bewildered	困惑的；晕眩的；混乱的；不知所措的；使困惑
individuality	个性；个人；特征
revitalize	使恢复生气；使复活；使复兴
reassurance	安心；放心；再保证
downsize	以较小尺寸设计；缩小尺寸；裁减人数
impediment	妨碍；障碍；阻止；口吃；对履行义务的阻碍
captivity	囚禁；被关；被俘；俘虏
steward	管理人；招待员；管家；乘务员；轮船；飞机的服务员；(财务)管理员
watery	水的；湿的；平淡的；稀薄的；水淋淋的
electromagnetic	电磁的；由电磁石产生的
kayak	爱斯基摩人划子
tentatively	试验性地；暂时地；权；聊且
awkwardly	笨拙地；无技巧地
storefront	店面
sparkle	闪耀；火花；活力；发泡；冒火花；使闪耀
defeated	击败( defeat的过去式和过去分词 )；战胜；挫败；使困惑
bipolar	有两极的；双极的；双极性
manageable	易办的；易管理的；易控制的
guise	相似；外观；伪装；穿戴
electrode	电极；焊条；电焊条
remake	再作；再制；重作；改作；重制物
ornate	装饰的；华丽的
edible	食品；食物；可食用的
colonization	移生；移地发育；集中护理(精神病人)
disciplined	遵守纪律的；受过训练的
eggplant	茄子
booklet	小册子
thunderstorm	雷暴雨
patriot	爱国者；爱国主义者
stronghold	要塞；堡垒；大本营
thrilling	毛骨悚然的；令人兴奋的；令人发抖的
schoolteacher	教师
skyscraper	摩天楼；三角形天帆
anxiously	忧虑地；不安地
pronouncement	声明；公告；宣言；宣告；发表；意见；决定；宣判；宣布
expend	花费；消耗；用光
inexperienced	无经验的；不熟练的
airy	空气的；空中的；通风的；幻想的；轻快的
outpatient	门诊病人
resilient	弹回的；有弹力的；回弹的；回能的
erratic	古怪的人；漂泊无定的人；不稳定的；奇怪的
redesign	重新设计
refinement	精致；高尚；精巧；精制；精练
chute	瀑布；斜槽；滑槽；滑运道
reciprocal	互惠的；相互的；相等的；倒数的；彼此相反的；倒数；互相起作用的事物
neurological	神经病学上的
hilarious	喜不自禁的；欢闹的；引人发笑的
dispel	驱散；驱逐
syringe	注射器；洗涤器；注射；洗涤
taunt	辱骂；嘲弄；奚落；很高的
stylistic	格式上的；体裁上的
yawn	哈欠；打哈欠；裂开；打着哈欠说
envelop	包封；遮盖；包围；信封
handshake	握手
theorize	建立理论；讲理论；推理
kindly	和蔼的；温和的；爽快的；温和地；亲切地
revere	崇敬；敬畏；尊敬
renounce	拒绝；放弃；否认；垫牌；声明放弃权利
Mormon	摩门教徒
distrust	不信任
emigrate	(使)移居；(使)移民
swath	刈幅；刈下的一行草；刈下的一行麦；行；一条；条；一行
bribe	贿赂；收买；行贿
wiggle	扭动着行进；摆动；扭动
overstate	夸大的叙述；夸张；过分强调；多计；高估
breeder	饲养员；养育员；起因；起源者
cringe	畏缩；奉承；抖缩；阿谀
disapprove	不赞成
whichever	无论那一个；任何一个
lore	知识；眼光
choral	合唱队的
gag	箝口物；箝制言论；讨论终结；阻塞；压制言论自由；使窒息；使呕吐；插科打浑；欺骗；窒息；作呕
simplistic	过分简单化的
czar	沙皇
emphatically	强调地；着重地
proclamation	宣言；公布；布告；公告；宣告；宣布
climax	高潮；极点；层进法；(使)达到顶点；(使)达到高潮
improbable	不大可能的；不象发生的；荒谬可笑的；未必会的；不大可能发生的；未必确实的
roadway	车道；道路；轨道；路面；快车道
wrapper	包装者；包裹者；包装物；覆盖物；外包烟叶；包纸；书的封皮；妇女晨衣；包裹料
ukrainian	乌克兰的；乌克兰人的
closeness	密闭；紧密
victimize	使牺牲；使受害；使作牺牲；欺骗
unearth	发掘；掘出；从洞中赶出；揭露；发现
ambivalent	矛盾的；模棱两可的；矛盾情绪的
caliber	口径；才干；水准；管径
subgroup	小群；隶属的小组织；子群；族；族周期表；副族(指周期表中B族)；亚群(生物分类)；族(数)
confinement	限制；被禁闭；分娩；生产
hearth	炉床；灶台；炉边；锻造炉；敞炉；炉缸；火床；炉膛
humid	潮湿的；湿润的；多湿气的
obstruct	阻隔；妨碍；阻塞；遮没；设障碍
shortstop	游击手；停显液
trudge	沉重的步伐；长途跋涉；步履艰难地走；蹒跚地走；跋涉
glean	拾落穗；收集
generalize	一般化；概括；推广；形成概念；笼统讲
smuggler	走私者；走私船
bungalow	平房
suggestive	提示性的；影射的；暗示的
faucet	龙头；开关；旋塞
worldly	世间的；世俗的；世上的
stash	藏起来；隐藏处；隐藏物
humiliating	丢脸的；耻辱的；羞愧的
centimeter	厘米
shard	陶瓷碎片；鞘翅；薄硬壳
fillet	头带；带子；用带缚
dialect	方言；同源语
pretest	预测；进行预测
varsity	大学运动代表队；大学
arid	干燥的；不毛的
kettle	茶壶；罐；釜体釜；锅
biased	有偏见的；边缘的
recruiter	招聘人员；征兵人员
unreliable	不可靠的；靠不住的
dwindle	减少；缩小；衰落；使缩小
transient	瞬；短期居留者；过境鸟；瞬变现象；短暂的；易变的；瞬变的；路过的；瞬变过程；过渡过程；过渡的；瞬时峰值电压
rejoice	使欢喜；欣喜；高兴；庆祝
doorstep	门阶
attributable	可归于...的
patriarch	创办人；家长；元老；教长；(天主教)教皇；族长；创始人
substitution	代替；替换；代替物；置换
unspoken	unspeak的过去分词
anthropological	人类学的；人类学上的
welcoming	欢迎( welcome的现在分词 )；迎接；乐于接受；希望有
unequal	不相等的；不规则的；不能胜任的；不平均的；不等的
mare	母马；母驴；月球表面阴暗部；海
gal	伽(重力加速度单位；等于1厘米/秒；2)
tutoring	当家庭教师( tutor的现在分词 )；任大学导师；任课
misdemeanor	行为不检；品行不良；轻罪；不端行为
loot	赃物；洗劫；抢夺
inconvenience	不便；困难；使感不便；使感困难
sleeper	睡眠者；枕木；卧铺；懒人；死人
caricature	讽刺画；漫画；漫画手法；画成漫画讽刺
legalize	法律上认为正当；使合法化；法律上认可；使符法律
Peruvian	秘鲁的；秘鲁人的；秘鲁文化的；秘鲁人
foothill	山麓小丘
propulsion	推进；推进力；前冲；慌张步态
evergreen	常绿树；常绿植物；常绿的
attire	服装；盛装；使穿衣；打扮
backcountry	偏僻地区；边远地区；穷乡僻壤；偏僻地区的
outfielder	外野手
recurrence	再现；再发生；反复；循环；复发；再发
saucer	茶碟；茶托；碟
synonymous	同义词的；同义的
macho	结节型皮肤利什曼病
strained	紧张的；滤过的；矫饰的；牵强附会的；勉强的
picket	桩；尖桩；警戒哨；巡逻艇；纠察队；围住；警戒；派...担任纠察；担任纠察
clothe	给...穿衣；盖上；赋予
combatant	争斗者；格斗者；战斗者；参战者
colonialism	殖民主义
derivative	引出的；派生的；引出之物；派生物；衍生字
adoptive	有收养关系的；采用的；收养的
twirl	(使)快速转动；捻弄；转动；万能钥匙；旋转的东西
nominal	名义上的；名字的；有名无实的；稍许的；名词性词
recapture	取回；夺回；再捕获；重温
frontal	前面的；正面的；额的；额骨；祭坛(前面的)帏帘；(建筑物的)正面
splendor	光辉；壮丽；显赫
blatant	喧嚣的；吵闹的；俗丽的；炫耀的
viability	生存能力；发育能力；活力；生机
overboard	自船上落下；在船外
cohesion	结合；黏聚；内聚；内聚性
funnel	漏斗；漏斗状的东西；烟囱
abstinence	节制；禁欲；戒酒；禁戒(如禁酒；节欲)
distorted	歪曲的；受到曲解的
pictorial	绘画的；插图的；用图画表示的；形象化的；有象形文字特征的；画报；画刊；有图邮票；插图杂志；插图报纸
fanatic	狂热者；盲信；狂热的；盲信的
airway	空中航线；风道；导气管
hopelessly	绝望地；无可奈何地
ancestry	祖先；世系；名门出身
upstate	偏僻的；州的北部的；州的北部；在州的北部
remembrance	回想；记忆；纪念品；记忆力；问候；致意
detachment	分离；分遣；分遣队；脱离；支队
repercussion	弹回；反响；反射；消退；消肿；浮动诊胎法
frivolous	轻佻的；妄动的；琐碎的；轻薄的；轻浮的；无意义的
exceedingly	极端地；极度地；非常
accelerated	加快的；加速的
familial	家族的；家庭的；全家的
decoy	圈套；诱骗
baton	指挥棒；接力棒；警棍
vial	小瓶；装入小瓶
wrinkled	具皱的；有皱纹的
thirst	口渴；渴望
admiral	舰队司令；海军上将；旗舰
flashy	闪光的；一瞬间的；浮华的
dweller	居民
tame	驯服的；柔顺的；被开垦的；顺从的；乏味的；平淡的；驯养；驯服；制服；失去锋芒；变得驯服
mindful	深切注意的；留神的；留心的
nonfiction	(非小说的)写实文学
bison	野牛
mussels	淡菜；贻贝（mussel的复数）；双壳类
relive	再生；复活；再体验
deport	举止；驱逐出境；放逐；驱逐；递解
debacle	崩溃；大失败
detrimental	有害的
amen	阿门
genus	种；类；属(分类)
blare	巨响；吼叫声；光泽；高声鸣叫；大叫；大声喊出
oversized	过大的；极大的
gobble	火鸡叫声；狼吞虎咽；贪食；咯咯叫
attainment	达到
jolt	震摇；摇动；颠簸；颠簸而行；使颠簸；使慌张；猛击
ardent	热心的；激动的；燃烧般的；灼热的
naturalist	自然主义者
centennial	百年纪念；一百年的
unprepared	无准备的；即席的；不期而遇的
appalling	骇人的；令人震惊的
righteous	公正的；正义的；正直的；正当的
subpoena	传票；传审；传唤
provisional	暂时的；暂定的；临时的
mend	改进；修补；好转；修改；加快；修理；改善
cheerfully	高高兴兴地
metaphysical	形而上学的；纯粹哲学的；抽象的
teller	叙述者；讲故事者；出纳员
internalize	使内在化
demolition	破坏；毁坏；撤销；拆毁(除；破坏)
tweak	拧；扭；焦急；开足马力
spiritually	在精神上地
leafy	叶茂盛的；多叶的；叶状的
devout	虔诚的；虔敬的；诚恳的
proprietor	所有者；所有人；资本主；业主
boiler	煮器；汽锅；锅炉
fielder	外场员；守队队员
reorganize	改组；再编制；改造
grimace	鬼脸；怪相；扮鬼脸；作怪相
unjust	不公平的；不公正的人；不公正的；不合理的
exporter	出口商；输出者；出口公司
narration	叙述；故事；叙述文；陈诉；原告陈述者事实
powerfully	强有力；强大；效力大；有权威；权力大；有影响；很多；相当；非常
baggy	袋状的；松垂的
rearview	mirror(车辆上的)后视镜
ailing	生病的；患病的；病痛的
strife	争吵；竞争；冲突
exaggeration	夸张；夸大的事物；夸大之词
Jordanian	约旦的；约旦人
accentuate	以重音念；强调；重读
primer	入门书；初级读本；雷管；导火线；底漆；引物
leash	(拴狗颈的)皮带；以皮带束缚；束缚
gutter	排水沟；槽；贫民区；开沟于；流；装订线
auditory	听觉的；听觉器官的；听的
propensity	倾向；爱好；习性
ponytail	马尾辫
adventurous	喜欢冒险的；有进取心的；危险的
bottled	瓶装的
reinstate	使复原；使恢复；使复立
Islamist	伊斯兰教主义者；回教教徒
delusion	迷惑；欺瞒；错觉；妄想
breathless	喘不过气来的；屏气的；气喘吁吁的；无风的；死的
privatize	私有化
plutonium	钚；钚Pu
synthesize	综合；合成
solidify	(使)凝固；(使)团结；巩固
ascribe	归因于；归咎于
stabilization	安定；稳定；平抑；安定化；稳定化
trafficker	商人；贩子；贩卖者；买卖者
uncanny	怪诞的；可怕的；离奇的；神秘的
aspiring	有抱负的；有志气的
pane	窗玻璃；方框；方格；窗格；嵌窗玻璃于
feeder	饲养者；供给者；奶瓶；给料器
dampen	弄湿；使沮丧；变湿；丧气
rouse	觉醒；奋起；干杯；唤醒；鼓舞；激动；使振奋；惊起；醒来
childbirth	分娩；生产
smother	使喘不过气；使窒息；闷熄；忍住；抑制；覆盖；窒息；被抑制；浓烟；窒息状态；杂乱无章
eject	逐放；放逐；喷射；排出
backstage	在后台；向后台
flatly	枯燥无味地；完全地；直截了当地；毅然地；断然地
sincerity	诚实；真实；诚心诚意
marshal	元帅；陆空军高级将官；典礼官；执法官；整理；引领；统率；排列；各就各位
forgiving	宽大的；容许有错误的
trainee	实习生；新兵；受培训者；学徒工；培训人员
undesirable	不受欢迎的；不合乎社会道德标准的；不受欢迎的人；不良份子；不法份子
horde	(一)群；游牧部落；移动群；成群结队
hideous	丑恶的；可憎的；令人沮丧的
infancy	幼年；初期；幼儿期；婴儿期(一足岁以内)
mute	哑子；哑音字母；弱音器；哑的；无声的；沉默的；减弱...的声音；排泄
craftsman	工匠；技工；手艺人
alternately	交替地；间隔地
escalating	（使）逐步升级( escalate的现在分词 )；（使）逐步扩大；（使）更高；（使）更大
intersect	贯穿；横穿；交错；相交
eyeball	眼球
professionalism	职业特性；专业技巧；职业行为；职业作风；(褒)专业人员的特质；职业化
watermelon	西瓜
oatmeal	燕麦片；燕麦粥
treacherous	不可信任的；危险的；背叛的；不可靠的；奸诈的；背信弃义的
dormitory	宿舍
quirky	诡诈的；突兀的；古怪的；离奇的；颇为曲折的
outstretched	伸开的；扩张的；延伸的
stairwell	楼梯井
hassle	激烈而持久的争论；争论；与...争辩；使烦恼
moderation	缓和；适度；温和；慢化
stricken	受打击的；负了伤的；衰老的；受灾的；strike的过去分词
stipulate	规定；保证
adultery	通奸
remarry	(使)再婚
foreman	领班；工头；陪审长
intrusive	打扰的；插入的；闯入的；侵入的；干涉的
confidently	自信地；安心地
metabolic	变化的；变形的；新陈代谢的；代谢的
memorandum	备忘录；外交备忘录；交易备忘录；便笺；便函
dwindling	逐渐减少的；逐渐变少或变小( dwindle的现在分词 )
infinitely	无限地；无数地；庞大地
methodological	方法的
embodiment	具体化；化身
overdue	过期的；未兑的；迟到的；早就成熟的；过期未付的
mover	移动的人；原动力；鼓动者
fragmentation	分裂；破碎；在IP层将打包文件切成适当大小的程序
cameraman	照相师；摄影师
cognition	认识；认识力；认识的结果；识别
sweatshirt	园领长袖运动衫
prolific	有生殖力的；多产的；丰富的；多育的；繁殖的
gladly	高兴地；乐意地；欢喜地
mythical	神话的；存在于神话中的；神话式的；不真实的；虚构的；幻想出来的
leukemia	白血病；白血球过多症
marginalize	使处于社会边缘；使脱离社会发展进程；忽视；排斥
mulch	覆盖物；护根；根篱；铺护盖物；做护根
upwards	以上；向上
unnamed	未命名的；没有名字的；未提及的；无名的
syndicated	成为企业组合的
powerhouse	发电所；动力室；精力旺盛的人；办事效率高的机构
defective	有缺陷的；欠缺的；有缺陷的人；不完全变化词
shabby	衣衫褴褛的；低劣的；破旧的；吝啬的；卑鄙的
censor	检查员；检查；审查；删改
schoolchild	学童
construe	解释；分析；对...逐字直译；作句法分析；直译
overhaul	分解检查；翻修；精细检查；彻底革新；大检修
conducive	有益于...的；有助于...的；助长的
conceptualize	使概念化；概念表达
trough	槽；水槽；饲料槽；料槽
warmly	亲切地；温暖地；热心地
ludicrous	可笑的；滑稽的；荒唐的
trappings	马饰；服饰；礼服；装饰品；外部标志
tenderness	柔软；亲切；柔和；敏感；易触痛；触痛
beige	淡棕色的；薄斜纹呢；米色
throng	群；人群；群集；众多；拥挤的；蜂拥；在...群集；使拥塞
scoff	嘲笑；愚弄；笑柄；食品；嘲弄；贪吃；狼吞虎咽地吃
veggie	素食者
generalized	广义的；普遍的；无显著特点的
sanity	神智健全；头脑清楚；通情达理；精神健全
pitfall	陷阱；诱惑；阴谋；易犯的错误；意想不到的困难
articulation	关节；接合；连贯；发音；表达；清晰度
revolutionize	向...鼓吹革命；使发生革命性剧变
mammoth	猛犸；庞然大物；猛犸似的；巨大的
fervor	热情；热心；炽热
dagger	匕首；用剑刺
hem	边缘；折边；哼声；缝边；包围；关闭；做折边；发哼声；哼
revolver	左轮手枪；旋转炉
abduction	诱拐；绑架；外展；展
determinant	决定物；决定因素；决定性的；判定
chiefly	主要地
shrewd	精明的；锐利的；剧烈的；机灵的；厉害的
predatory	掠夺成性的；捕食生物的；掠夺的；捕食的
subtlety	微妙；精明
cavern	巨穴；洞窟；深处；放于山洞中；挖空
involuntary	自然而然的；无意识的；不知不觉的；偶然的；不随意的
thicket	丛林；草丛
Nigerian	尼日利亚人
idealism	唯心主义；观念论；唯心论；理想主义
prowess	英勇；勇敢；超凡技术
booze	豪饮；酒；酒宴
magistrate	长官；法官；推事；司法行政官；治安法官；地方法官
burglar	窃贼；夜盗；盗窃者
diffusion	散播；传播；蔓延；扩散；弥散；漫射(光)
campfire	营火；营火会
specificity	特异性；专一性；特殊性；特性；特征
clerical	牧师；文书的；事务上的；抄写员的；牧师的
overlapping	重叠；覆盖；重迭
ooze	渗流；分泌物；渗出；泄漏
hamstring	后腿腱；切断腿腱使成跛腿；使瘫痪
spearhead	矛尖；先锋队；先头部队；做先锋；带头
argentine	银；银白色金属；银白色鱼鳞；阿根廷人；银的；银色的；阿根廷的
taiwanese	台湾人的；台湾的
shallot	葱
steaming	通入蒸汽
goggle	眼睛瞪视；护目镜；突出的；瞪眼的；瞪眼看；眼珠转动；使瞪眼；使眼珠转动
bristle	刚毛；猪鬃；直立；发怒；充满；使直立
enlightenment	启迪；教化
sweetie	情人；爱人；甜食
locality	地方；所在；位置；场所；地区
truce	停战；休战；休止；以休战结束
dugout	防空壕；独木舟
astonished	吃惊的
mistakenly	错误地；被误解地
preschooler	学龄前儿童
multiculturalism	多元文化
padded	有装填垫料的；脚底有厚肉的
shortcut	捷径；最短路线；快捷方式
antisocial	不爱社交的；反社会的；有害于公众利益的；不喜社交的
underside	下面；下侧；底面
baron	男爵；贵族；大王
beak	鸟嘴；喙；嘴
tenuous	稀薄的；微细的；纤细的；脆弱的；细薄的
simulated	模仿的；模拟的
misty	有雾的；模糊的；笼罩着雾的
hanger	挂钩；吊架；衣架；挂衣钩；(挂在店内的)广告牌
scowl	愁容；阴沉脸色；皱眉；绷着脸；怒视
pedagogical	教师的；教学法的；适宜于教师的
strikingly	显著地；惊人地；引人注目地
refute	反驳；驳斥；驳倒
spontaneously	自发；一时冲动；出自自然；不依赖人工；自然产生；本能；自动；自然而优雅
reassuring	安心的；可靠的；鼓励的
meticulous	一丝不苟的；精确的；过细的
eminent	显赫的；杰出的；有名的
knowingly	会意地；心照不宣地；故意地；有意地；老练地
vaccination	接种疫苗；种痘；接种
housekeeper	主妇；女管家
garner	谷仓；积蓄；储存；贮藏
shingle	墙面板；小招牌
sinner	罪人；不知礼仪的人；无赖
decorated	装饰的；修饰的
collage	拼贴画
sympathize	同情；怜悯；同意；体谅
neglected	被忽视的；未被好好照管的
militarily	在军事上
biotech	生物技术
richly	富裕地；丰富地；充分地
imperialism	帝国主义；帝制
backseat	后座；次要位置
stillness	静止；沉静
canister	罐；筒；霰弹；滤毒罐
fraudulent	欺诈的；不正的；不诚实的；欺骗的；骗取的
onslaught	突击；猛击；猛攻
relational	有关系的；有联系的；亲属的；有亲属关系的；相关的；关系的
realistically	写实地；逼真地；现实地
pastime	消遣；娱乐；游戏
budge	微微移动；推动；羔羊皮
submerge	使浸水；使陷入；淹没；潜入水中
usable	可用的；方便使用的；能用的
antioxidant	抗氧化剂；防老化剂；抗氧剂；防老剂
homecoming	归国；省亲回家；同学会
peacekeeper	(交战国间的)停火执行者(或小组)
incorrectly	错误地；不适当地
forage	粮草；饲料；搜寻粮草；喂；掠夺；搜寻粮秣
institutionalize	使制度化；使成为惯常的行为；使一成不变；把...送进疯人院
illumination	照明；阐明；启发；映光
showroom	陈列室；样品间
blister	水疱；砂眼
hindsight	枪的表尺；事后聪明
imposition	征收；课税；强加；欺骗；征税；税；税款
sliver	裂片；薄片；梳毛；切成长片；剖开；分裂
saturate	使渗透；浸透；使充满；使饱和；浸透的；饱和度高的；深颜色的；饱和化合物；饱和脂肪酸
thorn	刺；棘；荆棘
uniformly	一样；一致；相同；一直不变；一贯；始终如一；均质；一律；均匀；均匀地
discreet	小心的；慎重的
pebble	小圆石；小鹅卵石；水晶透镜；碎石花纹；小石
whereabouts	下落；所在之处；在何处
shrinking	皱缩
raging	愤怒的；狂暴的；猛烈的；使极痛的
rebellious	造反的；反抗的；反判的
swivel	转环；旋转轴承；转椅座架；(使)旋转
bookshelf	书架
divergent	有分歧的；散开的；偏斜的
Arabian	阿拉伯的；阿拉伯人的
ignition	点火；点燃；着火
jut	尖端；突出部分；(使)突出；伸出
sputter	喷溅声；劈啪声；语无伦次；唾沫飞溅；结结巴巴地讲；发劈啪声；喷出；飞溅出；气急败坏地说
inward	内心的；向内的；本来的
quarrel	吵架；反目；怨言；方头凿；争论；挑剔
throttle	节流阀；节气阀；喉咙；扼喉咙；使窒息；压制；使节流；窒息；节流；减速
methane	甲烷；沼气
dementia	痴呆
newsroom	新闻编辑部；报刊阅览室；售报处
woodland	林区；林地
hitch	猛拉；急推；蹒跚；故障；系住；被钩住
gaping	多洞穴的
topping	极好的；主要的；一流的；除顶部；修剪树稍；剪落之小树枝
allusion	提及；暗指
bulldozer	推土机
fad	时尚；黄素腺嘌呤二核苷酸
homogeneous	同种的；同质的；齐性的；纯一的；均匀的
perjury	伪誓；伪证；背信弃义；假的证据
heady	顽固的；任性的；性急的；猛烈的
repel	逐退；抵制；使厌恶；抗御；相互排斥
murderous	凶狠的；杀人的；致命的；谋杀的；残酷的
condone	赦；宽恕；不咎；抵销
blackout	灯火管制；暂时的意识丧失；灯火熄灭；删除；电网掉电
iced	冰冷的；装冰的；冰冻的
ferocious	残忍的；凶猛的；可怕的
rehabilitate	恢复原状；修复；使康复；恢复；使恢复心理健康
profitability	收益性；利益率；可获利润率
subdued	屈服的；被抑制的；减弱的；柔和的
gulp	吞；大口大口地吸气；吸收；抑制；吞咽；字节组
sociological	社会的；社会学的
cashier	出纳员；司库；收支员
flair	鉴别力；才能；天资；资质；眼光
handcuff	给...戴上手铐；手铐
bloated	发胀的；浮肿的；傲慢的
pertaining	附属的；与…有关的
pricey	昂贵的；价格高的
gloss	光彩；假象；注释；使光彩；掩盖；上光于；曲解；发光；作注释
espionage	间谍活动；刺探；间谍
seismic	地震的
spree	戏耍；喧闹；宴会；狂饮；狂欢
infinity	无限大；无限；无穷
wildflower	野花
giddy	眼花的；头晕的；(使)眼花；(使)眩晕
delicacy	细软；精致；精美的食品；娇气；微妙；棘手；娇弱；灵敏；灵巧
bogus	假的；伪造的；伪的
inland	内陆的；国内的；内地
prenatal	出生以前的；孕期的；产前的；出生前的
contemplation	注视；沉思；盘算；默察；意图；期待
delve	探究；查考；坑；穴
frigid	寒冷的；严寒的；冷淡的；性感缺失的
itinerary	旅程；旅行指南；游记；巡回的；旅程的
ethos	气质；民族精神；社会思潮
flipping	adj .讨厌之极的
puree	菜泥；果泥；酱；浓汤；把...制成浓汤/酱
nibble	少量食物；细咬；轻咬；啃；一点一点地咬；吹毛求疵；半字节
ghostly	幽灵的；影子似的；精神的
insistent	坚持的；迫切的
stylist	文体学家；时装设计师
cypress	柏；落羽杉；柏树；桧木
afloat	飘浮着的；在海上的；浸满水的；在进行中的；飘浮着；在海上；浸满水；在进行中
economical	节俭的；经济的；合算的；节约的
adamant	坚硬的东西；非常坚硬的；坚强的；固执的
gush	涌出；滔滔不绝地讲话；迸出；滔滔不绝的讲话
overrun	蔓延；风行一时；超过限度；蹂躏；超过；泛滥；超载限度；超限
fella	小伙子；伙伴；伙计
convent	女修道会；召集；召开；开会
rationality	合理性；纯理性
graphite	石墨
jig	吉格快步舞；快步舞曲；带锤子的钓钩；夹具；乱跳；加工用钩钓鱼；选筛；装架；钻模
imaginable	可想像的；可能的
unpublished	未公开出版的；未发表过的
galley	战舰；军舰
covenant	契约；盟约；立契约；缔结盟约
expulsion	逐出；开除；驱逐；排气；逼出
esteem	尊敬；尊重；认为
dichotomy	两分；分裂；二分法；二分(二分之一)；二叉；二歧
barricade	路障；障碍；设路障于；阻碍
masculinity	男子气；刚毅；大丈夫气概；男子本性；男性
ecologist	生态学者
madden	使发狂；激怒；发狂；发怒
academia	学术界；学术生涯
bog	沼泽；使陷于泥沼；陷于泥沼
subversive	从事颠覆的；破坏性的；破坏分子；颠覆分子
deduct	扣除；减去；折扣
Croatian	克罗地亚的；克罗地亚语的；克罗地亚人的；克罗地亚人；克罗地亚语
tinker	补锅匠；会做各种修补活计的人；做焊锅匠；笨拙的修补；修补
troll	滚动；参加轮唱；曳绳钓鱼；使转动；轮唱；高唱；用曳绳钓(鱼)；转动；钓绳
concerted	商定的；协定的；一致的；协力的；共同的
quartet	四重奏；四位字节
dummy	傀儡；假人；仿制品；虚设的；假的；名义上的
truthful	说真话的；诚实的；真实的；如实的；说实话的
landslide	山崩；滑坡
wrestler	摔跤选手
fieldwork	野战工事；野外工作；农田工作
taint	污点；耻辱；感染；污染；使腐败；沾染；腐蚀
sled	雪撬；用雪撬搬运；乘雪撬；单一大型贵重磁盘
contextual	上下文的；前后关系的
tandem	一前一后地；纵排地；纵排的；串联的；纵列两匹马拉的马车；前后纵列的两匹马；串座双人自行车
astonishment	惊异；惊愕；使人惊异的事物
trample	践踏(声)；蹂躏；践踏；无视
incorporation	包含；结合；编入；团体组织；惨合；混合；合并
improperly	不适当地
timid	胆小的；羞怯的
destabilize	使动摇
ambush	埋伏；伏兵；伏击
borrowing	借款；贷款
taboo	禁忌；禁止接近；禁止使用；禁忌的；忌讳的；忌讳；禁止
edgy	刀口锐利的；尖利的；急躁的
undocumented	无正式文件的；无事实证明的
penalize	处刑；对...处罚(刑)；使不利；处罚；对...处以刑事惩罚
rut	辙迹；凹槽；常规；惯例；发情期；交尾；发情；挖槽于
upstream	向上游；逆流地；向上游的；逆流而上的
urgently	急切地；迫切地；紧急地
felon	重罪犯；恶棍；瘭疽；指头脓炎
clarification	澄清；净化；澄清报告
vulgar	粗俗的；庸俗的；普通的；通俗的；方言的；卑下的
censored	受审查的；被删剪的；删剪（书籍、电影等中被认为犯忌、违反道德或政治上危险的内容）( censor的过去式和过去分词 )
homelessness	无家可归
accompaniment	伴随物；附加物；伴奏
wrongly	错误地；不恰当地；不正确地；不正直地；不公正地
ax	斧头；用斧削或砍；削减
creepy	爬行的；令人毛骨悚然的
entourage	全体随行人员；陪同人员
slit	裂缝；投币口；狭长裂口；切开；扯裂；使有狭缝；纵切；纵裂
rummage	仔细翻寻；仔细搜查；检查出；仔细翻找；查出的物件
neutrino	中微子；微中子
deference	顺从；尊重
doze	打瞌睡；假寐；打瞌睡度过；瞌睡
flora	植物群；植物区系；植物丛；菌丛
obligate	使负义务；强使；使感激；施恩惠于；有责任的；必须的
eyepiece	(接)目镜；目镜
discriminatory	有辨识力的；有差别的
janitor	守卫；门警；管理人；幽门
recourse	求援；求助；追索权
purport	意义；要旨；目的；意味着；声称；打算
medically	医学；医疗；医术；内科；医药
birdie	小鸟
corroborate	巩固；确证；确定；证实
adversity	逆境；不幸；灾祸；灾难
impatience	性急；难耐；焦急；急躁
semantic	语义的；语义
anglo	英国人
yolk	蛋黄；卵黄；羊毛脂
deserving	该受的；有功的；值得...的；功过；赏罚
connotation	含蓄；内涵
remodel	改造；改型；改变
incite	刺激；激励；引诱；鼓动；煽动
campsite	营地
primate	大主教；灵长目动物；灵长类
parchment	羊皮纸；毕业文凭；学位证书
anarchy	无政府状态；政治混乱；混乱；无秩序
cumin	莳萝；土茴香子；枯茗；欧莳萝；异丙苯
artificially	人工地；人为地；不自然地
roadblock	障碍；障碍物
coerce	强制；强迫
oily	油的；油滑的；油嘴的；含油的；油性的；油质的；多油的；油腻的
immortal	不朽人物；神仙；永远的；不死的；长久的
oats	燕麦；燕麦属植物；燕麦粥；麦片粥
quicker	快些（quick的形容词比较级）
assertive	武断的；过分自信的；断言的
spore	孢子；长孢子
flagship	旗舰
picturesque	生动的；如画的；独特的；别致的；栩栩如生的
whack	猛击；重打；削减；重击
noticeably	显而易见；值得注意；重要；显著
arithmetic	算术；算术知识；算术的
relieved	宽慰的；解除的；减轻的
terrorize	使惊恐；恐吓；实施恐怖统治
rainforest	雨林
palate	腭；味觉；趣味；爱好
wreak	发泄(怒火)；报仇；报复；施
recurrent	再发生的；定期重复的；循环的；复发的；再发的；回归的
seminal	精液的；种子的；生殖的
axe	斧；斧头；削减(人员、经费、计划、机构等)
wad	小软团；小软块；一卷；填料；大量；揉成一团；填塞
depressive	压抑的；压下的；沉闷的；抑郁的；阻抑的；压低的
gruesome	可怕的；令人毛骨悚然的；阴森的
skeletal	骨骼的；框架的；骨胳的
acutely	尖锐地；剧烈地
unsuccessfully	无用；失败地
rented	租用的
hive	蜂房；闹区；蜜蜂群；进入蜂房；储藏蜜于蜂房；如蜂般群居；使进蜂房；储备；蜂巢
rodeo	竞技表演；牛市场
measurable	可测量的；不久的；重要的
subvert	推翻；颠覆；毁灭；减亡
publicist	国际法学家；政治评论家；政治作家；广告员；公法学家；政治学
liter	公升；升
menacing	恐吓的；威胁的；险恶的
debilitating	使（人或人的身体）非常虚弱( debilitate的现在分词 )
geopolitical	地理的
caveat	中止诉讼程序的申请；警告；停止支付的广告；货物出门概不退换
patterned	被组成图案的
ravine	峡谷；冲沟；溪谷
bustling	熙熙攘攘的；忙乱的
abnormality	反常；畸形；变态；非正态性
folklore	民俗学；民间风俗；民间传说
depress	使沮丧；压低；降低；使萧条；推下
repressive	压抑的；抑制的；镇压的
quicken	加快；激发；使有生气；鼓舞；使复活；变活跃；进入胎动期
redirect	重新寄送；使改道；使改方向；重定向；重新引导
joyful	欢喜的；高兴的；令人高兴的
crackle	劈啪响；裂纹；(使)发劈啪声
tributary	支流的；纳贡的；从属的；辅助的；支流；纳贡者；属国
songwriter	流行歌曲的作者
unpack	从包裹中取出；卸下；打开；打开包裹；拆开
tablecloth	台布
stately	庄严的；宏伟的
secretive	秘密的；偷偷摸摸的；分泌的；促进分泌的
horrifying	令人恐惧的；使人惊骇的
penchant	爱好；嗜好
abduct	诱拐；绑架；使外展；外展；展
drone	雄蜂；懒惰者；嗡嗡的声音；无人驾驶飞机(或船)；嗡嗡作声；混日子；低沉地说
commando	突击队；突击队员；(南非)布尔人部队
sitter	坐着的人；坐着被画像的人
modestly	适当地；谨慎地
crumbling	破碎；崩溃（crumble的ing形式）
thrash	打；使逆行；胜过；推敲；鞭打；打谷；痛打；剧烈扭动；逆行；(划水)鞭状动作
hospitalization	医院收容；住院治疗；住院；入院
boon	恩惠
pointless	不尖的；钝的；不得要领的
lengthen	加长；使延长；变长
accelerator	加速剂；加速器；油门；早强剂；促进剂；硫化促进剂
waking	醒着的
ploy	手段；活动；玩乐
pretense	借口；虚假；伪装
seated	就座的；固定的；根深蒂固的
liturgy	礼拜仪式；祷告文；圣餐仪式
teeter	步履不稳地走动；踉跄；摇晃；摇摆不定；摇摇欲坠；玩跷跷板；摇摆；跷跷板
stirring	活跃的；忙碌的；激动人心的；调和；搅拌
logically	逻辑；合乎逻辑；符合逻辑；逻辑上；有逻辑；有逻辑头脑；合理；明智
bale	包；捆；货物；灾难；打包；捆包
converse	相反的事物；倒；逆向；相反的；逆向的；颠倒的；交谈；谈话
unborn	未诞生的；未来的；在胎内的；原来存在的
stroller	散步者；流浪者
barley	大麦
slay	杀害；残杀
conformity	遵照；适合；一致；相似；符合度
benevolent	善意的；慈善的
coward	懦弱的人；胆小的人
briskly	活泼地；精神勃勃地
fabrication	制造；建造；虚构的谎言；虚谈症
fearless	大胆的；勇敢的；无畏的
clockwise	顺时针方向的；顺时针方向地
croat	克罗地亚人；克罗地亚语
microorganism	微生物；微小动植物
Georgian	乔治亚州人；乔治亚人；乔治王时代的；乔治王时代艺术风格的；乔治亚的
deceptive	迷惑的；虚伪的；欺诈的
strut	高视阔步；支柱；压杆；趾高气扬地走；肿胀；用支柱支撑；炫耀
dormant	睡眠状态的；静止的；休眠的；不活动的；休止的
Californian	加利福尼亚州人；加利福尼亚的
destroyer	破坏者；消灭者；起破坏作用的东西；驱逐舰
vertically	垂直地
balancing	平衡；均衡；结算；结出余额
glittering	闪闪发光的；光辉灿烂的；华丽的；极好的；光彩夺目的；炫耀的
acclaimed	欢呼（acclaim的过去式及过去分词）；受到赞扬的
manpower	人力
toasted	向…祝酒；为…干杯( toast的过去式和过去分词 )；烤火；取暖；使暖和
carnage	大屠杀；残杀
relativity	有关系；相关性；相对性
juncture	接合；连接；接缝
coherence	黏合(性)；连贯性；一致性；相干性
rebirth	再生；复活；新生
ration	定额；定量；配给；定量供应
birch	桦树；桦木；桦条；桦
antidote	解毒剂；解毒药
barbed	有倒刺的
treatise	论文；专著
purge	净化；清除；泻药；(使)净化；(使)通便；服务器文件删除实用程序
reactive	反动的；反应的
lunchtime	午餐时间
quiver	震动；颤抖；箭袋；振动；使颤动；敏捷的
legitimize	使…合法；立为嫡嗣
lobe	叶；耳垂；裂片
deteriorating	恶化；变坏( deteriorate的现在分词 )
ingenious	灵敏的；精巧的；聪明的
labyrinth	迷宫；难解事物；迷路；曲径
intertwine	(使)纠缠；(使)缠绕
vigilant	警觉的；警戒的；警惕的；警醒的；注意的
antelope	羚羊
appal	使惊骇；使吓坏
birthplace	诞生地
contagious	触染性的；会蔓延的；(接)触(传)染的
inspirational	凭灵感的；鼓舞人心的；神感的
replay	重新比赛；重演；重赛
counterproductive	反生产的；使达不到预期目标的
saliva	唾液；唾沫；涎
disarmament	裁军；解除军备
Utopian	乌托邦的；空想社会主义的；理想社会主义者
autobiographical	自传的；自传体的
enlighten	教育；启发；启蒙；开导；教导
sushi	寿司（生鱼片冷饭团）
headphone	戴在头上的收话器；耳机；头载数话器
sporadic	偶尔发生的；零星发生的；分散的；散在的；散发的
sufferer	受难者；被害者；患者；受害者
totalitarian	极权主义的；极权主义者
troupe	团；班；一伙；巡回演出
veterinarian	兽医
contrasting	（靠近或作比较时）显出明显的差异；形成对比( contrast的现在分词 )；对比；对照
stiffness	坚硬；呆板；刻板；强直；僵硬
blockade	阻塞；封锁
outcry	尖叫；倒彩；强烈抗议；喊价；喊叫；叫得比...响
conveniently	方便；合宜
oregano	〈植〉牛至
stewardship	steward的职务；管理工作
shin	胫骨；攀；爬
unavoidable	不可避免的；不得已的；不能作废的；难免的
prosthesis	弥补；添字首音
pore	毛孔；小孔；气孔；专心阅读；细想；钻研；沉思；注视；使注视得
surfer	冲浪运动员
reunification	使重新统一；使重新团结
lemonade	柠檬水
milieu	周围；社会环境；环境；表达的手法
rooster	公鸡；栖息的鸟；炉篦
topical	论题的；题目的；时事问题的；局部的
encode	把(电文、情报等)译成密码；编码
ligament	结带；纽带；韧带
unconditional	无条件的；无限制的；绝对的；无保留的
plop	扑通声；掉下；扑通一声地；把...沉重地放下；扑通落下
superstition	迷信
supremacy	至高无上；霸权地位；优势；至上；至高权力；无上权力；霸权
victorious	胜利的；得胜的；战胜的
rave	狂吼；狂暴；愤怒地说；叫嚷；咆哮
hugely	巨大地；非常地
spaceship	宇宙飞船
hazy	朦胧的；模糊的；烟雾弥漫的
swan	天鹅；天鹅星座；有才华的诗人；闲荡；蜿蜒而行
smallpox	天花；痘疮
squid	枪乌贼；鱿鱼；反潜水雷发射装置；超导量子干涉元件
groin	腹股沟；交叉拱
stench	恶臭；臭气；(使)发恶臭
sabotage	怠工；破坏活动；破坏；从事破坏活动；妨害
solvent	溶剂；有偿付能力的；有溶解力的
thematic	题目的；主题的；主旋律的
crutch	拐杖；支撑；依靠
dashboard	仪表板；挡泥板
insensitive	对...没有感觉的；感觉迟钝的
correctness	正确性
puffy	胀大的；肥胖的；喘气的；一阵阵吹的；虚肿的；浮肿的
ingenuity	心灵手巧；精巧；精巧设计
tally	符木；记账；得分；比分；计数器；标签；符合；对应物；记录；点数；计算；加标签于；使符合；记帐；吻合；记分；计数
cascade	小瀑布；瀑布状物；成瀑布落下；层叠；级联
rescuer	救助者
geographically	自通地
Baltic	波罗的海的
foreseeable	可预知的；能预测的；可预见的；可预料的
conscientious	有责任心的；负责的；本着良心的；凭良心做的；有道德感的
charisma	非凡的领导力；神秘的个人魅力；神授的能力
Diaspora	犹太人的离散；离散的犹太人
baptism	浸礼；洗礼
subtitle	副标题
composting	堆制肥料
retribution	报应；惩罚；报酬；报答
budding	萌芽的；发育期的；初露头角的；发芽
parochial	教区的；地方性的；目光偏狭的
stony	多石的；无情的
Caucasian	高加索人；白种人；高加索的；白种人的
totality	全体；总数；全食
bloodshed	流血
decry	反对；责难；诽谤；诋毁
apprehend	理解；忧虑；逮捕；担心
fennel	茴香
shaman	萨满教巫医；巫师
coupling	联结；结合；耦合
shawl	披肩；围巾；用披肩裹
predominant	占主导地位的；卓越的；占优势的；支配其他的；主要的
tyrant	暴君；专制君主；压制他人者
reliably	可靠地；可信赖地
peddle	挑卖；沿街叫卖；游荡；闲混；叫卖；兜售；散播
depletion	消耗；耗尽；放血；排除；缺失(液体)；衰竭(由于缺液)
transcendent	卓越的；出类拔萃的；超常的；卓越的人；超绝物
tremor	震动；颤动；震颤
sinking	沉没；降低；衰颓感；偿还债务
worrisome	令人烦恼的；麻烦的；劳碌命的
solidly	坚硬地；坚固地；团结一致地
unheard	没有被听到的；未予倾听的；未予考虑的
occupancy	占有；居住；占用；占据；据有
planter	种植者；耕作者；种植机；花盆
stormy	暴风雨的；粗暴的；激烈的
subjectivity	主观；主观性
fastball	(投手投出的)快球
knack	熟练技术；巧妙手法；诀窍；窍门
instructive	有益的；增进知识的
languish	憔悴；凋萎；苦思
serpent	巨蛇座；蛇；蛇形管；狡猾的人
fiddle	小提琴；提琴类乐器；虚度时光；拉小提琴；(无目的地)拨弄；瞎搞
commotion	骚动；暴乱；震荡
Frenchman	法国人
stretcher	担架；延伸器
bask	晒太阳；感到舒适
animosity	仇恨；憎恶；敌意
predictably	可预言地
airwaves	电视广播
incomprehensible	不能理解的；费解的；无限的
easel	画架；黑板架
flawless	无瑕疵的；无缺点的；无裂纹的；无裂缝的
staunch	止住；止血；坚固的；坚强的；忠实的；忠诚的；不透水的
spasm	痉挛；抽搐；发作
streamline	流线；流线型；使成流线型；使合理化
staging	脚手架；上演；公共马车业；登台
squander	浪费；使分散；漂泊；四散
discontinue	中断；终止；停止；使中止
beggar	乞丐；使贫穷；使成乞丐
medic	苜蓿属植物；医师；医科学生
intestine	内部的；国内的；肠
etiquette	礼仪；礼节；成规；规则
segregated	被分离的；被隔离的；实行种族隔离政策的；偏析的
tripod	三脚桌；三脚架；三脚台
prematurely	过早地；贸然地
caress	爱抚；拥抱；抱；宠爱
shutdown	关门；停工；停机
miraculously	超自然；非凡；不可思议；令人惊叹；象奇迹一样；奇迹般；能创造奇迹
fruitful	结果实的；多实的；产量多的
medicinal	药用的；药的；有益的；医药的；医治的
wicker	柳条；柳条编的
ketchup	蕃茄酱
impatiently	不耐烦；忍受不了；急躁；急欲；急切
matchup	火柴；比赛；竞赛；匹配；(足球；捧球；蓝球)比赛；相配；相称；相比
restroom	洗手间；休息室；更衣室；厕所
crushing	碾碎的；压倒的；粗碎；压碎；破碎
immature	不成熟的；未完全发育的；粗糙的；未成熟的
thirds	归寡妇所得的亡夫遗产的三分之一；（商品的）三等品
dishwasher	洗碗机；洗碗工
harshly	粗糙地；粗暴地；刺耳地
junkie	有毒瘾者；废旧品商人
hobble	蹒跚；使跛行；阻碍；跛行
prognosis	预测；预后
intermediary	仲裁者；调解者；媒介物；中间人；中间的；媒介的
Bourbon	波旁
bruised	青肿的；瘀紫的
queer	怪人；同性恋者；奇怪的；不舒服的；可疑的；搞糟
deportation	驱逐出境；放逐；递解出境；驱逐
fraught	含有...的；伴着...的；充满...的
pathologist	病理学家
riddle	谜；谜语；粗筛；解谜；给...出谜；筛；寻根究底地检验；充满于；出谜
squeal	尖叫；抱怨；发出尖叫声；高声埋怨；用尖声说
appellate	上诉的；有权受理上诉的；受理上诉的；控诉的
galactic	乳汁的；银河的；极大的；乳液的；催乳液的
inadequacy	不适当；不足之处；不充分；机能不全；闭锁不全；关闭不全
dribble	流口水；滴下；使滴下；运球；点滴；口水；少量
perceptual	知觉的；有知觉的
negligence	疏忽；粗心大意；忽视；过失
volatility	挥发性；挥发度；轻快；易变；短暂；变更率
cheekbone	颧骨
silky	丝的；柔滑的
torrent	奔流；倾盆大雨；倾注；迸发
tort	民事侵权行为；侵犯行为(不包括违约)；非法行为
locomotive	火车头；机车；运转的；火车头的；移动的
unconsciously	无意识地；无意中；不知不觉地
weakly	弱的；虚弱的；微弱地；虚弱地
primal	主要的；最初的；原始的
