word	meaning
the	这；那；那些；这些；用于最高级前
of	关于；由于；出身于
and	和；那么；加；接着
to	向；对于；为了
in	执政的；进；在里面的；在家；入；在某种关系中；在某地；在 ... 方面；向里；以...的方式；新来的
for	因为；关于；为；往；支持；代表；给
is	be的现在式第三人称；加下标次序；信息系统；国际标准；中间系统
on	关于；表示持续性；穿着；由 ... 支撑着；值班；表示已连接、处于工作状态或使用中；基于；在 ... 之上；发生
that	那个；那；非常；上文提到的；那么地；引导从句
by	通过；被；经过；靠近；经由；在旁边；不迟于
this	这个；这；这么；这样
with	随着；用；包括；和 ... 一起
you	你；你们
it	它
not	不；没有；并非
or	或者；否则；还是
be	是；在；有；到达；拜访
are	动词
from	来自；出自
at	向；在；达
as	如同；同样地；因为；尽管；例如；像；作为；被认为；像 ... 一样；当 ... 之时；结果
your	你的；你们的
all	全部；全部的；一切；所有的；非常；完全；都
have	有；已经；吃；从事；允许；得到；雇用；享有
new	新的；崭新的；不熟悉的；新鲜的；新近地
more	更多；更多的；再；另外；更大的；进一步；另外的
an	冠词；名词
was	动词
we	我们
will	将；愿意；必须；意志；决心；遗嘱；规定；愿望
home	家；在家；回家；家庭；国内的；回国；家用的；总部的；收容所；发源地；在国内
can	能；可以；罐头；罐装
us	代词；名词
about	关于；大约；到处；附近；在流行中的；在周围；正要的；在 ... 周围；即将的
if	如果；是否；即使；条件；设想；每当
page	页；翻页；页码
my	代词；形容词
has	动词
search	搜索；搜寻；调查；探求
free	免费的；释放；自由的；自由地；空闲的；免费地；使自由；随意的；畅通的；解除；使摆脱
but	但是；只；仅仅；无不；除 ... 以外
our	我们的
one	一(个)；一；任何人；一个；一致的；完整的
other	其他的；另一个；另外的；另一边；以其他方式
do	做；进行；完成
no	不；没有；不是；禁止；否定的回答
information	信息；资料；情报；通知
time	时间；时代；时间的；时期；计时；倍；节拍
they	他们
site	现场；地点；位置；使 ... 位于
he	他；男人；雄性动物；任何人
up	起来；增加；向上；上升；向上的；上行的；往上
may	名词
what	什么；哪个；用于感叹句中
which	哪一个；哪一些；哪些
their	他们的；它们的；她们的
news	消息；新闻
out	出；出来；在外；完；伸出；暴露；驱逐；熄灭；向外；在外面；公开…的同性恋身份
use	使用；利用；运用；对待；使用权；用法
any	任何；丝毫；任何的；稍微
there	在那里；那个地方；那一点；到那里；从那里
see	看见；明白；经历；设想；了解；主角权限；主教教区
only	只有；仅仅；唯一的；但是；最好的；刚刚；除非；然而；出众的
so	所以；因此；这样；如此；那么；非常；以便；真的
his	他的
when	什么时候；时间；然后；可是；当 ... 时
contact	联系；接触；接触的；熟人
here	这里；这时；在这点上
business	生意；商业；事务
who	谁
web	网；网络；网状物；结网；使陷入罗网
also	而且；也；同样地
now	现在；此刻；立刻；目前的；现存的
help	帮助；有助于；援助；促进；帮手；救命！
get	得到；抓住；达到；使得；克服；生育；救球；后代；激怒；明白
PM	下午；午后
view	看；视野；风景；考虑；方法；见解；检查；把 ... 视为
online	在线的；联机的；在线地
first	第一；首先；最初；第一的；最初的
AM	动词；名词
been	名词
would	将；愿意；大概；可能；总会；will的过去式
how	如何；怎样；方式；多么；以 ... 方式
were	动词；名词
me	代词；名词
services	名词
some	一些；若干；大约；非常
these	这些；这些的
click	点击；咔嗒声
its	代词；名词
like	像；喜欢；想；愿意；如同；相似的；同样的
service	服务；保养；服役；发球；提供服务；维护
than	比
find	找到；发现；觉得；认为；感到；裁决；判定
price	价格；代价；价值；给…定价；估价
date	日期；约会；追溯到；过时；年代；约会对象；枣椰树；枣子
back	后退；后面；支持；后面的；后卫；向后的；靠背；向后地；背脊；后背；积欠的
top	顶；上面；顶部；最高的；顶端的；陀螺；极点
people	人；人们；人民；居住于；使住人
had	动词；名词
list	列出；名单；目录；倾斜；明细表
name	名称；命名；姓名；取名；名义；名人；名誉；著名的
just	仅仅；刚才；正好；公正的；公平的；正是；简直；适当的；精确的
over	结束；落下；在 ... 的上方；在 ... 期间；穿过；完全覆盖；遍及地
state	国家；状态；州；政府；说明；陈述；国家的；州的；声明；规定；情形
year	年；年度；学年；年龄
day	一天；白天；时代
into	除；朝；进入；到 ... 里
email	动词；名词
two	两个；二
health	健康；医疗保健
world	世界；世界的；领域；世间；地球；世人
re	关于；长音阶的第二音
next	下次；下一个；隔壁的；然后；靠近；其次；其次的；下一个的
used	二手的；习惯的；使用过的；动词use的过去式和过去分词.
go	去；进行；尝试；离开；精力；变得；一举
work	工作；努力；作品；操作；使工作；职业；工作地点；管理；职责；造成；做事
last	最后；持续；维持；最后的；最近的；最近一次；末尾的；上一个的
most	最；大多数；大部分；大多数的；最多；最多的；极其
products	制品；名词product的复数形式.
music	音乐；乐谱；美妙的声音
buy	买；购买；收买；获得；便宜货
data	数据；资料；名词datum的复数形式.
make	做；制造；使得；成功；性格；达成；生产量；式样
them	他们；它们；她们
should	应该；应当；可能；将要；竟然
product	产品；产物；结果；乘积；某种影响下产生的人或物
system	系统；制度；体系；身体
post	职位；邮件；布置；邮递；通知；派遣；标竿；快速地；急行
her	她的；纹章术
city	城市；都市；特权市；特许市；全体市民
add	加；增加；补充
policy	政策；保险单；方针
number	号码；数量；数字；编号；总计；把 ... 算作
such	这；这样的；那；如此的；如此地
please	取悦；使高兴；愿意；使满意
available	可利用的；有效的；可得到的；有空的
copyright	版权；著作权；受版权保护的；获得版权
support	支持；支撑；支援；证实；供养；资助；援助；承受；依据
message	消息；信息；寓意；传递信息；通讯；要点
after	以后；后来；以后的；关于；追赶；在后面；依照；在 ... 以后；在 ... 之后
best	最；最好的；最好地；打败；优于
software	软件
then	然后；那么；当时；而且；当时的
Jan	名词
good	好的；好处；优秀的；善行；上等的
video	视频；录像；视频的；录像的；录制电视节目
well	井；很好地；涌出；良好的；健康的；源泉；好吧；啊；适宜的；楼梯井；相当地
where	在哪里；在那个地方；在 ... 地方
info	信息
rights	权利；名词right的复数形式.
public	公众；公众的；大众；公开的；民众；公共的
books	书；帐目
high	高；高的；高水平；高尚的
school	学校；教育；学派；训练；鱼群；成群地游
through	通过；穿过；直达的；凭借；贯穿的；结束的；完成的；自始至终；径直；直通的；完全
each	每；每个；个人；个自
links	高尔夫球场；沙丘
she	代词；名词
review	回顾；复习；评论；检讨；评审；检阅；温习；写评论
years	名词year的复数形式.
order	次序；规则；命令；定货；整理；定购；顺序；阶数
very	很；完全；正是；真正的；恰好的；同一的；最...的
privacy	隐私；私生活；秘密；隐居
book	书；预订；本子；记录在案
items	项目；条款；也；一则或一条新闻
company	公司；陪伴；商号；同伴；客人；一群
read	阅读；朗读；读到；理解；显示；识字；攻读；听到；看读数
group	组；群；团体；集团；聚合
sex	性；性别；性欲；引起 ... 性欲
need	需要；必要；必需；缺乏
many	许多；许多人；许多的；许多人或物
user	用户；使用者
said	上述的
de	介词；名词；形容词
does	动词；名词
set	一套；集合；设定；固定的；确定；规定；一副；不变的；调整；规定的；组合
under	低于；下面的；在昏迷中；从属的；在 ... 下；少于的；在 ... 控制下；在 ... 内
general	将军；一般；普遍的；总的；笼统的；大致的；常规的；全面的；首席的；一般性的
research	研究；调查
university	大学
January	一月
mail	邮件；邮寄；邮政
full	全部；满的；非常；完全的；直接地；充满的；极点；增厚；使衣服宽松
map	地图；计划；绘制地图
reviews	回顾；复习；评论；检讨；评审；检阅；温习；写评论
program	程序；计划；节目；课程；节目单；安排；编制程序；指定
life	生活；生命；人生；一生
know	知道；了解；认识；知情
games	比赛；运动会；名词game的复数形式.
way	方式；路；方法；方面；方向；非常；远远地；作风；样子；距离；情况
days	在白天；时代；名词day的复数形式.
management	管理；管理部门；手腕
part	部分；分开；零件；角色；分离；部位；部分地；离开；断裂
could	能；可以；可能；can的过去式
great	伟大的；重要的；很好的；大量的；美好的
united	联合的；一致的；共同形成的；动词unite的过去式和过去分词.
hotel	旅馆；饭店；酒店；宾馆
real	真正的；真实；真实的；真的；现实的；非常；实际的；名副其实的；不动产的；正宗的
item	项目；条款；也；一则或一条新闻
international	国际的；国际比赛；世界性的
center	中心；居中；使集中
ebay	名词
must	必须；应当；很可能；必须做的事；发霉；未发酵的葡萄汁
store	储存；商店；贮藏；保存；充裕
travel	旅行；传播；移动；快速移动
comments	评论；意见；注释；注解；名词comment的复数形式.
made	制造的；捏造的；拼成的；肯定会成功的；动词make的过去式和过去分词形式.
development	发展；开发；进展；生长；新开发区
report	报告；报到；报导；举报；成绩单；传闻；爆炸声；叙述
off	离开；空闲的；脱下；离开的；关闭的；表示状态的关闭或离开；在 ... 之外
member	成员；会员；部分
details	详细资料；名词detail的复数形式.
line	线；行；排队；路线；界线；行业；绳子；台词；皱纹；家族；航线
terms	条款；条件；关系；措辞；名词term的复数形式.
before	之前；以前；以往；在 ... 以前；在..前面
hotels	霍特尔斯
did	是；做；要
send	发送；发出；派遣；传送；差遣；运输；放出；使处于...的状态
right	正确；权利；正确的；右边；对的；合适的；向右；纠正；立即；右边的；正确地
type	类型；打字；典型；铅字
because	因为；由于
local	当地的；当地人；局部的；地方性的
those	那些
using	使用权；用途
results	结果
office	办公室；职务；事务；有特定用途的房间或建筑物
education	教育；教育学；修养
national	国民；国家的；全国性的；民族的；国有的；国立的
car	汽车；车厢；吊舱
design	设计；计划；图案；目的；图样
take	取；需要；拿；接受；认为；花费；搭乘；执行；理解
posted	发布的；动词post的过去式和过去分词.；消息灵通的；有职位的
internet	因特网
address	讲话；处理；住址；称呼；提出；演讲；谈吐；致词；发表演说；网址；写地址
community	社区；社会；团体；公众；共同体；共有；共享
within	内部；在…里面
States	国家；状态；州；政府；说明；陈述；国家的；州的；声明；规定；情形
area	区域；领域；面积
want	要；想要；缺乏；贫穷；通缉；需求品
phone	电话；打电话；电话机；听筒；耳机
dvd	光碟
shipping	运输；发货；船运；乘船
reserved	保留的；预订的；含蓄的；缄默的
subject	主题；话题；科目；服从的；使服从；题材；主观；使遭遇；使隶属；实验对象
between	在中间；在 ... 之间
forum	论坛；讨论会
family	家庭；家族；家庭的；家族的；子女；亲属；语族；适合于全家的
long	长时间；长的；渴望；久的；冗长的；长期地；长音的；长音节；久地
based	为基础的；动词base的过去式和过去分词
code	密码；准则；法规；制成法典；把 ... 编码
show	表演；显示；展示；展览；表现；表示；证明；显现；出现；指示；样子
even	甚至；更；平坦的；相等的；使平坦；偶数的；相等
black	黑色；黑人；黑的；邪恶的；抵制；很脏的；不加牛奶的；黑色幽默的；机密的
check	检查；支票；核对；账单；阻止；方格图案；阻碍
special	特殊的；特别的；专门的；特价；特色菜；特别的东西；特刊
prices	价格；代价；价值；给…定价；估价
website	网站
index	索引；指数；指出；编索引
being	人；存在；本质；生物
women	妇女；女人们；名词woman的复数形式.
much	许多；非常；很；许多的；几乎
sign	签；签名；迹象；符号；手势；招牌；正负号
file	文件；档案；卷宗；把 ... 归档
link	联系；连接；环；节
open	打开；公开；开放的；开着的；户外；营业；公开的；张开；展开；开张
today	今天；当今；现在的
technology	技术；工艺；工艺学
south	南；南方；在南方；南方的；向南方；自南方
case	案例；情况；箱；例子；装箱；踩点；仔细检查
project	项目；工程；计划；设计；投射；课题；突出；放映；投掷
same	同样地；同样的人或事
pages	页；名词page的复数形式.
UK	名词
version	版本；说法；译本；形式
section	部分；部门；切开；区域；章节；断面；零件；划分；剖面图
own	自己的；拥有；承认；特有的；自己的东西
found	建立；创办；创立；熔铸
sports	运动；名词sport的复数形式.
house	房屋；议院；容纳；机构；黄道十二宫之一；给…房子住；观众；藏有；听众；住一屋的人
related	有亲属关系的；相关的
security	安全；保证；证券；抵押；债券；防护措施
both	两者；两者的；不但 ... 而且 ...
county	县；郡；有郡中豪绅习气的
American	美国的；美国人；美洲的；美洲人
photo	照片；拍照
game	游戏；比赛；一场比赛；猎物；运动会；勇敢的；花招
members	成员；会员；构件；四肢
power	力；力量；权力；电力；能力；权力的；力量的
while	一会儿；一段时间；消磨；虽然；然而；尽管；当 ... 的时候
care	关心；照顾；小心；在乎；护理；注意；照料；忧虑；介意；愿望；喜爱
network	网络；网状系统；网点
down	向下；向下的；绒毛；击倒；被抑制；汗毛；吞下；打败；无礼的；消沉的；沿着 ... 而下
computer	计算机；电脑
systems	系统；制度；体制；名词system的复数形式.
three	三；三个；三个的
total	总数；总的；总计；合计；完全的；共计；全体的
place	地方；地位；订货；职位；安排；辨认；寄托
end	结束；末端；部分；目标；死亡；半边球场；端点
following	下列的；接着的；下列各项；动词follow的现在分词；追随者；在 ... 以后
download	下载
him	代词；名词
without	没有；无；在外面；除非；在缺乏的情况下
per	每；每一；按照；经过
access	进入；入口；通道；使用之权
think	认为；想；考虑；记起
North	北；北方；北方的；向北方；北的
resources	资源；才智
current	现在的；趋势；流通的
posts	职位；邮件；布置；邮递；通知；派遣；标竿；快速地；急行
big	大的；重要的；夸大地；成功地；受欢迎的；杰出的组织和个人；宏大地；有雄心的
media	传播媒介；新闻媒介
law	法律；法规；起诉；打官司；准则
control	控制；管制；抑制；支配；克制；掌控
water	水；海水；雨水；海域；加水稀释
history	历史；历史学；过去的事；对过去事情的记载
pictures	绘画作品；名词picture的复数形式.
size	大小；尺寸；规模；尺码；浆料；胶料
art	艺术；美术；艺术品；技巧；人文学科
personal	个人的；私人的
since	自从；因为；既然；此后
including	包括；包含
guide	指导；导游；向导；引导；指南；指导者；作导游
shop	商店；购物；买东西；车间；逛商店
directory	目录；指南；工商名录；给予指导的
board	董事会；木板；搭伙；伙食；舞台；布告板；接受乘客；用木板覆盖；船舷或机舱
location	位置；地点；定位；外景拍摄地
change	改变；变化；零钱
white	白色；白色的；白种人；纯洁的；白种的
text	文本；课文；正文；原文；发短信
small	小的；少的；不重要的；小气的；小块地；小声地；年幼的；狭小部分；小地
rating	等级；收视率；评定；额定值
rate	速度；认为；比率；价格；等级；值得；费用；估价；责骂；定等级；怒斥
government	政府；政体；统治
children	名词
during	在 ... 期间
USA	名词
return	返回；回报；归还；申报；回应
students	学生
shopping	购物；买东西；动词shop的现在分词形式.
account	解释；账户；说明；描述；帐目；报账；理由；导致；报告；估计；利益
times	倍；乘以；次数；《泰晤士报》
sites	现场；地点；位置；使 ... 位于
level	水平；平的；等级；弄平；对准；水平线；夷平；数量
digital	数字的；手指的；数码的；计数的
profile	轮廓；侧面；简介；形象；评论人物；描绘 ... 轮廓
previous	以前的；先于；在 ... 之前
form	形成；形式；表格；形状；建立；良好的健康状态
events	名词event的复数形式
love	爱；喜欢；爱情；热爱；喜爱；恋爱；情人
old	老的；过去的；旧时；... 岁的
john	名词
main	主要的；最重要的；总管道；干线
call	打电话；呼叫；访问；召唤；把 ...称为；把 ... 看作
hours	时间；n.；时序女神
image	图像；形象；影像；印象；想像；反映；肖像；描绘
department	部门；系；科；处；局；知识范围
title	标题；头衔；称号；权利；加标题于；授予…称号
description	描述；说明书；类型；刻画
non	不是
insurance	保险；保险费；安全保障
another	另一个；别的；另一的；再一个的；类似的一个
why	为什么；理由；哎呀；咳；谜；... 的理由
shall	应该；将要；一定；表示提供建议
property	财产；性质；道具；所有物
class	课；阶级；班级；阶层；等级；分类
CD	名词
still	仍然；更；静止的；寂静；不动的；蒸馏器；静止地；静寂的
money	钱；货币；财产
quality	品质；才能；高品质的；特质
every	每个；所有可能的；每隔；一切的；最大的
listing	目录；名单；动词list的现在分词.；表上的一项
content	内容；含量；目录；满意的；满足的；使 ... 满足
country	国家；国家的；乡村；乡村音乐；乡村的；乡村音乐的；故乡的；区域
private	私人的；私有的；个人的；列兵；士兵；私下的；缄默的
little	小的；幼小的；微不足道的；短的；毫不；少到几乎没有的；难得；甚少；极少
visit	参观；拜访；闲谈；聊天
save	救；保存；节省
tools	器具
low	低的；低水平；低价；少的；低声地；低地；哞哞叫；低谷；卑劣的；低下地；低落的
reply	回答；答复；回应
customer	顾客；主顾
December	十二月
compare	比较；对比；对照；比喻
movies	电影；电影院；电影业；名词movie的复数形式.
include	包括；包含；列入
college	学校；社团；枢机主教团；学院；大学
value	价值；重视；评价；数值；价格；估价；重要性
article	文章；物品；条款；订契约
york	=Yorkshire.
man	人；男人；男子汉；情人
card	卡片；纸牌；名片；梳理；梳理机；把 ... 记入卡片
jobs	工作（job的复数形式）
provide	提供；供给；规定；准备；抚养
food	食物；食品
source	来源；原始资料；发源地；从...获得
author	作者；作家；创作；编写；上帝
different	不同的；分别的；各不相同的；差异的
press	按；压；新闻界；报刊；印刷机；出版社；逼迫；新闻舆论；熨烫机
learn	学习；学会；得知
sale	出售；促销
around	围绕；到处；大约；在周围；转弯；符合；闲散地；掉头；存在的；在 ... 附近；在风行的
print	打印；印刷；出版；版画；印刷字体；印花；印记；铭刻；印刷的
course	课程；过程；路线；讲座
job	工作；职业；职位；职责；犯罪行为；活儿
Canada	名词
process	过程；处理；加工；工序；列队前进
teen	青少年的
room	房间；空间；机会；寄宿；给…提供留宿
stock	股票；存货；股份；储备；储存；家畜；采购；声望；树干；供给；存货的
training	训练；培养；动词train的现在分词形式.
too	也；太；很；而且
credit	信用；贷款；相信；荣誉；学分；贷方；赞扬；归功于；赊欠；存款；记入贷方
point	点；指；指向；观点；要点；意义；小数点；重点；地点；朝向；目标
join	加入；连接；参与；和...一起
science	科学；学科；自然科学；理科；专门技巧
men	人；男人；名词man的复数形式.
categories	类别；种类；范畴；名词category的复数形式.
advanced	先进的；高级的
west	西；西方；西部；西方的；西方国家；西部的
sales	销售；销售额；销售的；名词sale的复数形式.
look	看；样子；寻找；面向；脸色；注视；显得看起来
English	英语；英国人；英语的；英国的；英国人的
left	左边；向左；左边的；动词leave的过去式和过去分词形式.；左派分子
team	队；组；团队的；结成一队
estate	房地产；财产；遗产；庄园；状态
box	盒子；箱子；拳击；耳光；包厢；黄杨木；把…装箱；一拳；专席；巴掌；打耳光
conditions	条件；情况；付款条件
select	选择；挑选；精选的；优等的
windows	微软公司生产的“视窗”操作系统
photos	照片；拍照
gay	同性恋的；快乐的；鲜艳的；放荡的
thread	线；螺纹；穿过；线索；思路；细丝；穿线于
week	周；星期
category	类别；范畴；种类
note	注意；记录；笔记；注解；纸币；便条；音符；音调；票据
live	现场；居住；活的；活着；带电的；过着；直播的；当前的；现场的；燃烧着的
large	大的；大量的；广泛的；夸大地；大号的；狂欢作乐
gallery	画廊；美术馆；走廊；顶层楼座
table	桌子；餐桌；表格；搁置；目录；桌子的；提交讨论；一桌人；台子
register	注册；登记；记录；挂号；登记簿；暂存器
however	然而；无论如何；不管怎样；不管多么
June	六月
October	十月
November	十一月
market	市场；销售；推销；集市；买卖
library	图书馆；藏书；书房
really	事实上；实在；真正地
action	行为；活动；措施；情节；起诉；事件；交战；效用；姿态；机能
start	开始；出发；震动
series	连续；丛书
model	模型；模范；模特儿；模仿；模范的；塑造；做模型；作模型用的
features	特征；容貌；名词feature的复数形式.
air	空气；空中；天空；广播；曲调；使通风；神态；感觉；晾干；装腔作势
industry	工业；行业；产业；勤劳；勤勉
plan	计划；打算；安排；设计；平面图；方法；设计图；策略
human	人；人类；人类的；人的；有人性的
provided	提供的；假如；预备好的；若是；动词provide的过去式和过去分词.
TV	电视机
yes	是；是的；对…说是
required	必需的
second	第二；秒；支持；其次；第二的；片刻；次等的；赞成
hot	热的；辣的；激动地；强烈的；趁热地
accessories	配件；附件；辅助程序；名词accessory的复数形式.
cost	成本；费用；花费；代价；使付出；估算成本
movie	电影
forums	论坛；讨论会
march	三月；行军；行进；前进；进行曲；游行示威；使同行；进发
La	呀；A音的唱名；第六音；啊呀
September	九月
better	更好的；更好地；改善；较好的；更好者；形容词good和副词well的比较级形式；使更好；下赌注者
say	说；讲；比如说；发言权；表明；意见
questions	名词question的复数形式.
July	七月
yahoo	乡下人；《列弗游记》中的人形兽；粗人；雅虎搜寻网站
going	去；离去；进展；运转中的；现有的；流行的；营业中的
medical	医学的；内科的；医疗的；医药的
test	测试；试验；考验；接受测验
friend	朋友；友人；支持者
come	来；来到；达到；成为；接近；来取、来拿
DEC	十二月；美国数字电子公司
server	服务器；侍者；托盘
PC	名词
study	研究；学习；努力；书房；读书；学科；练习曲
application	应用；应用程序；申请；专心
cart	手推车；粗鲁地)拖；(用力
staff	员工；全体职员；拐杖；五线谱；棒；杆；全体人员；配备员工
articles	文章；物品；条款；订契约
san	丛林居民
feedback	反馈；反馈意见
again	又；再
play	玩；游戏；比赛；扮演；踢；演奏；上演；戏剧；播放；带；假装
looking	动词look的现在分词；有 ... 样子的；有 ... 相貌的
issues	议题；债券；子嗣；名词issue的复数形式.；发行物
April	四月
never	从不；绝不；永不；未曾
users	用户；名词user的复数形式.
complete	完成；完整的；完成的；彻底的；使完美；使圆满
street	街道；马路；街道的
topic	话题；题目；标题
comment	评论；注释；闲话
financial	财政的；金融的
things	用具
working	工作上的；劳动的；矿；初步的；暂定的；作业区；基本够用的；做工作的；起作用的；工作方法.
against	反对；违背；逆；防御；映衬；倚靠；相比；相对
standard	标准；标准的；水准；规格；普通的；规范的；军旗
tax	税；负担；课税；斥责
person	人；身体；本人
below	在下面；低于；向下；在 ... 下面
mobile	移动的；易变的；活动的；悬挂饰物；活动物体；可动雕塑
less	减；较少的；更少的；较少地；少量；次要；更少地
got	动词；名词
blog	博客；日志；网络随笔
party	聚会；宴会；政党；一伙人；开派对
payment	支付；报应；报偿；支付的款项
equipment	设备；装备；器材
login	登录；注册
student	学生；学者
let	让；出租；假设；允许；阻碍
programs	名词
offers	提供；提议；提出；出价；贡献；求婚；出现
legal	合法的；法律的；法定的
above	上面的；超过；高于；在上面；以上的；上面的东西；在 ... 上面；上文地；更重要地
recent	近来的；新近的
park	公园；停车；停车场；停放；园区；置于
stores	名词store的复数形式
side	边；侧；方面；支持；一方；侧面；旁边；次要的；边缘；旁的
act	行为；行动；表演；充当；扮演；法案；假装；举止；有效果
problem	问题；难题；习题；成问题的；难对付的
red	红色；红色的
give	给；提供；送；捐助；弹性；举行；供给；弯曲；赠予
memory	记忆；回忆；记忆力
performance	性能；表演；表现；业绩；履行；实行；本事
social	社会的；社会保障；社交的；社交聚会；群居的；社会阶层的；合群的；好交际的
august	八月；尊贵的
quote	报价；引用；引述；举证
language	语言；语言文字；表达方式
story	故事；情节；新闻报道；传说；叙述；谎言；以历史事件为图案装饰
sell	卖；出售
options	选择
experience	经验；经历；体验；感受
rates	速度；认为；比率；价格；等级；值得；费用；估价；责骂；定等级；怒斥
create	创造；造成
key	键；关键；钥匙；关键的；答案；主要的；键入
body	身体；尸体；主体；躯体；正文；主要部分；团体；赋…以形体
young	年轻的；青年人；幼崽；初期的；没有经验的
America	美国；美洲
important	重要的；重大的
field	领域；田野；场地；运动场；田地；野外的；田间的；担任外场员；顺利处理；接球
few	几个；少数；很少的；少数的；少量
east	东方；东部；向东方；东方的
paper	纸；论文；报纸；文件；纸制的；有名无实的
single	单一的；单程票；单曲；单身的；单人房间；单程的；单个的；单人的；单身者；特指某人或某物
ii	二；表示二的
age	年龄；时代；时期；长时间
activities	活动；活跃；表演
club	俱乐部；棍棒；用棍棒打；泡夜总会
example	例子；榜样；举例；警告；作为 ... 的示范
girls	女孩子们；名词girl的复数形式.
additional	额外的；附加的
password	密码；口令
latest	最新的；最近的；最新消息；最后的；最新的潮流；最迟的时间
something	有点；非常；某事物；左右；大致；有价值或重要的人或事物
road	路；道路；途径；方法
gift	礼物；天赋；赠送；才能；赠品；赋予
question	问题；怀疑；疑问；询问
changes	改变；名词change的复数形式.
night	夜晚；夜晚的
Ca	钙(20号元素)；阴极；负极
hard	努力地；困难的；硬的；严重地；残酷的；棘手的；确凿的；坚定地；用力的；强烈地；坚强的
Texas	名词
oct	abbr. 十月（October）
pay	支付；付出代价；薪资；雇用；受益；有良好信用的人；具有开采价值的；赢利；要钱的
four	四
poker	扑克；拨火棍
status	地位；身份；情形
browse	浏览；吃草；嫩叶；随意观看
issue	问题；发行；发表；议题；流出；公布；正式发给
range	范围；一系列；射程；山脉；漫游；排列；排；延伸；闲逛；炉灶；使…站在某一方
building	建筑物
seller	卖方；售货者；畅销品
court	法院；球场；宫廷；追求；奉承；招致；庭院；设法获得；献殷勤
February	二月
always	总是；永远；始终；一直；随时；无论如何
result	结果；产生；成果；成绩；答案；致使
audio	音频；声音的；音响设备；成音频率的
light	光；灯；光线；点燃；照亮；轻的；浅色；明亮的；清淡的；浅色的；轻松的
write	写；书写；填写；作曲
war	战争；斗争；作战
nov	abbr. 十一月（November）
offer	提供；提议；提出；出价；贡献；求婚；出现
blue	蓝色；蓝色的；沮丧的；忧郁的；色情的
groups	组；群；团体；集团；聚合
AL	名词
easy	容易的；舒适的；安逸的；轻松的；不费力的；无约束的；轻微的；随和的
given	考虑到；特定的；假设的；如果；动词give的过去分词形式；不争的事实；有 ... 倾向的
files	名词file的复数形式.
event	事件；大事；项目
release	释放；发行；让与；发射；让渡；准予发表
analysis	分析；解析
request	请求；要求
FAX	传真
China	中国；瓷器；中国的
making	制成；动词make的现在分词形式.；成功之道
picture	画；照片；图画；想像；影片；描述；拍照
needs	需要；名词need的复数形式.
possible	可能的；合理的；尽可能的；适合候选的人
might	可能；也许；威力；力量
professional	专业的；职业的；专业人员；专门的
yet	还；然而；但是；已经；仍然
month	名词
major	主要的；主修；较多的；陆军少校；严重的；成年人；举足轻重者
star	星；明星；以星状物装饰
areas	区域；名词area的复数形式.
future	将来；将来的；前程；期货
space	空间；太空；空格；间隙；空地；分隔；留间隔
committee	委员会
hand	手；给；手艺；传；协助
sun	太阳；阳光；晒太阳；中心人物
cards	扑克牌；名词card的复数形式.
problems	名词problem的复数形式
London	伦敦
Washington	名词
meeting	会议；集会；动词meet的现在分词.；汇合
rss	abbr. 和的平方根（root-sum square）；英国皇家学会会员（Regiae Societatis Socius；等于fellow of the royal society）
become	成为；变得；变成
interest	兴趣；利息；股份
id	本我；私我
child	小孩；产物；子女
keep	保持；继续；保留；保存；饲养；记录；遵守；生计；经营；保护；耽搁
enter	进入
California	加州；加利福尼亚
porn	=pornography/pornographic
share	分享；分担；股份；分配；一份；犁头；共有
similar	类似的
garden	从事园艺活动
schools	学校；院校；名词school的复数形式.
million	百万；百万的；无数的；群众
added	附加的；动词add的过去式及过去分词.；增添的
reference	参考；参照；推荐人；注明出处；出处；附参考资料
companies	公司；企业；名词company的复数形式.
listed	列出的；动词list的过去式和过去分词.
baby	婴儿；婴儿的；宝贝儿；孩子气的人；小型的；溺爱
learning	学习；学问；学识；动词learn的现在分词.
energy	能源；精力；活力
run	跑；奔跑；流；运转；持续；竞选；路程；趋向；运营；行驶；浇铸的
delivery	交付；传递；分娩；递送；转让；投球；演讲姿态
net	网；网状物；纯粹的；净余的
popular	受欢迎的；流行的；大众的；通俗的
term	学期；术语；期限；条款；条件；名词；把 ... 称为
film	电影；胶卷；薄膜；把 ... 拍成电影
stories	故事（story的复数）
put	放；表达；出发；安置；使处于；开航；记下；提交；推铅球
computers	计算机；名词computer的复数形式.
journal	日记；期刊；日志
reports	报告；报到；报导；举报；成绩单；传闻；爆炸声；叙述
Co	共同；联合；一起；郡
try	尝试；努力；设法；试验；审判；考验
welcome	欢迎；受欢迎的
central	中心的；中央的；主要的；中心枢纽；中央办公室；起支配作用的；电话交换机；有控制力的
images	图像；形象；影像；印象；想像；反映；肖像；描绘
president	校长；总经理；社长
notice	注意；通知；布告；留心
God	神；偶像；天呐
original	最初的；原始的；原版；有独创性的；原版的；真品；怪人；起源；有独创性的人
head	头部；头脑；前进；首要的；为首；顶端；朝向；前面的；领袖；硬币的正面
radio	无线电；收音机；用无线电通讯
until	直到…为止；在...之前；在...以前；直到...的程度；直到 ... 的时候；直到 ... 时候才 ...
cell	细胞；电池；单人牢房；蜂房的巢室；小房间；政治小组
color	颜色；彩色；颜料；脸红；渲染；着色；把 ... 涂颜色
self	自我；自己；你自己；本性；我自己；始终如一的
council	委员会；委员；理事会；会议；地方议会
away	离开；消失；遥远的；在远处；不在的；远离；客场的；朝另一个方向；一直
includes	动词include的第三人称单数形式
track	跟踪；追踪；轨道；跑道；小路；踪迹；乐曲
Australia	澳大利亚
discussion	讨论；谈论
archive	档案；存档；档案馆
once	一次；曾经；一旦；曾经的
others	其他的；另一个；另外的；另一边；以其他方式
entertainment	娱乐
agreement	协议；一致；同意
format	版式；设计；安排；使格式化
least	最小；最少；最小的；最少的；最少地；最小地；最轻微地
society	社会；协会；社团；交往；社交圈
months	月份；名词month的复数形式.
log	圆木；原木；伐木
safety	安全；保险
friends	朋友；名词friend的复数形式.
sure	当然；确信的；必定；可靠的；肯定的；不用客气；沉着自信的；确实地；无疑地
FAQ	中等品；码头交货(价格)；常见问题文本
trade	贸易；交易；行业；交换；做生意；顾客；交易量；同行；营业额；从事贸易
edition	版；版本
cars	汽车；车辆；名词car的复数形式.
messages	信息；名词message的复数形式.
marketing	市场营销；行销
tell	告诉；讲述；吩咐；辨别；产生效果；告发；判断；表达；泄露
further	更远的；促进；推动；进一步地；此外
updated	更新的；适时的
association	协会；联合；联想；交往；社团；结合
able	能干的；有能力的；能够的
having	所有；持有；动词have的现在分词形式.
provides	提供；供给；规定；准备；抚养
david	名词
fun	乐趣；有趣的；玩笑
already	已经
green	绿色；绿色的；草地；变绿；未成熟的；无经验的
studies	名词study的复数形式；动词study的第三人称单数
close	关；结束；接近；靠近；近的；收盘；亲近的；严密的；势均力敌的；停业；闷热的
common	常见的；普通；共同的；普通的；公地；平凡的；粗俗的；平民；平常的；公园
drive	开车；路；驾车；驱赶；驱使；迫使；街；推进力；快车道
specific	明确的；特殊的；特效药；特性；详情；具有特效的
several	若干；几个的；各自的；若干的
gold	金牌；金子；金币；金色的；金黄色；金制的
feb	abbr. 二月（February）
living	生活；生计；活着的；生动的；动词live的现在分词.
Sep	九月
collection	收集；收藏品；募捐；聚集
called	打电话；呼叫；访问；召唤；把 ...称为；把 ... 看作
short	短的；缺少；短期的；矮的；短缺的；未达到；简略的；电影短片；粗暴无礼的
arts	文科
lot	很；许多；大量；抽签；命运；非常；签；批；一块地；拍卖品；划分
ask	要求；询问；请求；邀请；开价；期待
display	显示；陈列；炫耀；表现；夸示
limited	有限的；被限制的；动词limit的过去式和过去分词形式.
powered	有动力装置的；产生动力的；动词power的过去式和过去分词形式.；装有发动机的
solutions	解答
means	手段；方法；收入；财产
director	导演；经理；董事；指挥者
daily	每日；日报；日常的；天天；每日的
beach	海滩；沙滩；海滨
past	过；过去的；经过
natural	自然的；天然的；私生的
whether	是否；无论；不管
due	到期的；应有的；应付的；应得物；会费；预定的
Et	连词；名词
electronics	电子学；电子器件
five	五
upon	逼近；在 ... 上；紧接着
period	时期；一段时间；周期；句号；学时；月经；课时
planning	计划；规划；设计
database	数据库
says	动词
official	官员；官方的；正式的；公务上的
weather	天气；气象；使风化；风化；经受住；经受风雨；境遇
mar	毁坏；破坏；污点；瑕疵
land	土地；陆地；着陆；国土；得到；靠岸；使靠岸；使着陆；跌落地面
average	平均水平；平均数；平均的；一般的；达到平均水平；通常的；取平均值
done	行；煮熟的；合乎礼仪的；累坏的；对的；完成了的
technical	技术的；专业的；工艺的
window	窗户；橱窗；视窗
France	法国
pro	赞成；赞成的；专业的；正面地；正面；能手；行家
region	地区；范围；地带；领域；地域
island	岛；岛屿；岛状物
record	记录；纪录；唱片；记载；前科；显示；经历
direct	直接的；指挥；指示；命令；笔直的；坦白的；对准
Microsoft	名词
conference	会议；讨论会；会谈；协商会
environment	环境；外界
records	记录；名词record的复数形式.
ST	名词
district	地区；行政区；把 ... 划分成区
calendar	日历；历法；日程表；一览表；把 ... 列入日程表
costs	费用；讼费；名词cost的复数形式.
style	风格；文体；时尚；类型；式样
URL	统一资源定位器；通用资源定位设备标准
front	前面；前面的；朝向；前线；正面；面对；对付；掩护；面朝
statement	声明；陈述
update	更新；升级
parts	部件；组装零件；名词part的复数形式.
Aug	八月；=August.
ever	永远；曾经；一直；究竟；在任何时候
downloads	下载
early	早
miles	英里；名词mile的复数形式.
sound	声音；听起来；合理的；可靠的；发音；健康的；完好的；感觉；酣畅地；发出声音；探询
resource	资源；消遣；才略
present	礼物；现在；现在的；提出；呈现；出席的；当前的；赠送；存在的
applications	应用程序；申请书；名词application的复数形式.
either	任一；任一的；两方的
ago	以前
document	文件；文档；公文；记载
word	单词；诺言；消息；话语；用词语表达
works	工厂；修建；机器部件；全套物品
material	材料；物质；原料；重要的；物质的；资料；素材；实质性的；题材；关键的
bill	帐单；议案；清单；钞票；节目单；爱抚；开帐单；用海报宣传；帽舌；鸟喙；锚钩
APR	替换通路再试器
written	书面的；写成文字的；动词write的现在分词形式.
talk	谈话；交谈；讨论；讲话；会谈；演讲；空谈；商讨；阐述
federal	联邦政府的；同盟的；联邦主义者；同盟盟友；联邦制的
hosting	作战；群众或部队的集合；动词host的现在分词形式.
rules	规则；规章；制度；名词rule的复数形式.
final	最后的；最终的；决赛；期终考试；决定性的；大学毕业考试；不可改变的
adult	成年人；成年的；成熟的；成年动物；适合成年人的；理智的
tickets	票；售票；券；罚单；标签；加标签于；候选人名单；开罚单
thing	事情；东西；情况；用具
centre	中心；中心的；居中；中央的；使集中
requirements	要求；必要条件
via	通过；经由
cheap	便宜的；廉价的
nude	与生俱有的；无装饰的
kids	小孩；开玩笑；小山羊；哄骗；较年幼的；年轻人；嘲弄；捉弄；小山羊皮制品
finance	金融；财政；资金；负担经费；给 ... 提供资金
true	真的；真实的；真实地；精确的；真相；准确的；精确；忠诚的；准确地；使...平衡
minutes	分钟；会议记录；名词minute的复数形式.
else	其他；此外
mark	记号；痕迹；商标；分数；做标记；打分；留意；弄污
third	第三；三分之一；三分之一的；第三的
rock	岩石；摇滚乐；摇动；使震惊；使动心
gifts	礼物；天赋；赠送；才能；赠品；赋予
Europe	欧洲；欧盟
reading	阅读；读数；读物；理解；异文；动词read的现在分词.
topics	abbr. 总联机程序和信息控制系统（Total On-line Program and Information Control System）
bad	坏的；坏事；不好的；严重的；非常；坏人；有害的；不好地；低劣的；差的；不舒服的
individual	个人；个体；单独的；一个人的；独有的
tips	秘诀；技巧；小贴士；小窍门
plus	加；加上；加号；并且；正的；优势；正数
auto	汽车；乘汽车；自动的
cover	封面；覆盖；盖子；掩护；涉及；包含；表面；套子；给…保险
usually	通常；经常
edit	编辑；剪辑；校订
together	一起；共同；连续地；一致；协调；镇定的；有能力的
videos	视频；录像；视频的；录像的；录制电视节目
percent	百分比；百分之 ...；百分之 ... 的
fast	快的；禁食；斋戒；迅速的；紧紧地；快速地；紧的；放荡的；深深地
function	函数；功能；运行；重大聚会；起作用；职务
fact	事实；实际；真相
unit	单位；单元；部件；组件
getting	获得；动词get的现在分词.
global	全球性的；总的；球状的
tech	技术；技术人员；技术学校
meet	满足；运动会；遇见；集会；合适的
far	远；很；远远；远方；远方的；非常；较远的；最远的；进展程度
economic	经济的；经济学的；有利可图的
en	作为；半方；一起；在 ... 中
player	演奏者；播放器；演员；比赛者；游戏的人
projects	项目；企划；工程（project的复数）
lyrics	歌词；抒情诗
often	经常；时常；屡次
subscribe	订阅；同意；支持；签名；捐赠
submit	提交；递交；使服从；认为；使屈服；屈从
Germany	德国
amount	数量；总额；等于；总计
watch	手表；观看；监视；注视；看守；值班
included	包括的；内藏的；动词include的过去式和过去分词.
feel	感觉；觉得；认为；触摸；摸索；触觉；摸起来
though	虽然；尽管；然而；可是
bank	银行；岸；库；堤；开户；把钱存入银行
risk	风险；危险；投资报酬的风险
thanks	谢谢
everything	一切；情况；所有事物；最重要的东西；形势
deals	交易；处理；应付；大量；经营；协定；分配
various	各种各样的
words	言语；话语；字（word的复数）
linux	一种可免费使用的UNIX类型操作系统
Jul	七月
production	生产；产量；制作；作品；成果；分泌
commercial	商业广告；商业的
james	男子名)；詹姆斯(姓氏
weight	重量；体重；重要；重任；使倾斜
town	城镇；城市；商业区
heart	心；内心；中心；要点；鼓励；红桃
advertising	广告；广告业
received	收到的；公认的；被承认的；动词receive的过去式和过去分词.
choose	选择；决定
treatment	治疗；处理；对待
newsletter	时事通讯；新闻信札
archives	档案；档案馆；名词archive的复数形式.
points	积分；点数；名词point的复数形式.
knowledge	知识；了解；知道；学问；认识
magazine	杂志；弹药库；弹盘
error	错误；误差；过失；谬误
camera	照相机；摄像机
Jun	六月
girl	女孩；姑娘；女朋友；女儿；女孩的；女职员；少女；老妇人
currently	现在；当前；通常
construction	建设；结构；建造；构造；解释；建筑物
toys	玩具；名词toy的复数形式.
registered	注册的；登记过的；记名的；动词register的过去式和过去分词.
clear	清除；清晰的；明确的；清楚的；清楚地；清澈的；澄清；晴朗的；放晴；空地；清空
golf	高尔夫球；打高尔夫球
receive	收到；接待；接到
domain	领域；范围；领地
methods	方法；名词method的复数形式.
chapter	章；篇；回
makes	做；动词make的第三人称单数.
protection	保护；防卫
policies	政策；保险单；方针
loan	贷款；借；借出；供应货款
wide	广泛的；广阔的；广阔地；渊博的；睁得大的；张的很大地；偏离目标的；没有完全获胜把握
beauty	美丽；美人；美的东西
manager	经理；管理者；管家
India	印度
position	位置；职位；立场；定位；状态；安置
taken	动词take的过去分词
sort	分类；整理；种类；处理；某一种人；安排妥当
listings	表
models	模型( model的名词复数 )；模特儿；模式；典型
michael	名词
known	已知的；有名的；动词know的过去分词.
half	一半；下半场；一半的；一半地；不完全的；半学年；不完全地
cases	案例；名词case的复数形式.
step	步骤；踏；台阶；步伐；舞步；以步测量
engineering	工程；工程学
Florida	名词
simple	简单的；单纯的；朴素的；笨的
quick	快；迅速的；快的；迅速地；机敏的
none	没有人；决不
wireless	无线电；无线的
license	许可证；执照；特许；发许可证给
paul	名词
Friday	星期五
lake	湖；湖泊；深红色
whole	全部；整体；全部的；完全；完整的；完整；整体的
annual	每年的；年刊；年度的；一年生植物；一年生的
published	出版；发行；公开发表
later	后来；以后的；接近末期的；后来的；稍后
basic	基本的；基础；基础的；根本；初级的；含硅少的
sony	主要经营电子、娱乐的公司)；索尼(总部在日本
shows	表明；说明；名词show的复数形式.；放映；展览
corporate	公司的；共同的；法人的；全体的；社团的
google	谷歌；搜索引擎技术；谷歌公司
church	教堂；教堂的；礼拜仪式
method	方法；条理；类函数
purchase	购买；购买的物品
customers	顾客；名词customer的复数形式
active	活跃的；积极的；起作用的；灵活的
response	反应；响应；回答；答复
practice	实践；练习；实行；习惯；业务；开业；执业
hardware	五金器具；武器装备
figure	数字；人物；图形；认为；外形；图表；塑像；形状；体型；领会到；演算
materials	原料；素材；名词material的复数形式.
fire	火；开火；解雇；炉火；点燃；热情；失火；急速地连续说
holiday	假日；节日
chat	聊天；闲谈；谈天
enough	足够；足够的；足够地；尚；相当；充分地
designed	有计划的；故意的；动词design的过去式和分词过去分词.
along	沿着；向前；顺着；一起
among	...之一；在 ... 之中
death	死；死亡；毁灭；死因
writing	写作；作品；笔迹；著述
speed	速度；加速；迅速；急行
HTML	超文本标记语言
countries	国家；名词country的复数形式.
loss	损失；丧失；遗失；失败；失落；死亡
face	脸；面对；表情；朝；面向；表面
brand	牌子；商标；烙印；铭记；加污名于；标记；打烙印
discount	折扣；贴现；贴现率；打折扣；不全信；不重视；减息贷款
higher	更高的；高等的
effects	财物；个人财产；动产
created	创造；创造的；制造；创作；设立；创设
remember	记得；回忆；想起；提及
standards	规格；名词standard的复数形式.
oil	油；加油；油画颜料；涂油
bit	小块；马嚼子；钻头；少量；约束；片刻；动词bite的过去式和过去分词；钥匙齿
yellow	黄色；黄色的；黄种人；蛋黄
political	政党的；政治上的；政治的；争权夺利的；人事的
increase	增加；提高；增强
advertise	宣传；登广告；告知
kingdom	王国；界；领域
base	基础；基地；底部；基数；卑鄙的；基线；不道德的；以 ... 作基础
near	附近；近的；靠近；接近；临近；几乎；在附近；濒临
environmental	环境的；有关环境的
thought	思想；想法；关心；打算；观念；顾虑；意向；思念
stuff	东西；材料；原料；素质；塞满；填满；废物；本质
French	法语；法国人；法国的；法语的；法国人的；切成细条
storage	贮藏；仓库；保管；保管费
oh	哦；啊呀
Japan	日本；漆器；用亮漆装饰
doing	做；动词do的现在分词.
loans	贷款
shoes	鞋子；名词shoe的复数形式.
entry	条目；进入；入口；进入权
stay	保持；逗留；停留
nature	自然；性质；自然界；本性；类型；自然状态
orders	牧师职；神职
availability	可用性；有效；有益；有用
Africa	非洲
summary	摘要；总结；概要的；简略的；即决的
turn	转动；转向；旋转；轮流；翻转
mean	意味；平均值；意思是；卑鄙的；平均数；打算；吝啬的；中庸；刻薄的；平均的；中间
growth	生长；发展；种植
notes	注意；记录；笔记；注解；纸币；便条；音符；音调；票据
agency	代理；代理处；政府机构
king	国王；王的；上帝；耶稣；基本的
Monday	星期一
European	欧洲的；欧洲人；欧洲人的
activity	活动；活跃；表演
copy	复制；副本；一份；抄袭；抄写；复制品；一册；抄本
although	虽然；尽管；然而；可是
drug	药；毒品；使服麻醉药；使服毒品
PICS	照片；电影
western	西方的；西部的；西方人；西部片；西部小说；西洋的
income	收入；所得；收益
force	力；力量；强迫；迫使；强制；部队；武力；军队；暴力；权力
cash	现金；兑现；现金的；付现款
employment	职业；雇用；使用
overall	总的来说；全部的；工作服；总体的；罩衫；总共；全面考虑的
bay	海湾；月桂树；哀号；红棕色；嗥叫；隔间；犬吠
river	河；河流；江；水道
commission	委员会；佣金；委任；委托；使服役；犯罪；授予
ad	名词
package	包裹；把 ... 进行推销；把 ... 打包；整批交易
contents	内容；目录；内有的物品
seen	看得见的
players	运动员
engine	发动机；引擎；机车；火车头；给 ... 装引擎
port	港口
album	相册；唱片；唱片集；集邮册；纪念册
regional	地区的；局部的；方言的；当地的；分部
stop	停止；车站；阻止；停留；逗留
supplies	物资；名词supply的复数形式.；贮藏量
started	出发；启程( start的过去式和过去分词 )；起动；提出（问题）；开办
administration	管理；行政；行政部门；实施；任期
bar	酒吧；条；禁止；横木；闩上；阻挠；栅
institute	学院；学会；协会；开始；制定；创立
views	见解；名词view的复数形式.
plans	平面图；预划；名词plan的复数形式.
double	两倍；双重的；两倍的；双份；翻一番；成双的；使 ... 加倍
dog	狗；跟踪；家伙；卑鄙的人；没用的东西
build	建造；开发；体格；创建；身材；逐渐增强
screen	屏幕；筛；屏风；检查；放映；银幕；纱门；纱窗；隔板；掩蔽；包庇
exchange	交换；兑换；交易所；交战
types	类型；打字；名词type的复数形式.
soon	不久；很快；早；快
sponsored	赞助；发起；赞助者；主办者；发起者；保证人；倡议
lines	台词
electronic	电子的；电子学的
continue	继续；持续；连续；维持
across	穿过；横过；在对面；朝向特定的方向；在…各处；横写地
benefits	利益；收益；福利；效益（benefit的复数形式）
needed	需要的；动词need的过去式和过去分词形式.
season	季节；赛季；旺季；时期；风干；适应；给 ... 调味
apply	应用；申请；涂；使专心从事；有关联
someone	有人；某人
held	动词hold的过去式和过去分词形式；拿着；控制；容纳；握住；持有；保持；掌握；认为；举行
NY	纽约
anything	任何事；任何东西；重要事物；在任何程度上
printer	打印机；印刷工
condition	条件；情况；决定；训练；以 ... 为条件
effective	有效的；实际的；生效的
believe	相信；认为
organization	组织；机构；有组织的
effect	影响；效果；效应；结果；引起；印象；要旨
asked	请求的；动词ask的过去式和过去分词.
eur	欧洲；欧洲人；欧元
mind	心；介意；头脑；想法；注意；精神；记忆；理智；专心于；意见；照顾
Sunday	星期日；星期日的
selection	选择；挑选；挑选出来的人或事
casino	赌场；娱乐场；一种牌戏
pdf	abbr. 概率分部函数（Probability Distribution Function）
lost	丢失的；迷路的；失败的；不知所措的；错过的；被杀死的；忘我的；不能理解的；摧毁的；动词lose的过去式和过去分词形式
tour	旅游；旅行；巡回；观光；周游
menu	菜单
volume	卷；体积；音量；容量；册
cross	交叉；十字架；穿过；杂交；十字形；交叉的；相反的；苦难；阻挠；反对；杂交的
anyone	任何人
mortgage	抵押；抵押贷款；按揭
hope	希望；期望；盼望
silver	银；银色的；银的；银币；银器；银灰色；镀银于
corporation	公司；法人
wish	希望；愿望；想要；渴望；命令
inside	内部；里面的；在里面；在 ... 里面
solution	溶液；解决办法；解答；溶解；设计
mature	成熟；成熟的；长成；考虑周到的
role	作用；角色
rather	相当；宁愿；有点儿
weeks	名词
addition	加法；增加；附加物
came	来；来到；达到；成为；接近；来取、来拿
supply	供应；提供；补充；补给；贮备
nothing	没有；没有什么；毫不；空；一点也不；微不足道的事
certain	某些；某种；肯定的；特定的；确定的；某几个；某事；某人；轻微的
usr	abbr. 不加热血清反应素玻片试验（Unheated Serum Reagin）；用户服务例行程序（User Service Routine）；美国机器人公司（U.S. Robotic）
executive	行政部门；行政主管；行政的；经营的；决策者；决策的
running	运转；跑步；管理；连续地
lower	降低；低的；减弱；跌落；下级的；下层的
necessary	必要的；必需品；必然的
union	工会；联盟；结合；工会的；联邦政府的
jewelry	珠宝；珠宝类
according	根据；按照
DC	直流电；数据单元；数据中心；数据代码；数据通信；数据控制；数字控制；直流
clothing	覆盖物
mon	abbr. 发动机辛烷值（Motor Octsne Number）；星期一（Monday）
COM	计算机输出缩微胶片；计算机输出胶片缩微机
particular	特定的；特别的；特殊的；细节；挑剔的；详情；专指的
fine	好的；罚款；晴朗的；罚金；细化；精致的；健康的；细微的；优质的；恰好地；结尾
names	名词name的复数形式.；复合名
Robert	名词
homepage	名词
hour	小时；钟点
gas	气体；煤气；汽油；空谈；空话
skills	技能
six	六
bush	灌木丛；矮树；丛生
islands	岛屿；名词island的复数形式.；孤立体；飞行甲板上层建筑
advice	建议；忠告；劝告
career	职业；事业；生涯；猛冲；飞跑
military	军队；军事的
rental	租费；租借；地租的；租借的
decision	决定；判决；决心
leave	离开；许可；留给；遗留；听任；委托；准假；告别；遗赠；生出叶子
British	英国的；英国人；英式英语；英国人的；不列颠的
teens	名词teen的复数形式.
pre	abbr. 炼油工程师（Petroleum Refining Engineer）
huge	巨大的；庞大的；极大的
sat	动词；名词
woman	女人；妇女；女人的
facilities	设施；设备；工具；名词facility的复数形式.
zip	尖啸声；拉链；活力；给...以速度；使增加活力；拉(拉链)；有力而迅速地行动；嘘嘘地响；拉拉链
bid	出价；投标；叫牌；努力；吩咐
kind	善良的；种类；仁慈的；亲切的；本质；宽容的
Sellers	塞勒斯（姓氏）
middle	中间；中间的；中等的；放在中间；中期的；把 ... 对折
move	移动；搬家；提议；步骤；采取行动；动作；推动；迁居；使移动；使 ... 感动
cable	缆；电缆；索；电报；发电报
opportunities	机会( opportunity的名词复数 )；适当的时机；条件；就业（或晋升、进步等）的良机
taking	取得；迷人的；会传染的；捕获；售得金额；动词take的现在分词.
values	价值观念；价值标准；名词value的复数形式.
division	部门；除法；划分；分开
coming	来临；将来的；就要来的；动词come的现在分词.
Tuesday	星期二
object	对象；反对；物体；目标；宾语；提出 ... 作为反对的理由
lesbian	同性恋的；同性恋的女性；莱斯博斯岛的；莱斯博斯岛人
appropriate	适当的；占用；相称的
machine	机器；工具
logo	标识；商标；图形
length	长度；一段；时间长短；距离；距离的测量单位
actually	实际上；事实上
nice	好的；友好的；令人愉快的；美妙的；精细的
score	得分；刻痕；乐谱；二十；记分；划线；得胜；获胜；刻划；给 ... 谱曲
statistics	统计；统计数字；统计学
client	客户；委托人
OK	好；可以；不错
returns	报告；名词return的复数形式.；统计表；研究成果
capital	资本；首都；资本的；大写字母；大写的；首要的
follow	跟随；遵循；沿着；注意；追赶；明白；紧接着
sample	样品；样本；取样；采样
investment	投资；投入；投资额
sent	动词；名词
shown	动词；名词
Saturday	星期六
Christmas	圣诞节
England	英国；英格兰
culture	文化；栽培；教养
band	队；乐队；带；联合；波段；结合；一群；箍；绑扎
flash	闪光；闪现；掠过；一刹那；亵渎性暴露
MS	美国微软公司；主存储器；制造系统；毫秒；微软公司
lead	导致；铅；领先；引导；主角；带领；榜样；引言
george	英国最高勋爵勋章上的圣乔治诛龙图
choice	选择；抉择；挑选；精选的；上等的
went	动词go的过去式形式
starting	开始；出发；动词start的现在分词.
registration	注册；登记；挂号
fri	abbr. 最终成品抽验（Final Random Inspection）
Thursday	星期四
courses	课程
consumer	消费者；消费品；用户
hi	嗨(引人注意时的喊声；打招呼)
airport	机场；航空站
foreign	外国的；外来的；异质的；不相符的
artist	艺术家；美术家；艺人
outside	外面；在外面；外部的；在 ... 外边
furniture	家具；必要的附属品
levels	层次；动词level的第三人称单数形式.；名词level的复数形式.
channel	通道；频道；海峡；方法；引导；形成河道
letter	信；字母；写下；印刷
mode	模式；方式；风格；样式
phones	电话；打电话；电话机；听筒；耳机
ideas	观念
Wednesday	星期三
structure	结构；组织；构造；建筑物；建造
fund	基金；资助
summer	夏天；夏季；夏季的；度过夏天
allow	允许；留出；让某人得到
degree	程度；学位；度数
contract	合同；契约；合约；订合同；婚约；缩小；缩短
button	按钮；纽扣；扣上纽扣；用纽扣装饰
releases	释放；发行；让与；发射；让渡；准予发表
wed	结婚；结合
homes	家；在家；回家；家庭；国内的；回国；家用的；总部的；收容所；发源地；在国内
super	极好的；超级的
male	男子；男性的；雄性的；雄性动物
matter	问题；物质；事情；有关系；要紧；重要性；事态；关于...的事情
custom	风俗；习惯；定制的；惯例；关税；定做的
Virginia	名词
almost	几乎；差不多；相近的
took	动词；名词
located	位于；处于
multiple	倍数；并联；多种多样的；许多的
Asian	亚洲的；亚洲人；亚洲人的
distribution	分布；分配；分发；散布；销售量
editor	编辑；编者；影片剪辑装置
inn	客栈；小旅店
industrial	工业的；产业的；工业公司
cause	引起；原因；理由；事业；使发生
potential	潜在的；潜力；潜能；可能的；电位；电势
song	歌曲；歌唱
cnet	abbr. 科技资讯网（CNET News）；中央交换网框；法国国家电信研究中心
Ltd	名词
los	abbr. 月球轨道航天器（Lunar Orbiter Spacecraft）；视线（Line of Sight）
HP	马力；分期付款购买法；惠普公司
focus	焦点；中心；焦距；聚集
late	晚；迟；晚的；已故的；迟的；最近的；末期的
fall	秋天；落下；瀑布；倒下；来临
featured	动词feature的过去式和过去分词；作为特色的；有...特征的
idea	想法；主意；意见；观念；看法；印象；目标；感觉
rooms	房间；空间；机会；寄宿；给…提供留宿
female	女性；女性的；雌性的；雌性动物
responsible	负责的；有责任的；可靠的；责任重大的
Inc	名词
communications	通信技术；通讯设备；名词communication的复数形式.
win	赢；赢得；胜利；获胜；获得
associated	联合的；相关的
Thomas	托马斯(姓氏；男子名)
primary	主要的；原色；首要的；初级的；初选；要素；第一位；最主要者；初期的；初级线圈；根本的
cancer	癌；肿瘤；巨蟹座；毒瘤
numbers	名词number的复数形式.
reason	原因；理由；推理；理性；理智；劝说；理论
tool	工具；手段；使用工具；用具；用工具加工
browser	食草动物
spring	春天；弹；春季；弹簧；跳；泉水；出现；生长；涌出；弹力；突然提出
foundation	基础；根据；创建；根基
answer	回答；答案；答复；接电话
voice	声音；嗓音；表达；发言权；意见
eg	名词
friendly	友好的；友善的；友好地
schedule	安排；计划；预定；一览表；编制目录
documents	文件；文档；公文；记载
communication	沟通；通信；交流；通讯；传达
purpose	目的；意图；决心；打算；决意；议题
feature	特征；特色；特写；故事片；起重要作用；容貌；以 ... 为特色
bed	床；河床；苗圃
comes	来自；从…来（come的三单形式）
police	警察；警方；监督；管辖；维持治安
everyone	人人；每人
independent	独立的；自主的；无党派者；无偏见的；独立派人士；独自的
IP	互联网协议
approach	方法；接近；途径；靠近；接洽；要求；达到
cameras	摄像机；照相机；摄影机；暗箱
brown	棕色；褐色；棕色的；褐色的
physical	身体的；物质的；物理的；体力的
operating	操作的；手术的；动词operate的现在分词形式.
hill	小山；斜坡；山冈；丘陵；堆起；培土
maps	地图；名词map的复数形式.
medicine	药；医学
deal	交易；处理；应付；大量；经营；协定；分配
hold	举行；保持；控制；持有；握住；容纳；认为；把握；掌握；拿着；影响
ratings	评定等级
Chicago	芝加哥
forms	形式；表格；年级；名词form的复数形式.
glass	玻璃；玻璃杯；玻璃制品；镶玻璃
happy	幸福的；高兴的；幸运的；乐意的
tue	abbr. 星期二（Tuesday）
smith	铁匠
wanted	动词want的过去式及过去分词.；受到通缉的
developed	发达的；成熟的；动词develop的过去式和过去分词.
thank	感谢；谢谢；谢意；责怪
safe	安全的；保险箱；可靠的；谨慎的；安然无恙的
unique	独特的；独一无二的；稀罕的
survey	调查；研究；测量；问卷；审视；环视
prior	优先的；在前的；更重要的；在前；居先
telephone	电话；打电话
sport	运动；体育；运动的；嬉戏；炫耀；戏弄
ready	现成的；准备好的；乐意的；情愿的
feed	饲料；喂养；饲养；一餐；吃饲料；进餐；靠 ... 为生；向 ... 提供
animal	动物；动物的；牲畜；野兽的
sources	来源；原始资料；发源地；从...获得
Mexico	墨西哥
population	人口；群体
PA	名词
regular	规则的；正规的；经常的；整齐的；有规律的；定期的
secure	安全的；获得；固定；使安全；牢靠的；稳妥的
navigation	导航；航行；航海
operations	运作；运营；业务操作（operation的复数）
therefore	所以；因此
ass	驴；愚蠢的人
simply	仅仅；简单地；简直
evidence	证据；证明；迹象；证词；根据；证实
station	站；火车站；驻地；电视台；安置；岗位；驻扎；牧羊场
Christian	基督徒；基督教的；基督徒的
round	圆的；围绕；圆形物；绕行；丰满的；球形的；巡视；四处；完整的；弄圆；大量的
paypal	贝宝（全球最大的在线支付平台）
favorite	喜爱的；流行的；最喜爱的人或物；最有希望获胜的选手
understand	理解；明白；懂得；听说；认识到；获悉
option	选择权；得到或获准进行选择；可选物
master	主人；控制；硕士；精通；主人的；主要的；精通的；专家
valley	山谷；流域；溪谷
recently	最近
probably	或许；很可能；大概
thu	abbr. 星期四（Thursday）
rentals	住房出租；租金收入（rental的复数形式）
sea	海；海洋
built	有特定体格的；体型美的；动词build的过去式和过去分词.
publications	出版物；名词publication的复数形式.
blood	血；血统；流血；仇恨
cut	切；剪；削减；割；剪辑；切口；切牌；式样；伤害
worldwide	在全世界；全世界的
improve	提高；改善；改进；变得更好
connection	连接；联系；关系；亲戚
publisher	出版社；出版者；发行人
hall	大厅；礼堂
larger	更大的；较大的
anti	反对；反对者；反对的
networks	网络；网状系统；网点
earth	地球；泥土；世间
parents	父母；双亲；名词parent的复数形式.
nokia	诺基亚（财富500强公司之一）
impact	影响；冲击；撞击；冲击力；产生影响；压紧；挤入
transfer	转移；迁移；转乘；调任；换车；移动；汇兑
introduction	介绍；引进；导论；序言
kitchen	厨房；灶间
strong	强烈的；强大的；强壮的；坚强的；强劲的；浓的；擅长的；坚挺的；结实的；坚定的；浓烈的
tel	abbr. 试验仪器清单（Test Equipment List）
Carolina	名词
wedding	婚礼；结合
properties	属性；性能；地产；道具；资产
hospital	医院
ground	地面；根据；立场；地方；背景；放在地上；使停飞；动词grind的过去式和过去分词形式；打基础；水平；困在家中
overview	总结
ship	船；舰；装运
accommodation	住处；和解；适应；膳宿
owners	业主
disease	疾病
TX	终端执行程序；结核菌素X(接触性结核菌素的衍生物)
excellent	优秀的；极好的；杰出的
paid	有薪俸的；动词pay的过去式和过去分词.；已付钱的
Italy	意大利
perfect	完美的；理想的；完全的；使完美；使完全；十足的；完满的
hair	头发；毛发；极少量
opportunity	机会；时机
kit	装备；工具箱；成套工具
classic	传统的；古典的；最优秀的；杰作；古典作品；第一流艺术家
basis	基础；根据；基底
command	命令；指挥；掌握；博得
cities	城市；都市；特权市；特许市；全体市民
william	名词
express	表达；表示；快递；明确的；快车；专使；用快递；挤压出；直接的
anal	肛门的；肛门附近的；直肠的
award	奖；授予；奖品；给予；判给
distance	距离；远方；路程；与 ... 保持距离
tree	树；树状物
peter	耗尽；慢慢消失
assessment	评估；评价；评定
ensure	确保；保证；担保；使安全
thus	因此；如此；这样；从而
wall	墙壁；墙状物；垣；隔开；围住
IE	名词
involved	涉及的；复杂的；牵连的；有密切关系的；动词involve的过去式和过去分词.；感情投入的
el	abbr. 预期损失（Expected Loss）
extra	额外的；临时演员；特别地；额外之物
especially	特别；尤其
interface	接口；界面；连接；作接口
pussy	小猫；多脓的；少女
partners	伙伴；伴侣；合伙人；搭档；同 ... 合作
budget	预算；廉价的；节省开支；编预算
rated	额定的；动词rate的过去式和过去分词形式.
guides	导架；名词guide的复数形式.
success	成功；成就；胜利；成功的人或事
maximum	最大限度；最高的；最大量；最大极限的；最高点
MA	名词
operation	操作；手术；行动；经营；运转；运算；生效
existing	现有的；现存的；动词exist的现在分词形式.
quite	很；相当；十分；完全
selected	选定的；动词select的过去式和过去分词.
boy	男孩；儿子；男服务员
amazon	亚马逊河；高大强壮的女人
patients	病人；名词patient的复数形式.
restaurants	餐馆
beautiful	美丽的；好的；出色的
warning	警告；警报；警告的；预兆；告诫的
wine	酒；葡萄酒；喝酒；紫红色；使人沉醉的东西
locations	位置；地点；定位；名词location的复数形式.
horse	马；骑马；马的
vote	投票；选举；表决；选举权；投票结果
forward	促进；转交；向前的；发送；早熟的；未来的；热心的；前部的；向前地；将来的；莽撞的
flowers	花；开花；成熟；精华；开花植物；用花装饰；盛时
stars	明星类；明星（star的复数形式）
significant	重要的；有意义的；显著的；意味深长的
lists	名词
technologies	技术；工艺；工艺学
owner	所有人；物主
retail	零售；以零售形式
animals	动物；动物世界；牲畜（animal的复数形式）
useful	有用的；有益的；实用的
directly	直接地；立即；正好地；完全
manufacturer	制造商
ways	方法；名词way的复数形式.
EST	(美国)东部时间
son	儿子
providing	假如；动词provide的现在分词.
rule	规则；统治；习惯；支配；条例；直尺；画直线
mac	苹果机
housing	房屋；住宅；外壳；遮盖物；外罩；外套；卡箍
takes	取；需要；拿；接受；认为；花费；搭乘；执行；理解
iii	罗马数字3
GMT	格林威治平均时；格林威治平均时间
bring	带来；促使；引起；产生；劝诱
catalog	目录；大学概况手册；做目录；分类说明
searches	搜索；搜寻；调查；探求
MAX	最大值；至多；最大限度；尽最大可能；达最大值
trying	令人厌烦的；难受的；动词try的现在分词.
mother	母亲；妈妈；母亲的；母体的
authority	权威；权力；当局；职权；官方
considered	考虑过的；被尊重的
told	名词
xml	abbr. 可扩展标示语言（Extensive Makeup Language）
traffic	游览
programme	节目；计划；方案；课程；规划；编程；制作节目；培养；预设
joined	动词join的过去式和过去分词形式
input	输入；投入；输入数据；输入信息；信息输入端
strategy	策略；战略
feet	脚；英尺；名词foot的复数形式.
agent	代理人；代理商；药剂；特工人员
valid	有效的；有根据的；正当的；合法的
bin	垃圾箱；仓；箱柜；放入箱内
modern	现代的；现代人；时髦的；时尚人士
senior	资深的；年长的；大四学生；高级的；地位较高的；上司；年长者；长辈
Ireland	爱尔兰
sexy	性感的
teaching	教学；教学的；教义；动词teach的现在分词.
door	门；门口；途径
grand	宏伟的；大钢琴；豪华的；一千美元；壮丽的；重大的
testing	测试；试验的；伤脑筋的；动词test的现在分词.
trial	试验；审讯；试用；尝试；测试；惹麻烦的人；预赛或选拔赛；讨厌的事
charge	费用；充电；电荷；指控；照顾；要价；责任；控诉；记在账上；委以重任；给…充电
units	单位；名词unit的复数形式.
instead	代替；反而
Canadian	加拿大的；加拿大人；加拿大人的
cool	凉爽；冷静；凉爽的；凉快；凉的；冷静的；变凉；冷静下来；冷静地；冷漠的
normal	正常的；标准；常态；正规的；精神健全的
wrote	动词
enterprise	企业；事业；进取心；谋划
ships	船舶；名词ship的复数形式.
entire	全部的；完整的；全面的
educational	教育的；有教育意义的
MD	医学博士；总经理；常务董事；宏数据；磁盘；维护设备；信息数据；彼此相关性；DOS内部命令:该命令用于在软盘或硬盘上建立新的子目录
leading	主要的；领导的；指导的；在前的
metal	金属；合金；玻璃液
positive	积极的；正面；正面的；肯定的；阳性的；正数；正片；明确的；正数的
fl	abbr. 焦距（focal length）；外国语（foreign language）；呎朗伯（亮度单位）；佛罗里达州（美国州名；Florida）
fitness	健康；适合
Chinese	中国的；中国人；汉语；中国人的；汉语的
opinion	意见；看法；主张；判断
MB	兆字节
Asia	亚洲；亚细亚
football	名词；动词
abstract	抽象的；深奥的；摘要；抽象概念；提炼；使抽象化；摘录；抽象
uses	abbr. 美国就业局（United States Employment Service）
output	输出；产量；输出功率
funds	基金
Mr	名词
greater	更大的；包括市区及郊区的
likely	很可能；可能的；可信的
develop	发展；开发；发育
employees	雇员；雇工；名词employee的复数形式.；受雇者
artists	名词
alternative	供选择的；两者择一的；非主流的；供替代的选择；二者择一
processing	数据处理；进程；配制；步骤；整理
responsibility	责任；职责；责任心
resolution	决议；分辨率；决心；解决；决定；坚决
Java	名词
guest	客人；宾客；招待；做客；做特邀嘉宾；做特约演员；客串；特别来宾
seems	好像；仿佛（ seem的第三人称单数 ）
publication	出版；出版物；发表；公布；发行
pass	通过；经过；传球；传递；通行证；及格；发生；度过；乘车券
relations	关系；交往；事务；名词relation的复数形式.
trust	相信；信任；信托；委托
van	先导；箱形客货两用车；翼
contains	包含；动词contain的第三人称单数形式.
session	会议；会期；学期；一段时间；开庭期
multi	表示“多个、多种、多方面”
photography	摄影
republic	共和国；共和政体
fees	费用
components	成分；零组件
vacation	假期；度假；休假；腾出
century	世纪；百年；百年的
academic	学术的；学院的；理论的
assistance	帮助；援助
completed	已完成的
skin	皮肤；外皮；剥皮；削皮；皮囊；生气
graphics	制图法；字体；绘图学
Indian	印第安人；印度的；印度人；印第安人的；印度人的；印第安语
prev	abbr. 上一个（previous）
ADS	精确定义系统；先进调试系统；模拟数字子系统；应用设计服务；视频分布系统；自动数据系统；自主开发系统
mary	圣母玛利亚
IL	指令表；中间语言；解释语言；钷(61号元素)
expected	预期的；预料的
ring	戒指；电话；环；打电话；圈；铃声；按铃；钟声；回响；鸣响；包围
grade	年级；成绩；等级；评分；分级；斜坡；渐次变化
dating	约会；动词date的现在分词.
pacific	太平洋；太平洋的；和平的；和解的；温和的
mountain	山；高山；山脉；大量
organizations	名词
pop	流行的；突然出现；取出；热门的；通俗的；开枪；爆开；睁大；突然行动；爆裂声
filter	过滤；过滤器；渗透；滤色镜；滤光器
mailing	邮寄；邮寄品；动词mail的现在分词形式.
vehicle	车辆；工具；交通工具；传播媒介；手段
longer	比较久的；比较久
consider	考虑；认为；思考；体谅；注视
INT	整数；中断
northern	北部的；北方的；有北方特征的
behind	落后于；迟；不如；在...之后；追赶；基于；迟于...；落后地；在后面地
panel	面板；嵌板；仪表盘；陪审团；座谈小组；嵌镶
floor	地板；地面；楼层；铺地板；底部；击倒
German	德语；德国的；德国人；德语的；德国人的
buying	买入；动词buy的现在分词.
match	比赛；火柴；相配；对手；较量；般配的人
proposed	被提议的
default	默认；拖欠；缺席；不履行义务；不履行责任
require	需要；要求；命令；规定
Iraq	名词
boys	男孩；名词boy的复数形式.
outdoor	户外的；露天的；野外的；喜爱户外活动的
deep	深的；深处；深深地；深刻的；深切的；深奥的
morning	早晨；上午；开端
otherwise	否则；不同地；不同的；在不同方面
allows	允许
rest	休息；依赖；休止符；搁置；搁在
protein	蛋白质
plant	植物；种植；工厂；设备；建立；安插；设施
reported	据报告的；动词report的过去式和过去分词形式.；据传闻的；据报导的
hit	碰撞；袭击；达到；讽刺；成功；偶然发现；符合；要求；冲撞
transportation	运输；运输工具；运输系统
mm	名词
pool	游泳池；水塘；联营；共用；汇集；共同储金；美式撞球
mini	迷你裙；微型汽车；微型的；迷你的；袖珍的；微型电脑
politics	政治；政治学；政治活动；政见；政治策略
partner	伙伴；伴侣；合伙人；搭档；同 ... 合作
disclaimer	免责声明；放弃；弃权
authors	作者；作家；创作；编写；上帝
boards	舞台；护板；名词board的复数形式.
faculty	能力；才能；全体教员
parties	聚会；宴会；政党；一伙人；开派对
fish	鱼；钓鱼；捕鱼；鱼肉；搜寻；笨蛋
membership	成员资格；从属关系；会员全体
mission	任务；使命；代表团；布道
eye	眼睛；看；目光；注视；视力；观点；鉴赏力；审视
string	线；弦；一串；字串；系；扎；串起；连成一串；使紧张；使兴奋；抽去筋
sense	感觉；意义；意识；理解；意识到；检测；道理；见识；理智；感官；鉴赏力
modified	修改的
pack	包装；一群；一包；包裹；一副；收拾行李；塞满；佩戴；解雇
released	释放；动词release的过去式和过去分词；让予
stage	阶段；舞台；上演；举行；戏剧；组织；筹划；步骤；行程
internal	内部的；国内的；身内的
goods	货物；商品；动产；罪证
recommended	被推荐的；动词recommend的过去式和过去分词.
born	出生的；与生俱来的；动词bear的过去分词.
unless	除非；如果不；除 ... 外
richard	名词
detailed	详细的
Japanese	日本人；日语；日本的；日本人的；日语的
race	赛跑；种族；竞赛；竞争；人种；血统
approved	被认可的；经核准的
background	背景；经历；幕后；后景；提供背景
target	目标；靶；瞄准；对象；把 ... 作为目标
except	除；除非；除外；若不是；除了 ... 之外
character	字符；人物；品质；个性；名誉；地位
usb	abbr. 通用串行总线（Universal Serial Bus）
maintenance	维护；维修；保持；抚养费；生活费用
ability	能力；才能
maybe	可能；也许；或许
functions	功能；函数；名词function的复数形式.
ED	Edward；Edmund
moving	移动的；令人感动的；使 ... 移动的；动词move的现在分词形式
brands	牌子；商标；烙印；铭记；加污名于；标记；打烙印
places	动词；名词
php	abbr. 个人网页（Personal Home Page）；服务器端编程语言（Professional Hypertext Preprocessor）；菲律宾比索；水解聚丙烯酸胺
pretty	漂亮的；好看的；相当地；使漂亮；秀丽的；漂亮的东西；美人
trademarks	商标
phentermine	芬特明；苯丁胺；苯叔丁胺
Spain	名词
southern	南部的；南方的
yourself	代词；名词
etc	及其他
winter	冬天；冬季；过冬；冬天的；冬季生长的
rape	强奸；掠夺；蹂躏；破坏
battery	电池；炮兵连；排炮；一系列
youth	青年；青春；青年时期
pressure	压力；压强；施压；压迫
submitted	提交；递交；使服从；认为；使屈服；屈从
Boston	名词
incest	乱伦
debt	债务；义务；罪；恩情；负债状态
keywords	关键词；重要词；参考词
medium	媒介；媒体；手段；中等的；适中的
television	电视机；电视节目；电视行业
interested	感兴趣的；有利害关系的
CORE	核心；果心；要点；挖去果核
break	休息；中断；破裂；折断；好运；打碎；透露；结束；违背；解决；变弱
purposes	目的；意图；决心；打算；决意；议题
throughout	贯穿；到处；自始至终；遍及
sets	设置；名词set的复数形式.
dance	跳舞；舞蹈；舞会；舞步；手舞足蹈；使跳跃
wood	木头；木材；树林
msn	abbr. 微软网络服务（Microsoft service Network）；即时通讯软件（MSN Messenger）；总编号（等于Master Serial Number）；军事编号（Military Serial Number）
itself	它自己
defined	有定义的；轮廓分明的
papers	文件；资料；证书；名词paper的复数形式.
playing	演奏；比赛；表现；动词play的现在分词.
awards	奖；授予；奖品；给予；判给
fee	费用；酬金
studio	工作室；画室；制片厂；播音室；摄影场
reader	读者；读物；读本
virtual	实质的
device	设备；装置；设计；策略
established	建立的；确定的；制定的；动词establish的过去式和过去分词形式.
answers	回答；答案；答复；接电话
rent	租金；出租；租用；动词rend的过去式和过去分词.
las	abbr. 阿拉伯国家联盟（League of Arab States）；大气科学实验室（Laboratory of Atmospheric Sciences）；光敏开关（Light Activated Switch）
remote	偏僻的；遥远的；远程的；远程操作
dark	黑暗；黑暗的；深色的；暗处；变黑；使变黑；深色调
programming	程序设计；节目编排；动词program的现在分词.
external	外部；外部的；外面的；外观；外来的；表面的；外界事物
apple	苹果；珍宝；家伙
LE	_ARP LAN仿真地址转换协议
regarding	关于；至于
instructions	指令；教学；说明；教诲
min	最少
offered	提供；提议；奉献
theory	理论；原理；学说；意见
enjoy	喜欢；享受
remove	消除；脱掉；免除；搬迁
aid	援助；帮助；辅助；救援；助手；辅助物；接济
surface	表面；表面的；平面；外表；显露；肤浅的；浮到水面；在表面工作；在 ... 上加表层
minimum	最低限度；最少的；最小量；最低程度的
visual	视觉的；视力的；图象；画面；形象的；看的见的
host	主机；主人；主办；主持；寄主；主持人；大量；做东；主办方
variety	种类；多样；多样化；杂耍
teachers	名词teacher的复数形式.
ISBN	国际标准图书编号(int
Martin	圣马丁鸟
manual	手册；指南；手工的；键盘；体力的
block	阻塞；街区；大楼；木块；一组；石块
subjects	科目；名词subject的复数形式.
agents	因子
increased	增加的；动词increase的过去式和过去分词.
repair	修理；修补；去；补救；维修工作；维修状态；赴
fair	公平的；展览会；晴朗的；市集
civil	公民的；民用的；民事的；文明的；国内的
steel	钢铁；钢的；钢制品；坚强的；使坚强；使 ... 硬如钢；使下定决心；钢铁般的性质
understanding	理解；谅解；非正式协议
songs	歌曲；名词song的复数形式.
fixed	固定的；不变的；确定的；动词fix的过去式和过去分词.
wrong	错误；错误的；冤枉；坏事；错误地；不公正；有毛病的；不适当的；不道德的；犯罪；欺骗
beginning	开始；开端；起源；早期
hands	手；给；手艺；传；协助
associates	交往；联想；联合；同事；伙伴；副的；共事的；有联系的；同伴；准学士学位获得者
finally	最后；最终；决定性地
az	abbr. 阿塞拜疆（Azerbaijan）；美国亚利桑那州（Arizona）；氮鸟嘌呤（azaguanine）；台湾衡欣；意大利航空公司
updates	升级；更新；补充资料（update复数形式）
desktop	桌面；台式电脑；台式的
classes	阶级；长老监督会；名词classis的复数形式.；名词class的复数形式.
Paris	巴黎
Ohio	俄亥俄州
gets	动词get的第三人称单数
sector	部门；部分；扇区；区域；使分成部分
capacity	能力；容量；职位；容积；资格
requires	需要；要求；命令；规定
jersey	毛线衫；泽西乳牛.；毛织运动衫
UN	家伙；东西；联合国
fat	脂肪；肥胖的；肥肉；丰满的；多脂肪的；使变胖
fully	完全地；足足；十分地；全部
father	父亲；神父；祖先；创造；创始人
electric	电的；电动的；带电的；电动产品；刺激的
saw	锯；用锯子锯；前后移动
instruments	仪器；乐器；工具；器械；向…提交文书
quotes	引用；引号；报价（quote的复数）
officer	军官；官员；警官；高级职员；办事员
driver	司机；驾驶员；驱动器
businesses	名词
dead	死的；完全地；沉闷的；麻木的；完全的；无效的；突然地；直接地；筋疲力尽的；不起作用的；无趣的
respect	尊重；尊敬；方面；遵守；敬重；关于；问候；关系；涉及
unknown	未知的；不出名的
specified	规定的；详细说明的；指定的
restaurant	餐馆；饭店
mike	麦克风；扩音器；用扩音器传送
trip	旅行；绊倒；失误；轻快地走；使失败；摔倒；使犯错；差错；竖帆
PST	太平洋标准时间；酞磺胺噻唑
worth	价值；值得的；财富；值钱的
MI	大音阶的第三音
procedures	操作
poor	可怜的；穷人；贫穷的；低劣的
teacher	教师
xxx	罗马数字 30
eyes	眼睛；名词eye的复数形式.
relationship	关系；联系；亲属关系
workers	职工；名词worker的复数形式.
farm	农场；农田；务农
fucking	非常地
Georgia	美国佐治亚州
peace	和平；安静
traditional	传统的
campus	校园；校园的；场地
tom	雄火鸡；雄性动物
showing	成绩；动词show的现在分词.
creative	创作的
coast	海岸；海滨
benefit	利益；得益；有益于；义演；津贴；借助；保险金
progress	进步；发展；前进；促进；缓速前进
funding	资金；动词fund的现在分词.
devices	设备
lord	主；勋爵；统治者；作威作福；使…成君主
grant	授予；同意；承认；补助金；给予；认为；财产转让；授予物
sub	潜艇；替代；转包合同；替代品
agree	同意；一致；赞成；承认；符合
fiction	小说；虚构；杜撰
hear	听到；得知；听证；倾听
sometimes	有时；间或
watches	手表；观看；监视；注视；看守；值班
careers	职业；事业；生涯；猛冲；飞跑
beyond	超出；在更远处；远处；来世；远于；另外；超出…之外；除 ... 之外
goes	前进；行走（go的第三人称单数形式）
families	家族；名词family的复数形式.
led	动词；名词
museum	博物馆；展览馆
themselves	他/她/它们自己；指性别不详的人时用以代替himself或herself；他/她/它们亲自
fan	扇；风扇；迷；扇子；煽动；扇形物；狂热爱好者；成扇形；展开扇形
transport	运输；流放；传播；激动
interesting	有趣的；引人入胜的
blogs	博客；网志（网站上记有活动、意见等的个人记录）( blog的名词复数 )
wife	妻子；夫人
evaluation	评价；估价
accepted	公认的；录取的；已承兑的；可接受的
former	以前的；前者的；前任的；创造者
implementation	落实；装置；履行
ten	十
hits	名词hit的复数形式.
zone	地带；带；地区；环绕；使分成地带；分成区；卡片顶部的三行区；区；区域
complex	复杂的；复合体；综合体；复合的；合成的
Th	钍(90号元素)
cat	猫；猫科动物；起锚
galleries	美术馆；作品展；名词gallery的复数形式.
references	参考；参照；推荐人；注明出处；出处；附参考资料
die	死；消失；印模；骰子；渴望；金属模子
presented	礼物；现在；现在的；提出；呈现；出席的；当前的；赠送；存在的
jack	千斤顶；男人；插座；船首旗；抬高；侍者；水手；公畜；用千斤顶顶起；扑克牌里的J
flat	平坦的；扁平的；单调的；平直地；气不足的；变平；断然的；直截了当；住公寓；降调；平面部分
flow	流；流动；流量；涨潮；流畅；涌出；淹没；飘动
agencies	代理；代理处；政府机构
literature	文学；文献
respective	各自的；分别的
parent	父母；根源；产生；抚养
Spanish	西班牙语；西班牙的；西班牙人；西班牙语的；西班牙人的
Michigan	名词
Columbia	名词
setting	环境；背景；安装；镶嵌；放置；动词set的现在分词形式.
Dr	名词
scale	刻度；攀登；音阶；称重；量程；按比例决定；刮鳞；剥落
stand	站立；忍受；看台；货摊；停滞；位于；停顿
economy	经济；经济的；节约；廉价的
highest	最高的；形容词high的最高级.
helpful	有帮助的；有用的
monthly	每月；每月的；按月；月刊；一个月有效的
critical	批评的；临界的；挑剔的；决定性的；危险的
frame	框；帧；结构；陷害；骨架；制定；身躯；表达；把 ... 框起来
musical	音乐的；悦耳的；音乐片；喜欢音乐的
definition	定义；清晰度；阐释
secretary	秘书；书记；大臣；部长；写字台
angeles	安杰利斯
networking	联网；人际网
path	小路；小径；路线；轨道；路程
Australian	澳大利亚的；澳大利亚人
employee	雇员
chief	主要的；首领；首要的
gives	给；提供；送；捐助；弹性；举行；供给；弯曲；赠予
KB	键盘；千位；千字节；知识库
bottom	底部；触底；底部的；底端
magazines	杂志
packages	包裹；把 ... 进行推销；把 ... 打包；整批交易
detail	细节；详述；详细说明；琐事；枝节
francisco	=Francis.
laws	法规；名词law的复数形式.；动词law的第三人称单数形式.
changed	改变的；动词change的过去式和过去分词.
pet	宠物；宠爱的；爱抚；亲抚；受宠的人
heard	动词hear的过去式和过去分词
begin	开始；着手
individuals	个人
Colorado	名词
royal	盛大的；高贵的；皇家的；堂皇的；顶桅帆；第一流的
clean	清洁；打扫；干净的；清扫；完全地；纯洁的；完全的
switch	开关；转换；交换；改变；鞭子；鞭打
Russian	俄语；俄国人；俄国的；俄语的；俄国人的
largest	最大的
African	非洲人；非洲的；非洲人的
guy	家伙；嘲笑；拉索；牵索
titles	标题；头衔；称号；权利；加标题于；授予…称号
relevant	相关的；中肯的；切题的
guidelines	准则；指导方针；名词guideline的复数形式.
justice	正义；公正；司法；公平；法官；法律制裁
connect	连接；联系；接通
bible	圣经
dev	abbr. 发展（develop）；偏差（deviation）；开发人员（developer）；设备驱动程序
cup	杯子；奖杯；罩杯；把某物放入杯中；使成杯形；一杯之量
basket	篮；筐；篓；投篮得分
applied	应用的；动词apply的过去式和过去分词.
weekly	每周；周刊；每周的；周报；周刊的；一周一次的
VOL	音量
installation	安装；装置；军事驻地
described	描述的；动词describe的过去式和过去分词.
demand	需求；要求；需要；查问
PP	一种中文文件交换软件和通讯软件
suite	套房；随员；一套物件
vegas	维加斯
NA	北美洲；国立研究院院士；国立研究院；国民军；钠(11号元素)
square	平方；广场；正方形；正方形的；一致；结清；调整；成直角；使成平方；直角尺
chris	克里斯（男子名）；克莉丝（女子名）
attention	注意；注意力；留心；照料；关怀
advance	进展；前进；推进；预付；增长；预先的；提前的；预付金
skip	跳过；略过；跳跃；遗漏；跳读；省略
diet	节食；规定饮食；喂食；照规定饮食；日常食物
army	军队；陆军；一大批
auction	拍卖
gear	齿轮；装备；传动装置；工具；调整；排挡；使适应于
lee	背风处；庇护所；背风的；避风的；下风的
os	骨；孔；穴裂口；办公系统；操作系统
difference	不同；差异；差额；分歧
allowed	允许的
correct	正确的；纠正；改正；得体的
charles	名词
nation	国家；民族
selling	出售；动词sell的现在分词.
lots	许多；名词lot的复数形式.
piece	块；件；片；篇；作品；碎片；修补
sheet	纸；被单；一片；片状的；使成片；铺盖
firm	公司；坚定的；商行；坚固的；坚定地；确定；严格的；稳固地；结实的
seven	七
older	年长的
Illinois	名词
regulations	条例；规程；名词regulation的复数形式.
elements	原理；基础
species	种类
jump	跳跃；暴涨；跳动；上涨；跳越
cells	细胞；单元；名词cell的复数形式.
module	模块；组件；单元；模数
resort	诉诸；手段；常去；凭借
facility	设施；设备；灵巧；熟练；才能；资质
random	随机的；随意；任意；随意的；任意的；随机地
pricing	定价；动词price的现在分词形式.
dvds	abbr. digital video display system 数字视频显示系统
certificate	执照；认可；批准；发证书给 ...
minister	部长；牧师；大臣；外交使节；照顾；给予帮助
motion	运动；动作；提议；移动；打手势；大便；示意；向 ... 打手势
looks	名词
fashion	时尚；样子；形成；风格；塑造
directions	方向；指令；用法说明；名词direction的复数形式.
visitors	游客；名词visitor的复数形式.
documentation	文件；证明文件；史实
monitor	监视；班长；监视器；监督；监听；监听员
trading	贸易；买卖
forest	森林；林火
calls	电话；调用；呼唤；命令；名词call的复数形式.
whose	谁的
coverage	新闻报道；覆盖范围；承保范围
couple	对；夫妇；交配；数个；连结
giving	给予；给予物；动词give的现在分词.
chance	机会；碰巧；可能性；偶然发生；偶然性
vision	视力；视觉；幻想；眼光；设想；想象力；幻觉；洞察力
ball	球；舞会；球状物；炮弹；呈球状
ending	结局；结尾
clients	客人；委托方；名词client的复数形式.
actions	动作；名词action的复数形式.
listen	听；倾听；听从；听信
discuss	讨论；商量；论述
accept	接受；同意
automotive	汽车的；自驱推进的；机动的
naked	裸体的；无覆盖的；明白的；无掩饰的
goal	目标；球门；得分
successful	成功的；圆满的
sold	卖出的
wind	风；上发条；缠绕；呼吸；弯曲；转动；气息；给…上发条；管乐器
communities	社区；社会；团体；公众；共同体；共有；共享
clinical	临床的；冷静的
situation	形势；局面；处境；状况；位置；职位
sciences	科学
markets	市场；销售；推销；集市；买卖
lowest	最低的；最小的；最底下的
highly	很；非常；高度地；赞许地
publishing	动词publish的现在分词.
appear	出现；显得；出版；好像；登场
emergency	紧急状态；突发事件；紧急的；应急的；备用的
developing	发展中的
lives	动词live的第三人称单数；名词life的复数
currency	货币；流通
leather	皮革；皮革制的；用皮鞭抽打；皮制品；用皮革覆盖
determine	确定；决定；测定；决心
milf	abbr. （菲律宾）摩洛伊斯兰解放阵线（Moro Islamic Liberation Front）
temperature	温度；气温；体温；发烧
palm	棕榈；手掌；诓骗某人
announcements	公告；通知；名词announcement的复数形式.
patient	病人；有耐心的；能忍耐的
actual	实际的；事实上的
historical	与历史有关的
stone	宝石；合14磅)；英石(重量单位；向 ... 扔石头
bob	上下快速摆动；剪短；行屈膝礼；大雪橇；浮子；钟摆；屈膝礼；窃取；一束；上下疾动
commerce	商业；贸易
ringtones	铃声（ringtone的复数）
perhaps	也许；可能
persons	人们；名词person的复数形式.
difficult	困难的；艰难的；不易相处的
scientific	科学的
satellite	卫星；人造卫星
fit	适合；合适的；安装；健康的；发作；适宜；适宜的
tests	测试；试验；考验；接受测验
village	名词
accounts	帐目；叙述；名词account的复数形式.
amateur	业余爱好者；外行
ex	名词
met	动词meet的过去式和过去分词形式.
pain	疼；疼痛；痛苦；辛苦；烦人之人或事
xbox	微软游戏机
particularly	特别；尤其；详细地
factors	因素；因子；因数；作为因素
coffee	咖啡；咖啡色
WWW	环球网
settings	设置；名词setting的复数形式.
cum	和；精液；附有
buyer	买方
cultural	文化的；和养动植物有关的
steve	名词
easily	容易地；无疑地；很可能地
oral	口试；口头的；口语的；口部的
ford	福特汽车；浅滩；涉过；涉水
poster	海报；急行旅人
edge	边；边缘；优势；刀口；使锋利；徐徐前进
functional	功能的；实用的；起作用的
root	根；根源；根除；根本；生根；扎根
AU	名词
FI	格式标识码；前端处理器接口；场电离
closed	封闭的；关闭的；停业的；动词close的过去式和过去分词.
holidays	假日；名词holiday的复数形式.
ice	冰；冰淇淋；结冰；冰镇；冷淡
pink	粉红色；粉红色的
zealand	名词
balance	平衡；天平；权衡；均衡；差额；使平衡；抵消；结余；平静
monitoring	监测；监视；控制；追踪；动词monitor的现在分词.
graduate	毕业；毕业生；毕业的；标以刻度
replies	回答；答复；回应
shot	开枪；发射；拍摄；子弹；注射；投篮；精疲力尽的；完了的；动词shoot的过去式和过去分词.
NC	北卡罗来纳；网络控制；不连接；数控
architecture	结构；建筑风格；建筑学；一座建筑物；总称建筑物
initial	最初的；开始的；签姓名的首字母于；字首的
label	标签；标记；唱片公司；称号；贴标签于；把 ... 归类
thinking	思考；思想；有理性的；好思考的；动词think的现在分词.
scott	名词
LLC	逻辑链路控制；液液色谱法
SEC	秒；辅助；尺寸排阻色谱法
recommend	推荐；建议；劝告；使受欢迎；使可取
canon	教规；标准；准则；真经；大教堂教士；真作；轮唱曲
hardcore	铁杆的；核心的；中坚分子；石填料；露骨的
league	联盟；同盟；社团；种类
waste	浪费；废物；消耗；荒地；无用的；浪费的；荒芜的；滥用
minute	分钟；微小的；会议记录；片刻；记录；仔细的
bus	公共汽车；乘公共汽车；总线；信息通路；用公共汽车运输
provider	供应者；赡养者；养家糊口的人
optional	任选的
dictionary	字典；词典；辞典
cold	寒冷；感冒；冷的；寒冷的；伤风；冷淡的；完全地；冷酷的；冷静的；彻底地
accounting	会计
manufacturing	制造业；制造业的
sections	零件；名词section的复数形式.
chair	椅子；主持；当 ... 的主席
fishing	钓鱼；渔业；渔场
effort	努力；努力的成果
phase	阶段；相位；时期；方面；局面；逐步执行
fields	字段；域；名词field的复数.
bag	包；袋；袋状物；把 ... 装进袋子
fantasy	幻想
PO	波河
letters	信；字母；名词letter的复数形式.
motor	马达；发动机；机动车；汽车的；机动的；运动神经的
VA	视敏度
professor	教授；老师
context	上下文；环境；背景
install	安装；安置；使 ... 就职
shirt	衬衫；给…穿上衬衫
apparel	衣服；装饰；装具；使 ... 穿衣
generally	一般地；通常；普遍地
continued	继续的；延续的；动词continue的过去式和过去分词.
foot	脚；踏；英尺；步行；付账；音步；共计；表演舞步
mass	大量；块；大规模的；群众的；集中；弥撒；弥撒曲；众多
crime	犯罪；恶行
count	计数；计算；总数；依赖；视为
breast	乳房；胸脯
techniques	技术；技巧；名词technique的复数形式.
IBM	名词
RD	报表描述；DOS内部命令:该命令用于删除磁盘中的空白子目录；卢(放射物质的蜕变单位)
johnson	名词
SC	系统控制；存储容量；半导体；会话控制；钪(21号元素)
quickly	迅速地；立刻
dollars	美元（dollar的复数）
websites	名词
religion	宗教；宗教信仰
claim	要求；声称；断言；主张；请求；要求权；要求物
driving	驾驶；驱动；推进的；强劲的；精力旺盛的；动词drive的现在分词.
permission	允许；许可；同意
surgery	外科；外科手术；手术室；诊所
patch	补丁；修补；眼罩；解决；补缀；小片；掩饰
heat	热；热度；激烈；热烈
wild	野生的；荒野；荒地；狂热的；胡乱地；野蛮的；失去控制地；未开发的
measures	措施；度量；尺寸；小节
generation	代；产生；繁殖
Kansas	名词
miss	错过；想念；漏掉
chemical	化学物；药品；化学的
doctor	医生；博士；阉割
task	任务；工作；使做艰苦的工作
reduce	减少；缩小；简化；还原；使落魄
brought	名词
himself	他自己
nor	也不；也没有
component	组成的；构成的；零部件；元件；组成部分；成分
enable	使能够；使可能
exercise	锻炼；运动；练习；运用；作业
bug	臭虫；窃听器；窃听；打扰
santa	圣诞老人
mid	中间的；在 ... 的中间
guarantee	担保；抵押品；保证书；保证
leader	领袖；领导者；指挥者；领先的人
diamond	钻石；菱形；用钻石装饰；棒球内场
Israel	名词
SE	东南；二次发射；标准英语（= southeast；音响效果
processes	过程；处理；加工；工序；列队前进
soft	柔软的；柔和的；温和的；轻的；柔软的东西；温和地；柔软地；不强烈的
servers	名词server的复数形式.
alone	仅仅；单独的；孤单的；独自地；独自一人的
meetings	会议；名词meeting的复数形式.
seconds	名词second的复数
jones	名词
Arizona	名词
keyword	关键字
interests	兴趣；利息；股份
flight	飞行；航班；镖尾
congress	代表大会；议会；立法机关
fuel	燃料；加燃料；刺激因素；供以燃料
username	用户名（由字母或数字组成的用户名称；以标明用户的身份）
walk	散步；步行；走过；人行道；陪...走
fuck	他妈的；性交；诅咒；欺骗；利用；性对象；与 ... 发生性关系
produced	产生的；动词produce的过去式和过去分词.
Italian	意大利语；意大利人；意大利的；意大利语的
paperback	平装书；普及本；纸封面本
classifieds	分类广告
wait	等；等待；等候
supported	支持的；动词support的过去式和过去分词形式.
pocket	口袋；钱；小型的；私吞；球袋；袋子；局部的
Saint	圣人；圣徒；把 ... 封为圣人
rose	玫瑰；玫瑰色的；蔷薇；玫瑰的；动词rise的过去式.
freedom	自由；直率
argument	论点；争论；论据；辩论；理由
competition	竞争；比赛
creating	创造；建造；把 ... 列为
jim	名词
drugs	毒品；名词drug的复数形式.
joint	关节；接头；连接；共同的；联合的；接缝；接合处；贴合；连带的；合资的；夜总会
premium	保险费；额外费用；奖金；优质的；高价的
providers	供方
fresh	新鲜的；清新的；无经验的；新近的；最近地
characters	字符；人物；角色；特性；名词character的复数形式.
attorney	名词
upgrade	升级；提高；改善；上坡；向上地
DI	名词
factor	因素；因子；因数；作为因素
growing	发展的；扩大的；增强的
thousands	数千
km	千米
stream	流动；流出；水流；车；组；飘动；气)流；(人
apartments	公寓
pick	选择；挑选；捡；拾；镐；采摘；精华；鹤嘴锄；找茬；偶然学到
hearing	听力；听觉；听证会；审讯；说话或申辩的机会；动词hear的现在分词.
eastern	东部的；东方的
auctions	拍卖
therapy	治疗；疗法
entries	条目；项；名词entry的复数形式.
dates	日期；约会；追溯到；过时；年代；约会对象；枣椰树；枣子
generated	生成的；动词generate的过去式和过去分词.
signed	已签字的；带正负号的；动词sign的过去式和过去分词.
upper	上面的；上铺；鞋帮；较高的；上部的；兴奋剂；令人兴奋的经历
administrative	管理的；行政的
serious	严重的；严肃的；认真的；危急的；庄重的
prime	最好的；壮年；全盛时期；首要的；典型的；青春；变得首要；事先指点
samsung	三星电子（韩国电子公司）
limit	限制；限度；限定；界限
began	动词；名词
louis	名词
steps	（楼外的）台阶；步伐；步幅；步数
errors	错误；误差；名词error的复数.
shops	商店；购物；买东西；车间；逛商店
bondage	束缚；奴役
DEL	数据输入语言；作废；DOS内部命令:从磁盘上删除一个或多个文件
efforts	努力
informed	消息灵通的；见多识广的；有学问的
Ga	镓(31号元素)
AC	公元前；存取周期；累加器；声耦合器；交流；应用控制；自动检查；自动计算机
thoughts	思维；名词thought的复数形式.
creek	小溪；小湾；克里克族；克里克人；克里克语
ft	名词
worked	处理过的；动词work的过去式和过去分词.
quantity	量；数量；大量
urban	城市的；都市的
practices	实践；练习；实行；习惯；业务；开业；执业
sorted	分类的；分选的；动词sort的过去式和过去分词形式.
reporting	报告；报告的；动词report的现在分词形式.
essential	必要的；重要的；要素；本质的；必需品
myself	我自己
tours	旅游；旅游团；旅游线路；名词tour的复数形式.
platform	平台；月台；站台；讲台
load	负荷；装载；重担；装载量
affiliate	分公司；附属机构；发生联系；接纳；使隶属于；追溯
labor	劳动；工作；劳工；工人；劳力；分娩；劳动的；劳工的；苦干；致力于
immediately	立即；直接地
ADMIN	管理
nursing	护理；动词nurse的现在分词.
defense	防守；辩护；防卫；防卫物
machines	机器；工具
designated	指定的；特指的
tags	标签；贴纸
heavy	重的；沉重的；猛烈的
covered	有屋顶的；被覆盖的；动词cover的过去式及过去分词.
recovery	恢复；痊愈；复原；重获
joe	名词
guys	家伙；嘲笑；拉索；牵索
integrated	综合的；整合的；融合的；动词integrate的过去式和过去分词.
configuration	结构；形态；布局；格式塔心理完形
cock	公鸡；旋塞；竖起；翘起；雄禽
merchant	商人；店主；商船的；商业的；专家；签约方
comprehensive	全面的；广泛的；综合的；理解的
expert	专家；能手；熟练的；内行的
universal	普遍的；通用的；宇宙的；全世界的；全体的
protect	保护；投保
drop	下降；落下；滴；放弃；减少；微量；滴状物；跌倒；漏掉；断绝关系
solid	固体；可靠的；固体的；实心的；结实的；立体图形；一致地
cds	abbr. 中央动态存贮器（Central Dynamic Store）；集装箱运货系（Container Delivery System）；冷拉无缝（Cold Drawn Seamless）；受控供电系统（Controlled Delivery System）
presentation	介绍；报告；陈述；赠送物
languages	语言；名词language的复数形式.
became	动词；名词
orange	橙色的；橙黄色
compliance	柔度；灵活性；屈服；顺从；服从；遵守
vehicles	车辆；交通工具；名词vehicle的复数形式.
prevent	预防；挡住
theme	主题；主旋律；题目
rich	丰富的；富有的；富饶的
IM	名词
campaign	运动；活动；战役；竞选运动；参加竞选；从事运动
marine	船舶；海的；海运业；海生的；海事的；航海的；水兵
improvement	改进；改善
vs	相对；与 ... 相对(=verse
guitar	吉他
finding	名词
Pennsylvania	名词
examples	例子；名词example的复数形式.
ipod	美国苹果公司的随身多媒体播放设备
saying	谚语；格言；俗话；动词say的现在分词.
spirit	精神；心灵；情绪；幽灵；偷偷带走；精灵；使精神振作；烈酒.
AR	应收款；自动再启动；辅助程式；紧急反应
claims	要求；声称；断言；主张；请求；要求权；要求物
porno	色情作品；=porn.
challenge	挑战；质疑；盘问；邀请比赛
motorola	摩托罗拉(财富500强公司之一；主要经营电子电气)；总部所在地美国
acceptance	认可；承兑；同意
strategies	策略；战略
mo	卫生官员
seem	似乎；好像
affairs	事情；事件；事务；私通
touch	触摸；联系；接触；触及；触觉；吃；修饰；少许；喝；感动；痕迹
intended	预期的；未婚妻；故意的
towards	向；朝；关于；有希望的；在即的
SA	救世军；南非；南美；南澳大利亚；性的魅力；性感；源地址；结构分析；系统分析
goals	目标；名词goal的复数形式.
hire	雇用；租用；出租；租金
election	选举；当选；选举权
suggest	建议；表明；暗示；要求；使想起
branch	分支；树枝；部门；分部；分店；分岔
charges	费用
serve	服务；发球；侍候；度过；担任；对待；可作 ... 用
affiliates	分公司；附属机构；发生联系；接纳；使隶属于；追溯
reasons	理由；名词reason的复数形式.
magic	魔法；魔术；魔力；魔术的；有魔力的；奇妙的
mount	山；峰；登上；上升；爬上；支架；底板；乘用马；装上
smart	聪明的；漂亮的；时髦的；刺痛；敏捷的；难过；厉害的；整洁的；苦恼；烦恼
talking	谈论；讲话；说话的；有表情的；动词talk的现在分词形式.；多嘴多舌的
gave	动词；名词
ones	其中之一个
Latin	拉丁语；拉丁语的；拉丁语系国家的；拉丁人；拉丁人的
multimedia	多媒体；多媒体的
xp	abbr. 加快费已付（Express Paid）；运用优先权（Exercise Priority）
tits	季茨
avoid	避免；逃避；撤销
certified	经认证的；经证明的
manage	管理；经营；提供；设法对付；做成
corner	角落；垄断；转角；转弯；困境；位于角落的；将 ... 逼入困境
rank	排；列；等级；排列；列为；阶层；繁茂的；讨厌的；分等级
computing	计算；动词compute的现在分词.
Oregon	名词
element	元素；要素；元件
birth	出生；诞生；分娩；血统；产生；有血亲关系的
virus	病毒；病原体
abuse	滥用；虐待；辱骂；恶习
interactive	交互的；相互作用的
requests	请求；要求
separate	分开；单独的；不同的；区分；分开的；隔开；分居；各自的；脱离；抽印本
quarter	四分之一；一季；区；一刻钟；四分之一的；方向；25美分；四等分
procedure	程序；步骤；手续
leadership	领导；领导才干
tables	表格；名词table的复数形式.
define	定义；解释；规定；限定
racing	赛马；竞赛；赛马用的；竞赛用的；动词race的现在分词.
religious	宗教的；虔诚的；严谨的；信奉宗教的
facts	事实；名词fact的复数形式.
breakfast	早餐；吃早餐；用早餐
kong	烈性威士忌
column	列；栏；柱；专栏；圆柱；柱形物
plants	植物花卉
faith	信仰；信念；信任
chain	链；链条；束缚；用铁链锁住
developer	开发者；显影剂
identify	认同；鉴定；把…看成一样；感同身受；认明
avenue	大街；林荫道；途径手段
missing	失踪的；失去的；漏掉的；动词miss的现在分词形式.
died	死；消失；印模；骰子；渴望；金属模子
approximately	大约；近似地
domestic	国内的；家庭的；佣人；驯养的；家仆
sitemap	
recommendations	建议
moved	感动的；动词move的过去式和过去分词.
Houston	名词
reach	到达；达成；范围；伸出；延伸；河段；影响力；取得联系；等级
comparison	比较；比喻
mental	精神的；脑力的；心理的；精神病患者；思想的
viewed	检查过的；动词view的过去式和过去分词形式.
moment	瞬间；片刻；力矩；准确时刻；非常重要的时机
extended	长期的；广大的；伸展的；动词extend的过去式及过去分词形式.
sequence	顺序；一系列；次序；连续；按顺序排好
inch	英寸；少量；慢慢移动
attack	攻击；抨击；发动攻击
sorry	对不起；遗憾的；抱歉的；对不起的；难过的
centers	中心；居中；使集中
opening	开幕；开始；开口；空缺；张开；开头的；动词open的现在分词.
damage	损害；损失；毁坏
lab	拉布拉多猎犬
reserve	保留；预订；含蓄；克制；延期；候补；贮存；预备品
recipes	配方
cvs	abbr. 计算机并行版本系统（Concurrent Version System）；绒毛膜绒毛样检（Chorionic Villus Sampling）
gamma	微克
plastic	塑料；塑料的；塑料制品；信用卡；可塑的；造型的；整形的
produce	生产；产品；农产品；引起；提出；制片
snow	雪；下雪；积雪；雪覆盖；使变白
placed	动词place的过去式和过去分词.
truth	真理；真相；事实；真实
counter	柜台；计数器；反击；反对；反驳；相反的；筹码；与…相反地
failure	失败；失灵；不及格；失败者；疏忽；未能；悲惨的事
follows	跟随；遵照；名词follow的复数形式.
EU	富集铀；浓缩铀；铕(63号元素)
weekend	周末；周末的；过周末
dollar	美元
camp	营地；露营；野营；宿营；帐篷；扎营
ontario	名词
automatically	机械地；自动地
DES	数据加密标准；数据输入系统；显示编辑系统
Minnesota	名词
films	电影；胶卷；薄膜；把 ... 拍成电影
bridge	桥梁；桥牌；纽带；鼻梁；齿桥；渡过；架桥；缩短...差距
native	土著；本地人；当地的；本土的；本国的；本国人
fill	填充；装满；弥漫；担任；足量
williams	名词
movement	运动；动作；活动
printing	印刷；印刷术；动词print的现在分词.
baseball	棒球
owned	拥有的；动词own的过去式和过去分词形式.
approval	批准；同意；认可；赞同
draft	汇票；起草；草稿；草图；征兵；选秀；酝酿中的
chart	图表；排行榜；规划；绘制地图；制成图表
played	玩；游戏；比赛；扮演；踢；演奏；上演；戏剧；播放；带；假装
contacts	联系人；触体；名词contact的复数形式.
CC	复写本；中央计算机；中央控制台；通道命令；通信中心；条件码；循环检验；抄送
Jesus	耶稣；天哪！
readers	读者
clubs	俱乐部；棍棒；用棍棒打；泡夜总会
LCD	液晶显示器；改变目录
wa	名词
jackson	男子名；地名）；杰克森（姓氏
equal	平等；等于；平等的；相等的；比得上；同辈
adventure	冒险；奇遇；尝试；大胆进行
matching	匹配的；相称的；动词match的现在分词.
offering	出售物；供品；作品；动词offer的现在分词.
shirts	衬衫
profit	利润；获利；利益；得益；收益；有益于
leaders	领袖；领导者；名词leader的复数形式.
posters	招贴广告
institutions	体系；名词institution的复数.
assistant	辅助的；副的
variable	变量；可变的；易变的；易变的东西
ave	大街；途径
DJ	名词
advertisement	广告
expect	期待；预期；盼望
parking	停车；停车的；停车处；动词park的现在分词.
headlines	头条新闻；大字标题；加标题于；新闻提要；宣扬；作主角
yesterday	昨天；近来
compared	比较；对比；对照；比喻
determined	坚决的；坚定的；果断的
wholesale	批发；大规模的；批发的；大规模地；草率的
workshop	车间；研讨会；工场；讲习班
Russia	俄罗斯
gone	过去的；怀孕的；入迷的；动词go的过去分词；死的；遗失的
codes	码；名词code的复数形式.
kinds	种类；名词kind的复数形式.
extension	延长；延期；电话分机；伸展；扩充；特别课程；观念发展；增强
Seattle	西雅图
statements	报表
golden	金色的；珍贵的；黄金般的；金的；绝佳的
completely	完全地；十分地；全然
teams	队；组；团队的；结成一队
fort	堡垒；要塞
CM	名词
wi	abbr. 熟铁（Wrought Iron）；妇女协会（Women 's Institute）；西印度群岛（West Indies）
lighting	照明；照明设备；人工照明
senate	参议院；大学理事会
forces	军队
funny	有趣的；滑稽的；可笑的；奇怪的；非法的
brother	兄弟；同胞；教友
gene	基因
turned	动词turn的过去式和过去分词形式.；翻转的
portable	轻便的；手提式的；便携的东西
tried	可靠的；动词try的过去式和过去分词.；备受苦难的
electrical	电的；与电有关的
applicable	适用的；可应用的；合适的
disc	圆盘；唱片；盘状物；花盘；表示“盘；唱片”
returned	归来的；归还的；动词return的过去式和过去分词.
pattern	模式；图案；典范；式样；以图案装饰；仿造；模仿
CT	计算机断层扫描；通信终端；计算机终端；计算机断层造影；计数器
Hentai	
boat	船；划船；乘船；放于船上
named	命名的；出名的
theatre	剧场；戏院；戏剧；手术室；戏院的；战区；=theater.
laser	激光；镭射
earlier	初期的；早的；更早地
manufacturers	制造商；生产商；名词manufacturer的复数形式.
sponsor	赞助；发起；赞助者；主办者；发起者；保证人；倡议
classical	古典的；传统的；正统的；权威的
icon	偶像；象征
warranty	保修期；保单；根据
dedicated	专用的；专注的；献身的
Indiana	名词
direction	方向；指导；目标；管理；用法说明；趋势
harry	侵掠；侵扰；不断骚扰；打扰
basketball	篮球
objects	对象；目标；名词object的复数形式.
ends	结束；结局；名词end的复数形式.
delete	删除
evening	晚上；傍晚；晚会
assembly	装配；集会；集合；议会；与会者；聚集在一起的人
nuclear	原子核的；原子能的；核心的
taxes	税收；赋税；名词tax的复数形式
mouse	鼠标；老鼠；捕鼠；胆小如鼠的人
signal	信号；标志；显著的
criminal	罪犯；犯罪的；刑事的；违法的
issued	问题；发行；发表；议题；流出；公布；正式发给
brain	脑；智力；智者；打 ... 的脑袋
sexual	性的；性欲的；性别的；有性生殖的
Wisconsin	名词
powerful	强大的；强有力的；强健的；有权的
dream	梦；梦想；做梦
obtained	获得的；动词obtain过去式和过去分词.
false	错误的；假的；虚伪的；不真实的；欺骗地；人造的
DA	名词
cast	投；铸造；抛；掷；演员阵容；投掷；预测；加起来；指定演员
flower	花；开花；成熟；精华；开花植物；用花装饰；盛时
felt	毛毡；毡制品；毡合；使粘结；动词feel的过去式和过去分词.；制毡
personnel	人事部门；职员
passed	逝去的；动词pass的过去式和过去分词.
supplied	提供的；动词supply的过去式和过去分词.
identified	经鉴定的；动词identify的过去式和过去分词.
falls	瀑布；名词fall的复数形式.
pic	照片；电影
soul	灵魂；心灵；精神
AIDS	爱滋病
opinions	意见
promote	促进；提升；发起；升迁
stated	规定的；定期的；阐明的；动词state的过去式和过去分词.
stats	abbr. 静止坦克自动目标系统（Stationary Tank Automatic Target System）
Hawaii	名词
professionals	名词；形容词
appears	出现；显得；出版；好像；登场
carry	携带；运载；搬运；运送；带有；承载；传播
flag	旗；旗帜；信号旗；枯萎；减退
decided	坚决的；确定的；动词decide的过去式和过去分词.
nj	abbr. 新泽西（New Jersey）
covers	封面；覆盖；盖子；掩护；涉及；包含；表面；套子；给…保险
hr	小时
EM	名词
advantage	优势；有利条件；有利于
hello	喂；嘿
designs	设计；计划；图案；目的；图样
maintain	维持；维修；坚持；保养；断言
tourism	旅游业；观光
priority	优先；优先权；优先顺序
newsletters	时事通讯(newsletter的复数
adults	成年人；成虫；成年动物；名词adult的复数
clips	修剪；夹子；回形针；夹住；猛击；疾驰；弹夹；剪短；钳
savings	储蓄
iv	名词
graphic	图表；生动的；图表的
atom	原子；微粒
payments	支付
rw	abbr. 卢旺达（Rwanda）；辐射武器（radiation weapon）；辐射战（radiological warfare）；阁下（Right worshipful）
estimated	估计的
binding	镶边；有法律约束力的；必须遵守的
brief	简短的；短暂的；摘要；短期的；扼要的；作…的概述；案件陈述
ended	结束；末端；部分；目标；死亡；半边球场；端点
winning	胜利；获胜的；获得；成功；迷人的；动词win的现在分词.；使人成功的
eight	八；八个的；八人划船队
anonymous	匿名的；无名的；没特色的
iron	铁；熨；熨斗；铁的；烫；刚强的；刚强
straight	直接；直的；笔直地；连续的；正直的；坦率地；连续不断地；异性恋者；准的；异性恋的；直的东西
script	脚本；剧本；手迹；手稿；字体；考卷
served	服务；发球；侍候；度过；担任；对待；可作 ... 用
wants	想要的东西；动词want的第三人称单数形式.
miscellaneous	杂项；杂货；多方面的；性质混杂的；各种的
prepared	准备好的；预制的；动词prepare的过去式和过去分词.
void	空白；无效的；空虚；空的；真空；排泄；使无效；缺乏的；使空出
dining	就餐
alert	警报；警惕；警戒；警觉的；使意识到；灵敏的
integration	集成；综合；同化
atlanta	名词
dakota	名词
tag	标签；名称；尾随；附属物；连接；紧随；捉人游戏；添饰；指责
interview	面试；采访；面谈；会见；接见；对 ... 进行面试
mix	混合；融合；合成；掺入；介入
framework	框架；结构；体系
disk	磁盘；圆盘；唱片；花盘；盘形物
installed	安装的；任命的；动词install的过去式和过去分词.
queen	女王；王后
vhs	abbr. 家用录像系统（Video Home System）
credits	演职员名单
clearly	清楚地；显然地
fix	确定；困境；准备；操纵；贿赂；理解；使 ... 固定
handle	处理；柄；把手；操作；触；对待；买卖
sweet	甜的；甜食；糖；悦耳的；芳香的；漂亮的
desk	书桌；服务台；柜台；部门；小台架
criteria	标准；准则；尺度；名词criterion的复数形式.
pubmed	
dave	戴夫(男子米
Massachusetts	名词
diego	迭戈
hong	行；洋行；(中国；日本等的)商行
vice	恶习；邪恶；缺点；代替；副的；老虎钳；代理的；罪行；生理缺陷
associate	交往；联想；联合；同事；伙伴；副的；共事的；有联系的；同伴；准学士学位获得者
ne	新的
truck	卡车；手推车；交易；打交道；交往；敞篷货车；实物工资
behavior	行为；举止；态度；习性
enlarge	扩大；增大；详述
ray	射线；光线；辐射；发光；用光线装饰；释放射线
frequently	频繁地；经常地
revenue	收入；税收；税务局
measure	测量；措施；程度；尺寸；量度；办法；比较；权衡；给予
changing	换车；变更；兑换
votes	名词vote的复数形式.
du	定义使用；贫化铀
duty	责任；职责；义务；税；关税
looked	动词look的过去式和过去分词形式
discussions	讨论
bear	熊；忍受；结果；负荷
gain	获得；增益；增加；收益；获利；到达
festival	节日；节日的；喜庆的；欢宴；庆祝及祭祀
laboratory	实验室
ocean	海洋；海量
flights	飞行；航班；镖尾
experts	专家；能手；熟练的；内行的
signs	签；签名；迹象；符号；手势；招牌；正负号
lack	缺乏；不足；无
depth	深；深度；深奥；深刻；厚度
Iowa	爱荷华州；美国中西部之一州
whatever	无论什么；任何事物；所有的；不管怎样的；丝毫的
logged	记录的；进水的；锯成圆木的；沉重的；动词log的过去式及过去分词形式.
laptop	笔记本电脑；便携式电脑
vintage	收获；古典的；优质的；年代(葡萄；佳酿的；一组具有共同特征的人或事情
train	火车；训练；培训；列车；行列；瞄准；练习；一系列
exactly	精确地；确切地；正是；完全地；严密地
dry	干燥的；干的；干旱的；口渴的；枯燥的
explore	探究；探险；考察；探测
Maryland	名词
spa	水疗；矿泉；温泉浴场
concept	概念；观念；想法
nearly	几乎；密切地；差不多
eligible	合适的；有资格的
checkout	结帐；检验
reality	现实；真实；实际
forgot	忘记；遗漏；轻忽；动词forget的过去式.
handling	处理；操作；装卸；触摸；管理；动词handle的现在分词.
origin	起源；出身；起因
knew	动词；名词
gaming	赌博；动词game的现在分词.
feeds	饲料；喂养；饲养；一餐；吃饲料；进餐；靠 ... 为生；向 ... 提供
billion	十亿
destination	目的地；终点
Scotland	苏格兰
faster	更快的；更快地
intelligence	智力；情报；理解力；情报工作；情报机关
dallas	名词
bought	动词；名词
con	骗局；反对；精读；反对的理由；反面地；记诵；反对地
UPS	不间断电源
nations	国家；民族；名词nation的复数形式.
route	路线；途径；为 ... 安排路线
followed	跟随的；遵照的；动词follow的过去式和过去分词形式.
specifications	规范；说明书；名词specification的复数形式.
broken	破碎的；动词break的过去分词.；弄坏的
tripadvisor	
frank	坦白的；直率的；免费邮寄；真诚的；使自由出入
Alaska	名词
zoom	急速上升；变焦摄影；嗡嗡声；猛增；摄象机移动；使摄象机移动；缩放
blow	吹；打击；风吹；殴打
battle	战斗；争斗；与 ... 竞争
residential	住宅的；居住的
anime	日本动漫
speak	讲；说话；发言；演说
decisions	决定；判决；决心
industries	工业；行业；产业；勤劳；勤勉
protocol	协议；草案；外交礼仪；科学实验报告
query	疑问；质问；疑问号；对 ... 表示怀疑
clip	修剪；夹子；回形针；夹住；猛击；疾驰；弹夹；剪短；钳
partnership	合伙经营；合股；合伙人身份
editorial	社论；编辑的
Nt	副词；名词
expression	表达；表情；表现；表示；措辞；词句；挤压
ES	电子能谱；电子能谱学；专家系统；低于模糊意识(低于下意识)
equity	公平；权益；衡平法；公正；产权
provisions	规定；条款；供应；粮食；预备；食品；向 ... 供应食物
speech	演讲；演说；言语；语言能力
wire	电线；金属丝；电报；电汇；装电线；用金属丝把...连一起；发电报
principles	原则；原理；道义
suggestions	意见；示意；名词suggestion的复数形式.
rural	形容词；名词
shared	共享的；共用的
sounds	名词；动词
replacement	更换；接替者
tape	磁带；录音；录像；胶布；终点；用卷尺测量；用胶布粘
strategic	战略的；重要的；基本的
judge	法官；判断；审判；裁判；断定
spam	垃圾电子邮件
economics	经济学
acid	酸；酸的；酸性的；酸性物质；尖酸的
bytes	字节
cent	分
forced	强迫的；被迫的；不自然的；用力的
compatible	兼容；兼容的；一致的；适合的
fight	战斗；斗争；打架；奋斗；对抗；斗志；争吵
apartment	一套公寓房间
height	高度；高处；顶点
null	空；零；无效的；无价值的；无效力的；使无效
zero	零；零的；零度；瞄准；最低点；无价值的
speaker	扬声器；发言者；说话者；说某种语言者
filed	文件；档案；卷宗；把 ... 归档
GB	千兆字节
Netherlands	名词
obtain	获得；得到；流行；存在；通用
BC	=B.
consulting	咨询；咨询的；商议的；顾问的；动词consult的现在分词.
recreation	娱乐；消遣
offices	办公室
designer	设计者；由专门设计师设计的
remain	保持；依然；留下；剩余；逗留；残骸；剩余物；遗迹
managed	管理；经营；提供；设法对付；做成
PR	与公众的关系；公关；模式识别；实际记录；前缀；程序寄存器
failed	失败的；不成熟的；动词fail的过去式和过去分词形式.
marriage	婚姻；结婚；紧密结合
roll	滚；卷；滚动；转动；名单；绕；摇摆；展开；颤音
Korea	韩国
banks	银行；堤；名词bank的复数形式.
Fr	钫(87号元素)
participants	有份的
secret	秘密；秘诀；秘密的；机密的；奥秘
bath	洗澡；浴室；沐浴；浴盆
AA	绝对地址；农业自动化；自动应答；各；各个
Kelly	名词
leads	引线；名词lead的复数形式.
negative	消极的；否定；负面的；否定的；负的；底片；反面意见
austin	名词
favorites	收藏夹；特别喜爱的人或物；名词favorite的复数形式.
toronto	名词
theater	电影院；戏院；剧场；战区的
springs	弹簧；春天；源泉；名词spring的复数形式.
Missouri	名词
andrew	名词
VAR	增值二手商
perform	执行；表演；履行；运转；举行
healthy	健康的
translation	翻译；译文；平移
estimates	估计；名词estimate的复数形式.
font	字体；源泉；圣水盆
assets	资产；优点；有用的东西
injury	伤害；损害
Mt	名词
Joseph	名词
ministry	内阁
drivers	司机；驱动程序；驱动器；名词driver的复数形式.
lawyer	律师
figures	名词；动词
married	已婚的；婚姻的；密切结合的；已婚者
protected	受保护的；动词protect的过去式和过去分词形式.
proposal	建议；提议；求婚
sharing	共享；分配；动词 share的现在分词.
Philadelphia	费城
portal	门静脉；入口；大门；肝门的；门静脉的
waiting	等候；等候的；动词wait的现在分词.
birthday	生日
beta	贝它；希腊字母的第二个字母
fail	失败；不及格；衰退；辜负；放弃；没做成某事
gratis	免费地；免费的
banking	银行业；银行业务
officials	官员；名词official的复数形式.
brian	布赖恩
toward	向；朝；接近；对于；将近；关于；有利的；有希望的；逼近的
won	动词；名词
slightly	些微地；稍微；瘦小地
assist	协助；帮助；出席；助攻；协助的器械
conduct	行为；管理；品行；导电；引导；指挥；举动；传热
contained	平静的；抑制的；动词contain的过去式和过去分词形式.
lingerie	女用内衣
shemale	女人；女性
legislation	立法；法律；法规
calling	召唤；呼喊；愿望；动词call的现在分词
parameters	参数
jazz	爵士乐；奏爵士乐；跳爵士舞；游荡；使有生气；以爵士风格演奏；各种杂物
serving	服务；服役；一客；动词serve的现在分词.
bags	包；袋；袋状物；把 ... 装进袋子
profiles	名词profile的复数形式.
Miami	名词
comics	名词comic的复数形式.；连环图画
matters	事情；名词matter的复数形式.
houses	房屋；议院；容纳；机构；黄道十二宫之一；给…房子住；观众；藏有；听众；住一屋的人
DOC	名词
postal	邮政的；明信片
relationships	（事物之间的）关系( relationship的复数形式 )；（人、团体、国家之间的）关系；情爱关系；血缘关系
Tennessee	名词
wear	穿着；磨损；耐久性；穿戴；使疲劳
controls	控制器；名词control的复数形式.；控制机构
breaking	动词break的现在分词形式.；街舞的一种；语音的分裂
combined	结合的；组合的
ultimate	终极；终极的；最后的；根本的；根本；极限的；极品
Wales	英国威尔士（英国的一部分；位于大不列颠岛西南）
representative	代表；典型；典型的；代表的；众议员；代表制的
frequency	频率；频繁
introduced	引种的；引进的；提出( introduce的过去式和过去分词 )；介绍；引进；作为…的开头
minor	未成年人；次要的；较小的；轻微的；辅修；辅修科目
finish	完成；结束；用完；最后一层涂饰
departments	政府部门
residents	居民
noted	著名的；有声望的；动词note的过去式和过去分词形式
displayed	显示的；动词display的过去式和过去分词形式.
mom	妈妈
reduced	减少的；简化的；没落的；动词reduce的过去式和过去分词.
physics	物理学
rare	罕见的；珍贵的；煎得嫩的
spent	失效的；动词spend的过去式和过去分词；精疲力竭的
performed	执行；表演；履行；运转；举行
extreme	极端；极端的；极限；极度的
samples	示例；采样；名词sample的复数形式.
davis	戴维斯（姓氏；男子名）
daniel	名词
bars	马齿龈；名词bar的复数形式.
reviewed	回顾；复习；评论；检讨；评审；检阅；温习；写评论
row	排；划船；吵闹；吵架；路；将...排成排
oz	稀奇古怪的地方
forecast	预测；预报
removed	离开的；分离的；动词remove的过去式和过去分词形式.
helps	abbr. 高端激光打印解决方案（High-End Laser Printing Solutions）
singles	单打；单人赛；名词single的复数形式.
administrator	管理人；行政官
cycle	周期；循环；自行车；骑自行车；摩托车
amounts	数量；总额；等于；总计
contain	包含；容纳；抑制；克制；自制
accuracy	精确度
dual	双重的；双数；成双的
rise	上升；增加；升起；起床；复活；反抗；小山；斜坡
usd	abbr. 美元（USA dollar）；极限强度设计（Ultimate Strength Design）
sleep	睡觉；睡眠
MG	微粒剂；镁(12号元素)
bird	鸟；禽
pharmacy	药房；药剂学
Brazil	巴西
creation	创造；创作
static	静态的；静电；静止的；静电的；静力的；静电干扰；稳定的
scene	场；景；情景
hunter	猎人；猎犬；猎马；搜寻者
addresses	讲话；处理；住址；称呼；提出；演讲；谈吐；致词；发表演说；网址；写地址
lady	女士；夫人
crystal	水晶；晶体的；透明的；结晶体；表蒙子
famous	著名的；有名的
writer	作家；作者
chairman	主席；董事长；会长
violence	暴力；强暴；猛烈；暴行
fans	狂热者；名词fan的复数形式.；崇拜明星的人
Oklahoma	名词
speakers	名词
drink	喝；饮；酒；饮料；喝酒
academy	学院；学会；专科学校
dynamic	动力；动态的；动力学；动力的；有活力的
gender	性；性别
eat	吃；吃饭；喝
permanent	永久的；持久的
agriculture	农业；农学；农艺
dell	幽谷；小山谷
cleaning	清洁；打扫；动词clean的现在分词.
constitutes	动词
portfolio	投资组合；文件夹；公事包；作品集
practical	实际的；实用的；实践考试；明智的；事实上的
delivered	已送达的
collectibles	可收集的；可代收的( collectible的名词复数 )
infrastructure	基础；基础设施
exclusive	唯一的；独家新闻；独占的；排外的；奢华的；独权；完整的
seat	座位；坐；席位；臀部；所在地；使坐下；底座；可容纳
concerns	关切；名词concern的复数形式.
colour	颜色；彩色；肤色；颜料；渲染；影响；脸红；染色
vendor	小贩；卖方；自动售货机；供货商；=vender
originally	起初；独创地；原本
intel	主要经营半导体)；英特尔(财富500强公司之一；总部所在地美国
utilities	公用事业；公用工程；名词utility的复数形式.
philosophy	哲学；哲理
regulation	规则；管理；规章；规定的
officers	军官；人员（officer复数形式）
reduction	减少；降低；减价
aim	目标；瞄准；旨在；对准；针对；致力；枪法
bids	出价；投标；叫牌；努力；吩咐
referred	参考；送交；归类(谈及；折合)；指点；动词refer的过去式和过去分词.
supports	支持
nutrition	营养
recording	录音；动词record的现在分词.
regions	名词
junior	年少者；晚辈；下级的；资历较浅的；年少的；地位较低者；三年级生
toll	代价；通行费；钟声；敲钟；伤亡人数
les	abbr. 发射脱离系统（Launch Escape System）
cape	披肩；海角；岬
ann	编年史
rings	吊环；名词ring的复数形式.
meaning	意义；含义；价值；意味深长的；重要性
tip	小费；小建议；轻拍；给小费；装顶端；倾斜；翻倒
secondary	次要的；副手；从属的；中等教育的；次要位置
wonderful	精彩的；极好的
mine	矿；矿藏；地雷；挖掘；开采；在...布雷；破坏；开矿；埋设地雷；我的
Ladies	女士；女盥洗室；名词lady的复数形式
henry	名词
ticket	票；售票；券；罚单；标签；加标签于；候选人名单；开罚单
announced	宣布的；动词announce的过去式和过去分词.
guess	猜测；猜想；推测；猜中；以为
agreed	同意的；商定的；动词agree的过去式和过去分词.
prevention	预防；阻止；妨碍
whom	代词；名词
ski	滑雪；滑雪板；雪橇
soccer	名词
math	数学
import	进口；输入；意义；进口商品
posting	过账；任命；记入
presence	存在；出席；到场
instant	瞬间；立即；立即的；即时的；速成的
mentioned	提到的；提过的；动词mention的过去式和过去分词.
automatic	自动的；无意识的；必然的；自动装置；半自动武器
healthcare	保健
viewing	观察；检视；注视；动词view的现在分词形式.
maintained	维护
CH	改变；通道；信道；字符；检验
increasing	增加的；增长的
majority	多数；大多数；多数派；多数党
connected	连接的；连贯的；相关的；动词connect的过去式和过去分词.
Christ	基督；救世主；天啊！
dan	浮标；Palestine 北端的古都；=Danish)；Daniel 的昵称；丹(男子名
dogs	狗；跟踪；家伙；卑鄙的人；没用的东西
SD	磺胺嘧啶
directors	董事
aspects	方面( aspect的复数形式 )；面貌；方位；样子
Austria	奥地利
ahead	向前；预先；提前；领先；在前
moon	月球；月亮；虚度；闲逛；露光臀示人
participation	参与；参加
scheme	方案；计划；设计；阴谋；策划；图谋
utility	实用；效用；多效用的；多功能的
preview	预告；试映；预习；事先查看；预审
fly	飞；苍蝇；飞行；驾驶；坐飞机
manner	方式；举止；礼貌；习俗
matrix	矩阵；子宫；唱片模板
containing	包含；包括
combination	结合；密码；结合到一起的事物或人
devel	重击；猛击
amendment	修正；修正案；改进
despite	尽管；不管；憎恨；轻视
strength	力量；强度；力气；长处
guaranteed	保证的；担保的；动词guarantee的过去式和过去分词.
turkey	火鸡；笨蛋；失败之作
libraries	图书馆；藏书；书房
proper	合适的；正当的；真正的
distributed	分布的；分散式的
degrees	度；学位；名词degree复数形式.
Singapore	新加坡
enterprises	企业；事业；名词enterprise的复数形式.
delta	名词
fear	恐惧；害怕；担心
seeking	寻找；追求；追求的；探索；动词seek的现在分词.
inches	英寸；少量；慢慢移动
phoenix	凤凰；不死鸟
RS	实寄存器；寄存器和存储器；复位
convention	大会；公约；惯例；协定
shares	分享；分担；股份；分配；一份；犁头；共有
principal	校长；主要的；本金；委托人；首要的；主犯；主角；资本
daughter	女儿；女儿的；子代；女儿似的
standing	地位；直立的；持续；不流动的；永久的；不动的；动词stand的现在分词.
voyeur	窥淫狂者；窥隐私者
comfort	安慰；舒适；安逸；慰藉；使舒适
colors	彩色；名词color的复数形式.
wars	战争；斗争；作战
cisco	湖青鱼；白鲑
ordering	命令；次序；定购；动词order的现在分词形式.
kept	保存的；被人供养的；动词keep的过去式和过去分词.
alpha	最初；希腊字母的第一个字母；首要的；按字母顺序的；主导的
appeal	上诉；吸引力；呼吁；有吸引力；求助；诉请；恳求
cruise	巡航；巡游；漫游；游艇；乘船游览；游弋；慢速行驶
bonus	奖金；红利；意外所得之物
certification	认证；证书；证明；鉴定
previously	先前；在此之前
hey	嗨
bookmark	书签
buildings	建筑物；名词building的复数形式.
specials	特价；特惠；名词special的复数形式.；特别的东西
beat	打；跳动；拍子；打败；战胜；敲打；精疲力尽的
Disney	迪士尼
household	家庭；户；家喻户晓的；家庭的
batteries	电池；名词battery 的复数形式.
adobe	土坯；泥砖；泥砖建筑物；制砖粘土；美国奥多比电脑软件公司
smoking	吸烟；抽烟的；吸烟区；熏制的；动词smoke的现在分词.
BBC	名词
becomes	成为；变得；变成
drives	驱动器；驱动程序；名词drive的复数形式.
arms	武器；手臂；名词arm的复数形式.
Alabama	亚拉巴马州；亚拉巴马人；亚拉巴马语
tea	茶；茶叶；茶树；茶点
improved	改进的；改良的；动词improve的过去式和过去分词.
trees	树；灌木；逼迫上树
AVG	平均值
achieve	实现；达到；完成
positions	位置；动词position的第三人称单数形式.；名词position的复数形式.
dress	穿着；打扮；穿衣；服装；女装
subscription	订阅；捐款；会费；签署；同意
dealer	经销商；商人；毒品贩子；发牌者
contemporary	当代的；同时代的；同时代的人；同龄人
sky	天空；天气；将…高挂；天国
Utah	名词
nearby	附近的；在附近
ROM	只读存储器
carried	被运的；入神的；悬挂式的；动词carry的过去式和过去分词.
happen	发生；出现；碰巧；偶遇
exposure	暴露；揭露；曝光时间；挨冻；胶片
panasonic	日本松下公司
hide	藏；隐瞒；兽皮；鞭打；遮避
permalink	
signature	签署；书帖；有特征的符号
gambling	赌博；投机
refer	参考；谈及；咨询；把 ... 提交；归类；把 ... 归因
miller	磨坊主；碾磨工
provision	规定；条款；供应；粮食；预备；食品；向 ... 供应食物
outdoors	户外；野外；在野外；在户外地；名词outdoor的复数形式.
clothes	衣服；服装
caused	动词；名词
luxury	奢侈；豪华；奢侈品
babes	<书>婴儿( babe的复数形式 )；无助的人；需要人抱的婴儿；<美俚>姑娘
frames	帧；名词frame的复数形式.；动词frame的第三人称单数形式.
viagra	伟哥
certainly	当然；一定
indeed	真正地；甚至；事实上
newspaper	报纸；新闻纸
toy	玩具
circuit	电路；线路；回路；巡回；环形
layer	层；分层
printed	印刷的；印好的；印花样的；动词print的过去分词和过去式形式.
slow	慢的；放慢；减速；慢慢地
removal	除去；搬迁；移动；开除
easier	更轻松的
SRC	标准要求代码；同步遥控
liability	责任；债务；倾向；可能性；不利因素
trademark	商标
hip	髋；臀部；屋脊；通晓的
printers	打印机；印刷厂；印花平纹坯布（printer的复数）
faqs	abbr. 常见问题解答（Frequently Asked Questions）
nine	九
adding	加；添；增加；动词add的现在分词形式.
Kentucky	名词
mostly	主要地；通常
eric	名词
spot	地点；认出；斑点；场所；职位；污点；现货的；现场的；少量；聚光灯；插播的
taylor	名词
trackback	引用；引用通知
prints	印花；印刷品；印记；名词print的复数形式.
spend	花费；度过；浪费；预算；花销
factory	工厂；制造厂
interior	内部；内部的；内在；国内的；内地的
revised	改进的；经过修订的
grow	生长；种植；增加；逐渐开始；变成
Americans	美国人；名词American的复数形式.
optical	光学的；视觉的
promotion	提升；晋升；促销；促进
relative	亲戚；相对的；相关的；比较的
amazing	令人惊异的；动词amaze的现在分词.
clock	时钟；计时；打卡
dot	点缀；小圆点；少量；作小点记号；小东西
hiv	人体免疫缺损病毒
identity	身份；一致；特征
suites	套房；组曲；餐厅套件
conversion	转变；换算
feeling	感觉；知觉；气氛；富于同情心的；鉴赏力；含情脉脉的；反感；有感情的
hidden	隐藏的；秘密的；动词hide的过去分词.
reasonable	合理的；通情达理的；公平适度的
victoria	名词
serial	序列；连续剧；连续的；一系列的；连载小说
relief	减轻；浮雕；轻松；安慰；解除；提供救济的；文本的；替代
revision	修正；复习；修订本；校订
broadband	宽带；宽频带；宽频带的
influence	影响；影响力；势力；权势；感染
ratio	比率；比例
PDA	个人数字助手
importance	重要；重要性
rain	雨；下雨；雨水
onto	到 ... 上
DSL	数字仿真语言；对话说明语言；数据集标号
planet	行星
webmaster	网站管理员
copies	名词copy的复数形式.
recipe	食谱；秘诀；药方
zum	(Zum)人名；(西)苏姆；(希)朱姆
permit	允许；许可；许可证；执照
seeing	因为；视觉；由于；动词see的现在分词.
proof	证明；证据；校样；检验；防 ... 的
DNA	脱氧核糖核酸；无效数据；数字网络体系结构；分布式网络体系结构
diff	差速器
tennis	网球
bass	鲈鱼；男低音；低音的；低沉的；低音部分；低音符
prescription	处方；药方；对策
bedroom	卧室；两性关系的；市郊住宅区的；性感的
empty	空的；空洞的；倒空；空虚的；排空；变空；空腹的；空物
instance	例子；情况；要求；场合；举例说明；诉讼程序
hole	洞；孔；穴；漏洞；进洞；困境；挖洞
PETS	abbr. 公共英语等级考试（Public English Tset System）
ride	骑；乘；乘车；搭便车；交通工具
licensed	得到许可的；动词license的过去式和过去分词形式.
orlando	名词
specifically	明确地；特别地；具体地
tim	蒂姆(男子名
bureau	局；办事处
Maine	名词
SQL	结构化英语询问语言
represent	代表；表示；表现；象征；描绘；说明；提出异议；阐明
conservation	保护；守恒；节约；保存
pair	一双；一对；一副
ideal	理想；理想的；目标；完美的；典范；观念的
specs	名词
recorded	录音的；动词record的过去式和过去分词.；已记录的
don	穿上
pieces	匹头；毛束；件片块个工件零件
finished	完成的；精湛的；动词finish的过去式和过去分词.
parks	帕克斯（人名）
dinner	晚餐；晚宴；主餐
lawyers	律师
sydney	名词
stress	压力；强调；重音；重读
cream	奶油；面霜；乳酪；精华；米色；使成糊状
SS	子系统；卫星系统；源语句；同步分类；系统管理程序；半
runs	名词run的复数形式；腹泻；动词run的第三人称单数.
trends	趋势；动态；名词trend的复数形式.
yeah	(非正式)是；是的
discover	发现；发觉；偶然撞见
sexo	血清次黄嘌呤氧化酶
AP	应付款；美国专利；应用程序；运算处理器；阵列处理器；汇编程序；自动程序设计
patterns	模式；图案；式样；样式；名词的pattern复数形式.
boxes	小木箱；盒子
Louisiana	名词
hills	山丘；丘陵；名词hill的复数形式.
javascript	Java描述语言（一种程序语言）
fourth	第四；四分之一；第四档；第四音阶
NM	纳米；毫微米；新霉素；弗氏霉素
advisor	顾问
Mn	锰(25号元素)
marketplace	市场；集会场所
ND	北达科地；钕(60号元素)
evil	邪恶；邪恶的；罪恶；有害的；灾祸；讨厌的
aware	知道的；意识到的
wilson	姓氏；美国北卡罗来纳州中东部城市)；威尔逊(男子名
shape	形状；塑造；身材；定形；形式；使 ... 成形
evolution	进化；演变；发展
Irish	爱尔兰人；爱尔兰的；爱尔兰语
certificates	执照；认可；批准；发证书给 ...
objectives	目标；宗旨；名词objective的复数形式.
stations	站；火车站；驻地；电视台；安置；岗位；驻扎；牧羊场
suggested	建议的；暗示的；动词suggest的过去式和过去分词.
gps	abbr. 全球定位系统（Global Position System）；通用雷达（General Purpose Radar）；炮长主瞄准镜（Gunner's Primary Sight）
OP	观测所；操作；运算；算符
remains	遗体；遗迹；剩余物
ACC	累加；累加器；异步通信控制；阳极通电收缩
greatest	最大的；形容词great的最高级.
firms	公司；坚定的；商行；坚固的；坚定地；确定；严格的；稳固地；结实的
concerned	关心的；有关的；关切的；担忧的
euro	名词；形容词
operator	操作员；行家；经纪人；算子；运算符
structures	结构；名词structure的复数形式.
generic	一般的；普通的；无商标的药品；共有的；没有商标的
encyclopedia	百科全书
usage	使用；用法；惯用法；惯例
cap	帽子；顶；上限；覆盖；脱帽致意；超过；盖子；加盖于；戴帽；设限；完成
ink	墨水；墨汁
charts	图表；排行榜；规划；绘制地图；制成图表
continuing	持续的；连续的；动词continue的现在分词.；不间断的
mixed	混合的；男女混合的
census	人口普查；统计；户口普查
interracial	人种混合的；不同种族间的
peak	山顶；顶峰；达到顶峰；尖端；消瘦；使处于顶点
TN	终端节点；传送网络
competitive	竞争的；有竞争力的；胜过或超过他人的
exist	存在；生存；活着
wheel	车轮；方向盘；转动；旋转；用车运；周期
transit	运输；经过；凌日；经纬仪；转变；越过；旋转；穿越
dick	阴茎；侦探
suppliers	供应商；供应者
salt	盐；用盐腌；盐类；刺激
compact	紧凑的；简洁的；紧密的；压实；使简洁；梳妆粉盒；使装满；合约条约
poetry	诗歌；诗意；诗集
lights	名词light的复数.；动词light的第三人称单数.
tracking	跟踪；动词track的现在分词形式.
angel	天使；天使般的人
bell	铃；钟；钟声；门铃；敲钟；钟状物；使象钟状地张开；使呈钟状
keeping	一致；协调；动词keep的现在分词形式.
preparation	准备；预备；配制
attempt	尝试；试图；企图
receiving	接收；买卖赃物；动词receive的现在分词.
matches	火柴；名词match的复数形式.
accordance	符合；一致；给予；授予
width	宽度；广度；宽阔
noise	噪声；响声；喧闹声；谣传；发出噪音；大声说话
engines	发动机；引擎；机车；火车头；给 ... 装引擎
forget	忘记；忽略
array	数组；排列；一系列；打扮；盛装；部署；大批
discussed	被讨论的；讨论过的；动词discuss的过去式和过去分词.
accurate	准确的；精确的
stephen	名词
elizabeth	名词
climate	气候；风气
reservations	保留；名词reservation的复数形式.
pin	钉住；别住；固定住；徽章
playstation	游戏站；家用电视游戏机
alcohol	酒；酒精；乙醇
Greek	希腊的；希腊语；希腊人；希腊人的；希腊语的
instruction	指令；教学；说明；教诲
managing	管理的；动词manage的现在分词.
annotation	注解；评注
sister	姐妹
raw	生的；原始的；未加工的；湿冷的；触到某人的痛处
differences	不同；名词difference的复数形式.
walking	走；活的；路面状况
explain	解释；说明
smaller	较小的
newest	最新的；形容词new的最高级形式.
establish	建立；确立；创办；安顿
gnu	角马；=wildebeest.
happened	发生的；动词happen的过去式和过去分词.
expressed	表达；表示；快递；明确的；快车；专使；用快递；挤压出；直接的
jeff	名词
extent	程度；范围；广度；长度；大小；宽度
sharp	锋利的；明显的；突然地；偏高地；准时地；灵敏的；辛辣的；突然的
lesbians	女同性恋者
ben	山峰
lane	小巷；小路；航道；跑道；行车道
paragraph	段落；节；写短评；将 ... 分段；写短评报道
kill	杀；杀死；消磨；消灭；猎获物；使痛苦；终止
mathematics	数学
aol	abbr. 美国境内提供线上加值网络服务的公司（American On Line）
compensation	补偿；赔偿；赔偿金
CE	组件选通；铈(58号元素)
export	出口；输出；输出品；输出存储器的信息
managers	经理
aircraft	飞机
modules	模块；名词module的复数形式.
Sweden	瑞典
conflict	冲突；矛盾；抵触；战斗；争执；斗争
conducted	行为；管理；品行；导电；引导；指挥；举动；传热
versions	版本；名词version的复数形式.
employer	雇主
occur	发生；出现；存在；想到
percentage	比例；部分；百分率；好处
knows	知道；了解；认识；知情
Mississippi	名词
describe	描述；形容；说成
concern	关心；公司；涉及；影响；企业；关心的事
backup	后备
requested	被请求的；动词request的过去式和过去分词.；必要的
citizens	公民
Connecticut	名词
heritage	遗产；继承物
personals	人事广告栏；人事栏
immediate	直接的；立即的；目前的；最接近的
holding	举行；收藏品；股份；耕地；动词hold的现在分词形式.
trouble	麻烦；困难；烦恼；苦恼；使烦恼；费神
spread	传播；散布；展开；范围；伸展；铺开；幅度；盛宴；差额
coach	教练；指导；训练；经济舱；四轮马车
kevin	名词
agricultural	农业的
expand	扩张；增加；详述；张开；使 ... 膨胀
supporting	支持的；次要的；辅助性的；动词support的现在分词.
audience	观众；听众；读者；倾听；拥护者；正式会见
assigned	动词；名词
jordan	约旦；约旦河
collections	收藏；收集；名词collection的复数形式.
ages	年龄；时代；时期；长时间
participate	参与；参加；分享
plug	塞；插头；堵；塞子；火花塞；宣传；插上插头；苦干；推销
specialist	专家；专科医生；专食性动物
cook	厨师；烹调；炊事员；捏造；烧煮
affect	影响；感动；作用
virgin	处女；纯洁的；原始的；未婚女子；未开发的
experienced	有经验的
investigation	调查
raised	凸起的；发酵的；起毛的
hat	帽子；制造帽子；提供帽子；给 ... 戴帽子
institution	机构；制度；制定；名流
directed	定向的；被控制的；有管理的；经指导的；动词direct的过去式和过去分词.
dealers	商人；名词dealer的复数形式.
searching	锐利的；洞察的；动词search的现在分词.
sporting	公正的；大度的；体育运动的；有体育道德的；动词sport的现在分词.
helping	帮助；一客；辅助的；助人的
perl	abbr. 实际抽取与汇报语言（Practical Extraction and Reporting Language）
affected	受影响的；假装的；做作的；受疾病侵袭的；受感动的；动词affect的过去式和过去分词.
lib	名词
bike	自行车；骑自行车；脚踏车；摩托车
totally	完全
plate	盘；碟；板块；金属板；电镀；用金属板固定；给 ... 装钢板
expenses	费用；开支；名词expense的复数形式.
indicate	表明；指示；显示；指明；象征
blonde	金发女郎；金发碧眼的；白皙的
ab	名词
proceedings	诉讼；学报；会议记录；议程；名词proceeding的复数形式.
favourite	最喜爱的
transmission	传输；传播；变速器；播送
anderson	名词
utc	abbr. 美国联合技术公司（United Technology Corporation）；世界时间代码（Univer-sal Time Code）；世界调整时间（Universal Time Coordinated）；城市交通管制（Urban Traffic Control）
characteristics	特性；特点；特征；名词characteristic的复数形式.
der	abbr. 区分编码规则（Distinguished Encoding Rules）
lose	失败；丢失；迷失；走慢；亏损；看不到；经受损失；丧生；削减
organic	有机的；器官的；有机物质；根本的；有组织的；接近自然的
seek	寻求；寻找；追求；试图
experiences	经验；经历；体验；感受
albums	相簿；相册；专辑；影集（album的复数形式）
cheats	骗子（cheat的复数形式）
extremely	非常；极其
verzeichnis	
contracts	合同；契约；合约；订合同；婚约；缩小；缩短
guests	客人；宾客；招待；做客；做特邀嘉宾；做特约演员；客串；特别来宾
hosted	主机；主人；主办；主持；寄主；主持人；大量；做东；主办方
diseases	病害
concerning	名词
developers	开发商
equivalent	相等物；等价的 相等的
chemistry	化学
tony	高贵的；漂亮的；=toney.；托尼(男子名；时尚的
neighborhood	附近；邻居；邻近
Nevada	名词
kits	基茨
Thailand	泰国
variables	变量；名词variable的复数形式.
agenda	议事日程
anyway	无论如何；不管怎样
continues	继续；持续；连续；维持
tracks	名词；动词
advisory	报告；顾问的；咨询的；劝告的
cam	凸轮；计算机辅助制造=computer-aided manufacturing
curriculum	课程；全部课程
logic	逻辑；推理；逻辑学；条理性
template	模板；样板
prince	王子；亲王；诸侯
circle	圆圈；圈子；盘旋；环绕；包围；包厢；划圈
soil	土壤；土地；弄污
grants	授予；同意；承认；补助金；给予；认为；财产转让；授予物
anywhere	任何地方
psychology	心理；心理学
responses	名词response的复数形式
Atlantic	大西洋；大西洋的
wet	湿的；雨天；雨天的；潮气；懦弱的
circumstances	情况；境遇；详细情节
edward	名词
investor	投资者
identification	识别；鉴定；确认；身份的证明
ram	公羊；撞击；填塞；白羊座；有撞角的军舰；强迫通过或接受；撞击装置；撞锤
leaving	离开；残余物；动词leave的现在分词.
wildlife	野生动植物；野生动植物的
appliances	电气用具；名词appliance的复数形式.
matt	无光泽的；使…无光泽
elementary	基本的；初级的；元素的
cooking	烹饪；烹饪的；动词cook的现在分词.
speaking	发言的；栩栩如生的；动词speak的现在分词.；能说明问题的；能说的
sponsors	赞助；发起；赞助者；主办者；发起者；保证人；倡议
fox	狐狸；欺骗；狡猾的人；迷惑
unlimited	无限的；不受限制的
respond	反应；响应；回答；反响；反应灵敏
sizes	大小
plain	平原；朴素的；简单的；完全地；平常的；纯的；清楚的；坦白的
exit	退出；出口；退场；离去
entered	进入的；动词enter的过去式和过去分词形式.
Iran	伊朗
arm	臂；武装；扶手；武器；装备；袖子；军种；纹章；兵役.
keys	键；名词key的复数形式.
launch	发射；发起；产品推介
wave	波；波浪；挥动；飘动
checking	检验；验算；校核；核算；动词check的现在分词形式.
costa	肋脉
Belgium	名词
printable	可印刷的；适合出版的
holy	神圣的；圣洁的；令人敬仰的
acts	abbr. 声控遥测系统（Acoustic Control and Telemetry System）；声控制与遥测系统（Acoustic Control and Telemetry System）
guidance	指导；引导；导航
mesh	啮合；网孔；网状物；互相协调；被网缠住；罗网；使啮合；以网捕捉；使匹配
trail	小径；踪迹；追踪；拖；尾；落后于；尾随；一系列；拖拽
enforcement	执行；实施；强制
symbol	象征；符号；标志
crafts	工艺；手艺；手工制作；精心制作；行会成员；狡诈；船舶；航空器
highway	公路
buddy	伙伴；好朋友；兄弟；结交
hardcover	精装本；硬皮的；精装的；硬皮书；=hardback.
observed	观测的；观察的
dean	系主任；学院院长；教务长
setup	安装；计划；装备
poll	投票；民意测验；票数；获得 ... 票；做民意测验
booking	预订；预约
glossary	词汇表；术语汇编
fiscal	财政的；国库的
celebrity	名人；名誉；社会名流
styles	风格；样式；模式；名词style的复数形式.
Denver	名词
UNIX	UNIX操作系统；多用户分时操作系统
filled	充满的；动词fill的过去式和过去分词.
bond	债券；结合；粘合；联系；使结合；情谊；协定；连结；黏合剂；为 ... 作保
channels	通道；通路；名词channel的复数形式.
ericsson	爱立信公司
appendix	附录；阑尾；附属物
notify	通知；报告；通告
blues	布鲁斯音乐；忧郁的情绪；名词blue的复数形式.
chocolate	巧克力；巧克力的；巧克力糖；巧克力色；巧克力色的
pub	酒吧；酒馆
portion	部分；份；命运；分配；命运注定；分担的责任
scope	范围；机会；眼界；仔细研究；观看的仪器
hampshire	汉普夏猪；汉普夏羊
supplier	供应商；供应者
cables	缆；电缆；索；电报；发电报
cotton	棉花；棉布；棉制品
bluetooth	蓝牙技术
controlled	受约束的；受控制的；克制的；动词control的过去式和过去分词形式.
requirement	要求；必要条件
authorities	当局；官方；名词authority的复数形式.
biology	生物学；生物群落
dental	牙齿的；牙科的
killed	被杀死的；被消灭的；动词kill的过去式和过去分词.
border	边境；边界；边缘；近似；毗邻；加边于
ancient	古老的；古代的；古人
debate	辩论；争论；讨论；思考
representatives	代表；众议院议员；名词representative的复数形式.
starts	动词；名词
pregnancy	怀孕；妊娠；丰富；含蓄
causes	名词cause的复数形式.
Arkansas	名词
biography	传记
leisure	休闲；闲暇
attractions	知名旅游吸引物
learned	有学问的；博学的；动词learn的过去式和过去分词.
transactions	交易；会报；名词transaction的复数形式.
notebook	笔记本；笔记本电脑
explorer	探险者；探测者
historic	有历史意义的；历史的
attached	附加的；依恋的；附属的
opened	开的；开启(公开；开证)
TM	商标；磁带标记；磁带模块；终端监控程序
husband	丈夫
disabled	残废的；有缺陷的
authorized	经授权的；经认可的；审定的；动词authorize的过去式和过去分词.
crazy	疯狂的；疯狂地；荒唐的；着迷的；荒唐的人
upcoming	即将来临的；预定将要
Britain	英国；不列颠
concert	音乐会；一致；和谐；合作；协定；协同安排
retirement	退休；隐匿处
scores	得分；刻痕；乐谱；二十；记分；划线；得胜；获胜；刻划；给 ... 谱曲
financing	融资；资金供应
efficiency	效率；功率
SP	岸上宪兵；基地宪兵；结构程序设计；用户过程处理
comedy	喜剧；滑稽；幽默事件
adopted	被收养的；被采用的；动词adopt的过去式和过去分词.
efficient	效率高的；胜任的
weblog	博客；网络日志
linear	线性的；直线的；长度的
commitment	承诺；献身；保证；委任；信奉；交押
specialty	专业；专长；特产；特性；特别
bears	熊；卖空者；名词bear的复数形式.；动词bear的第三人称单数形式.
jean	斜纹布
hop	跳跃；单脚跳
carrier	航空母舰；带菌者；行李架；客运公司；运送者；运输工具；电信公司
edited	编辑；剪辑；校订
constant	常数；不变的；恒量；经常的
visa	签证；办理签证
mouth	嘴；口；开口；河口；装腔作势地说
Jewish	犹太人的；犹太的
meter	米；计量器；公尺；计时器
linked	连接的；动词link的过去式和过去分词.
Portland	名词
interviews	面试；采访；面谈；会见；接见；对 ... 进行面试
concepts	概念
nh	abbr. 不吸湿的（nonhygroscopic）；全日空航空公司；美国地名；新罕布什尔（New Hampshire）
gun	枪；炮；用枪打猎；枪击；打开节流阀
reflect	反映；反射；反省；显示；归咎
pure	纯粹的；纯的；纯洁的
deliver	交付；履行；递送；解救；接生；投掷
wonder	想知道；奇迹；惊奇；怀疑；奇观；奇妙的；非凡的；惊愕
hell	地狱；阴间；极大的痛苦；苦境
lessons	教训；给 ... 上课
fruit	水果；果实；成果；结果实
begins	开始；着手
qualified	有资格的；有保留的；有限制的；能胜任的
reform	改革；改造；改良；革新
lens	镜头；透镜；镜片；给…摄影；给…拍照
alerts	警报；警惕；警戒；警觉的；使意识到；灵敏的
treated	治疗；对待；招待
discovery	发现；发现物
draw	画；平局；拉；抽签；绘制；拖；提取；接近
mysql	数据库系统（一种免费的跨平台的）
classified	分类的；机密的；类别的
relating	关联的；动词relate的现在分词.
assume	假定；承担；设想；假装
confidence	信心；信任；把握；骗得信任的；知心话
alliance	联盟；结盟；联姻
FM	(英)陆军元帅；外国使团；调频；频率调制；设备管理；快速存储器；文件管理
confirm	证实；确定；批准
warm	温暖的；暖和的；变暖；热情的；使暖和；温暖的空气
neither	也不；既不；两者都不；两者都不的
lewis	吊楔
howard	名词
offline	脱机的；脱机地；挂线的；挂线地
leaves	动词；名词
engineer	工程师；设计；建造；策划
lifestyle	生活方式
consistent	一致的；始终如一的；持续的
replace	取代；替换；偿还；放回原处
clearance	间隙；清除；通关；清理；结关；许可证；清仓甩卖
connections	连接点；名词connection的复数形式.
inventory	详细目录
converter	转换器；=convertor.
suck	吸；吸收；吸入；吸吮；啜；奉承；吸力
organisation	组织；团体；条理
babe	小孩；不知世故的人
checks	意思是 制约与平衡）；名词check的复数形式.
reached	到达；达成；范围；伸出；延伸；河段；影响力；取得联系；等级
becoming	合适的；好看的；适当的；动词become的现在分词.
blowjob	口交
safari	旅行；狩猎旅行；旅行队
objective	目标；目的；客观的；真实的
indicated	表明；指示；显示；指明；象征
sugar	使甜；糖缸；在...上撒糖
crew	全体船员；当船员；当机务人员；划艇队员；全体乘务员
legs	腿；名词leg的复数形式.
SAM	名词
stick	粘贴；刺入；手杖；钉住；杆；枝；竖起；插于
securities	股票；有价证券；名词security的复数形式.
allen	名词
PDT	太平洋夏季时间
relation	关系；联系；亲戚；参考
enabled	可激活的；已启用的
genre	类型；流派
slide	幻灯片；滑动；下滑；滑坡；雪崩；使滑动；滑入；悄悄地溜走
Montana	名词
volunteer	志愿者
tested	测试的；考验的；动词test的过去式和过去分词.
rear	后方；后部；后面的；后方的；尾部；养育；饲养；背面的；举起
democratic	民主的；民主党的；大众的
enhance	提高；加强；增加
Switzerland	瑞士
exact	确切的；精密严谨的
bound	跳跃；界限；跳；有义务的；范围；装订的；受约束的；跳跃前进；猛涨；动词bind的过去式和过去分词形式；必定的
parameter	参数；参量；界限；决定因素
adapter	适配器；改编者
processor	处理器；加工者
node	节；瘤；结节
formal	正式的；正规的；有条理的；拘谨的；形式的；公开的
dimensions	大小；面积；容积
contribute	贡献；投稿；捐助；是原因之一
lock	锁；水闸；固定；过闸
hockey	曲棍球
storm	暴风雨；猛攻；起风暴；暴怒；捣毁
micro	微小的；表示&quot；微小；百万分之一&quot
colleges	高校
laptops	笔记本电脑
mile	英里；一英里赛跑；海里
showed	表演；显示；展示；展览；表现；表示；证明；显现；出现；指示；样子
challenges	挑战；质疑；盘问；邀请比赛
editors	编辑；名词editor的复数形式.
mens	精神
threads	线；螺纹；穿过；线索；思路；细丝；穿线于
bowl	碗；投球；保龄球；木球；碗状物；打保龄球；圆形露天剧场
supreme	最高的；至上的；极度的
brothers	兄弟；同胞；教友
recognition	承认；认出；赏识
presents	礼物；名词present的复数形式.
ref	裁判员
tank	箱；罐；坦克；槽；贮水池；把 ... 储于槽中
submission	提交；屈服；服从
dolls	多利斯
estimate	估计；评价；估价
encourage	鼓励；促进；支持
navy	海军；海军蓝；船队
kid	小孩；开玩笑；小山羊；哄骗；较年幼的；年轻人；嘲弄；捉弄；小山羊皮制品
regulatory	管理的；控制的；调整的
inspection	检查；视察
consumers	顾客；名词consumer的复数形式.
cancel	取消；抵消；删除；注销；作废
limits	极限；名词limit的复数形式.
territory	领土；领域；范围；版图
transaction	事务；交易；处理；办理；会报.
Manchester	名词
weapons	武器；兵器；名词weapon的复数形式.
paint	油漆；颜料；绘画；绘画作品
delay	推迟；延误；耽搁；延期
pilot	飞行员；驾驶；试点；领航；领航员；向导；试验性的；引导的
outlet	出口；出路；通风口
contributions	贡献
continuous	连续的；连绵不断的；继续的
DB	数据库；数据位；数据总线；分贝；判定功能块
Czech	捷克的；捷克人；捷克语；捷克语的；捷克人的
resulting	结果的；动词result的现在分词.
Cambridge	剑桥大学
initiative	主动权；倡议；首创精神；项目；自发的；第一步
novel	小说；新奇的
pan	平底锅；盘子；严厉批评；淘盘；盘状物
execution	执行；实施；处决
disability	残疾；无能；无力；不利条件
increases	增加；提高；增强
ultra	超；极端的；急进论者；过激论者；过激的
winner	获胜者
Idaho	名词
contractor	承包商；立契约的人
pH	名词
episode	插曲；片段；一段情节；轶事
examination	考试；检查；考查；审讯
potter	陶工；陶艺家；懒散；磨蹭地做一些琐事
dish	盘；碟；一道菜；菜肴；闲谈；碟状物；使成碟状；装盘
plays	玩；游戏；比赛；扮演；踢；演奏；上演；戏剧；播放；带；假装
bulletin	公报；发表；期刊；新闻快报；用公告通知；公示
IA	指令地址；集成转接器；肠下垂
PT	点；处理时间；可编程序终端；铂(78号元素)
indicates	表明；指示；显示；指明；象征
modify	修改；更改；修饰；缓和
Oxford	牛津大学；牛津布；牛津鞋；牛津城
Adam	名词
truly	真诚地；真实地；正确地
epinions	
painting	绘画；动词paint的现在分词.
committed	坚定的；忠诚的；献身于某种事业的；委托的
extensive	广泛的；大量的；广阔的；广大的
affordable	支付得起的；不太昂贵的
universe	宇宙；世界；万物
candidate	候选人；应试者
databases	数据库
patent	专利；专利的；特许
slot	槽；插入；投币口；狭缝；时间段；放置；留细长的孔；职位
psp	abbr. 掌上游戏机（SONY推出的掌上娱乐平台）；起动前操纵台（Prestart Panel）
outstanding	优秀的；突出的；未完成的；未支付的
ha	胜利等)；怀疑；哈！(表示惊异；愉快
eating	吃；食物；食用的；可食的
perspective	透视；看法；远景；透视的
planned	有计划的；根据计划的；动词plan的过去式和过去分词.
watching	观察；监视；注意；动词watch的现在分词形式.；看守
lodge	小屋；门房；存放；巢穴；传达室；临时住宿；支部；安顿
messenger	报信者；先兆
mirror	镜子；反映；反射
tournament	比赛；锦标赛；比武
consideration	考虑；体贴；考虑因素；意见；敬重
DS	数据系列；数据集；数据同步；调试系统；定义符号；开发系统；磁盘存储器；磁盘系统；分布式系统
discounts	折扣；贴现；贴现率；打折扣；不全信；不重视；减息贷款
sterling	英国货币；优秀的；标准纯银；纯正的；英币的；纯银制的；银制品
sessions	会议；研讨；法庭；学期；名词session的复数形式.
kernel	核心；仁；中心；精髓
boobs	乳房
stocks	股票
buyers	买主；采购者；买方市场；购货者（buyer的复数）
journals	学报
gray	灰色；灰色的；暗淡；变灰色；使 ... 变灰色
catalogue	目录；系列；编入目录；总目；编制目录；在目录里列出价格
EA	有效地址；单元动作；外部访问；卵白蛋白；红细胞抗体
jennifer	名词
antonio	名词
charged	紧张的；充电的；荷电的；动词charge的过去式和过去分词.
broad	宽广的；明显的；粗俗的；清楚无误的；胸怀开阔的
taiwan	台湾
und	comb. 表示“水；波浪”
chosen	挑选出来的；动词choose的过去分词形式.
Demo	演示；样本唱片
Greece	希腊
lg	水平规
Swiss	瑞士的；瑞士人
Sarah	莎拉
clark	名词
labour	劳动；劳工；分娩；努力；困难吃力地行进；干苦力活；反复说明
hate	讨厌；憎恨；厌恶
terminal	终点；末端；终点站；终端机；末端的；晚期的；航站楼；终点的
publishers	出版商；出版公司；出版社（publisher的复数）
nights	每晚；在夜晚
behalf	代表；利益；方面
Caribbean	加勒比海；加勒比海的；加勒比族的
liquid	液体；液体的；液态的；清澈的；清脆的
rice	米；稻；米饭
Nebraska	名词
loop	环；回路；圈；以环连结；以圈结
salary	薪水；给 ... 薪水
reservation	预定；保留意见
foods	食品；名词food的复数形式.
gourmet	美食家
guard	警卫；守卫；看守；保卫；防护装置；警戒；哨兵；提防
properly	正确地；适当地；完全地
orleans	名词
saving	节约；存款；挽救；除了；除去；的现在分词；除 ... 之外
nfl	abbr. （美）全国橄榄球联盟（National Football League）
remaining	剩余的
empire	帝国；大企业；帝权
resume	简历；履历；重新开始；摘要；再继续
twenty	二十
newly	新近地；重新地
raise	提出；举起；引起；上升；饲养；升起；高地；增高
prepare	准备；预备
avatar	阿凡达；化身
gary	名词
depending	依赖；决定于；信任；动词depend的现在分词形式.
illegal	非法的；非法移民；不合法的
expansion	膨胀；扩展；扩充
vary	变化；改变；使多样化
hundreds	数百；百位
Rome	名词
Arab	阿拉伯人；阿拉伯马；阿拉伯的；阿拉伯人的
Lincoln	林肯(姓氏；男子名)
helped	帮助；有助于；援助；促进；帮手；救命！
premier	总理；首相；第一的；首位的；最初的
tomorrow	明天；将来
purchased	购买的；动词purchase的过去式和过去分词.
milk	奶；牛奶；榨取；乳汁；产乳
decide	决定；判断；断定
consent	同意；答应；赞成
drama	戏剧；剧本；戏剧性事件；戏剧艺术
visiting	参观；访问；拜访；访问的；动词visit的现在分词形式.
performing	表演的；履行的；动词perform的现在分词形式.
downtown	市中心；市中心的；市中心区
keyboard	键盘；用键盘输入
contest	比赛；竞赛；争取；奋斗；驳斥
collected	镇定的；收集成的；动词collect的过去式和过去分词.
nw	毫微瓦
bands	名词band的复数形式.
boot	靴子；踢；解雇；猛踢；逐出；穿靴子
suitable	合适的；适宜的
FF	快进；触发器；换页
absolutely	完全地；绝对地
millions	数百万；名词million的复数形式.；大众
lunch	午餐
dildo	电动阴茎
audit	审计；旁听；查帐
push	推；按；挤；逼迫；奋力；决心；催促
chamber	室；房间；会议厅
guinea	几内亚；英国往昔的金币
findings	名词finding的复数形式.
muscle	肌肉；硬挤；变硬实
featuring	特征；特色；特写；故事片；起重要作用；容貌；以 ... 为特色
ISO	国际标准化组织；国际糖组织
implement	实施；执行；工具；器具；当工具的物品
clicking	微小静电干扰声
scheduled	预定的；预先安排的；动词schedule的过去式和过去分词.
polls	投票区
typical	典型的；特有的；有代表性的
tower	塔；高耸；高楼；胜过
yours	你的；你们的
sum	总结；概括；总数；金额；归纳；总计；要点
misc	混杂的
calculator	计算器
significantly	意味深长地；较大地；意义深远地；重要地
chicken	鸡；鸡肉；胆小的；失去勇气
temporary	暂时的；临时的；临时工
attend	参加；出席；照料；注意；专心于
shower	淋浴；阵雨；送礼会；倾注
alan	名词
sending	发送；派遣
jason	名词
tonight	今晚
dear	亲爱的；昂贵的；亲爱的人；高价地；可爱的人；啊；宝贵的
sufficient	足够的；充分的
holdem	
shell	壳；炮弹；炮轰；去壳；脱落；拾贝壳
province	省
catholic	天主教徒；天主教的；广泛的
oak	橡木；橡树
VAT	名词
awareness	意识；认识；觉察
vancouver	名词
governor	州长；总督；统治者；调节器；管理者；理事
beer	啤酒
seemed	似乎；好像
contribution	贡献；投稿
measurement	衡量；大小
swimming	游泳；游泳的；会游泳的
spyware	间谍软件
formula	公式；配方；规则；方程式的
constitution	宪法；体质；组织
packaging	包装；包装袋
solar	太阳能的；太阳的
jose	乔斯
catch	赶上；抓住；捕捉；捕获物；陷阱；领会
jane	名词
Pakistan	名词
PS	实际顺序；图象系统；电源；保护状态；磷脂酰丝氨酸
reliable	可靠的；可信的
consultation	咨询；请教；协议会
northwest	西北；西北方；西北的；向西北；来自西北的；在西北的
sir	先生；阁下
doubt	怀疑；疑惑；不确定；不信任；悬而未定
earn	获得；赢得；赚得
finder	发现者；探测器
unable	不会的；不能的
periods	周期；名词period的复数形式.
classroom	教室；课堂
tasks	任务；工作；使做艰苦的工作
democracy	民主；民主制；民主国家
attacks	攻击；抨击；发动攻击
kim	金姆（人名）
wallpaper	壁纸；贴壁纸；添加墙纸
merchandise	商品；货物；销售；经营；推销
const	常量；常数
resistance	抵抗；阻力；反对；抵触
doors	大门；入口；通道（door的复数）
symptoms	症候；名词symptom的复数形式.
resorts	诉诸；手段；常去；凭借
biggest	最大的
memorial	纪念碑；纪念仪式；纪念的；纪念物；追悼的
visitor	访问者；访客；参观者
twin	双胞胎之一；孪生的；紧密联系的
forth	向前；向外；露出
insert	插入；嵌入；插入物
Baltimore	巴尔的摩
gateway	门；通路
KY	abbr. 美国肯塔基州（Kentucky）
dont	
alumni	校友；男毕业生；名词alumnus的复数形式.
drawing	绘图；图画；素描；抽签；动词draw的现在分词形式.
candidates	候选人；投考者
charlotte	名词
ordered	整齐的；有序的
biological	生物学的；生物的
fighting	打架；战斗的；有勇气的；对抗
transition	过渡；转变
happens	发生；出现；碰巧；偶遇
preferences	首选；参数选择
spy	间谍；监视；侦察；侦探；看到；找出
romance	浪漫史；冒险故事；虚构；爱情故事；讲虚构故事；传奇文学
instrument	仪器；乐器；工具；器械；向…提交文书
Bruce	名词
split	分裂；分离；劈开；分裂的；裂开；分摊；裂口；一份；水果冰淇淋；意见分歧的
themes	主题
powers	力；力量；权力；电力；能力；权力的；力量的
heaven	天堂；天空；上帝
BR	英国铁路公司
bits	位；齿片；名词bit的复数形式.
pregnant	怀孕的；意味深长的；充满的
twice	两次；两倍
classification	分类；类别
focused	聚焦的；集中的；动词focus的过去式和过去分词.
Egypt	埃及
physician	内科医生
Hollywood	名词
bargain	讨价还价；交易；便宜货；契约；议价
wikipedia	维基百科（一个基于wiki技术的多语言的百科全书协作计划；也是一部用不同语言写成的网络百科全书；其目标及宗旨是为全人类提供自由的百科全书）；开放性的百科全书
cellular	手机；细胞的；多孔的；蜂窝式的
Norway	=Norge.
Vermont	名词
asking	问；请求；寻问；好问的
blocks	街区；名词block的复数形式.
normally	正常地；通常
lo	看！；瞧!
spiritual	精神的；心灵的；与上帝有关的
hunting	打猎；搜寻
diabetes	名词
suit	适合；套装；诉讼；满足；方便；请求
ML	最大可能性)；机器语言(材料单
shift	改变；变化；移动；轮班；换挡；轮班职工；计谋；字型转换
chip	芯片；筹码；缺口；碎屑；薄片；近穴击球
RES	电阻器
sit	坐；使就座；栖息
bodies	身体；尸体；主体；躯体；正文；主要部分；团体；赋…以形体
photographs	照片；名词photograph的复数形式.
cutting	切断；剪报；刺骨的；挖苦的；插条；开凿；切下；动词cut的现在分词.
wow	哇！；巨大的成功；使热烈赞赏
simon	名词
writers	作家；作者（writer的复数）
marks	记号；名词mark的复数形式.
flexible	灵活的；柔韧的；易弯曲的；可变通的
loved	爱；喜欢；爱情；热爱；喜爱；恋爱；情人
favourites	收藏夹；特别喜爱的人或物
mapping	绘图；动词map的现在分词形式.
numerous	许多；为数众多的
relatively	相对地；比较地
birds	名词
satisfaction	满意；赔偿；乐事；妥善处理；确信
represents	代表；表示；表现；象征；描绘；说明；提出异议；阐明
char	炭；茶；烧焦物；杂役女工
indexed	编入索引的；动词index的过去式和过去分词形式.
Pittsburgh	名词
superior	上级；高傲的；高手；上好的；出众的；上层的；上标
preferred	首选的；有优先权的
saved	获救的；保存了的
paying	付款；支付的；合算的；有利的；动词pay的现在分词形式.
cartoon	卡通；漫画；草图；为 ... 画漫画
shots	开枪；发射；拍摄；子弹；注射；投篮；精疲力尽的；完了的；动词shoot的过去式和过去分词.
intellectual	知识分子；智力的；聪明的；凭理智做事者
moore	名词
granted	假定；的确
choices	选择；名词choice的复数形式.
carbon	碳；复写纸；碳精棒；复本
spending	名词
comfortable	舒适的；充裕的
magnetic	有吸引力的；有磁性的；催眠术的
interaction	相互作用；相互影响；互动交流
listening	倾听；收听；动词listen的现在分词.
effectively	有效地；事实上
registry	注册；登记；登记处；登记簿
crisis	危机；危急关头
outlook	前景；展望；观点；景色
massive	巨大的；大规模的；大量的；大范围的；严重的
Denmark	名词
employed	使用的；被雇用的；动词employ的过去式和过去分词形式.
bright	明亮的；聪明的；亮色；有前途的；一早；阳光的；生动的
treat	治疗；对待；处理；请客；款待；视为；探讨；宴飨
header	集管；割穗机；装桶盖的工人；顶梁；头朝下一跳
CS	碳钢
poverty	贫困；贫乏；劣质
formed	成形的；动词form的过去式和过去分词.
piano	钢琴；轻柔地
echo	回声；回响；重复；共鸣；附和；模仿；发出回声；其哀声留于山间成为回声）
que	队列
grid	网格；电网；格子；栅栏；赛车起跑线
sheets	被单；被褥；名词sheet的复数形式.
patrick	名词
experimental	实验的；试验性的；实验性的
Puerto	垭口；港口；山口；(Puerto)人名；(西)普埃尔托
revolution	革命；变革；旋转；重大改变
consolidation	合并；巩固；统一；联合；加强
displays	显示器；陈列品；名词display的复数.
plasma	等离子体；血浆
allowing	允许；留出；让某人得到
earnings	收入；利润
voip	abbr. 网络语音电话业务（Voice over Internet Phone）；互联网协议电话（Voice over Internet Portocol）
mystery	秘密；奥秘；神秘的人或事物
landscape	风景；山水；风景画；美化景观
dependent	依赖的；从属的；依靠的
mechanical	机械的；呆板的；力学的
journey	旅行；旅程；行程
Delaware	名词
bidding	投标；出价；命令；动词bid的现在分词形式.
consultants	辅导员
risks	风险；危险；投资报酬的风险
banner	旗帜；横幅；大标题；特别好的；杰出的；以大标题报道；用横幅装饰
applicant	申请人
charter	宪章；特许；包租；特许的；发给 ... 执照
fig	无花果树；无价值的东西；少许；服装
barbara	名词
cooperation	合作；协作；协同作用；合作社
counties	郡；县( county的名词复数 )
acquisition	采集；获得；所获之物
ports	端口；名词port的复数形式
implemented	应用的；动词implement的过去式和过去分词.
SF	比例因子；栈前；栈满
directories	目录；名词directory的复数形式.
recognized	公认的；经过验证的；动词recognize的过去式和过去分词.
dreams	梦想；名词dream的复数形式.
blogger	写博客的人；博客使用者
notification	通知；通告；告示
kg	名词
licensing	申请许可证；动词license的现在分词.
stands	站立；忍受；看台；货摊；停滞；位于；停顿
teach	教；教导；教训；教授；给予指导
occurred	发生的；动词occur的过去式和过去分词.
textbooks	教材
rapid	快的；迅速的；急流；险峻的；湍滩；急速的；短时间发生的
pull	拉；引力；拔；拉力；吸引；拖；牵；影响力；划船
hairy	多毛的；长毛的；令人恐怖的；难对付的
diversity	多样性；差异
Cleveland	克利夫兰
UT	世界时
reverse	逆转；相反；相反的；改变；倒退；背面；反面的；颠倒的；失败；倒档；互换
deposit	存款；矿床；定金；寄存；放置；存储；堆积物
seminar	研讨会
investments	投资
latina	拉丁美洲女子
NASA	国家航空和宇宙航行局(美国)；国际航空和太空总署的同义字
wheels	车轮；方向盘；转动；旋转；用车运；周期
sexcam	
specify	指定；详细说明；阐述
accessibility	易接近；可以得到
Dutch	荷兰人；荷兰的
sensitive	敏感的；灵敏的；敏感的人；感光的；易受伤害的；善解人意的
templates	模板；样板
formats	格式；格式化；名词format的复数形式.
tab	选项卡；标签；账单；拉环；用标签或垂饰安装；垂饰
depends	取决于；依赖；依靠
boots	靴子；踢；解雇；猛踢；逐出；穿靴子
holds	货舱；名词hold的复数形式.；船舱
router	路由器；刨槽工；安排路线的人
concrete	混凝土；水泥；具体的；混凝土的；具体物；结合；凝结；实质性的
SI	国际单位制
editing	编辑；动词edit的现在分词形式.
Poland	名词
folder	文件夹；折叠式印刷品
WOMENS	woman的变形；woman 的复数
CSS	接触起停
completion	完成；结束
upload	上传；上载
pulse	脉冲；脉搏；跳动；搏动
universities	大学
technique	技术；技巧；技能
contractors	承包商
milfhunter	
voting	投票；动词vote的现在分词形式.
courts	法院；球场；宫廷；追求；奉承；招致；庭院；设法获得；献殷勤
notices	注意；通知；布告；留心
subscriptions	捐献；订阅（subscription的复数形式）
calculate	计算；估计；计划；指望；推测；考虑
MC	司仪
Detroit	名词
alexander	名词
broadcast	广播；广播节目；散布；撒播
converted	转换的；修改的；动词convert的过去式和过去分词.
metro	地铁；大都市的；主要经营零售).
toshiba	东芝（公司名；财富500强公司之一；总部所在地日本；主要经营电子电气）
anniversary	周年纪念；周年纪念日
improvements	改进
strip	脱衣；脱衣舞；剥夺；剥去；长条；除去；条状
specification	规格；详述
pearl	珍珠；珍珠般的
accident	事故；意外；偶然；造化
nick	刻痕；缺口；赶上；逮捕；情况；说中；偷盗
accessible	易接近的；可进入的；易理解的；可得到的；易受影响的
accessory	配件；附件；同谋；附属的；同谋的；辅助的
resident	居民；住院医生；居住的；住客
plot	情节；图；阴谋；密谋；计划；绘图；标示位置
qty	abbr. 数量（quantity）
possibly	也许；可能地
airline	航空公司；航线
typically	典型地；代表性地；不出所料地
representation	表现；陈述；表示法
regard	视为；尊敬；注意；考虑；注视；关心；留意；致意；和 ... 有关
pump	泵；抽水；打气；抽水机；打气筒；增加；灌输
exists	存在；生存；活着
arrangements	安排；准备；布置；名词arrangement的复数形式.
smooth	光滑的；消除；流畅的；平稳的；圆滑的；均匀的；可口的；使光滑；安祥的；安慰
conferences	会议；研讨会；名词conference的复数形式.
uniprotkb	
beastiality	
strike	罢工；打；打击；撞；殴打；划燃
consumption	消费；消耗；肺痨
Birmingham	名词
flashing	闪光的；遮雨板；卫水板；动词flash的现在分词形式.
LP	名词
narrow	狭窄的；变窄；海峡；有限的；隘路；精密的；度量小的；狭窄部份
afternoon	下午
threat	威胁；恐吓；凶兆
surveys	调查；研究；测量；问卷；审视；环视
sitting	坐着的；开会；一次；开庭；就餐时段；孵卵的；易击中的；供人画像或拍照期间；动词sit的现在分词.；现任的
putting	放；搁；轻击；动词put的现在分词.
consultant	顾问；咨询者
controller	控制器；控制者；管理者；审计官
ownership	所有权
committees	委员会；名词committee的复数形式.
penis	阴茎；阳物
legislative	立法权；立法机构；立法的；有立法权的
researchers	名词
Vietnam	越南
trailer	拖车；预告片；活动房；追踪者；住在拖车；用拖车运；乘拖车
anne	名词
castle	城堡；置于城堡中
gardens	花园；园林；公园；名词garden的复数形式.
missed	错过；想念；漏掉
Malaysia	马来西亚
unsubscribe	取消订阅；退订
antique	古董；古老的；古代的；过时的；古物
labels	标签；名词label的复数形式.
willing	心甘情愿的；愿意的
bio	个人经历；表示“生命”；“生物”
molecular	分子的
upskirt	
acting	演技；演戏；代理的；假装；临时的；动词act的现在分词.；供演出用的
heads	名词head的复数形式.
stored	存储的；存信息的；动词store的过去式和过去分词.
exam	考试
Logos	理性；理法；三位一体的第二位
residence	住宅；居住；住处
attorneys	名词
milfs	
antiques	古董；古老的；古代的；过时的；古物
density	密度；浓度；比重
hundred	百；一百元；许多.
ryan	名词
operators	运算符；操作员；管理者；名称operator的复数形式.
strange	奇怪的；陌生的；生疏或不自在的
sustainable	可持续的；养得起的；合理利用的；可承受的
Philippines	名词
statistical	统计的；统计学的
beds	床；河床；苗圃
breasts	乳房；胸脯
mention	提到；提及；说起
innovation	创新；革新
PCS	个人通信业务；青霉素类抗生素
employers	用人单位
grey	灰色；灰色的；变成灰色
parallel	平行的；类似的；相同的；并联的；对比；相应；双杠；相似物；相比；与 ... 平行
honda	本田汽车公司
amended	修正的；动词amend的过去式和过去分词.
operate	操作；经营；动手术；运转
bills	账单；法案；汇票；纸钞；名词bill的复数形式.
bold	大胆的；醒目的；陡峭的；粗体的；无礼的
bathroom	浴室
stable	稳定的；马厩；马棚；可靠的；安定的；一批人；入马棚
opera	歌剧；挪威Opera软件公司的浏览器软件
definitions	定义；名词definition的复数形式.
Von	名词
doctors	医生；博士；阉割
lesson	教训；给 ... 上课
cinema	电影院；拍摄
asset	资产；优点；有用的东西
ag	农业的；ad-的变体；元素银的符号；农业课题的；用以对他人的话作出反应或表示气愤
scan	扫描；浏览；审视；细看；合韵律；划分音步
elections	选举；选举制；投票（election的复数形式）
drinking	喝；喝酒；动词drink的现在分词.
blowjobs	口交
reaction	反应；化学反应；反动；反应能力；生理反应；复旧
blank	空白；空白的；空白处；茫然的
enhanced	加强的；提高的；动词enhance的过去式和过去分词形式.
entitled	有资格的；动词entitle的过去式和过去分词形式.；已被命名的
severe	严重的；严厉的；严格的；严峻的；剧烈的
generate	产生；发生；引起
stainless	不锈的；无瑕疵的；无污点的
newspapers	报纸；名词newspaper的复数形式.
hospitals	医院( hospital的复数形式 )
vi	垂直距离
deluxe	豪华的；高级的
humor	幽默；诙谐；心情；迁就；顺应
aged	年老的；动词age的过去式和过去分词形式.
monitors	监视；班长；监视器；监督；监听；监听员
exception	例外；反对；不合规则
lived	表示“寿命 ... 长的；生活 ... 的”；动词live的过去式和过去分词
duration	持续时间；期间
bulk	大部分；体积；大量的；大块；散装的；容积；大批；显得重要；膨胀；使膨胀；使成堆
successfully	副词；名词
Indonesia	印度尼西亚
pursuant	根据
SCI	串行通信接口；栈控制指令；系统控制接口；科学新闻组类
fabric	织物；结构；构造
EDT	乙二胺四乙酸；依地酸
visits	参观；拜访；闲谈；聊天
primarily	主要地；起初地
tight	紧的；紧紧地；紧身的；牢固地；密集的；迅速地；拮据的
domains	领域；域名；名词domain的复数形式.
capabilities	能力；性能；才能；容量
pmid	
contrast	对比；差别；对照物；成对照
recommendation	推荐；建议
flying	飞行；飞行的；会飞的；飞机驾驶；动词fly的现在分词.；飞似的
recruitment	招聘；补充；征募新兵
sin	犯罪；原罪
Berlin	名词；形容词
cute	可爱的；漂亮的；灵巧；智取敌方的策略或手段
organized	组织；安排；筹办
BA	名词
para	帕拉胶
siemens	西门子（财富500强公司之一；总部所在地德国；主要经营电子电气）
adoption	采用；收养；采纳
improving	改进；改良；动词improve的现在分词形式.
CR	镉比值(呼叫率；阻容；托架折回)
expensive	昂贵的；高价的
meant	动词mean的过去式和过去分词形式
capture	捕获；占领；夺取；吸引；战利品
pounds	英镑；磅；敲打；捣碎；咚咚地走；连续猛击
buffalo	水牛；野牛；威吓；迷惑；水陆坦克
organisations	组织；团体（等于organization）
plane	飞机；平面；飞机的；水平；平的；刨；刨子；悬铃木
PG	部分不适合儿童观看的(电影)；前列腺素；磷脂酰甘油
explained	解释；说明
seed	种子；播种
programmes	名词
desire	渴望；愿望；欲望；要求；向往
expertise	专门知识；专门技术；专家的意见
mechanism	机制；机构；机械装置；结构；原理
camping	露营；野营
EE	电机工程师；对映体过量
jewellery	首饰
meets	满足；运动会；遇见；集会；合适的
welfare	福利；幸福；福利事业
peer	贵族；同辈；凝视；窥视；同等的人
caught	动词catch的过去式和过去分词
eventually	终于；最后
marked	显著的；有记号的；受监视的
driven	受到驱策的；动词drive的过去分词.；有动力的
measured	慎重的；量过的；有韵律的；动词measure的过去式和过去分词.；缓慢有节奏的
MEDLINE	<美>联机医学文献分析和检索系统
bottle	瓶子；抑制；把 ... 装入瓶内
agreements	协定
considering	考虑到；鉴于；就 ... 而言
innovative	创新的；革新的
Marshall	名词；动词
massage	按摩；用...揉擦
rubber	橡胶；橡皮；橡胶的；橡胶制品
conclusion	结论；结束；结尾
closing	关闭；结算；结束的；终止；动词close的现在分词.；地产成交会
tampa	坦帕市（美国佛罗里达州西部港市）
thousand	许许多多
meat	肉；主要或重要部分
legend	传说；传奇；图例
grace	优雅；优美；恩惠；使优美；使荣耀
susan	名词
ing	abbr. 惯性导航与制导（Inertial Navigation and Guidance）；强中子发生器（Intense Neutron Generator）
ks	abbr. 韩国标准（Korean Standards）；敲缸传感器（Knock Sensor）；闸刀开关（knifeswitch）
ADAMS	名词
python	巨蟒；大蟒
monster	怪物；巨大的；恶人；庞大的；巨物
Alex	名词
bang	巨响；刘海；重击；准确地；突然巨响；剪成刘海；大声敲；正好地
villa	别墅
bone	骨；骨骼；核心；磨光表面
columns	名词column的复数形式
disorders	混乱；杂乱；扰乱；不适；失调；疾病
bugs	虫子；缺陷；疯狂的；名词bug的复数形式
collaboration	合作；通敌
hamilton	名词
detection	探测；察觉；侦查；发觉
FTP	文件传送协议；固定项目设计
cookies	饼干
inner	内心的；内部的；里面；里面的
formation	形成；编队；队形；构造
tutorial	教程；指南；个别指导的；辅导班
MEd	名词；形容词
engineers	工程师；设计；建造；策划
entity	实体；存在；本质
cruises	巡航；巡游；漫游；游艇；乘船游览；游弋；慢速行驶
gate	大门；登机门；出入口；门票收入；解雇；常表示政治丑闻
holder	持有者；支持物
proposals	建议
moderator	仲裁人；调解人；让中子更可能使铀235原子裂变；而较少被铀238原子吸收)；减速剂 (降低自由中子在核反应堆中速度的物质
SW	软件；状态字；开关
tutorials	教程；专题报告
settlement	解决；结算；协议；殖民；定居；安置
Portugal	葡萄牙
lawrence	名词
Roman	罗马人；罗马的；罗马天主教的；罗马帝国的；罗马字体；罗马天主教徒
duties	职责；税；名词duty的复数形式.
valuable	宝贵的；贵重的
erotic	性爱的；性欲的；色情的；好色之徒；恋爱诗
tone	语气；音调；色调；调子；定调；使更健壮；风气；调色；装腔作势地说
collectables	(collectable 的复数)；可收集的；可搜集的；可征收的
ethics	伦理学；道德规范；道德标准
forever	永远
dragon	龙
busy	忙的；繁忙的；热闹的；使忙于
captain	船长；队长；指挥；首领；率领
fantastic	奇异的；极好的；幻想的；难以置信的；巨大的
imagine	想像；设想；猜想；认为；料想
brings	动词
heating	加热；供暖；暖气装置；动词heat的现在分词
leg	腿；用脚走路
neck	脖子；颈；搂着脖子亲吻
HD	层次相关性；高密度
wing	翼；翅膀；飞过；空运；临时发挥
governments	政府；名词government的复数形式.
purchasing	采购；购买；获得
scripts	脚本；剧本；手迹；手稿；字体；考卷
ABC	字母表；基本要素；=American Born Chinese 在美国出生的中国人
stereo	立体声；立体声的；有立体视觉的；固定形象
appointed	指定的；约定的；动词appoint的过去式和过去分词.；设备好的
taste	味道；品尝；品味；味觉；爱好；体验；尝试；有 ... 味道的
dealing	动词deal的现在分词.；行为态度；经营方法；交往.
commit	犯罪；承诺；委托；托付
tiny	微小的；极小的
operational	操作的；运作的；作战的；可用的
rail	栏杆；铁轨；抱怨；扶手；责骂；铺铁轨；以横木围栏
airlines	航空公司
liberal	自由主义者；自由主义的；开明的；慷慨的；大方的；开明的人
livecam	
jay	松鸦；喋喋不休的人；杰伊(姓氏；男子名)
TRIPS	旅行；绊倒；失误；轻快地走；使失败；摔倒；使犯错；差错；竖帆
gap	差距；缺口；空白；裂缝
sides	侧；名词side的复数形式.
tube	管子；电视；管状器官；管状物；提供或装上管子
turns	转向；名词turn的复数形式.
corresponding	相应的；相当的；一致的；动词correspond的现在分词形式.
descriptions	摹状词
cache	缓存；隐藏所；藏身处
belt	皮带；腰带；地带；疾驰；用皮带抽打；带状物；用带系上；大声歌唱；用带标示
jacket	皮；短上衣；茄克衫；护封；装封套；加外套；绝缘护套
determination	决心；测定；规定；定位
animation	动画片；动画片制作；兴奋；生气；活泼
oracle	神谕；神谕处；能提供可靠意见的人；传达神谕的人
Er	呃
Matthew	马太福音.；男子名)；马修(姓氏
lease	租约；出租；租期；租契；租得
productions	生产( production的复数形式 )；产量；产品；出示
aviation	航空；飞机制造业
hobbies	业余爱好；名词hobby的复数形式.
proud	自豪的；自尊的；自傲的；壮观盛大的
excess	过剩；过量；超过；过量的；额外的
disaster	灾难
console	安慰；仪表盘；慰藉；落地式支座；操控台
commands	命令；指令；名词command的复数形式.
jr	杂志；（父子同名时
telecommunications	电信；电信学；名词telecommunication的复数形式.
instructor	讲师；指导书
giant	巨大的；巨人；大公司；巨物
achieved	实现的；达到的；获得的；动词achieve的过去式和过去分词.
injuries	伤害；损害
shipped	船运的；动词ship的过去式和过去分词形式.
bestiality	兽性；兽行；人兽交配
seats	席位；名词seat的复数形式.
approaches	方法；接近；途径；靠近；接洽；要求；达到
biz	商业；生意；=business.
alarm	警报；警报器；惊恐；警告；使惊恐；向 ... 报警
voltage	电压
anthony	名词
Nintendo	名词
usual	通常的；惯常的；惯例的
loading	载荷；装入；填充物；动词load的现在分词.
stamps	邮票；印章；名词stamp的复数形式.
appeared	出现的；动词appeare的过去式和过去分词.
Franklin	小地主；乡绅
angle	角；角度；观点；谋取；钓鱼
rob	抢劫；掠夺
vinyl	乙烯基
highlights	要闻；最亮区；名词highlight的复数形式.
mining	采矿；矿业
designers	设计师
Melbourne	名词
ongoing	进行的；不断发展的
worst	最坏；最坏的；最差；最差的；最不利的；最坏的事物
imaging	成像
betting	打赌；赌博；动词bet的现在分词形式.
scientists	名词
liberty	自由；自由权；冒失
Wyoming	名词
blackjack	包有皮革的软金属棒
Argentina	阿根廷
era	时代；纪元；年代
convert	转化；兑换；换算；皈依者；改变信仰的人；使…改变信仰
possibility	可能；可能性；可能的事情
analyst	分析家
commissioner	专员；委员；行政长官
dangerous	危险的；不安全的
garage	车库；汽车修理厂；把 ... 放入车库
exciting	令人兴奋的；使人激动的
reliability	可靠性
thongs	丁字裤；平底人字拖鞋（thong的复数形式）
gcc	abbr. 海湾合作委员会（Gulf Cooperation Council）
unfortunately	不幸地；遗憾地
respectively	各自地；分别地
volunteers	志愿者
attachment	附件；依恋；附属物；忠诚；依赖；附著
ringtone	手机铃音
Finland	名词
Morgan	名词
derived	衍生的；动词derive的过去式和过去分词.
pleasure	高兴；愉快；使高兴；享受快乐；快事
honor	荣誉；荣幸；尊敬；信用；正直；兑现；对...表示敬意；贞洁
asp	白杨
oriented	以...为方向的；以...为目的的
eagle	鹰
desktops	(desktop 的复数)；桌面
pants	气喘吁吁
columbus	哥伦布(意大利航海家；新大陆发行者)
nurse	护士；护理；保姆；看护；栽培
prayer	祈祷；祷告；祷文；祈祷者
appointment	约会；任命；职位；设备
workshops	工作坊
hurricane	飓风；暴风
quiet	安静；安静的；平静；宁静的；平静的；平静下来；闲适
luck	运气；幸运；走运；侥幸；侥幸成功
postage	邮费；邮资已付邮戳
producer	制片人；生产者；制造者
represented	代表；表示；表现；象征；描绘；说明；提出异议；阐明
mortgages	抵押；抵押贷款；按揭
dial	拨号；刻度盘；打电话；拨号盘；钟面；日晷
responsibilities	责任；职责；责任心
cheese	奶酪；干酪；乳酪；使停止
comic	喜剧演员；滑稽的；喜剧的；有趣的；连环图画
carefully	副词；名词
jet	喷射；喷气式飞机；喷口；喷气式发动机；喷出；搭乘喷射式飞机
productivity	生产力；生产率
investors	投资者
crown	王冠；花冠；王权；加冕；齿冠；顶点；使圆满；使 ... 成王；居 ... 之顶；镶齿冠
par	票面价值；同等；常态；标准的；票面的；平常的；等位
underground	地下；在地下；地铁；地下的；地道；秘密地；秘密的；秘密活动
diagnosis	诊断；调查分析
maker	制造者；制定者
crack	裂缝；破裂；破解；尝试；崩溃；爆裂声；裂痕；发出爆裂声；俏皮话；砸开；制裁
principle	原则；原理；主义；信念
picks	精选
vacations	假期；度假；休假；腾出
gang	一伙；一群；结成一伙；结伙袭击
semester	学期
calculated	有计划的；可能的；动词calculate的过去式与过去分词.；经计算的
cumshot	射精
fetish	恋物；崇拜物
applies	应用；申请；涂；使专心从事；有关联
casinos	赌场；娱乐场；一种牌戏
appearance	外表；出现；外貌；露面；出场
smoke	烟；吸烟；抽烟；冒烟；无常的事物
Apache	阿帕奇直升机
filters	过滤；过滤器；渗透；滤色镜；滤光器
incorporated	合并；组成公司；合成一体的；组成公司的；组建公司；给予实质
nv	十亿分之一伏
craft	工艺；手艺；手工制作；精心制作；行会成员；狡诈；船舶；航空器
cake	蛋糕；块状物
notebooks	笔记本
apart	相距；分离的；分开地；分别地；分开的
fellow	家伙；同事；同伴；研究员；同事的；同伴的；同类的；校董
blind	盲目的；百叶窗；瞎的；盲目地；隐藏；使失明；未察觉的；幌子
lounge	休息室；起居室；候机室；闲荡；懒散地斜靠
mad	生气的；着迷的；狂热的；鲁莽的；极度激动的
algorithm	算法
semi	半挂车；不完全的”；部分的；半挂车货车；表示“一半的
coins	名词coin的复数形式.
andy	名词
gross	总额；总量；总的；总共赚得；粗鲁的；令人讨厌的；公然的；总共地；荒唐的
strongly	强有力地；坚强地；激烈地；气味浓地
cafe	咖啡馆；小餐馆
valentine	情人；情人节礼物
hilton	名词
ken	视野；知识范围；知道；了解；眼界
proteins	蛋白质
horror	恐怖；恐怖的；震惊；厌恶；战栗
SU	名词
exp	abbr. 经验值；指数函数
familiar	熟悉的；熟知的；熟人；不拘礼节的；精灵
capable	能干的；有能力的；有...的可能性
douglas	名词
debian	一种自由操作系统
till	耕作；放钱的抽屉；备用现金；直到 ... 为止
involving	包括的；动词involve的现在分词.
pen	笔；钢笔；写；写作；围栏；雌天鹅
investing	投资；动词invest的现在分词形式.
christopher	名词
admission	承认；许可；入会费
epson	爱普生（日本一公司名称）
shoe	鞋；蹄铁；穿鞋；装防护物；鞋状物
elected	当选的
carrying	运送；运送的；运输的；运输；动词carry的现在分词.
victory	胜利；成功
sand	沙；沙子；沙滩；以沙掩盖
madison	名词
terrorism	恐怖主义；恐怖行动
joy	喜悦；高兴；欢乐；乐趣
editions	版次( edition的复数形式 )；（报纸、杂志的）一份；（广播、电视节目的）一期；（书、报、杂志等的）一版印刷总数
CPU	名词
mainly	主要地；大部分地
ethnic	民族的；种族的；有民族特色的；少数民族的一员
ran	动词run的过去式
parliament	议会；国会；一届议会的会期
actor	演员；行动者
finds	找到；发现；觉得；认为；感到；裁决；判定
seal	密封；海豹；印章；封条；盖印；明确
situations	现状
fifth	第五；五分之一
allocated	分配的；动词allocate的过去式和过去分词.
citizen	公民；市民
vertical	垂直的；纵向的；顶点的；垂直物；垂直的位置
corrections	修正
structural	结构的；建筑的；构造的；建筑用的
municipal	市的；市政的；政府证券
describes	描述；形容；说成
prize	奖品；奖金；奖赏；珍视；得奖的；估价；奖品的；一流的
SR	开关寄存器；同步辐射
occurs	动词occur第三人称单数形式
jon	乔恩(男子名
absolute	绝对的；完全的；独立的；专制的；无限制的；确实的；绝对的事物
disabilities	残疾；无能；无力；不利条件
consists	构成；在于；符合；由 ... 组成
anytime	任何时候
substance	物质；实质；内容；财产；重要性
prohibited	被禁止的；动词prohibit的过去式和过去分词.
addressed	动词address的过去式和过去分词.；标记地址的
lies	谎言；说谎；躺下；在于；位于；存在；平放
pipe	管子；烟斗；管乐器；尖叫；尖声说；吹奏；以管输送；吹奏管乐；装管道
soldiers	兵；军人；名词soldier的复数形式.
nr	非额定的
guardian	监护人；保护人
lecture	演讲；讲课；训斥；教导；训话
simulation	仿真；模拟；赝品
layout	布局；设计；安排
initiatives	名词
ill	坏话；有病的；坏的；不幸；祸害；邪恶；恶劣地；恶意的；勉强地；引起痛苦的
concentration	浓度；集中；专心
classics	名词classic的复数形式.；古希腊、古罗马的文学著作
lbs	磅
lay	躺下；产卵；外行的；位置；打赌；放置；世俗的；地形；交媾；设计；使平静
interpretation	解释；翻译；阐释
horses	马；马匹（horse的复数形式）
lol	abbr. 大声笑（Laugh Out Loud）
dirty	脏的；肮脏的；弄脏；卑鄙的；下流的；玷污；不正当的；腐败的
deck	甲板；装饰；层面；一副牌
wayne	美国密歇根州东南部城市)；韦恩(男子名
donate	捐赠；捐献
taught	动词；名词
bankruptcy	破产；倒闭
MP	名词
worker	工人；工作者
optimization	优化；最佳化
alive	活着的；注意到的；有活力的；热闹的
temple	庙宇；寺院；神殿
substances	物质( substance的复数形式 )；实质；物体；1)。 本质
prove	证明；检验；发酵；结果是
discovered	发现；发觉；偶然撞见
wings	翼；女童军戴的一种翼形章；飞行章；名词wing的复数形式.
breaks	地形突变；岩层中之小断层（break的复数）
genetic	基因的；遗传的；起源的
restrictions	限制；约束
participating	一起参加的
waters	水域；水体；领海
promise	诺言；答应；允诺；发誓；有希望；预示；约定
thin	薄的；瘦的；稀的
exhibition	展览；展示
prefer	较喜欢；宁可
ridge	脊；山脊；山脉；隆起部
cabinet	内阁；橱柜；内阁的；秘密的
modem	调制解调器
harris	哈里斯（英国苏格兰一地区）；哈里斯（姓氏）
mph	名词
bringing	带来；促使；引起；产生；劝诱
sick	病人；有病的；恶心的；腻烦的；呕吐物；追逐；攻击；令人毛骨悚然的；晕的；唆使
dose	剂量；一剂；一服；给 ... 服药
evaluate	评估；评价
tiffany	丝纱罗；一种薄绸
tropical	热带的；炎热的；热带植物的
collect	收集；聚集；募捐；运走
bet	打赌；赌注；确信；确信无疑
composition	作文；成分；作品；合成物；组织
toyota	丰田汽车
streets	街道
nationwide	全国性的；在全国范围内
vector	向量；矢量；带菌者
definitely	明确地；肯定地；当然地
shaved	刮；剃；剃须；修面；剃刀；掠过；修剪
turning	转向；旋转；回转
buffer	缓冲；减轻；老朽
purple	紫色；紫色的；皇室；辞藻华丽的
existence	存在；生存
commentary	评论；注释；实况报道；现场解说
Larry	称量车；拌浆锄
limousines	豪华轿车( limousine的复数形式 )；（往返机场接送旅客的）中型客车；小型公共汽车
developments	发展；建设；名词development的复数形式.
DEF	数据输入设施；定义；乳牙龋数(率)(d=需补牙数；e=需拔牙数；f=已拔牙数)
immigration	移民；移居
destinations	景区
lets	让；出租；假设；允许；阻碍
mutual	相互的；共同的
pipeline	管道；管线；渠道；用管道运输
necessarily	必然地；必定地；必需地
syntax	句法
Li	名词
attribute	属性；特征；象征；标志；把 ... 归于
prison	监狱；监禁；囚禁；关入监狱
skill	技能；技巧；熟练；技艺
chairs	椅子；主持；当 ... 的主席
NL	换行；无标号
everyday	日常的；平常的
apparently	似乎；表面上；显然
surrounding	周围的；环境；周围的事物
mountains	名词
moves	移动；名词move的复数形式.
popularity	流行；受欢迎；普及；名望
inquiry	调查；询问；打听；查问
Ethernet	以太网
checked	格子花纹的；棋盘花纹的
exhibit	展览；展示；表现；展品；陈列
throw	扔；抛；投；掷；投掷
trend	趋势；倾向；转向；方位
sierra	马鲛鱼；锯齿状山脉
visible	可见的；看得见的；显而易见的
cats	abbr. 高级电视研究中心（Centre for Advanced Television Studies）；计算机自动测试系统（Computer Automated Test System）；通信和跟踪系统（Communications and Tracking System）；综合分析试验系统（Comprehensive Analytical Test System）
desert	沙漠；遗弃；放弃；荒地；离弃；擅离职守
postposted	
ya	代词；名词
oldest	最老的；形容词old的最高级.
rhode	罗德岛
nba	abbr. 全美篮球协会（National Basketball Association）
busty	大胸脯的；胸部丰满的
coordinator	协调者；同等的人或物
obviously	显然地
mercury	水银；精神
steven	名词
handbook	手册；指南
greg	格瑞格(男子名
navigate	航行；驾驶；操纵；横渡
worse	更坏；更坏的；更差；更差的；更严重的；更坏的事物
summit	顶点；最高阶层
victims	受害者；名词victim的复数形式.
Epa	环保协会
spaces	空间；空格；名词的space复数形式.
fundamental	基础；基本的；根本的；重要的；基本原理
burning	燃烧；燃烧的；热烈的；紧急的
escape	逃跑；逃避；逃脱；被忘掉；泄露；度假
coupons	取样片
somewhat	有些；多少；一些；稍微；几分；某物
receiver	接收器；听筒；接受者；收款员；破产管理官
substantial	大量的；可观的；实质的；本质；坚固的；重要部份
TR	磁带记录器；磁道；磁带驻留；故障报告
progressive	渐进的；先进的；进步分子；革新主义者；前进的
cialis	西力士（又名犀利士；壮阳药）
bb	abbr. 滚珠轴承（ball bearing）；铅笔芯（double black）
boats	船；划船；乘船；放于船上
glance	一瞥；扫视；掠过；闪烁；匆匆一看；反光
Scottish	苏格兰的；苏格兰人；苏格兰语
championship	冠军；锦标赛；拥护
arcade	拱廊；有拱廊的街道；游乐中心
richmond	名词
sacramento	名词
impossible	不可能的；做不到的
ron	名词
russell	拉塞尔(又译 “罗素”；男子名)
tells	告诉；说（tell的第三人称单数）
obvious	明显的；显然的
fiber	质地；性格
depression	萧条；沮丧
graph	图表；示意图
covering	覆盖物；掩护的；掩盖的
platinum	铂；白金；白金的
judgment	判断；判断力；意见；裁判；判决书
bedrooms	火车卧铺单间；卧室（bedroom的复数）
talks	会谈
filing	锉；文件归档；锉屑；动词file的现在分词.
foster	培养；促进；鼓励；领养；收养的
modeling	造型；模特职业；动词model的现在分词.
passing	通过；经过的；及格的；非常；短暂的；逝去；动词pass的现在分词.
awarded	奖；授予；奖品；给予；判给
testimonials	证明书；感言；客户评价
trials	尝试；努力；考验；审判；顿顽（trial的复数）
tissue	纸巾；薄绢；织物
NZ	非零；新西兰
memorabilia	大事记；值得纪念的事物
clinton	名词
masters	主人；控制；硕士；精通；主人的；主要的；精通的；专家
bonds	债券；结合；粘合；联系；使结合；情谊；协定；连结；黏合剂；为 ... 作保
cartridge	弹药筒；笔芯；胶卷盒；墨水筒；录音带盒
alberta	名词
explanation	解释；说明
folk	民间音乐；人们；民间的；双亲
org	域名(代表组织机构)
commons	名词
Cincinnati	名词
subsection	细分；小单位；小部份
fraud	欺骗；骗子；诈欺
electricity	电；电流；电学；热情
permitted	允许；许可；许可证；执照
spectrum	光谱；范围；系列；幅度
arrival	到达；到达者；新生儿；达到
okay	可以；好的；行；同意
pottery	陶器
emphasis	强调；重点
roger	知道了；收到了
aspect	方面；方位；外观；外貌
workplace	工作场所
awesome	可怕的；了不起的；表示敬畏的
Mexican	墨西哥的；墨西哥人；墨西哥语
confirmed	确认的；证实的；惯常的
counts	计数；计算；总数；依赖；视为
priced	定价的；动词price的过去式和过去分词形式.
wallpapers	壁纸；墙纸( wallpaper的名词复数 )；往 （屋里墙上）贴壁纸( wallpaper的第三人称单数 )
hist	表示“组织”；嘘(唤人注意；禁止作声等场合用的字)
crash	崩溃；坠毁；撞击；破产；暴跌；垮台；轰隆声；猛撞；粗布；速成的；发出巨响
lift	举起；提升；电梯；帮助；取消；偷窃；搭便车；运送；升高；扒窃；载货量
desired	渴望的；想得到的；动词desire的过去式和过去分词.
inter	埋葬
closer	更近的；形容词close的比较级.；关门的人
assumes	假定；承担；设想；假装
heights	高度；名词height的复数形式.
shadow	阴影；影子；阴影的；荫；预示；影子内阁的；跟踪；阴暗；投阴影于；渐变；暗处
riding	骑马；动词ride的现在分词.
infection	传染；传染病；影响
firefox	名词
lisa	涵义:上帝的誓约)；丽莎(女子名
expense	费用；代价；花费
grove	小树林；果树园
eligibility	合格；有资格
venture	企业；风险；冒险；投机；敢于；冒昧地说
clinic	诊所；门诊部；科室
Korean	韩国人；韩语；韩国人的；韩语的；朝鲜人的；朝鲜语的；朝鲜人；朝鲜语
healing	康复；复原；有治疗功用的；动词heal的现在分词.
princess	公主；王妃；公爵夫人；贵妇
mall	购物中心；商业街；林荫大道
entering	输入；插入；记入；动词enter的现在分词.
packet	数据包；邮船；小袋
spray	喷雾；喷射；喷雾器；扫射；水沫
studios	工作室；画室；制片厂；播音室；摄影场
involvement	参与；卷入；牵连；兴趣；性关系
dad	爸爸
buttons	按钮；纽扣；名词button的复数形式.
placement	位置；安排；实习工作；方位
observations	观察值；名词observation的复数形式.
vbulletin	
funded	基金；资助
thompson	名词
winners	成功者（winner的复数）
extend	延长；扩展；延伸；伸展；提供；使竭尽全力
roads	路；道路；名词road的复数形式
subsequent	随后的；后来的
pat	轻拍；轻打；拍打；小块；抚摸
Dublin	名词
rolling	滚动；旋转；波动的；旋转的；动词roll的现在分词形式.；摇晃的
fell	毁灭性的；击倒；凶残的；砍伐；丘原；沼泽地；动词fall的过去式.
motorcycle	摩托车；骑摩托车
yard	院子；庭院
disclosure	公开；揭发；透露
establishment	建立；机构；确立；当局；家业
memories	记忆；名词memory的复数形式.
nelson	纳尔逊（姓氏；男子名）；肩下握颈（压住对方头部；颈后及一臂或二臂的手法）
Te	瞄准角；仰角
arrived	到达的；动词arrive的过去式和过去分词.
creates	创立；创建.
faces	面孔；名词face的复数形式.
tourist	旅游者；观光的；二等舱；乘坐二等舱的
cocks	公鸡；旋塞；竖起；翘起；雄禽
AV	数组/向量；属性值；有效；平均值
mayor	市长
murder	谋杀；谋杀案；糟蹋；损坏
sean	名词
adequate	足够的；适当的；能胜任的
senator	参议员
yield	屈服；生产；生产量；获利；投资收益；弯下去
presentations	展示；自我介绍
grades	分数；等级（grade的复数形式）
cartoons	动画片；卡通画；名词cartoon的复数形式.
pour	倒；倾泻；蜂涌而来
digest	消化；摘要；理解
REG	abbr. 注册表文件；寄存器（register ）
lodging	寄宿处；借宿
tion	“状态”等；表示“行为”
dust	灰尘；尘土；粉尘；除尘；撒粉末于
hence	因此；从此以后
wiki	维基百科全书
entirely	完全地；全部地
replaced	被替换的；动词replace的过去式和过去分词.
radar	雷达
rescue	救援；营救；援救
undergraduate	大学生；大学的；大学生的
losses	损耗；名词loss的复数形式.
combat	战斗；战斗的；试图解决；与 ... 斗争
reducing	还原；减低；减肥；动词reduce的现在分词形式.
stopped	停止的；停下来的；动词stop的过去式和过去分词形式.
occupation	职业；占有；消遣；居住
lakes	色淀；湖泊；湖畔
butt	屁股；枪托；笑柄；烟蒂；顶撞；插嘴；靶垛；抵撞；大酒桶
donations	募捐
associations	联想；联合
citysearch	
closely	接近地；紧密地；亲近地；严密地
radiation	辐射；放射线
diary	日记；日记簿
seriously	认真地；严重地；严肃地
kings	国王；名词king的复数形式.
shooting	射击；发射；猎场；动词shoot的现在分词.
Kent	名词
adds	abbr. 高级数据显示系统（Advanced Data Display System）；美国陆军数据分发系统；应用数字数据系统（Applied Digital Data System）
nsw	abbr. （澳大利亚）新南威尔士（New South Wales）
ear	耳朵；听觉；倾听；抽穗；麦穗
flags	标志；旗帜；名词flag的复数形式.
PCI	外部控制器接口；构成控制器接口；可编程通信接口
baker	面包师；烤炉
launched	发射；发起；产品推介
elsewhere	别处
pollution	污染；污染物
Conservative	保守的；保守的人；守旧的
guestbook	留言本
shock	冲击；震惊；休克；震动；使震惊；使受电击；使震动
effectiveness	有效性；效力
walls	墙壁
abroad	到国外；在国外；广为流传
ebony	乌木；黑檀木制的；黑檀树；乌黑的
tie	领带；系；绳；打结；束缚；捆绑；约束；不分胜负；连结；使人结合在一起的事物
ward	病房；监护；守护；行政区；守卫；受监护人；躲开
drawn	憔悴的；动词draw的过去分词形式.
arthur	名词
ian	名词
visited	动词visit的过去式和过去分词
roof	顶；屋顶；覆盖；给 ... 覆以屋顶
walker	步行者；行人；助步车
demonstrate	证明；演示；示范；示威
atmosphere	气氛；大气；空气；气压
suggests	建议；表明；暗示；要求；使想起
kiss	吻；轻触
beast	兽；畜牲
RA	正规陆军(美国)；(英国)皇家艺术学会；常备军；正规军；重复地址
operated	操作；开刀；运动；见效；完成；作战；运算；动词operate的过去式和过去分词.
experiment	实验；试验；尝试；做实验
targets	目标；靶；瞄准；对象；把 ... 作为目标
overseas	在海外；海外的
purchases	购买；购买的物品；通过努力而获得
dodge	躲避；避开；诡计
counsel	建议；劝告；提供建议；诉讼律师
federation	联合；联邦；联盟
pizza	比萨饼
invited	邀请的；招致的；引起的；动词invite的过去式和过去分词.
yards	码；场地；名词yard的复数形式.
assignment	任务；分配；功课；委派
chemicals	化学药品；化学制品
Gordon	名词
mod	摩登派青年
farmers	农民
RC	红十字；红十字会；遥控；补码；远程集中器
queries	疑问；质问；疑问号；对 ... 表示怀疑
bmw	abbr. 德国宝马汽车公司（Bavarian Motor Works）
rush	冲；匆忙；奔；冲进；蜂拥；抢购；仓促行事；急速行进；突袭；繁忙的；紧急的
ukraine	乌克兰
absence	缺席；缺乏
nearest	最近的
cluster	群；群集；簇；丛；串；丛生；使成群
vendors	摊贩( vendor的复数形式 )；小贩；（房屋等的）卖主；卖方
MPEG	动画专家小组
whereas	然而；鉴于
yoga	名词
serves	服务；发球；侍候；度过；担任；对待；可作 ... 用
woods	树林；名词wood的复数形式.
surprise	惊喜；惊奇；惊讶；突然；突然袭击；使惊奇；使惊喜
lamp	灯；台灯；油灯；光源
rico	abbr. 反诈骗腐败组织集团犯罪法（Racketeer Influenced and Corrupt Organizations Act）
partial	部分的；偏袒的；不完全的；偏爱的
shoppers	购物者（shopper复数）
phil	菲尔(男子名
everybody	人人；每人；各人
couples	动词
nashville	那什维尔（美国田纳西州首府）
ranking	排；列；等级；排列；列为；阶层；繁茂的；讨厌的；分等级
jokes	笑话；玩笑；开玩笑；说笑话
CST	惊厥休克疗法
HTTP	超文本传输协议
ceo	名词
simpson	名词
twiki	
sublime	升华；高尚；高尚的；变高尚；壮观的；气化；非凡的；顶峰；极其的
counseling	顾问服务
palace	宫殿；王室；豪华住宅
acceptable	可接受的；合意的；受欢迎的
satisfied	感到满意的
glad	高兴的；乐意的；剑兰
wins	视窗网际网路名称服务
measurements	尺寸；名词measurement的复数形式.
verify	核实；证明
globe	世界；地球；地球仪；球体
trusted	相信；信任；信托；委托
copper	铜；铜币；镀铜；警察；紫铜色
milwaukee	名词
rack	行李架；折磨；拷问台；使痛苦；把...放在架子上；累计取得
medication	药物；药物治疗；医药
warehouse	仓库；存入仓库
shareware	共享软件
EC	电子计算机；仿真器控制；工程更改；错误纠正；欧市
rep	名词
dicke	迪克 Dick的变体
kerry	爱尔兰黑色小乳牛
receipt	收据；收到；收条；出收据
supposed	假定的；想象的；动词suppose的过去式和过去分词形式.；期望中的
ordinary	普通的；平凡的；平淡的
nobody	没有人；小人物；无足轻重的人
ghost	鬼魂；幽灵
violation	违反；违背；妨碍
configure	配置
stability	稳定性；居于修道院
mit	手；连指手套；棒球手套；拳击手套；马萨诸塞理工学院；麻省理工学院；与...握手；用手铐铐住；逮捕；模块化智能终端
applying	应用；申请；涂；使专心从事；有关联
southwest	西南；西南地区；西南的；往西南；来自西南；西南风
boss	老板；上司；指挥；管理；首脑
pride	骄傲；自豪；自尊心；以 ... 自豪
institutional	机构的；制度上的；学会的；惯例的
expectations	预期继承的遗产
independence	独立；自立
knowing	了解；知晓；世故的；会意的；心照不宣的；动词know的现在分词.
reporter	记者
metabolism	新陈代谢
keith	名词
champion	冠军；拥护；拥护者；优胜者；勇士
cloudy	多云的；阴天的；混浊的；模糊不清的
linda	名词
ross	名词
personally	就个人而言；亲自地；作为个人；个别地；有私交地
Chile	智利
anna	名词
plenty	大量；充足；丰富；充分；非常；充足的；相当多的
solo	独奏；独唱；单独的；单独表演；单独地
sentence	句子；判决；宣判
throat	喉咙；嗓子；颈部；嗓音；低语
ignore	忽视；不理；不顾
Maria	母马；母驴
uniform	制服；统一的；一致的
excellence	卓越；优秀；优点
wealth	财产；丰富；大量
tall	高的
RM	识别方式；资源管理程序；删除；标准物质
somewhere	在某处；某处；大约；到某种程度
vacuum	真空；真空吸尘器；空白；用吸尘器打扫
dancing	跳舞；动词dance的现在分词形式.
attributes	属性；特征；象征；标志；把 ... 归于
recognize	认出；承认；识别；意识到；表示感激
brass	黄铜的；厚脸皮
writes	写；书写；填写；作曲
plaza	广场；购物中心；市场
Pdas	(PDA 的复数)  个人数字助手
outcomes	名词
survival	生存；幸存；幸存者
quest	探索；寻求；寻找；搜索
publish	出版；发行；公开发表
sri	名词
screening	放映；筛选；上映；屏蔽；遮蔽；防波
toe	脚趾；足尖；踮着脚尖走；趾踢；趾触
thumbnail	极小的；极短的；小图片；大拇指的指甲；极小之物
trans	翻译；变压器；传导；会报(论文；译员)
jonathan	大卫的朋友）；乔纳森苹果
whenever	每当；无论何时；随时
nova	新星
lifetime	一生；终身；寿命；使用期限
API	应用程序接口；自动优先中断；美国石油协会
pioneer	先驱；先锋；开拓者；开辟；首倡
booty	战利品；赃物；奖励
forgotten	动词forget的过去分词
acrobat	杂技演员；见风使舵的人
plates	盘子；板材；名词plate的复数形式.
acres	土地；耕地；地产
venue	审判地；犯罪地点；体育场馆；集合地
athletic	运动的；健壮的；活跃的
thermal	热量的；热的；上升的热气流；保热的
essays	论文；散文；尝试；试图；短评
behaviour	行为；举止；品行
vital	至关重要的；生死攸关的；有活力的
telling	显著的；有效的；动词tell的现在分词形式.
fairly	公正地；相当地
coastal	沿海的；海岸的；沿岸的
CONFIG	显示配置信息命令
CF	克里斯马斯因子；补体结合
charity	慈善；仁慈；宽厚
intelligent	聪明的；智能的
Edinburgh	名词
VT	视频终端；虚拟终端
excel	优于；胜出；超过
modes	模式；名词mode的复数形式.
obligation	义务；责任
campbell	名词
wake	醒来；唤醒；意识到；守夜；航迹
stupid	愚蠢的；傻瓜；乏味的；无聊的；笨拙的
harbor	海港；心怀；避难所；庇护；生存；窝藏；进入避祸所
Hungary	名词
traveler	导丝钩；临时记帐单)；旅行者(移式起重机
urw	
segment	段；部分；节；分割；弓形；瓣
realize	实现；意识到；了解；变卖
regardless	不顾；不顾的；不注意的
LAN	名词
enemy	敌人；敌军；有害物
puzzle	谜；难题；迷惑；拼图游戏；苦思；使困惑；使为难
rising	上升的；上升；高涨的；造反或叛乱
aluminum	铝
wells	井；水源；名词well的复数形式.
wishlist	愿望清单
opens	打开；公开赛事；旷野（open的复数形式）
insight	洞察力；见识；深刻的理解
SMS	存储管理服务
shit	大便；拉屎；胡说；可鄙的人；表示愤怒、厌恶等的感叹词
restricted	受限制的；有限的；保密的；动词restrict的过去式和过去分词.
republican	共和政体的；拥护共和政体的人
secrets	秘密；名词secret的复数形式.
lucky	幸运的；带来好运的
latter	后者的；后面的
merchants	商人
thick	厚的；浓密的；粗的；愚笨的
trailers	拖车；预告片；活动房；追踪者；住在拖车；用拖车运；乘拖车
repeat	重复；反复；重复的；复述；反复的
syndrome	综合症；症候群
philips	菲利普斯；荷兰飞利浦公司；安布罗斯(1674-1749；英国诗人)
attendance	出席；出席人数；出席率
penalty	惩罚；处罚；罚球；不利
drum	鼓；鼓声；击鼓；鼓状物；灌输；连续敲击；逐出；引起兴趣
glasses	眼镜；双筒镜；名词glass的复数形式.
enables	使能够；使可能
NEC	日本电气公司(公司名；总部所在地日本；主要经营电子电气)
Iraqi	伊拉克人；伊拉克的；伊拉克人的；伊拉克语
builder	建设者；建筑工人；增洁剂；促进剂
vista	展望；街景；回想
jessica	名词
chips	筹码；缺口；碎屑
terry	毛圈棉织物；特丽(女子名
flood	洪水；淹没；充满
foto	abbr. 张紧振子的强制振动（Forced Oscillation of a Tightening Oscillator）
ease	减轻；放松；缓和；自在；容易；安逸；悠闲；缓慢移动
arguments	争论；名词argument的复数形式.
Amsterdam	名词
orgy	放荡；纵酒狂欢
arena	竞技场
adventures	冒险；奇遇；尝试；大胆进行
pupils	学生；小学生；瞳孔；名词pupil的复数形式.
stewart	名词
announcement	宣布；声明；通告
tabs	制表符；跳格设定；名词tab的复数形式.
outcome	结果；后果
xx	abbr. 血型（xue xing；汉语拼音）
appreciate	欣赏；感激；增值；领会；赏识；意识到
expanded	展开的；扩充的；扩大的；动词expand的过去式和过去分词.
casual	偶然的；临时的；便装；临时工；非正式的；漫不经心的；休闲的
grown	成年的；长大的；长满某物的；动词grow 的过去分词.
Polish	擦亮；波兰的；波兰语；磨光；上光剂；光泽；完善；优雅；推敲；波兰人的；波兰语的
lovely	可爱的；令人愉快的；好看的
extras	号外；额外的人手；上品；名词extra的复数形式.；附加物
GM	总经理(= general manager
centres	中心( centre的名词复数 )；（市镇的）中心区；中心点；中枢；置于中央( centre的第三人称单数 )；集中；把…当作中心；（使）成为中心
jerry	德国人；偷工减料的
clause	条款
smile	微笑；笑容；露出笑容
lands	土地；平原；名词land的复数形式.
RI	放射性同位素
troops	部队；名词troop的复数.
indoor	室内的；户内的
Bulgaria	名词
armed	武装的；有扶手的
broker	经纪人；安排；协商
charger	充电器；战马；大浅盘
regularly	定期地；有规律地
believed	相信；认为
pine	松树；松木；渴望；消瘦
cooling	冷却；冷却机；动词cool的现在分词形式.
tend	趋向；照管；照料；易于；朝向
gulf	海湾；鸿沟；吞没
RT	实时；接收终端；运行时间
rick	扭伤；干草堆；堆成小屋形
trucks	卡车；手推车；交易；打交道；交往；敞篷货车；实物工资
CP	压力中心；卡值(烛光；外壳制备；压泊)
mechanisms	机制
divorce	离婚；分离；使分离；与 ... 离婚
laura	名词
shopper	购物者；代购者
Tokyo	名词
partly	部分地；在一定程度上；不完全地
nikon	尼康牌照相机
customize	定制；按规格改制；定做
tradition	传统；惯例
candy	糖果；用糖煮；使结晶为砂糖
pills	药丸；药片；服用药丸；把 ... 制成药丸
tiger	老虎；凶残之人
donald	名词
folks	人们；家人；父母；名词folk的复数形式.
sensor	传感器；探测器
exposed	暴露的；无掩蔽的；动词expose的过去式和过去分词.
telecom	telecommunication 电信
hunt	狩猎；打猎；追捕；搜寻；搜索
angels	天使；名词angel的复数形式.
deputy	副手；代表；议员
indicators	指示器
sealed	密封的；封口的；动词seal的过去式和过去分词.
Thai	泰国人；泰国语
emissions	排放；散发；发行
physicians	医师
loaded	装有弹药的；有钱的；装有胶卷的；动词load的过去式和过去分词形式.；喝醉的；有负载的
fred	弗雷德(男子名
complaint	投诉；抱怨；控告；疾病；诉苦
scenes	场景
experiments	实验；试验；尝试；做实验
balls	球；舞会；球状物；炮弹；呈球状
Afghanistan	名词
DD	神学博士；数据定义；数据词典；磁盘驱动器；双密度
boost	提高；增加；推进；鼓励；举起
spanking	打屁股；非常；拍击；疾驰的；出色的；动词spank的现在分词.
scholarship	奖学金；学识；学问
governance	管理；统治；支配
mill	磨；工厂；磨坊；磨粉机；碾碎
founded	建立；创办；创立；熔铸
supplements	补充物；增刊；名词supplement的复数形式.
chronic	长期的；慢性的；惯常的
icons	abbr. 核标准情报中心（Information Center on Nuclear Standards）
tranny	半导体收音机；晶体管收音机
moral	道德；道德的；伦理；寓意；精神上的；品行
den	兽穴；穴居；集聚地
catering	承办酒席；给养；动词cater的现在分词.
aud	abbr. 审计（audit）；听者（auditor）
finger	指针；触碰；用指抚摸
keeps	生计；名词keep的复数形式.；要塞
pound	英镑；磅；敲打；捣碎；咚咚地走；连续猛击
locate	找出；住下来；使坐落于；把 ... 设置在
camcorder	摄录机；便携式摄像机
PL	有效负载；信号灯；金属板)；分界线(合用线
trained	训练过的；动词train的过去式和过去分词.
burn	烧伤；燃烧；灼伤；烧毁；烧着；急于
implementing	实施；执行；工具；器具；当工具的物品
roses	玫瑰；名词rose的复数形式.
labs	实验室
ourselves	我们自己
bread	面包；在 ... 上撒面包屑
tobacco	烟草
wooden	木制的；生硬笨拙的
motors	电动机；马达；汽车公司证券；名词motor的复数形式.
tough	强硬的；艰苦的；严厉的；以强硬的态度
roberts	罗伯茨（姓氏）
incident	事件；事变；插曲；附带的；难免的
gonna	名词
dynamics	力学；动力学；动态
lie	谎言；说谎；躺下；在于；位于；存在；平放
CRM	反雷达措施；反雷达导弹
RF	频率读入)；光学测距器；径向流(射频；速射的
conversation	谈话；会话
decrease	减少；降低；减小
cumshots	
chest	胸部；胸腔；箱子；金库
pension	养老金；退休金；抚恤金；年金；发退休金
billy	棍棒；警棍
revenues	产值
emerging	新兴的
worship	崇拜；做礼拜；爱慕
bukkake	
capability	能力；性能；才能；容量
AK	确认；肯定；收悉
Fe	名词
craig	克雷格(m
herself	她自己；她亲自
producing	生产；动词produce的现在分词形式.
churches	教堂；教堂的；礼拜仪式
precision	精确；精密度；精确的
damages	损害赔偿；赔偿费；名词damage的复数形式.
reserves	储量；名词reserve的复数形式.
contributed	贡献；投稿；捐助；是原因之一
solve	解决；解答
shorts	短裤
reproduction	生殖；复制；再现；幼树
minority	少数；少数民族；未成年
td	abbr. （美）财政部（Treasury Department）；任务说明书（Task Description）；反坦克自行火炮（Tank Destroyer）
diverse	不同的；多种多样的
amp	安培数；总部所在地澳大利亚；主要经营保险)；使充满活力；安宝(财富500强公司之一
ingredients	配料；材料；作料；名词ingredient的复数形式.
SB	名词
ah	啊；哈；=aah.
johnny	家伙；约翰尼（男子名
sole	唯一的；鞋底；脚底；独占的；鳎鱼
franchise	特权；选举权；特许经销权；赋予公民权；赋予特权
recorder	记录员；竖笛；市法院法官
complaints	名词
facing	袖口.；衬里；动词face的现在分词.
SM	小的；士兵勋章；舞台策划；(=master of science
nancy	南希(女子名
promotions	促销；晋升；名词promotion的复数形式.
tones	语气；音调；色调；调子；定调；使更健壮；风气；调色；装腔作势地说
passion	激情；热情；酷爱；盛怒
rehabilitation	修复；复原；复兴；恢复名誉
maintaining	维护保养的
sight	看见；视力；瞄准；视线；观测；景物
laid	名词
clay	黏土；泥土
defence	防御；防务；答辩
patches	补丁；修补；眼罩；解决；补缀；小片；掩饰
weak	弱的；虚弱的；无力的；差的；淡薄的
refund	退款；退还；偿还
usc	abbr. 超声波清洗（Ultra Sonic Cleaning）；联合海运公司（United Shipping Company）；美国国会（United States Congress）
towns	汤斯
environments	环境
trembl	
divided	分裂的；意见分歧的；动词divide的过去式及过去分词.
blvd	大马路；林荫道
reception	接待；招待会；接待处；接收；欢迎；反应
amd	abbr. 超微半导体公司（Advanced Micro Devices）
wise	明智的；聪明的；有智慧的；有见识的
emails	电子信函；给…发电子邮件；(Email)人名；(法)埃马伊
Cyprus	名词
wv	abbr. 工作电压（Working Voltage）；西弗吉尼亚（West Virginia）
odds	可能性；机率；让步；优势；投注赔率；差别
correctly	正确地；恰当地
insider	知情人；局内人
seminars	名词
consequences	影响效果
makers	迈克（美国一家公司）
hearts	心；内心；中心；要点；鼓励；红桃
geography	地理
appearing	出现；动词appear的现在分词形式.
integrity	完整；正直；诚实；完善
worry	担心；忧虑；烦恼；发愁；撕咬；使烦恼；使焦虑
ns	毫微秒；纳秒
discrimination	歧视；辨别；鉴赏力
eve	前夕
carter	运货马车夫
legacy	遗赠物；先人或过去遗留下来的东西
marc	榨渣；渣酿白兰地酒
pleased	形容词；名词
danger	威胁
vitamin	维生素
widely	广泛地；大大地
processed	处理的；经加工的；动词process的过去式和过去分词.
phrase	短语；措辞；习语；措词
genuine	真正的；真实的；真诚的；地道的
raising	动词raise的现在分词.；增加的；举起的
implications	暗示；含意；牵连；卷入
functionality	功能性
paradise	天堂
hybrid	杂种；混合的；混合物；混血儿；杂种的
reads	读；看懂；理解( read的第三人称单数 )；显示；标明
roles	名词
intermediate	中间体；中间的；中级的；媒介物；调解；干涉；调解人
emotional	感情的；情绪的
sons	儿子；子弟；名词son的复数形式.
leaf	叶；页；长叶；金属薄片；翻页
pad	发射台；衬垫；公寓；填塞；肉趾；脚印；轻轻走；缓慢行走的马；便签纸；夸大；低沉声音
glory	荣誉；光荣；自豪；壮丽；赞颂
platforms	平台
JA	联合代理人
bigger	更大的；形容词big的比较级.
billing	记帐；演员表；广告；编制帐单
diesel	柴油机；内燃机
versus	对抗
combine	结合；联合；联合收割机；联合企业；使结合；集团
overnight	过夜；突然；在夜里；很快的；整晚的
geographic	地理学的；地理的
exceed	超过；超出；领先
BS	理学士；退格；退位；英国标准；商用系统
rod	杆；竿；棍棒
saudi	沙特阿拉伯；沙特阿拉伯的；沙特阿拉伯人；沙特阿拉伯人的
fault	故障；过错；缺点；找 ... 错误
Cuba	名词
hrs	abbr. 高分辨率光谱仪（High Resolution Spectrometer）
preliminary	初步的；预备的；准备；初步措施；开始的；初步行动
districts	地区；行政区；把 ... 划分成区
introduce	介绍；引进；提出；采用；提倡
silk	丝；丝绸；丝的；丝绸衣服；丝织品
promotional	增进的；晋升的；推销的
kate	凯特(女子名
chevrolet	美国雪佛兰牌汽车
babies	婴儿；婴儿的；宝贝儿；孩子气的人；小型的；溺爱
BI	双”；表示“二
karen	克伦
compiled	编译的；动词compile的过去式和过去分词.
romantic	浪漫的；浪漫的人；不切实际的
revealed	透露；发现
specialists	专家；专科医生；名词speacialist的复数.
generator	发电机；发生器
albert	名词
examine	检查；调查；考试；仔细观察
jimmy	撬棒
graham	全麦面粉；用全麦粉做的
suspension	暂停；悬挂；悬浮液；中止
Bristol	名词
margaret	名词
COMPAQ	美国康柏电脑公司
sad	伤心的；悲哀的；忧愁的
correction	改正；订正；惩罚
wolf	狼；狼吞虎咽；特立独行的人
slowly	缓慢地
authentication	鉴定；证明
communicate	显露；传达；感染；通讯
rugby	橄榄球
supplement	补充；增刊；增补；补充物
showtimes	
CAL	计算机辅助学习
portions	部分；份；命运；分配；命运注定；分担的责任
infant	婴儿；幼儿；婴儿的；幼稚的；初期的
promoting	促进；提升；发起；升迁
sectors	扇区；名词sector的复数形式.
samuel	名词
fluid	流体；液体；流动的；流畅的；不定的
grounds	木砖；名词ground的复数形式.
fits	适合；合适的；安装；健康的；发作；适宜；适宜的
kick	踢；反冲；后座力
regards	问候；致意
meal	一餐；膳食；粗碾的谷物
ta	谢谢；终端适配器
hurt	伤害；损害；疼痛；使疼痛；创伤；造成损失；打击
machinery	机械
bandwidth	频带宽度；通带宽度
unlike	与 ... 平时不同
equation	方程式；等式；相等；均衡
baskets	篮子（basket的复数）
probability	可能性；机率
pot	壶；罐；射猎；把 ... 装罐
dimension	维度；尺寸；方面；次元；范围；容积；标尺寸；形成 ... 尺寸
wright	制造者；工匠
img	abbr. 美国国际管理集团（International Management Group）
Barry	名词
proven	证明的；动词prove的过去分词.
schedules	安排；计划；预定；一览表；编制目录
admissions	招生
cached	缓存；隐藏所；藏身处
warren	养兔场；过分拥挤的场所
slip	溜走；滑倒；疏忽；滑脱；失误
studied	故意的；动词study的过去式和过去分词.；有学问的
reviewer	评论者；书评作者；报刊评论员
involves	包含；牵涉；使卷入；使陷入；使忙于
quarterly	季度的；季刊；每季一次
RPM	每分钟转数；转/每分
profits	利润；名词profit的复数形式.
devil	魔鬼；家伙；淘气鬼；困扰；坏人；添加辣味调料；棘手的事
grass	草；草地；告发
comply	顺从；答应；遵照
marie	玛丽(女子名；=Mary)
florist	种花人
illustrated	有插图的；列举的；动词illustrate的过去式和过去分词.
cherry	樱桃；樱桃树；樱桃色
continental	大陆的；欧洲大陆的
alternate	交替；轮流；交替的；间隔的；轮流的；代替者；供替代的选择
deutsch	德国的
achievement	成就；成绩；达到；完成
limitations	局限；不足之处；名词limitation的复数形式.
Kenya	名词
webcam	名词
cuts	削减；切割；切口；名词cut的复数形式.
funeral	葬礼
nutten	
earrings	名词earing的复数形式.
enjoyed	享有（ enjoy的过去式和过去分词 ）；玩得快乐；喜欢
automated	自动化的；动词automate的过去式和过去分词.
chapters	章；回
pee	小便
Charlie	名词
quebec	名词
nipples	乳头
passenger	乘客；旅客
convenient	方便的；便利的
dennis	名词
Mars	火星
francis	名词
tvs	abbr. 瞬变电压抑制二极管（Transient Voltage Suppressors）；电视观察系统（Television Viewing Systems）
sized	动词size的过去式及过去分词形式.；一定大小的
manga	日本漫画
noticed	注意（ notice的过去式和过去分词 ）；觉察
socket	插座；窝；插口；装上或插入插座；穴孔
silent	沉默的；安静的；无言的；不吵闹的
literary	文学的
egg	蛋；卵；怂恿；煽动；用蛋覆盖
MHz	兆赫
signals	信号；标志；显著的
caps	帽子；名词cap的复数形式.
orientation	定位；倾向；适应；情况介绍；信仰
pill	药丸；药片；服用药丸；把 ... 制成药丸
theft	偷窃
childhood	童年；幼年
swing	摇摆；秋千；旋转；改变；动摇；冲力
symbols	符号；标志；名词symbol的复数形式.
lat	名词
meta	元的
humans	人类；名词human的复数形式.
analog	模拟的；类比的
facial	美容；面部的；脸部的
choosing	选择；决定；动词choose的现在分词形式.
talent	人才；天赋；天才
dated	过时的；陈旧的；动词date的过去式和过去分词.
flexibility	灵活性；弹性；柔韧性；适应性
seeker	探求者；搜索者
wisdom	智慧；聪明；明智；才智；至理名言
shoot	开枪；发射；拍照；嫩枝；疾驰；哇! 可恶! 哎呀!
boundary	边界；分界线
mint	薄荷；造币厂；伪造；完美无缺的
packard	帕卡德（姓氏）
offset	抵消；弥补；补偿；平版印刷；形成分支；弯管；支派
payday	发薪日；交割日；支付日
philip	名词
elite	精英；精英的；优秀的
gi	美国兵；美国军人的；军纪严格地；为检阅而打扫；美国军用的
spin	旋转；疾驰；眩晕；纺织；结网
holders	持有人（holder的复数）
believes	相信；认为
Swedish	瑞典的；瑞典语；瑞典人；瑞典语的；瑞典人的
poems	诗歌；诗集（poem复数形式）
deadline	最后期限；截止时间
jurisdiction	管辖权；司法权；审判权；控制权
robot	机器人；机械呆板的人
displaying	显示；陈列；动词display的现在分词形式.
witness	证人；目击；见证；目击者；证明；经历；出席
collins	冰镇果子酒
equipped	装备；整装；预备
stages	阶段；舞台；上演；举行；戏剧；组织；筹划；步骤；行程
encouraged	被鼓励的
sur	在 ... 之上；附加的
winds	风( wind的名词复数 )；呼吸；（随食物或饮料）吞下的气；（管弦乐团的）管乐器；缠绕( wind的第三人称单数 )；卷绕；转动（把手）；给…上发条
powder	粉；粉末；火药；涂粉
broadway	名词
acquired	已获得的；已取得的；已成习惯的；动词acquire的过去式和过去分词.
assess	评估；评定；估算
wash	洗；洗涤；洗清
cartridges	药筒
stones	宝石；合14磅)；英石(重量单位；向 ... 扔石头
entrance	入口；进入；使入迷；登场；进入权；使狂喜
gnome	土地神；矮子；土地神像；实力雄厚的国际银行家
roots	根；根源；根除；根本；生根；扎根
declaration	申报；宣言；宣布
losing	损失；失败；失败的；输的；动词lose的现在分词形式.
attempts	尝试；试图；企图
gadgets	小工具；名词gadget的复数.
noble	贵族；高尚的；高贵的；宏伟的
glasgow	名词
automation	自动化
impacts	影响；冲击；撞击；冲击力；产生影响；压紧；挤入
rev	发动机的旋转；加快速度；发动机旋转
gospel	福音；真理；新约圣经四福书之一
advantages	优势；特点；有利；利益（advantage的复数）；促进（advantage的三单形式）；有利于
shore	岸；滨
loves	爱；喜欢；爱情；热爱；喜爱；恋爱；情人
induced	感应的；导致的；动词induce的过去式和过去分词.
LL	陆上通信线(专线；暗室口的避光装置)；轻荷载
knight	骑士；武士；爵士；授以爵位
preparing	准备的；预备的；动词prepare的现在分词.
loose	松的；宽松的；释放；放任；不确切的；不牢固的；解放；放枪；松散地；放纵；弄松
AIMS	目标；瞄准；旨在；对准；针对；致力；枪法
recipient	接受者；收信人
linking	连接；结合；动词link的现在分词形式.
extensions	扩大；伸展；电话分机；延长部分；名词extension的复数形式.
appeals	上诉；吸引力；呼吁；有吸引力；求助；诉请；恳求
CL	命令语言；编译程序语言；计算机语言；控制线；中心线
earned	挣得的；赚的；动词earn的过去式和过去分词.
illness	病；疾病
Islamic	伊斯兰教的
athletics	田径；体育运动
southeast	东南；东南的；在东南；东南地区；来自东南的；往东南；向东南的；来自东南
IEEE	标准总线接口；电气电子工程师学会
HO	嗨；嗬；喜悦等）嘿；（表示惊讶
alternatives	备选方案；其它选择；名词alternative的复数形式.
pending	直到；待定的；即将发生或来临的；等待 ... 的时候；在 ... 期间
parker	名词
determining	决定的；动词determine的现在分词.
Lebanon	名词
corp	兵团；军团；队
personalized	标出名字的；动词personalize的过去式和过去分词形式.
kennedy	肯尼迪（姓氏；美国第35任总统）
GT	博奕论；图形终端
sh	名词
conditioning	调节；训练
teenage	十几岁的
soap	肥皂；肥皂剧；用肥皂洗；阿谀奉承
AE	单一的
triple	三倍的；三个一组；三倍之数；有三部分的
cooper	桶匠；修桶工人；修桶；制桶
nyc	abbr. 纽约市（New York City）
Vincent	名词
jam	果酱；堵塞；干扰；挤；拥挤；困境；卡住；塞满；猛压
secured	安全的；获得；固定；使安全；牢靠的；稳妥的
unusual	独特的；与众不同的；异常的
answered	回答；答案；答复；接电话
partnerships	伙伴关系
destruction	破坏；毁灭
slots	槽；名词slot的复数形式.
increasingly	越来越多地；逐渐地
migration	移民；移动；移往
disorder	混乱；杂乱；扰乱；不适；失调；疾病
routine	常规；例行公事；常规的；例行的；乏味的；无聊
toolbar	名词
basically	基本上；主要地
rocks	岩石；摇滚乐；摇动；使震惊；使动心
conventional	传统的；常规的；惯例的
titans	泰坦巨神
applicants	申请人；求职人( applicant的复数形式 )
wearing	磨损的；穿用的；使疲惫的
axis	轴；中枢
sought	名词
genes	基因（gene的复数形式）
mounted	安装好的；骑马的；动词mount的过去式和过去分词.；已建立的
habitat	栖息地；产地
firewall	隔火墙；防火壁
median	中值；中位数；中间的；中央的；中动脉；正中的
guns	枪炮
scanner	扫描仪；扫描机
herein	此中；在此处
occupational	职业的
animated	动画片的；栩栩如生的；生气勃勃的
horny	角的；角状的；角质的；好色的
judicial	公正的；司法的；法庭的；审判上的
rio	里约热内卢；= RIO DE JANEIRO.
hs	abbr. 手持式受送话器（Handset）；头戴式耳机（Head Set）；高速（High Speed）
adjustment	调整；调节
hero	英雄；男主角；男主人公
integer	整体；完整的事物
treatments	名词
bachelor	学士；单身汉
attitude	态度；看法；姿势
camcorders	(VCR)摄像机( camcorder的复数形式 )
engaged	忙碌的；使用中的；订婚了的
falling	下降；落下的；坠落；下降的；动词fall的现在分词.
basics	基本原理；基本因素；名词basic的复数形式.；概要
montreal	名词
carpet	地毯；地毯状物；铺以地毯；铺盖
rv	abbr. （设有床位、厨房等野营用的）娱乐车（Recreational Vehicle）；重返大气层飞行器（Reentry Vehicle）；《圣经》的修订本（Revised Version）
struct	结构；结构体；创建构架数组
lenses	镜头；透镜；镜片；给…摄影；给…拍照
binary	二进制；二元；二元的；二进位的
genetics	遗传学
attended	动词attend的过去式和过去分词形式
difficulty	困难；麻烦；争议
punk	低劣的；颓废派的；鬅客
collective	集体；集体的；共同的
coalition	联合；联盟；结合
pi	圆周率
dropped	停止；划线；除去)；降下(减少
enrollment	登记；注册；入伍；入会
duke	公爵
Walter	飞机应急雷达发射机
AI	附加信息；人工智能
pace	速度；步伐；踱步
besides	此外；也；除 ... 之外
wage	工资；开展；从事；报酬
producers	生产性
ot	发送中继线；输出变压器)；不漏油(编制表
collector	收集器；收税员；收取款项的人；收集家
arc	弧；形成电弧；弧形物；按弧形轨迹行进
hosts	主机；主人；主办；主持；寄主；主持人；大量；做东；主办方
interfaces	接口；界面；连接；作接口
advertisers	登广告的人( advertiser的复数形式 )；报幕员
moments	片刻；名词moment的复数形式.
atlas	地图集；背负重物的人.
strings	名词string的复数形式.
dawn	黎明；破晓；曙光；开端；开始出现；逐渐明白
representing	代表；表示；表现；象征；描绘；说明；提出异议；阐明
observation	观察；注意；观察力；评论
feels	感觉；觉得；认为；触摸；摸索；触觉；摸起来
torture	拷问；痛苦；曲解；使痛苦
Carl	乡下人
deleted	删除的；动词delete的过去式和过去分词形式.
coat	外套；上衣；层；覆盖；涂上；表皮；包上
mitchell	名词
Mrs	太太
rica	黎加（人名）
restoration	恢复；复位；归还
convenience	便利；舒适；便利设施；适宜；方便的时间
returning	返回；回报；归还；申报；回应
Ralph	名词
opposition	反对；敌对；在野党
container	容器；集装箱
YR	年
defendant	被告
warner	华纳；报警器；警告者
confirmation	确认；证实
APP	应用；应用程序；相联并行处理器
embedded	植入的；嵌入的
inkjet	喷墨的
supervisor	导师；管理人；主管人；监督人；检查员；督学
wizard	术士；鬼才
corps	兵团；军团；队
actors	演员
liver	肝脏
peripherals	外围设备；名词peripheral的复数形式.；处部设备
liable	有义务的；可能的；有 ... 倾向；应负责的
brochure	名词
morris	莫里斯舞
bestsellers	(bestseller 的复数)；畅销书
petition	请愿；请愿书；申请；祈求
eminem	艾米纳姆（上个世纪末涌现出的白人rap音乐代表）
recall	回忆；召回；回想起；取消；恢复；唤起；与 ... 相似
antenna	天线；触角
picked	精选的；采摘的；动词pick的过去式和过去分词.
assumed	假定的；假装的；动词assume的过去式和过去分词.
departure	离开；出发；分歧；新的尝试
Minneapolis	明尼亚波利
belief	信仰；信念；相信
killing	杀戮；谋杀；迷人的；动词kill的现在分词.；使人疲乏的
bikini	比基尼；三点式泳装
Memphis	孟菲斯(美国城市；埃及一古老城市)
shoulder	肩膀；承担；肩负；肩部；扛
decor	装饰；布置；陈设
lookup	检查；搜索
texts	课文；原文；课本；正文；名词text的复数形式.
Harvard	名词
brokers	经纪人；安排；协商
roy	名词
ion	离子
diameter	直径
Ottawa	名词
doll	玩具娃娃；打扮；美貌女子；有吸引力的人
IC	名词；形容词
podcast	播客；发表博客
tit	山雀；乳房
seasons	季节；名词season的复数形式.
Peru	秘鲁
interactions	相互作用
refine	改进；精炼；使更文雅
bidder	投标人；出价人
singer	歌手；鸣禽；烧毛机；烧毛工
evans	名词
herald	先驱；使者；传令官；预兆；标志；预报
literacy	识字；读写能力
fails	失败；不及格；衰退；辜负；放弃；没做成某事
aging	迟滞)；老化(时效
Nike	名词
intervention	干预；介入；调停
pissing	尿；小便；走开；使厌烦；使生气
fed	动词feed的过去式和过去分词
plugin	插入式的
attraction	吸引；吸引力；有吸引力的人或事物
diving	潜水；跳水；动词dive的现在分词形式.
invite	邀请；招致；请求；招待
modification	修改；修饰；修正
ALICE	名词
latinas	
suppose	想；假设；认为；假定；应该；推测
customized	自定义；客制化；自定义级别
reed	芦苇；簧片；芦笛
involve	包含；牵涉；使卷入；使陷入；使忙于
moderate	温和的；适度的；节制；中等的；稳健的；稳健的人
terror	恐怖；惊骇
younger	较年轻的；儿童；少年
thirty	三十
mice	老鼠；名词mouse的复数形式.
opposite	相反的；对面的；对立的；对手；演对手戏；对立物；处于相反位置地
understood	懂得的；不言自明的；动词understand的过去式和过去分词.
rapidly	迅速地；很快地
dealtime	
ban	禁止；禁令；剥夺权利
temp	临时雇员；临时做工
intro	“向内”；表示“在内”
mercedes	名词
zus	abbr. zusammen (German=together) （德语）一起
assurance	自信；保险；确信
fisting	拳头；紧握；用拳头打
clerk	职员；办事员
happening	偶然发生的事；动词happen的现在分词形式.；即兴表演
vast	巨大的；广阔的
mills	磨坊；碾碎机；名词mill的复数形式.
outline	轮廓；大纲；概述；画出轮廓
amendments	增补品种
tramadol	曲马朵；反胺苯环醇
Holland	荷兰
receives	收到；接待；接到
jeans	牛仔裤
metropolitan	大都市的；大主教；大都市的居民；大主教区的
compilation	编辑；编写；汇集
verification	确认；查证；作证
fonts	字体；名词font的复数形式.
ent	耳鼻喉科(=ear
odd	古怪的；奇数的；零散的；剩余的
wrap	包；裹；围巾；覆盖；披肩；包装材料；隐藏
refers	参考；谈及；咨询；把 ... 提交；归类；把 ... 归因
mood	心情；情绪；气氛
favor	赞成；支持；偏爱；利于；给予；关心；特权；长得像；好意
veterans	退伍军人；名词veteran的复数形式.
quiz	测验；盘问；恶作剧；问答比赛；对 ... 进行测验
mx	abbr. 麦克斯韦（maxwell；磁通量单位）；中性（Middlesex）
sigma	名词
GR	射击场；总预备队；喱；格令；谷(英国重量单位)
attractive	有吸引力的；有魅力的
xhtml	abbr. 扩展超文本标识语言（The Extensible HyperText Markup Language）；结构层代码
occasion	场合；机会；时机；理由；引起；致使；盛大场面
recordings	记录( recording的复数形式 )；录音；录像；唱片
jefferson	杰弗逊（姓氏）
victim	受害者；牺牲；受骗者
demands	需求；要求；需要；查问
sleeping	睡眠；睡着的；动词sleep的现在分词.
careful	精心的；慎重的；小心谨慎的
ext	外面的
beam	光线；发射；播送；桁条；微笑；发光；用梁支撑
gardening	名词；动词
obligations	义务；名词obligation的复数形式.
arrive	到达；到来；成功
orchestra	管弦乐队
sunset	日落
tracked	有履带的；动词track的过去式和过去分词形式.
moreover	此外；而且
minimal	最小的；最低限度的
polyphonic	复调的；=polyphonous.
lottery	彩票
tops	最上等的；至多；一流的
framed	遭到陷害的；动词frame的过去式和过去分词.
aside	在一边；旁白；离开；另外；顺便说的话
outsourcing	外包；动词outsource的现在分词.
licence	许可；执照；特许；放纵；自由；同意
adjustable	可调整的
allocation	分配；配置；安置
Michelle	名词
essay	论文；散文；尝试；试图；短评
discipline	纪律；学科；训练；惩罚
amy	名词
TS	正文段
demonstrated	证明；演示；示范；示威
dialogue	对话
identifying	识别；确认；动词identify的现在分词形式.
alphabetical	按字母表顺序的
camps	营地；露营；野营；宿营；帐篷；扎营
declared	公告的；承认的；动词declare的过去式和过去分词.
dispatched	派出的；动词dispatch的过去式和过去分词.
aaron	名词
handheld	手持式的
trace	微量；追踪；痕迹；踪迹；描绘；找出根源
disposal	处理；处置；布置
shut	关闭；关闭的；停止；合拢；停止营业的
florists	花商；花农；花卉研究者( florist的复数形式 )
packs	包装；一群；一包；包裹；一副；收拾行李；塞满；佩戴；解雇
GE	美国通用电气公司（=General Electric Co
installing	安装；任命
switches	及将WINA20
Romania	名词
voluntary	自愿的；志愿的
ncaa	abbr. （美国）全国大学生体育协会（National Collegiate Athletic Association）
thou	汝；尔
consult	查阅；请教；商讨；就诊
phd	哲学博士
greatly	非常；很；大大地
blogging	博客
mask	面具；掩饰；面罩；伪装；戴面具；遮盖
cycling	骑自行车
midnight	午夜；漆黑
NG	名词
commonly	通常地；一般地；普通地
PE	相位编码；磷脂酰乙醇胺
photographer	摄影师
inform	通知；告诉；告发；使熟悉
Turkish	土耳其的；土耳其语；土耳其人；土耳其语的；土耳其人的
coal	煤；加煤；木炭；装煤；烧成炭
cry	哭；喊；叫声
messaging	报文发送
pentium	名词
quantum	量；量子；定量；额
murray	默里(m
intent	意图；目的；意向；专心的；含义；热切的；决心的
TT	电汇；电传打字机；用户终端
zoo	动物园
largely	主要地；大部分
pleasant	令人愉快的；舒适的；宜人的；讨人欢喜的
announce	宣布；宣告；预示；播报；宣布竞选
constructed	建造；构筑；构想
additions	添加剂
requiring	需要；要求；命令；规定
spoke	轮辐；为…装轮辐；动词speak的过去式.
AKA	又叫做
arrow	箭；箭头
engagement	订婚；婚约；约会；约定；交战；雇用
sampling	抽样；样品；动词sample的现在分词形式.
rough	粗糙的；汹涌的；粗暴的；艰难的；粗暴地；草拟；粗糙地；使粗糙；暴徒；粗制品；殴打
weird	怪异的；古怪的；离奇的；命运；预言者
tee	形状像字母T的东西；字母t
refinance	重新申请贷款；再筹资金
lion	狮子；勇猛的人
inspired	有灵感的；授意的；有创见的；动词inspire的过去式和过去分词.
holes	洞；孔；名词hole的复数形式.
weddings	婚礼（wedding的复数形式）
blade	叶片；刀刃；刀锋；桨叶
suddenly	突然地
oxygen	氧；氧气
cookie	饼干
meals	伙食；名词meal的复数形式.
canyon	峡谷
goto	转到
meters	米；计量器；公尺；计时器
merely	仅仅；只不过
calendars	日历；历法；日程表；一览表；把 ... 列入日程表
arrangement	安排；布置；约定；改编曲；商议
conclusions	结论
passes	通行；途径；名词pass的复数形式.
bibliography	参考书目；文献学
pointer	指针；教鞭；暗示；主意
compatibility	兼容；协调；和谐共处
stretch	伸展；延伸；弹性；一段时间；张开；夸大；可伸缩的
Durham	名词
furthermore	而且；此外
permits	允许；许可；许可证；执照
cooperative	合作的；合作社；协作的
Muslim	穆斯林；穆斯林的；穆罕默德信徒
xl	abbr. 特大号（extra large）
neil	名词
sleeve	袖子；套管
netscape	美国网景公司
cleaner	清洁工；清洁工具
cricket	板球；蟋蟀；打板球
beef	牛肉；加强；抱怨；牢骚；肌肉；告发；力气
feeding	喂养；饲养；送料；动词feed的现在分词.
stroke	中风；轻抚；击打；意外的运气；奉承
township	镇区
rankings	排行榜
measuring	测量用的；动词measure的现在分词形式.
cad	卑鄙下流的男人、无赖
hats	帽子；制造帽子；提供帽子；给 ... 戴帽子
robin	知更鸟；欧鸲
robinson	罗宾逊（男子名）
jacksonville	名词
strap	皮带；带子
headquarters	总部；司令部；指挥部
sharon	名词
crowd	人群；群众；拥挤；挤满；大群；涌入；逼迫；朋友
TCP	终端控制程序；测试检验程序；传输控制协议
transfers	名词；动词
surf	冲浪；浏览；激浪；碎浪
Olympic	奥林匹克的
transformation	转化；转型；改造
remained	保持；依然；留下；剩余；逗留；残骸；剩余物；遗迹
attachments	附属装置；名词attachment的复数形式.；附属物
dv	abbr. 煤油机船（Diesel Vessel）；稀释容积（Dilute Volume）；数码摄像机（Digital Video）
DIR	目录区
entities	实体；存在；本质
customs	海关
administrators	管理员；名词administrator的复数形式.
personality	个性；名人；特色
rainbow	彩虹；幻想；五彩缤纷的排列
hook	钩；钩住；勾拳；钩状物；当妓女
roulette	轮盘赌；转迹线；用滚轮压骑缝孔；点线机
decline	下降；减少；拒绝；倾斜；跌落；衰微
gloves	名词
Israeli	以色列的；以色列人
medicare	医疗保险
cord	索；细绳；纽带
skiing	滑雪；滑雪术
cloud	云；阴影
facilitate	促进；帮助；使 ... 容易
subscriber	订户；签署者；捐献者
valve	阀门；瓣膜；电子管；真空管
Val	名词
Hewlett	名词
explains	解释；说明
proceed	继续进行；开始；着手
flickr	网络相簿
feelings	情感；名词feeling的复数形式.
knife	刀；用刀切割
Jamaica	名词
priorities	优先；优先权；优先顺序
shelf	架子；搁板；搁板状物；搁置；闲置
bookstore	书店；=bookshop.
timing	时机；定时；时间的安排；时间的掌握
liked	被喜欢的；动词like的过去式和过去分词形式.
parenting	动词parent的现在分词.
adopt	采用；收养；接受
denied	被拒绝的；动词deny的过去式和过去分词.；被否认的
fotos	德国著名摇滚乐队
incredible	难以置信的；惊人的
britney	布里特妮
freeware	免费软件
fucked	受骗的；失败的；搞糟的；动词fuck的过去式和过去分词.
donation	捐赠；捐款
outer	外面的；外部的
crop	农作物；庄稼；收成；出现；收获；修剪；啃吃
deaths	死亡人口
rivers	河；江；名词river的复数形式.
commonwealth	联邦；联合体
pharmaceutical	药品；制药的；配药的；成药
Manhattan	曼哈顿鸡尾酒
tales	名词
KATRINA	卡特里娜(f.)
workforce	劳动力；职工总数；工人总数
Islam	伊斯兰教；伊斯兰教国家
nodes	节点；关节
TU	工会；训练单位
Fy	会计年度
thumbs	拇指；翻阅；示意要求搭车
seeds	籽；名词seed的复数形式.；动词seed的第三人称单数形式.
cited	引用；传讯；表扬
lite	类似…的劣质品
GHz	千兆赫
hub	中心；轮毂；轮轴
targeted	目标；靶；瞄准；对象；把 ... 作为目标
organizational	组织的
skype	一种网络即时语音沟通工具
realized	实现；意识到；了解；变卖
twelve	十二
founder	创立者；失败；沉没；弄跛；摔倒
decade	十年
gamecube	
rr	abbr. 无线电航向信标（Radio Range-beacon）；雷达测距（Radar Ranging）；无线电接受器（Radio Receptor）；连流继电器（Reverse Relay）；阻力比（Resistance Ratio）
dispute	争论；争端；争议；质疑；争吵；辩驳
Portuguese	葡萄牙语；葡萄牙人；葡萄牙语的；葡萄牙的；葡萄牙人的
tired	疲倦的；累的；疲劳的；厌烦的；动词tire的过去式和过去分词形式.
titten	
adverse	不利的；有害的；逆向的
everywhere	无论何处
excerpt	摘录；引用
ENG	眼震电流描记法
steam	蒸；蒸汽；水汽；轮船；蒸汽动力
discharge	放电；排出；释放；卸货；发射；解雇；解除；排出物；清偿债务；准许离开
ef	abbr. 每面（each face）；超精度（extremely fine）；仰角指示器（Elevation Finder）
drinks	饮料；名词drink的复数形式.
ace	发球得分；高手；幺点；一流的；好手；考试中取得好成绩；卓越的
voices	声音；名词voice的复数形式.
acute	严重的；敏锐的；急性的；剧烈的
Halloween	万圣节前夕
climbing	爬山；上升的；动词climb的现在分词.
stood	动词stand的过去式与过去分词
sing	唱；歌颂；称赞；鸣叫
tons	非常
perfume	香水；香气；洒香水于；使香气弥漫
carol	颂歌；欢唱；欢乐的歌
honest	诚实的；正直的；坦率的
Albany	名词
hazardous	危险的；冒险的；碰运气的
restore	恢复；归还；复原
stack	堆；堆积；一大堆；堆放
methodology	方法学；一套方法
somebody	有人；某人；重要人物
sue	起诉；控告；请求
ep	依附于；在 ... 上；=epi；慢速唱片
housewares	家用器皿；名词houseware的复数形式.
reputation	好名声
resistant	抵抗的；反抗的
democrats	民主党员；名词democrat的复数形式.
recycling	回收利用；动词recycle的现在分词.
hang	悬挂；绞死；逗留；绞刑；悬挂方式
gbp	abbr. 英磅（Great Britain Pound）；增益带宽乘积
curve	曲线；弯曲；弧线；弯曲物
Creator	创造者；上帝
amber	琥珀；琥珀色；琥珀色的；琥珀的
qualifications	名词
museums	名词
coding	编码；动词code的现在分词形式.
slideshow	幻灯片；幻灯片放映；播放幻灯片方式
tracker	跟踪器；追踪者
variation	变化；变动；变奏曲；变种
passage	通道；通过；走廊
transferred	转移；转让；迁移；移动
trunk	树干；躯干；象鼻；大箱子
hiking	徒步旅行；动词hike的现在分词.
lb	名词
damn	该死；该死的；诅咒；非常；讨厌；可恶的；丝毫；使失败；极其；批评
pierre	皮埃尔(男子名
jelsoft	
headset	头戴式耳机
photograph	相片；给 ... 照相；被照相
oakland	名词
Colombia	名词
waves	波；名词wave的复数形式.
camel	骆驼；驼色；浮船箱
distributor	经销商；配电器
lamps	兰普斯；n.
underlying	潜在的；基本的；隐含的；在下面的；动词underlie的现在分词
hood	引擎盖；兜帽；头巾；覆盖；遮罩
wrestling	摔跤；格斗；扭斗
suicide	自杀；自杀者；自杀性的
archived	被存入档的；动词archive的过去式和过去分词形式.
photoshop	著名图象处理软件（美国Adobe公司）
JP	治安官；地方司法官；作业处理器
chi	希腊字母表中的第22个字母
bt	比特流
Arabia	名词
gathering	聚集；集会；动词gather的现在分词.
projection	投影；投射；预测；放映；发射；规划；凸出物
juice	果汁；汽油；肉汁；挤出汁来；精力；消化液；使有活力
chase	追赶；追求；追捕；奔跑；试图赢得；狩猎；争取
mathematical	数学的；精确的；可能性极小的
logical	合理的；符合逻辑的；逻辑上的
sauce	酱汁；调味汁；使 ... 增加趣味；对 ... 无礼；给 ... 调味
fame	名声；名望；使出名
extract	提取；摘录；榨出；拔出；精华；选取；榨出物
specialized	专门的；专科的；动词specialize的过去式和过去分词.
diagnostic	诊断的；特征的
Panama	巴拿马；巴拿马草帽
indianapolis	名词
AF	音频；高级功能；运算标志
payable	应付的；可付的
corporations	企业
courtesy	礼貌；好意
criticism	批评；评论
automobile	汽车；汽车的
confidential	机密的；秘密的；表示信任的；获信赖的
RFC	射频电流)；射频表(射频扼注圈
statutory	法令的；法定的；可依法惩处的
accommodations	膳宿；居住设施；名词accommodation的复数形式.
Athens	名词
northeast	东北；东北的；向东北；来自东北；向东北的
downloaded	下载
judges	名词judge的复数形式.
SL	仿真语言；源语言；系统语言
seo	abbr. 搜索引擎优化（Search Engine Optimization）
retired	退休的；退役的
ISP	同位素分离率
remarks	备注；附记；名词remark的复数形式.
detected	检测到的；动词detect的过去式和过去分词.
decades	数十年；名词decade的复数
paintings	绘画作品；名词painting的复数形式.；绘画艺术
walked	散步；步行；走过；人行道；陪...走
arising	出现；发生；起来；升起；上升
nissan	尼桑（日产汽车名）
bracelet	手镯
ins	abbr. 惯性导航系统（Inertial Navigation System）；国际新闻社（International News Service）；信息网络系统（Information Network System）
eggs	蛋；鸡蛋；名词egg的复数形式.
juvenile	青少年；青少年的；幼稚的；青少年读物；幼雏
injection	注射；注射物
Yorkshire	名词
populations	居群
protective	保护的；防卫的
afraid	害怕的；担心的；抱歉的
acoustic	听觉的；声音的；音响的；原声的
railway	名词
cassette	盒式磁带；暗盒
initially	最初
indicator	指示器；指示剂；指示牌
pointed	尖的；直截了当的；尖锐的；有针对性的；动词point的过去式和过去分词.
hb	abbr.  厚膛壁身管（Heavy Barrel）
jpg	abbr. 一种图像压缩格式（Joint Picture Group）
causing	引起；原因；理由；事业；使发生
mistake	错误；误解；误会；弄错；过失
norton	诺顿；美国诺顿公司；生产有NOROTN COMMANDER、NORTON UTILITIES等著名的计算机软件；男子名)；查尔斯；诺顿(姓氏
locked	锁定的；动词lock的过去式和过去分词形式.
eliminate	淘汰；除去；剔除；忽略
TC	任务控制；终端控制；传输控制；锝(43号元素)
fusion	融合；核聚变；熔合；结合
mineral	矿物质
sunglasses	太阳镜；墨镜
ruby	红宝石；红宝石色；红宝石色的
steering	指导；掌舵；操作；转向装置；动词steer的现在分词.
beads	玻璃珠；名词bead的复数形式.
fortune	财产；命运；运气
preference	优先；偏爱；优惠；喜爱物
canvas	帆布；油画
threshold	门槛；开端；界限；入口
parish	教区；教区的全体居民；地方行政区
claimed	要求；声称；断言；主张；请求；要求权；要求物
screens	屏幕；名词screen的复数形式.
cemetery	墓地
planner	计划者；城市规划者；记事簿
Croatia	名词
flows	流量；名词flow的复数形式.
stadium	体育场；运动场
Venezuela	委内瑞拉
exploration	探索；勘探；探险；探测
mins	abbr. 需监护的未成年人（Minors In Need of Supervision）；分钟（minutes）；微惯性导航系统（micro inertial navigation system）
fewer	少的；较少的；较少数；越来越少的
sequences	顺序；一系列；次序；连续；按顺序排好
coupon	息票；礼券；票券；参赛表
nurses	护士；看护；保姆；名词nurse的复数形式.
SSL	软件说明语言；源语句库；存储结构语言；系统仿真语言
stem	干；茎；柄；起源于；船首；逆 ... 而行
proxy	代理人；代理的；委托书；代理权
gangbang	一群男子（流氓团伙）与一女子的淫乱活动；轮奸
astronomy	天文学
lanka	兰卡；楞伽
opt	选择；决定
Edwards	爱德华兹(姓氏)
drew	draw的过去式
contests	比赛；竞赛；争取；奋斗；驳斥
flu	流行性感冒
translate	翻译；解释；转移；调动
announces	宣布；宣告；预示；播报；宣布竞选
mlb	abbr. 金属链带（Metallic Link Belt）；航海劳工局（Maritime Labor Board）；美国职棒大联盟（Major League Baseball）
costume	服装；提供服装；剧装；服装打扮的
tagged	标签；名称；尾随；附属物；连接；紧随；捉人游戏；添饰；指责
berkeley	美国加州西部城市)；伯克利(男子名
voted	投票；选举；表决；选举权；投票结果
killer	凶手；杀人者；迷人的人；致命物；消灭…者；棘手的事；精彩的事物
bikes	自行车( bike的名词复数 )；自行车( bike的第三人称单数 )
gates	大门；登机门；出入口；门票收入；解雇；常表示政治丑闻
adjusted	调整过的；动词adjust的过去式和过去分词形式.
rap	说唱音乐；轻敲；责骂；拍击；谈话；畅谈；最少量；厉声说出；表演说唱音乐
tune	曲调；调整；和谐；调子；协调；调音；数量；调整频率；为 ... 调音
bishop	主教
pulled	牵引的
corn	玉米；谷物；腌；伤感平庸作品
GP	普通开业医生
shaped	合适的；有计划的；具有...形状的；动词shape的过去式和过去分词形式
compression	压缩；压紧；浓缩
seasonal	季节的；周期性的；依照季节的
establishing	建立；确立；创办；安顿
farmer	农民；农夫；农场主
counters	柜台；计数器；反击；反对；反驳；相反的；筹码；与…相反地
puts	名词
constitutional	宪法的；合乎宪法的；体质的；组成的；散步保健
grew	动词grow的过去式
perfectly	完美地；完全地；无瑕疵地；圆满地；完整地
tin	锡；罐头；锡制的；听头
slave	奴隶；做苦工；做奴隶；拼命干
instantly	即刻地；立即地
cultures	文化；名词culture的复数形式.
Norfolk	名词
coaching	辅导；训练；动词coach的现在分词.
examined	检查过的；动词examine的过去式和过去分词.；诊察过的；测验过的
trek	长途跋涉；艰苦跋涉
encoding	编码
litigation	诉讼；起诉
submissions	稿件
OEM	原始设备制造商
heroes	英雄们；名词hero的复数形式.
painted	描画的；刷上油漆的；着色的；涂脂抹粉的；动词paint的过去式和过去分词形式.
lycos	莱科思（网路资讯收集网站）
IR	红外光谱法；铱(77号原素)
zdnet	abbr. Ziff-Davis出版公司
broadcasting	广播；广播事业；动词broadcast的现在分词形式.
horizontal	水平的；水平线；水平面；横的
artwork	艺术品；美术品
cosmetic	化妆品；表面的；化妆用的；整容的
resulted	结果；产生；成果；成绩；答案；致使
portrait	肖像；画像；描写
terrorist	恐怖分子；恐怖主义的
informational	信息的；介绍情况的
ethical	道德的；伦理的；凭处方出售的
carriers	载体
ecommerce	电子商务
mobility	流动性；机动性；情感不定
floral	花的；植物的；花似的；以花占主要的图片或设计
builders	生成器；施工人员（builder的复数）
ties	结
struggle	斗争；奋斗；努力；挣扎；竞争
schemes	方案；计划；设计；阴谋；策划；图谋
suffering	痛苦；受难
neutral	中性的；中立的；中立者；空挡位置；空档的；素净色的
fisher	渔夫；渔船；食鱼貂
rat	鼠；捕鼠；背叛；偷窃
Spears	矛；枪；叶片；幼芽；渔叉；幼苗；名词spear的复数形式.；梭镖
prospective	未来的；预期的
dildos	(dildo 的复数)；人造阴茎
bedding	名词
ultimately	最后；最终
joining	连接；接缝；连接物；动词join的现在分词形式.
heading	标题；航向；题目；动词head的现在分词.
equally	相等地；同样地；平等地
artificial	人造的；虚伪的；武断的
bearing	轴承；影响；举止；忍受；支撑物
spectacular	壮观；壮观的；令人惊叹的；豪华节目
coordination	协调
connector	连接头
brad	角钉；用无头钉固定；平头钉
combo	小型爵士乐队；组合物
seniors	老人；上级；名词senior的复数形式.
worlds	世界( world的复数形式 )；人世；世间；尘世
guilty	有罪的；内疚的
affiliated	有关连的；附属的
activation	激活；催化作用
naturally	自然地；天生地
haven	避难所；庇护；港口；安置 ... 于港中
tablet	平板电脑；药片；匾；片状物
jury	陪审团；评委会；挑选；临时用的
dos	名词
tail	尾巴；尾部；跟踪；尾随；后部；辫子；逐渐减少；附于其后；为 ... 装尾巴
subscribers	订阅者；捐款人；名词subscriber的复数.
charm	魅力；迷人；吸引力；施魔法；美貌
lawn	草坪；草地
violent	猛烈的；暴力的；强烈的；极端的
Mitsubishi	三菱
underwear	内衣
basin	盆地；流域；脸盆；水池
soup	汤；羹；增大威力
potentially	潜在地
ranch	牧场
constraints	强制；被约束；拘束
crossing	十字路口；人行横道；横渡；动词cross的现在分词.
inclusive	包含 ... 在内的；包罗广泛的；包括端点的
dimensional	空间的；尺寸的；维度的；次元的
cottage	小屋；茅舍
drunk	醉酒；醉鬼；陶醉的；醉酒的；动词drink的过去分词形式.
considerable	相当大的；可观的；重要的
crimes	犯罪
resolved	下定决心的；断然的；动词resolve的过去式和过去分词形式.
mozilla	摩斯拉（浏览器名）
byte	字节；8位元组
toner	墨粉；色剂；爽肤水；炭粉
nose	鼻子；嗅觉；探听；突出部分；嗅到
latex	胶乳；乳液
branches	分支；树枝；部门；分部；分店；分岔
anymore	副词；名词
oclc	
delhi	名词
holdings	股份；收藏品；名词holding的复数形式.
alien	外星人；外国人；陌生的；外国的；外侨；相异的
locator	定位器；探测器
selecting	选择
processors	处理器；名词processor的复数形式.
pantyhose	裤袜；=pantihose.；女用裤
plc	可编程逻辑控制器
broke	破产的；一文不名的
Nepal	名词
Zimbabwe	名词
difficulties	困难；麻烦；争议
juan	名词
complexity	复杂；复杂性；复杂的事物
MSG	谷氨酸单钠
constantly	不断地；经常地
browsing	浏览；啃草；动词browse的现在分词形式.
resolve	解决；决心；决定；分解；坚决；表决
Barcelona	名词
presidential	总统的；总统制的
documentary	纪录片；纪实的；文件形式的
cod	鳕鱼；愚弄；哄骗
territories	领土；领域；范围；版图
melissa	名词
Moscow	名词
thesis	论文；毕业论文；论点；论题；命题
thru	穿越；经过；=through.
jews	犹太人
nylon	名词
Palestinian	巴勒斯坦；巴勒斯坦人；巴勒斯坦的；巴勒斯坦人的
discs	磁盘；圆盘；唱片；花盘；盘形物
rocky	岩石的；坚硬的；麻木的；困难重重的；像岩石的
bargains	特价品；名词bargin的复数形式.
frequent	频繁的；常去；常到；经常的
trim	修剪；装饰；削减；整齐；整洁的；匀称的；调整帆以适应风向
Nigeria	尼日利亚
ceiling	天花板；上限
pixels	像素；名词pixel的复数形式.
ensuring	确保；保证；担保；使安全
Hispanic	西班牙的；西班牙语的；讲西班牙语的人；美籍西班牙人
cv	abbr. 简历（Curriculum Vitae）
CB	平民波段；钶(41号元素铌的旧名)
legislature	立法机关
hospitality	好客；款待；殷勤；酒店管理
gen	-: pref.种族
anybody	任何人
procurement	采购；获得；促成
diamonds	钻石；名词diamond的复数.
espn	abbr. 娱乐体育节目电视网（Entertainment Sports Programming Network）；欧洲儿科肾病学会（European Society for Paediatric Nephrology）
fleet	舰队；船队；机群；敏捷的；快速的；掠过；短暂的
untitled	无标题的；无权利的；无称号的
bunch	束；一群；串；捆；隆起；突出物；成束成群
totals	总量；总计（total的复数）
Marriott	马里奥特（美国第二大宴会承包商）
singing	唱歌；歌声；动词sing的现在分词.
theoretical	理论上的
afford	提供；给予；花费得起；能够做
exercises	练习；演习；习题；体操；典礼；名词exercise的复数形式.
starring	主演；主演的
referral	推荐；转诊病人；转送；送交
nhl	abbr. 全国曲棍球联合会（National Hockey League）
surveillance	监视；监督
optimal	最佳的；最理想的
quit	辞职；离开；退出；停止
distinct	不同的；明显的；独特的；清晰的
protocols	名词
lung	肺；呼吸器官
highlight	强调；加亮；加亮区；使突出；照亮；闪光点；精彩部分；使 ... 显得重要；最重要的细节或事件
substitute	代替；代用品；代替者；代以；用 ... 代替
inclusion	包含
hopefully	但愿；怀着希望地
brilliant	灿烂的；杰出的；卓越的；才华横溢的；宝石；美妙的
turner	铁匠；车床工人；体育协会会员；体育家；锅铲
sucking	尚未断奶的；未成熟的；动词suck的现在分词形式.
cents	分；一分钱的硬币( cent的复数形式 )
Reuters	名词
TI	元素钛的符号
FC	并报告它们之间的差别）
gel	凝胶；发胶；上发胶；变得浓稠
todd	托德(姓氏；男子名)
spoken	口语的；动词speak的过去分词.
omega	末尾；希腊字母的最后一个字
evaluated	估价的；动词evaluate的过去式和过去分词.
stayed	保持；逗留；停留
civic	公民的；市民的；城市的
assignments	分配；名词assignment的复数形式.
fw	abbr. 给水（Feed Water）；磁场减弱；淡水；隔火墙
manuals	使用说明书
doug	名词
sees	看见；明白；经历；设想；了解；主角权限；主教教区
termination	终止；结束；结果；词尾
watched	手表；观看；监视；注视；看守；值班
saver	储蓄者；救助者；节约器
thereof	由此；其；关于它的
grill	烤架；铁格子；拷问
households	农户
GS	总书记；秘书长；一般参谋；参谋部；组分隔
redeem	赎回；弥补；偿还；履行；解救；兑现
rogers	名词
grain	谷物；颗粒；纹理；谷类；格令；微量
AAA	急性焦虑发作
authentic	真实的；真正的；可信的；可靠的
regime	政权；制度；政体
wanna	想要（仅能用于口语；相当于“want to”或者“want a”）
wishes	希望；愿望；想要；渴望；命令
bull	公牛；公牛的；股市看涨的人；鲁莽的；荒谬的话；教皇诏书
montgomery	名词
architectural	建筑的；建筑学的
louisville	名词
depend	取决于；依赖；依靠
differ	不同；有区别
Macintosh	缩写为Mac)；麦金塔电脑（苹果公司的电脑品牌
movements	动作
ranging	排列；动词range的现在分词形式；归类于
Monica	名词
repairs	修理工作；名词repair的复数形式.
breath	呼吸；气息
amenities	舒适；便利设施；适意；礼节.
virtually	几乎；实际上
cole	芸苔属植物
mart	商业中心；贸易中心
candle	蜡烛；烛形物；对光检查
hanging	绞刑；悬挂着的；动词hang的现在分词形式.
colored	有色的；彩色的；有色人种；有色人种的；混血种的；动词color的过去式和过去分词.
authorization	批准
tale	故事；传说；叙述
verified	经证实的；动词verify的过去式和过去分词.
lynn	男子名；林恩(姓氏；女子名)
formerly	以前；从前
projector	放映机；探照灯；计划者；投影线
bp	寻呼机
situated	位于；处于 ...境地的；动词situate的过去式和过去分词
comparative	比较的；比较级；相当的
STD	名词
seeks	寻求；寻找；追求；试图
herbal	草本植物的
loving	亲爱的；忠诚的；钟情的；动词love的现在分词.
strictly	严格地；完全地
routing	路由选择；路径选择
docs	文档
stanley	名词
psychological	形容词；名词
surprised	动词surprise的过去式和过去分词.
retailer	名词
vitamins	维生素；名词vitamin的复数形式.
elegant	优雅的；雅致的
gains	收益；名词gain的复数形式.
renewal	更新；恢复；革新；复苏；复活
vid	视频；图像 = video
genealogy	宗谱；家系
opposed	反对的；对立的；敌对的；动词oppose的过去式及过去分词.
deemed	认为；视作
scoring	得分；刻痕；划痕；动词score的现在分词形式.
expenditure	开支；消耗
panties	女用短衬裤；名词panty的复数形式.
Brooklyn	名词
Liverpool	名词
sisters	名词sister的复数形式
critics	评论家们
connectivity	连通性；连通度
spots	污点；名词spot的复数形式.
oo	abbr. 面向对象程式设计（Object Oriented）；已订购而尚未交货的（on order）
algorithms	算法
hacker	电脑高手
Madrid	名词
similarly	类似地；相似地
margin	利润；边缘；幅度；余地；页边空白；差额；加边于；定金；为…付保证金
coin	硬币；硬币的；金钱；投币的
bbw	abbr. 线控制动
solely	单独地；独自地；完全
fake	伪造；假的；假货；骗子；伪装；欺骗；假造
salon	沙龙；美容院；客厅；美术展览馆
collaborative	合作的；协作的
norman	诺曼底的；诺曼底语；法国诺曼底人
fda	abbr. （美）食品及药物管理局（Food and Drug Administration）
excluding	除…之外；动词exclude的现在分词形式.
turbo	增压涡轮
headed	有头的；有标题的；动词head的过去式和过去分词.
voters	投票者列表；选民；投票人（voter的复数）
cure	治疗；治愈；疗法；对策；纠正
Madonna	圣母玛利亚；圣母像
commander	指挥官；司令官
arch	拱；拱门；主要的；拱起；调皮的；成拱形；拱状物
Ni	镍(28号元素)
murphy	马铃薯
thinks	认为；想；考虑；记起
thats	
suggestion	建议；意见；联想；有...迹象
hdtv	名词
soldier	士兵；军人；当兵；坚持做
phillips	名词
Asin	印度历的7月
aimed	目标；瞄准；旨在；对准；针对；致力；枪法
justin	名词
bomb	炸弹；轰炸；投弹；失败；投弹于
harm	伤害；危害；损害
interval	间隔；休息时间
mirrors	镜子；反映；反射
spotlight	照明灯；用聚光灯照；车头灯；公众注意中心；使瞩目
tricks	戏法；名词trick的复数形式.
reset	重新设定；重新组合；重新放置
brush	刷；刷子；画笔；擦；掠过；灌木丛；掸；轻触；轻擦；小冲突；争吵
investigate	调查；研究
thy	形容词；名词
expansys	
panels	面板；嵌板；仪表盘；陪审团；座谈小组；嵌镶
repeated	重复的；动词repeat的过去式和过去分词.
assault	攻击；袭击；突袭；抨击
connecting	连接的；动词connect的现在分词.
spare	多余的；备用的；抽出；节约；饶恕；剩余；赦免；备用品；闲置的
logistics	物流；后勤学；运筹学
deer	名词
kodak	名词
tongue	舌头；语言；舔；口才；舌状物；发音；用舌吹奏管乐器
bowling	保龄球
tri	三
Danish	丹麦的；丹麦人；丹麦人的；丹麦语的；丹麦文
pal	朋友；伙伴；结为友
monkey	猴子；胡闹；模仿；嘲弄；猴一样的人
proportion	比例；部分；均衡；使均衡；使成比例；分摊
filename	文件名
skirt	裙子；绕开；边缘；下摆；挡板；郊区
Florence	名词
invest	投资；投入
honey	蜂蜜；亲爱的；甜蜜；宝贝；甜蜜的；说甜言蜜语
um	嗯
analyses	分析；分解
drawings	名词drawing的复数形式.；提取款
significance	意义；重要性
scenario	剧本；情节梗概
ye	名词；动词
FS	字段分隔符；文件结构；有限态；功能选择；频移
lovers	情侣；爱人；名词lover的复数形式.
atomic	原子的
approx	abbr. 大约（Approximate）
symposium	讨论会；论文集；酒会
Arabic	阿拉伯语；阿拉伯人的；阿拉伯语的；阿拉伯式的
gauge	测量；判断；估计；测量仪器；测量标准
essentials	要件；概要
junction	连接；交叉点；会合处
protecting	保护；投保
nn	abbr. neural network 神经网络；Network Node 网络结点
faced	有…表面的；具有…脸型的；动词face的过去式和过去分词形式.；面色…的
mat	垫子；席子；编织；集结；铺席于 ... 上
rachel	名词
solving	解决办法；动词solve的现在分词形式.
transmitted	传输的；传送的；传达的；动词transmit的过去式和过去分词.
weekends	名词weekend的复数形式.；每周未地
screenshots	(screenshot 的复数)  屏幕截图
produces	生产；产品；农产品；引起；提出；制片
oven	烤箱；烤炉
ted	摊晒
intensive	密集的；彻底的；强调的；精细的
chains	镣铐；枷锁；名词chain的复数形式.
kingston	金斯敦（牙买加首都）
sixth	第六；六分之一；六度音
engage	从事；参加；啮合；答应；订婚；预定；雇佣；与……交战
deviant	不正常的；离经叛道的；异常的人
noon	中午；正午；顶点；全盛期
switching	开关；转换；动词switch的现在分词形式.
quoted	报价；引用；引述；举证
adapters	适配器；改编者；名词adapter的复数形式.
correspondence	通信；信件
farms	农场；农田；务农
imports	进口商品；进口货；名词import的复数形式.
supervision	监督；管理
cheat	欺骗；作弊；骗子；骗取；行骗
bronze	青铜；铜牌；青铜色；青铜色的；青铜制的；青铜制品；使成青铜色
expenditures	支出
sandy	沙色的；含沙的；不稳固的
separation	分离；分居；缺口；分隔线
testimony	证明；证据
suspect	怀疑；嫌疑犯；猜想；可疑的；不可信的
celebrities	名人；名誉；社会名流
macro	宏观的
sender	寄件人；发报机；送话器
mandatory	强制性的；法定的；义务的；受托管理者；受委托的
boundaries	边界；分界线
crucial	关键的；决定性的
syndication	企业联合组织化
gym	健身房；体育馆；体育课
celebration	典礼；宗教仪式
kde	abbr. 桌面环境（Kool Desktop Environment）
adjacent	邻近的；毗连的；接近的
filtering	过滤；过滤用的；动词filter的现在分词.
tuition	学费；教学；教诲
spouse	配偶
exotic	奇异的；异国的；外来的；脱衣舞的
viewer	观看者；电视观众；观察器
signup	注册
threats	威胁；恐吓；凶兆
luxembourg	=Luxemburg.
puzzles	难题；迷惑；名词puzzle的复数形式.
reaching	到达；达成；范围；伸出；延伸；河段；影响力；取得联系；等级
vb	abbr. 可视化基础（Visual Basic）
damaged	被损坏的；动词damage的过去式和过去分词.
cams	计算机辅助会议系统
receptor	受体；接受器；感受器；受话器
piss	尿；小便；走开；使厌烦；使生气
laugh	笑；笑声；嘲笑；发笑；笑料
Joel	约耳书
surgical	外科的；外科医生的；手术上的
destroy	破坏；摧毁；消灭；杀死
citation	引用；表扬
pitch	球场；投；沥青；推销；音调；程度；树脂；颠簸；投掷；搭帐篷；松脂
autos	汽车；名词auto的复数形式.
yo	名词
premises	经营场所；机构等)房产；(企业；名词premise的复数形式.
perry	梨酒
proved	证明；检验；证明(证明是
offensive	攻势；攻击；冒犯的；令人不快的；与进攻有关的
imperial	帝国的；皇帝；皇帝的；英制的；女皇；特大号；特大的；马车车顶
dozen	十二个；一打的；十二个的
benjamin	名词
deployment	部署；展开
teeth	牙齿；名词tooth的复数形式.
cloth	布；布料；一块布
studying	研究；学习；努力；书房；读书；学科；练习曲
colleagues	同事
stamp	邮票；印；跺脚；图章；盖章
lotus	荷花；荷叶；莲饰
salmon	大马哈鱼；鲑；橙红色的
Olympus	名词
separated	分开的；动词separate的过去式和过去分词.
PROC	程序；工艺规程；方法；过程
cargo	货物；船货
tan	棕褐色；晒黑；棕褐色的；黝黑
directive	指令；管理的；指导的；指挥的
fx	abbr. 外汇（Foreign Exchange）；固定电台（Fixed Station）
salem	名词
mate	交配；配偶；伙伴；同事；使 ... 配对；使 ... 一致
DL	数据语言；数据长度；数据表；描述语言；分升
starter	起动机；开胃菜；开端；发起者；发射架；调度员
upgrades	升级；提高；改善；上坡；向上地
likes	像；喜欢；想；愿意；如同；相似的；同样的
butter	黄油；奶油；奉承；涂黄油
pepper	辣椒；胡椒粉；加胡椒粉于；不断打击
weapon	武器；兵器
luggage	行李
burden	负担；责任；烦扰；装载；使负重；主题；装载量
chef	厨师；主厨
tapes	名词tape的复数形式.；胶纸带；磁带
zones	区域；尺度；地带（zone的复数）
races	名词
isle	岛；群岛
stylish	时髦的；流行的；潇洒的
slim	苗条的；减肥；细长的；微小的；缩减
maple	槭树
luke	《圣经》中译为“路加”)；卢克(男子名
grocery	杂货店；杂货的
offshore	近海的；海外的；离岸的；离岸地；近海地
governing	管理；治理；管理的；治理的；动词govern的现在分词.
retailers	零售商
depot	仓库；车站；补给站；贮藏所
kenneth	名词
comp	伴奏
alt	中高音
pie	馅饼；饼图；喜鹊
blend	混合；混合物
Harrison	哈里森（男子名；哈里之子）
ls	目录显示命令
julie	名词
occasionally	偶尔地
cbs	abbr. 哥伦比亚广播公司（Columbia Broadcasting System）；共电式振铃设备（Central  Battery Signalling）
attending	主治的；出席的；动词attend的现在分词.
emission	排放；散发；发行
Pete	皮特(男子名
spec	细则；特别
finest	好的；出色的
realty	房地产；不动产；=real estate.
JANET	珍妮特(女子名
bow	弓；鞠躬；船头；蝴蝶结；致敬；压弯；鞠躬礼
penn	名词
recruiting	招聘；新兵；新成员；征兵
apparent	明显的；表面上的
instructional	教学的；教育的；指导的
phpbb	
autumn	秋天；秋季
traveling	旅行的；移动的
probe	探测；探针；调查；探测器；查究；详细调查
midi	中长外衣；法国南部的统称
permissions	许可权；名词permission的复数形式.
biotechnology	生物技术
toilet	厕所；卫生间；盥洗室
ranked	排；列；等级；排列；列为；阶层；繁茂的；讨厌的；分等级
jackets	皮；短上衣；茄克衫；护封；装封套；加外套；绝缘护套
routes	路线；航线；名词route的复数形式.
packed	塞满的；动词pack的过去式和过去分词.；紧压的；收拾好行李的
excited	激动的；感到兴奋的
outreach	伸出；超过；拓广；扩大服务；比 ... 到达更远
helen	名词
mounting	逐渐增加的；上马；架设；动词mount的现在分词.；底托
recover	恢复；复原；重获
tied	系；约束；打结
lopez	洛佩斯（姓氏）
balanced	平衡的；均衡的；平稳的
prescribed	规定的
catherine	名词
timely	及时的；适时的
talked	谈话；交谈；讨论；讲话；会谈；演讲；空谈；商讨；阐述
upskirts	
debug	调试；排除障碍
delayed	延时的；拖延的；动词delay的过去式和过去分词.
chuck	扔；卡盘；撵走；抛掷；咯咯叫；咯咯声
reproduced	复制；生殖；再生
HON	δ-羟基-γ-氧代正缬氨酸；羟氧基正缬氨酸
dale	山谷
explicit	明确的；清楚的；露骨的；清晰的
calculation	计算；估计；深思熟虑
villas	别墅；公馆( villa的名词复数 )；<英>（城郊）住宅
ebook	电子书
consolidated	统一的；加固的；整理过的
boob	笨蛋；蠢材；犯错
exclude	排除；阻止；拒绝接受
peeing	小便
occasions	场合；机会；时机；理由；引起；致使；盛大场面
brooks	名词
equations	方程式；等式；均等；均势（equation的复数形式）
newton	名词
oils	油画颜料；油类
sept	氏族；家族
exceptional	异常的；例外的；杰出的；特别的
anxiety	焦虑；担心；渴望
bingo	宾果游戏
whilst	尽管
spatial	空间的
respondents	调查对象
unto	给；对；直到；在 ... 旁边
Lt	海军少校
ceramic	陶器；陶器的；陶瓷学
prompt	提示；迅速的；激起；促进；立刻的；敏捷的；推动；提示的内容
precious	珍贵的；宝贵的；矫揉造作的；极其
minds	心；介意；头脑；想法；注意；精神；记忆；理智；专心于；意见；照顾
annually	每年；年年
considerations	对价
scanners	检测装置( scanner的复数形式 )；扫描设备；扫描器；扫掠天线
ATM	自动出纳机；异步传输方式
xanax	阿普唑仑（药名）；赞安诺；相呐斯（镇静剂）；性药名
EQ	abbr. 情商（Emotional Quotient）；均衡器；电器极（Electrical Quadrupole）
pays	报酬（pay的复数）；（法）国家
cox	舵手；作舵手；驾驶
fingers	手指；名词finger的复数形式.
sunny	明媚的；晴朗的；阳光充足的；快活的
ebooks	
delivers	交付；履行；递送；解救；接生；投掷
je	abbr. 作业评估；工作估计（job estimate）
Queensland	名词
necklace	项链
musicians	乐师
leeds	名词
composite	复合材料；合成的；复合的；合成物
unavailable	得不到的；不能利用的；没空的
cedar	雪松；雪松木材
arranged	安排的；准备的；动词arrange的过去式和过去分词.
lang	abbr. 语言（language）
theaters	剧场( theater的复数形式 )；戏剧界；戏剧效果；战区
advocacy	支持；拥护；鼓吹
raleigh	罗利（美国北卡罗来纳州首府）；罗利（英国的探险家、航海家及作家）
stud	种马；大头钉；点缀；耳环；饰钉；立柱；镶嵌；壁骨；板墙筋；年轻男子
fold	折叠；包；折痕；倒闭；交叉；翻倍；折层；屈服；拥抱
essentially	本质上；本来
designing	设计；狡猾的；动词design的现在分词.
threaded	有螺纹的；动词thread的过去式和过去分词.
uv	abbr. 紫外的（ultraviolet）
qualify	合格；取得资格；描述；使具备资格
fingering	用指拨弄；动词finger的现在分词形式.
blair	布莱尔
hopes	希望；名词hope的复数形式.
assessments	立项评估
cms	abbr. 教会传教士协会（Church Missionary Society）
mason	泥瓦匠；石匠；共济会会员
diagram	图表；图解；用图解法表示
burns	络腮胡子；名词burn的复数形式.
pumps	轻舞鞋；名词pump的复数形式.
slut	荡妇；懒妇；母狗
ejaculation	射精；突然说出
footwear	鞋袜
SG	司法部副部长
vic	名词
Beijing	名词
peoples	民族
victor	胜利者
mario	名词
POS	销售点；位置；正；主操作系统
attach	附上；贴上；使附属；系上；使依附；使附着
licenses	许可证；执照；特许；发许可证给
Utils	为全文索检目录的文件
removing	消除；除去；排除；动词remove的现在分词形式.
advised	被告知的；动词advise的过去式和过去分词形式.；熟虑的
Brunswick	美城市名)；布伦兹维克(德国中部州名及其首府
spider	蜘蛛；三脚架；十字叉；长柄平底锅
phys	abbr. 物理系（physics）；物理学家（physicist）；生理领域（physics）；生理盐水（physiological saline）
ranges	范围；一系列；射程；山脉；漫游；排列；排；延伸；闲逛；炉灶；使…站在某一方
pairs	名词；动词
sensitivity	敏感；灵敏度；多愁善感；感受性
trails	小径；踪迹；追踪；拖；尾；落后于；尾随；一系列；拖拽
preservation	保存；维护；防腐
Hudson	哈得孙（美国马萨诸塞州城镇；男子名)；哈德孙河
isolated	孤立的；隔离的；分离的；动词isolate的过去式和过去分词.
calgary	名词
interim	临时的；暂时的；过渡时期；暂定；中间时期；中间的
assisted	协助；帮助；出席；助攻；协助的器械
divine	神圣的；神的；预言；牧师；理解；神学家；推断
streaming	流动；流的；动词stream的现在分词形式
approve	批准；赞成；同意；称许
chose	动产；动词choose的过去式.
compound	化合物；复合词；复合物；混合；妥协；使严重；化合的；私了；调合
intensity	强度；强烈；紧张
technological	工艺的；科技的
syndicate	联合组织；企业联合
abortion	流产；堕胎
dialog	对话；对白
venues	犯罪现场；发生地点；场地；场馆（venue复数形式）
blast	爆炸；爆破；摧毁；批评；严厉的批评；巨响
wellness	健康
calcium	钙
newport	新港；纽波特（美国罗得岛之避暑胜地）
antivirus	抗病毒；抗病毒素；抗病毒液
addressing	寻址；访问；动词address的现在分词.
Pole	杆；柱；极点；波兰人
discounted	折扣；贴现；贴现率；打折扣；不全信；不重视；减息贷款
indians	印度人
shield	盾；保护；庇护；盾状物；防卫物
harvest	收获；收割；收成；成果；后果
membrane	膜状物
Prague	名词
previews	预告；试映；预习；事先查看；预审
Bangladesh	孟加拉国
constitute	构成；组成；制定；建立；任命
locally	在本地；局部地；地方性地
concluded	结束；总结；推断出；缔结；作协议；作决定；使结束
pickup	加速；小型卡车；拾音器；获得；拾起；固定器；临时的；随便买的东西；搭便车者；凑合的；实况转播
desperate	绝望的；不顾一切的；极其想要的
mothers	母亲；根源（mother的复数）
nascar	abbr. 全国运动汽车竞赛协会（National Association of Stock Car Auto Racing）
Iceland	冰岛
demonstration	示范；实证；示威游行；表达
governmental	政府的；政治的
manufactured	制成的；人造的；动词manufacture的过去式和过去分词.
candles	蜡烛；烛形物；对光检查
graduation	毕业；毕业典礼；分度；刻度线
mega	巨大的；非常；百万”；表示“大
bend	弯曲；屈服；弯道；屈从；使弯曲；集中于
sailing	航行；航海；启航；动词sail的现在分词.
variations	变化；变异；变奏曲；变更；名词variation的复数形式.
moms	abbr. 密西根数学系统（Michigan's Own Mathematical System）
sacred	神圣的；受尊重的
addiction	上瘾；沉溺
Morocco	名词
chrome	铬；镀铬；铬黄
tommy	英国兵；抵作工资的粮食
Springfield	斯普林菲尔德（美伊利诺斯州首府）
refused	拒绝；垃圾；废物
brake	刹车；制动器；闸
exterior	外部；外表；外部的；外景；表面的；户外的
greeting	问候；打招呼
ecology	生态；生态学
oliver	脚踏铁锤
Congo	名词
glen	峡谷；溪谷
botswana	名词
nav	abbr. 资产净值（net asset value）
delays	推迟；延误；耽搁；延期
synthesis	合成；综合；综合分析
olive	橄榄；橄榄树；橄榄色；橄榄色的；黄褐色的
undefined	未定义的；不明确的
unemployment	失业；失业人数
cyber	网络的；电脑的
verizon	威瑞森（全成威瑞森无线通讯；是美国第一家提供320万像素照相手机配套销售的无线营运商）
scored	折叠的；刮伤的；有伤纹的；动词score的过去式和过去分词形式.
enhancement	增强；提高；放大
newcastle	名词
clone	克隆；复制；无性繁殖；复制品
dicks	迪克斯
velocity	速度；速率；迅速
lambda	希腊字母的第11个
relay	继电器；接力；中继；接力赛；转播；接替；转达；替班
composed	镇静的；沉着的；由…组成的
tears	眼泪
performances	性能
oasis	绿洲；宜人之地
baseline	基线；底线
cab	驾驶室；出租汽车；司机室；乘出租车；轻便马车
angry	愤怒的；生气的
FA	(英国)足球协会；战地救护车；野战救护队；野战炮；野战炮兵；美术；急救；脂肪酸
societies	社会；协会；社团；交往；社交圈
silicon	硅
Brazilian	巴西人；巴西的
identical	相同的；同一的
petroleum	石油
compete	竞争；比赛；对抗
ist	从事 ... 的人；专业人员；具有 ... 特性的
Norwegian	挪威的；挪威人；挪威语；挪威语的；挪威人的
lover	情人；爱好者
belong	属于；应归入
Honolulu	名词
beatles	披头士摇滚乐队
lips	唇；嘴唇；名词lip的复数形式.
escort	护送；护航舰；陪伴；护送者；妓女；陪伴者；陪游
retention	保存；记忆力；保留物
exchanges	票据交换总额；名词exchange的复数形式.
pond	池塘
rolls	名词roll的复数形式.
thomson	名词
barnes	巴尔内斯（姓氏）
soundtrack	电影配乐；声道；电影原声带
wondering	觉得奇怪的；感到惊奇的；动词wonder的现在分词.
Malta	名词
daddy	名词
LC	国会图书馆；信用证；小写体
ferry	渡船；渡口；摆渡；运输
rabbit	兔子
profession	职业；行业；声明；信仰
seating	座位；座位安排；底座；动词seat的现在分词形式.
dam	水坝；堤；筑坝；障碍物
cnn	名词
separately	分别地；个别地；分开地；独立地
physiology	生理学；生理机能
lil	abbr. 国际月球实验室（Lunar International Laboratory）
collecting	收集；聚集；募捐；运走
DAS	双挂接站
exports	出口货；输出额；名词export的复数形式.
omaha	(pl.
tire	轮胎；厌烦；劳累；金属圈
participant	参与者
scholarships	奖学金
recreational	娱乐的；消遣的
dominican	多米尼加人；多米尼加的；多米尼加人的
Chad	名词
electron	电子
loads	负荷；装载；重担；装载量
friendship	友谊；友好
heather	石南属植物
passport	护照；手段
motel	汽车旅馆
unions	工会；联合（union的复数）
treasury	财政部；国债；国库；金库；宝库
warrant	保证；授权；根据；担保；正当理由；辩解；凭证；委任状
SYS	DOS外部命令:将系统文件加入指定的磁盘
Solaris	Solaris操作系统
frozen	冰冻的；动词freeze的过去分词.
occupied	使用中的；忙的；已被占的；从事的；动词occupy的过去式和过去分词.
josh	戏弄；玩笑；无恶意的戏虐
royalty	版税；皇族；皇家
scales	天平；秤；鳞屑；名词scale的复数形式.
rally	集会；激励；回合；重整旗鼓；重新召集；嘲弄；恢复精神
observer	观察者
sunshine	阳光；晴天
strain	紧张；拉紧；劳累；笔调；血统；过分使用
drag	拖；阻力；拉；累赘；扯进
ceremony	仪式；典礼；礼节
somehow	以某种方式；不知怎么地
arrested	逮捕的；动词arrest的过去式和过去分词.
expanding	扩展的；扩充的；动词expand的现在分词形式.
provincial	省的；地方的；偏狭的；乡下人；地方人民
investigations	调查
icq	abbr. 网路呼叫器（一种网络通讯软件；等于I Seek You）
ripe	熟的；成熟的
yamaha	雅马哈（山叶）商标
rely	依靠；信任
medications	药物
Hebrew	希伯来语；希伯来人；希伯来人的；希伯来语的
gained	获得的；动词gain的过去式和过去分词形式.
Rochester	罗契斯特市（美国明尼苏达州一城市）；罗契斯特市（美国纽约州港市）；罗契斯特市（英国东南部一城市）
dying	死；死亡；垂死的；临终的；动词die的现在分词形式.
laundry	洗衣；洗衣店；要洗的衣服
stuck	不能动的；束手无策的；不得不的
Solomon	以智慧著称)；古以色列国王大卫之子；所罗门 (男子名
placing	名次；动词place的现在分词
stops	停止；车站；阻止；停留；逗留
homework	家庭作业
adjust	调整；调节；校准；使适应
assessed	动词assess的过去式和过去分词形式.；已审估的
advertiser	广告客户；广告商
enabling	使能够；使可能
encryption	加密
filling	馅；充填物；装满；动词fill的现在分词.
downloadable	可下载的
sophisticated	复杂的；精密的；老练的；久经世故的
imposed	强加；强迫；课征
silence	沉默；寂静；使安静；使沉默
SCSI	小型计算机系统接口
focuses	焦点；中心；焦距；聚集
Soviet	苏维埃；苏联的；苏维埃的
possession	拥有；所有；财产；殖民地
CU	控制器；立方；用户占用；铜(29号元素)
laboratories	实验室
treaty	条约；协定
vocal	声音的；声乐作品；元音；声乐的；直言不讳的；口头的
trainer	训练者；训练设备
organ	器官；风琴；机构；喉舌；报刊
stronger	更强壮的
volumes	体积
advances	接近
vegetables	菜类；蔬菜（vegetable的复数形式）
lemon	柠檬；柠檬色；令人讨厌的人
toxic	有毒的
DNS	分布式网络系统；域名服务
thumbnails	拇指甲；极小的东西( thumbnail的复数形式 )
darkness	黑暗
pty	=proprietary；abbr.
WS	工作区；工作存储器；工作站
nuts	胡说；呸；狂热的；疯的
nail	钉；钉子；指甲；抓住；使固定；爪
bizrate	
Vienna	名词
implied	暗示的；暗含的；含蓄的；动词imply的过去式和过去分词.
span	跨度；横跨；弥补；间距；贯穿；遍及；时期；延续；动词spin的过去式形式.
stanford	名词
sox	短袜；袜子；鞋内的衬垫；轻软鞋；巨款；存款；存钱处；银箱；拳打；一击；重击
stockings	长袜
joke	笑话；玩笑；开玩笑；说笑话
respondent	被告；应答者；回答的；应答的；感应的
packing	包装
statute	法令；法规；条例
rejected	拒绝；排斥；驳回；丢弃；不合格产品；被拒之人
satisfy	满足；使满意；清偿
destroyed	遭破坏的；动词destroy的过去式和过去分词.
shelter	庇护；避难所；保护；庇护所；隐匿
chapel	小礼拜堂；礼拜仪式；殡仪馆；唱诗班；印刷厂工会
gamespot	
manufacture	制造；制造业；捏造
layers	层；名词layer的复数形式.
wordpress	博客系统（软件名）
guided	有指导的；动词guide的过去式和过去分词形式.
vulnerability	易受攻击
accountability	有责任；有义务
celebrate	庆祝；庆贺；颂扬
accredited	可接受的；被认可的；委任的；动词accredit的过去式和过去分词.
appliance	装置；应用；器具；器械
compressed	压缩的；动词compress的过去式和过去分词.；〈生物学〉扁平的
Bahamas	名词
powell	鲍威尔（英国物理学家）
mixture	混合；混合物
zoophilia	嗜兽癖；动物爱好
bench	长凳；法官；工作台
univ	abbr. 综合性大学（university）；宇宙的（universal）
tub	浴盆；桶；洗澡；装入桶
rider	骑士；扶手；附件
scheduling	行程安排；时序安排；动词schedule的现在分词
radius	半径；桡骨；半径范围；辐射区
perspectives	视角
mortality	死亡率；必死性；死亡数目
logging	砍伐；动词log的现在分词.
hampton	汉普顿（姓氏）
christians	克里斯蒂安斯
borders	边界；边境；动词border的第三人称单数形式.；名词border的复数形式.
therapeutic	治疗的
pads	垫子；便笺纸；名词pad的复数形式.
butts	烟蒂；托；柄；名词butt的复数形式.；靶场
inns	国际神经网络协会
bobby	鲍比(男子名
impressive	给人深刻印象的
sheep	羊；绵羊；羊皮
accordingly	相应地；因此；于是
architect	建筑师；创造者
railroad	铁路；铁路公司；由铁道运输；迫使仓促行事
lectures	演讲；讲课；训斥；教导；训话
challenging	挑战性的；动词challenge的现在分词.
wines	葡萄酒；令人沉醉的东西（wine的复数）
nursery	托儿所；苗圃；保育室
harder	更努力地；更坚固的；更困难的；副词hard的比较级.；形容词；更硬的
cups	杯子；奖杯；名词cup的复数形式.
ash	灰；灰烬；白蜡树；废墟；白蜡木；苍白.
microwave	微波；微波炉；用微波炉加热
cheapest	最便宜；形容词cheap的最高级形式.
accidents	事故
travesti	
relocation	重新安置；重新配置；再定位
stuart	英国斯图亚特王室；斯图亚特王朝的
contributors	贡献者；捐助者；投稿者；名词contributor的复数形式.
Salvador	名词
ALI	名词
salad	色拉；杂烩；凉拌生菜
Np	镎(93号元素)
monroe	美国密歇根州城市）；姓氏）；门罗（男子名；门罗（美国路易斯安那州城市
tender	投标；温柔的；嫩的；提出；脆弱的；亲切的；敏感的；煤水车；补给船；痛的
violations	名词
foam	泡沫；起泡沫；沸腾
temperatures	温度
paste	粘贴；糊；浆糊；面团；糊状物；裱糊
clouds	云；烟云
competitions	竞赛
discretion	谨慎；慎重；自行决定
tft	abbr. 薄膜晶体管；薄膜工艺（thin film transistor）
Tanzania	名词
preserve	保护；保存；保持；禁猎区；蜜饯
jvc	日本胜利公司
poem	诗；韵文
vibrator	振动器；振动的人
unsigned	未签名的；无符号的；未签约的
staying	停留；拉线(撑；动词stay的现在式和现在分词形式.；刚性结合)
cosmetics	化妆品
Easter	复活节
theories	理论；名词theory的复数形式
repository	仓库；贮藏室；容器；智囊
praise	赞美；称赞；崇拜
jeremy	名词
Venice	名词
jo	甜心
concentrations	浓聚物
vibrators	振动器；振荡器；（按摩）颤震器( vibrator的复数形式 )
Estonia	名词
Christianity	基督教；基督教精神
veteran	老兵；老手；老练的
streams	流；溪流；名词stream的复数形式.
landing	着陆；登陆；楼梯平台；登陆处；动词land的现在分词.
signing	签署；签字；动词sign的现在分词形式.
executed	执行；完成；处决；实行
katie	名词
negotiations	谈判；协商；磋商；名词negotiation的复数形式.
realistic	现实的；现实主义的
dT	脱氧胸苷
CGI	计算机生成图象；计算机图象接口
showcase	陈列；显示优点的东西；使展示
integral	完整的；完整；构成整体所必需的
asks	要求；询问；请求；邀请；开价；期待
relax	放松；休息；放宽；使 ... 放松
Namibia	名词
generating	产生；发生；动词generate的现在分词.
christina	名词
congressional	国会的；议会的；会议的
synopsis	摘要；概要
hardly	几乎不；简直不；刚刚
prairie	大草原
reunion	团聚；联合
composer	名词
bean	豆；豆科植物
sword	剑；刀
absent	缺席的；缺乏的；使缺席；不在的
photographic	摄影的；逼真的
sells	卖；出售
Ecuador	名词
hoping	希望；动词hope的现在分词形式.
accessed	进入；入口；通道；使用之权
spirits	情绪；烈酒；精力；名词spirit的复数形式.
modifications	改性
coral	珊瑚；珊瑚的；珊瑚色的
pixel	像素
float	漂浮；提出；浮标；浮现；飘动；漂浮物
colin	名词
bias	偏见；偏爱；斜纹；使偏心
imported	进口；输入；意义；进口商品
paths	小路；轨迹；射程；名词path的复数形式.；轧辊型缝
bubble	气泡；冒泡；起泡；泡影；充满...感情
por	abbr. 返回后付款（pay on return）
acquire	获得；取得；学到
contrary	相反；相反的；反面；截然不同的
millennium	一千年；太平盛世
tribune	民众领袖
vessel	船；容器；舰；器皿
acids	酸类；酸性物质；迷幻药；名词的acid的复数.
focusing	聚焦；调焦；动词focus的现在分词形式.
viruses	病毒；名词virus的复数形式.
cheaper	比较便宜的
admitted	公认的；被承认了的；动词admit的过去式和过去分词形式.；准予进入
dairy	乳制品；牛奶场；乳制品的；乳品店；牛奶的；地方小店
admit	承认；允许；容纳；给…进入的权利
MEM	希伯莱字母表的第十三个字母；传记
fancy	幻想；想象；昂贵的；喜爱；想像力；迷恋；好的；时髦的；希望；复杂的；华丽装饰的
equality	平等；同等
samoa	名词
GC	气相色谱法；气相层析
achieving	实现；达到；完成
tap	龙头；利用；开发；轻拍；轻敲；窃听；选择；塞子；轻击；鞋掌；索要
stickers	有背胶的标签( sticker的复数形式 )；坚持不懈的人；锲而不舍的人
fisheries	渔业；渔场
exceptions	例外；名词exception的复数形式.
reactions	反应（reaction的复数）
leasing	出租；动词lease的现在分词.
lauren	名词
beliefs	相信；名词belief的复数形式.
CI	输入；通信接口；计算机工业；配置项；化学电离
macromedia	全球最大的网络多媒体软件公司；旗下的软件包括Macromedia Flash；Macromedia Dreamweaver；Macromedia Fireworks
companion	同伴；陪伴；参考书；志趣相投的人；成对物品之一
squad	班；小队
analyze	分析；研究；解析
ashley	艾希莉（人名）
scroll	卷轴；画卷；名册；卷动；卷形物
relate	涉及；叙述；符合；有关联；发生共鸣；使有联系
divisions	分区
swim	游泳
wages	工资；报酬；名词wage的复数
additionally	此外；另外；同时
suffer	遭受；忍受；受苦；受损失；处于不利地位；患病
forests	森林；林火
fellowship	奖学金；友谊；团体；会员资格
nano	“纳米”；表示“十亿分之一”；“毫微”
invalid	无效的；病人；病弱的；残疾者；遣送回家
concerts	音乐会；一致；和谐；合作；协定；协同安排
martial	战争的；军事的；好战的
males	男人；壮丁；名词male的复数形式.
Victorian	维多利亚女王时代的人；维多利亚女王时代的
retain	保留；保持；记住；聘请
colours	国旗；旗帜；船旗；军旗；相关词组:.；衣帽；徽章；绶带
execute	执行；完成；处决；实行
tunnel	隧道；地道；挖隧道；洞穴；挖地道
genres	体裁
Cambodia	名词
patents	专利；名词patent的复数形式.
copyrights	著作权；版权（copyright的复数）
yn	abbr. 云南（Yun Nan）
chaos	混乱；混沌；无秩序
lithuania	立陶宛
mastercard	万事达信用卡
wheat	小麦；小麦色
chronicles	名词
obtaining	获得；得到；流行；存在；通用
beaver	海狸；卖力地工作；护面甲
updating	更新的；动词update的现在分词形式.
distribute	分配；分布；散发
readings	读物；名词reading的复数形式.
decorative	装饰性的；装饰的
kijiji	
confused	困惑的；混乱的；混杂的
compiler	编译程序；编辑者
enlargement	扩大；扩建；放大的照片
eagles	鹰
bases	pl. 基础；军事基地；主要成分；根据；基底；底
vii	罗马数字 7
accused	被告；动词accuse的过去式和过去分词.
bee	蜜蜂；集会
campaigns	运动；活动；战役；竞选运动；参加竞选；从事运动
unity	统一；一致；整体；结合
loud	大声地；大声的；吵闹的；响亮地；引人注目的
conjunction	结合；连词；关联
bride	新娘
rats	老鼠；捕鼠；瞎扯
defines	定义；动词define的第三人称单数.
airports	航空站；机场；航空港( airport的复数形式 )
instances	例子；情况；要求；场合；举例说明；诉讼程序
indigenous	土生土长的；本地的；天生的
begun	动词begin的过去分词
cfr	abbr. 运费在内条件（Cost and Freight）；未来研究中心（Center for Future Research）
brunette	=brunet.
packets	包裹；名词packet的复数形式.
anchor	锚；抛锚；停泊；新闻节目主播；锚状物；压阵队员；依靠
socks	袜子；名词sock的复数形式.
validation	验证；确认；批准
parade	游行；阅兵；炫耀；检阅；参加游行；夸耀；散步；绕行
corruption	腐败；贪污；堕落
stat	统计学；站；统计的；雕刻家；静力学；定子；固定的
trigger	触发；扳机；起因
incentives	名词
cholesterol	胆固醇
gathered	聚集的；集合的；动词gather的过去式和过去分词形式.
Essex	名词
Slovenia	名词
notified	通知；报告；通告
differential	差别；微分的；差别的；差动齿轮；特定的；工资差额
beaches	海滩；沙滩；海滨
folders	文件夹
dramatic	戏剧性的；引人注目的；激动人心的；戏剧艺术；戏剧作品；给人深刻印象的；戏剧性的行为
surfaces	表面；表面的；平面；外表；显露；肤浅的；浮到水面；在表面工作；在 ... 上加表层
terrible	可怕的；糟糕的；极度的
routers	路由器（router的复数）
cruz	（西）克鲁兹（男子名）
pendant	垂饰；下垂的；悬挂物
dresses	穿着；打扮；穿衣；服装；女装
Baptist	施洗者；施洗者约翰；浸信会教友
scientist	科学家
starsmerchant	
hiring	动词hire的现在分词形式.；雇佣的；租赁的
clocks	钟表；时钟（clock的复数）
arthritis	关节炎
BIOS	基本输入输出系统
females	女性
wallace	名词
nevertheless	然而；不过；尽管如此；仍然
reflects	反映；反射；反省；显示；归咎
taxation	征税；课税；税金
fever	发烧；发热；狂热
pmc	abbr. 生产计划与物料控制（Product Material Control）；个人移动通信（Panasonic Mobile Communications）
cuisine	烹饪；佳肴
surely	无疑；一定；稳当地；显然
practitioners	从业人员
transcript	成绩单；副本；抄本；笔录；誊本
myspace	名词
theorem	定理
inflation	膨胀；通货膨胀
thee	汝；你自己
NB	注意；留心；铌(41号元素)
ruth	怜悯；后悔
pray	祈祷；祈求；恳求；请求
stylus	铁笔；尖笔；唱针
compounds	化合物；复合词；复合物；混合；妥协；使严重；化合的；私了；调合
pope	罗马教皇
drums	鼓；名词drum的复数形式.
contracting	收缩的；缔约的；动词contract的现在分词形式.
topless	无顶的；袒胸的；极高的
arnold	阿诺德（男子名）
structured	有组织的；有安排的
reasonably	合理地；适度地；相当地；有理性地
jeep	吉普车
chicks	雏鸡；小鸡（chick的复数形式）
bare	赤裸的；空的；暴露；仅有的；使裸露
hung	悬而未决的；动词hang的过去式和过去分词.
cattle	牛；家畜；畜牲
mba	abbr. 工商管理学硕士（Master of Business Administration）；海洋生物协会（Marine Biological Association）；主要战区（Main Battle Area）
radical	激进的；彻底的；激进分子；基本的
graduates	毕业；毕业生；毕业的；标以刻度
rover	漫游者；月球车；流浪者；远距离箭靶
recommends	推荐；建议；劝告；使受欢迎；使可取
controlling	控制的；动词control的现在分词形式.
treasure	财富；珍视；宝物；珍藏
reload	再装入
distributors	批发公司；批发商( distributor的复数形式 )；（汽车上的）配电器
flame	火焰；燃烧；情人；热情；面红；爆发
Levitra	艾力达；伐地那非；乐威壮
tanks	坦克；名词tank的复数形式.
assuming	假定；假如；傲慢的；不逊的；专横的；动词assume的现在分词.
monetary	货币的；金融的
elderly	年长的；年老的
pit	坑；矿井；陷阱；凹陷；使竞争；使凹陷；凹痕
arlington	阿林顿（美国马萨诸塞州一城市）；阿林顿国家公墓（National Cemetery；在弗吉尼亚州）
mono	单声道唱片；表示“一”“单一”
particles	碎木料；名词particle的复数形式.
floating	浮动的；不固定的；动词float的现在分词形式.；流动性的
extraordinary	非凡的；特别的；特派的
tile	瓷砖；瓦片；铺瓷砖；盖瓦
indicating	指示的；动词indicate的现在分词.；标志的
Bolivia	名词
spell	拼写；咒语；一段时间；魔力；导致；拼成；一阵发作；轮班；暂时代替
hottest	最热的；热烈的；形容词hot的最高级.
stevens	史蒂文斯（姓氏）
coordinate	坐标；同等的；配套服装；同等的人物
Kuwait	科威特
exclusively	专门地；仅仅；独占地；排他地；只
emily	名词
alleged	声称的；可疑的；靠不住的
limitation	限制；限度；缺点
widescreen	宽银屏幕的
compile	编译；编制；编纂
squirting	喷出；水枪；注射；注射器；溅迸
Webster	韦伯斯特(①姓氏 ②Noah；1758-1843；美国词典编辑家)
struck	动词；名词
rx	处方；治疗方案
illustration	插图；说明；例证；图解
plymouth	名词
warnings	发出警告( warning的复数形式 )；征候；<古>（解雇、辞职等的）预先通知；可引以为戒的事（或人）
construct	建造；构筑；构想
apps	应用程序；应用软件；应用服务
inquiries	调查；询问；打听；查问
bridal	新娘的；婚礼的
annex	附件；附加；并吞；获得；附属物；附属建筑物
MAG	杂志；星期专刊；期刊；仓库；军火库；弹药；库存物；弹仓；弹盘；弹盒；胶卷盒
gsm	abbr. 政府标准手册（Government Standards Manual）；销售总经理（General Sales Manager）；全球移动通信系统（Global System for Mobile Communications）
inspiration	灵感；吸气
tribal	部落的
curious	好奇的；奇特的
affecting	动人的；感人的；动词affect的现在分词.
freight	货运；货物；运送；装货于
rebate	回扣；减少；变钝
meetup	
eclipse	丧失；形成日或月食；没落；日或月食；使 ... 黯然失色
Sudan	名词
DDR	与设备有关的程式；数字数据记录器；设备动态重配置
downloading	卸下；动词download的现在分词形式.
REC	接收；记录；恢复；补偿；娱乐
shuttle	航天飞机；穿梭；梭子；穿梭移动；往返运送；往返移动之物
aggregate	集料；总计；总的；合计的；进球总数
stunning	令人震惊的；极漂亮的
cycles	周期；循环；自行车；骑自行车；摩托车
affects	影响；感动；作用
forecasts	预测；预报
detect	探测；察觉；发觉
sluts	淫妇
actively	积极地；活跃地；勤奋的
ciao	再见
ampland	
knee	膝盖；膝关节
prep	准备；预备；预备学校；进预备学校
PB	元素铅 plumbum的缩写.
complicated	结构复杂的；动词complicate的过去式和过去分词.；复杂难懂的
chem	=chemical
fastest	最快的；形容词fast的最高级形式.
butler	男管家；仆役长
shopzilla	
injured	受伤的
decorating	装饰；装潢；动词decorate的现在分词形式.
payroll	工资单；工薪总额
cookbook	食谱；烹饪书
expressions	公式；表示式；名词expression的复数形式.
ton	吨
courier	旅行服务员；急差；送快信的
uploaded	上传；上载
Shakespeare	名词
hints	暗示；示意
collapse	崩溃；倒塌；折叠；暴跌
AMERICAS	美洲
connectors	连接符；连结管；连接插头
twinks	(twink 的第三人称 -s形式)；（游戏用语） 高等级带练低等级玩家；通常通过给与该等级通常无法获得的强力盔甲和武器。
unlikely	不太可能的
OE	遗漏不在此限
GIF	把…制作成GIF图片
pros	赞成；赞成的；专业的；正面地；正面；能手；行家
conflicts	冲突；矛盾；抵触；战斗；争执；斗争
techno	技术；工艺；高技术音乐；技巧；现代电子乐
beverage	饮料
tribute	敬意；贡品；称赞；礼物
wired	有线的；以铁丝围起的；动词wire的过去式和过去分词形式.；十分兴奋的；供以电线的
elvis	名词
immune	免疫的；免除的
Latvia	名词
travelers	旅行者；旅客（traveler的复数形式）
forestry	林业；林学
barriers	障碍
cant	倾斜；斜面；黑话；伪善之言；倾斜的；伪善地说；斜角；说术语
JD	法学博士
rarely	很少；难得
gpl	abbr. grams per liter 克/升
infected	被感染的；受污染的；动词infect的过去式和过去分词.
offerings	提供之物
Martha	名词
genesis	发生；起源
barrier	屏障；障碍物；栅栏
argue	争论；辩论；说服
incorrect	不正确的；错误的
trains	火车；训练；培训；列车；行列；瞄准；练习；一系列
metals	五金；名词metal的复数形式.
bicycle	自行车；骑自行车
furnishings	家具；设备；穿戴用品；服饰用品；室内陈设品；名词furnishing的复数形式.
letting	租金；出租的房产；动词let的现在分词形式.；租期
arise	出现；发生；起来；升起；上升
Guatemala	名词
Celtic	凯尔特的
thereby	从而；因此
IRC	国际红十字会；Internet交互式闲聊程序
jamie	名词
particle	粒子；颗粒；微粒；质点；极小量
perception	观念；洞察力；认识能力
minerals	矿物；矿产；矿产品；名词mineral的复数形式.
advise	建议；通知；劝告；忠告；提建议
humidity	湿度；湿气
bottles	瓶子；抑制；把 ... 装入瓶内
boxing	拳击；盒式包装；制箱材料
wy	abbr. 美国怀俄明州邮递区号（Wyoming）
DM	数学博士；医学博士；数据管理；数据模型；诊断监视器；频分多路技术
Bangkok	名词
renaissance	文艺复兴；再生
pathology	病理学
Sara	名词
bra	胸罩
ordinance	条例；法令
Hughes	名词
photographers	摄影者（尤指）摄影师( photographer的复数形式 )
bitch	母狗；埋怨；搞砸
infections	感染；名词infection的复数形式.
jeffrey	名词
chess	国际象棋
operates	操作；经营；动手术；运转
brisbane	名词
configured	配置的；动词configure的过去式和过去分词形式.
survive	存活；继续存在；幸免于难；活着；艰难度过；比 ... 活得长
Oscar	奥斯卡金像奖
festivals	岁时节庆
menus	菜单；名词menu的复数形式.
joan	名词
possibilities	可能；可能性；可能的事情
duck	鸭；鸭肉；潜入；亲爱的人
reveal	揭示；透露；显示；展现；门侧
canal	运河；沟渠；建运河；疏导；气管；食管
amino	氨基的；表示“氨基”
phi	希腊文的第21个字母(Φ；φ)
contributing	贡献的；起作用的；动词contribute的现在分词.
herbs	草本植物；名词herb的复数形式.
clinics	诊所
mls	abbr. 复式造表服务处（Multiple Listing Service）
cow	母牛；恐吓；雌象；雌鲸；雌犀牛
manitoba	名词
analytical	分析的；解析的；善于解析的
missions	任务；使命；代表团；布道
Watson	名词
lying	说谎的；动词lie的现在分词.
costumes	服装；提供服装；剧装；服装打扮的
strict	严格的；精确的；完全的
dive	潜水；跳水；俯冲；潜心钻研
saddam	萨达姆（伊拉克前总统）
circulation	循环；流通；发行量；消息传播
drill	钻孔；练习；钻孔机；钻子；播种机；反复操练
offense	进攻；犯罪；冒犯；过错；触怒；犯规
threesome	三人一组；三人赛
bryan	人名）；布赖恩(美国城市名
cet	abbr. 大学英语考试（College English Test）；已校正的发动机的测试（Calibrated Engine Testing）；对外统一关税（Common External Tariff）
protest	抗议；反对；断言；申明
handjob	［俚］手淫
assumption	假定；设想；假装
Jerusalem	名词
hobby	业余爱好
tries	尝试；努力；设法；试验；审判；考验
transexuales	
invention	发明；发明物；虚构
nickname	昵称；绰号；给 ... 取绰号
Fiji	名词
technician	技术员；技师
inline	直列地；直列的；成一直线的；成一直线地
executives	行政部门；行政主管；行政的；经营的；决策者；决策的
enquiries	名词
washing	洗涤；动词wash的现在分词.
audi	奥迪公司；奥迪汽车
staffing	人员配备；安置职工；动词staff的现在分词.
cognitive	认知的；认识的；有认识力的
exploring	探索的；探测的；扫描
trick	把戏；诀窍；欺骗；诡计；花招；戏弄；有阴谋的；有诡计的
enquiry	名词
closure	关闭；终结；讨论终结；关口
raid	袭击；劫掠；突然袭击；突击搜捕；攫取；集体抛售
PPC	氨非咖片
timber	木材；木料
volt	名词
intense	强烈的；激烈的；紧张的；深刻的；强大的
div	转向
playlist	演出剧目表；录音节目播放表；=play list.
registrar	记录员
showers	淋浴；阵雨；送礼会；倾注
supporters	支持者；载体
ruling	裁决；统治的；流行的；支配的
steady	稳定的；稳固的；坚定的；固定支架；使稳定；关系固定的情侣；使坚定；使稳固
dirt	污垢；泥土；灰尘
statutes	法令
withdrawal	撤退；取消；退回
myers	迈尔斯
drops	珠
predicted	预测；预言；预知；预报
wider	更广阔的；更宽的
Saskatchewan	名词
jc	abbr. 法学家（jurisconsult）
cancellation	取消；撤销；废除
plugins	插件；插件程序；外挂程序（plugin的复数形式）
enrolled	登记的；动词enroll的过去式过去分词.
sensors	传感器
screw	螺丝；螺钉；螺旋；拧；拧紧；螺旋桨；压榨；监狱看守人；吝啬鬼；薪水
ministers	部长；牧师；大臣；外交使节；照顾；给予帮助
publicly	以公众名义；公开地；公然地
hourly	每小时地；以小时计算的；时时地；每隔一小时的；随时的
blame	责备；过失；把 ... 归咎于
Geneva	名词
freebsd	一种可免费使用的UNIX操作系统
veterinary	兽医；兽医的
acer	名词
prostores	
reseller	长途业务分销商
dist	abbr. 距离（distance）；分配（distribution）
handed	有手的；用手的；动词hand的过去式和过去分词.
suffered	受痛苦( suffer的过去式和过去分词 )；受损害；变糟；变差
intake	吸入；入口；通风口；招收
informal	非正式的；不拘形式的
relevance	关联；相关性；中肯
incentive	动机；刺激；鼓励；刺激的；鼓励的
butterfly	蝴蝶；蝶泳；蝶状物
tucson	名词
mechanics	力学；机械学；手法；操作的)过程
heavily	猛烈地；沉重地；重重地；沉闷地；厉害地；稠密地
swingers	摆动（或挥动）的人；赶时髦的人( swinger的复数形式 )
fifty	五十
headers	页眉；消息头；割穗机；露头砖；名词header的复数形式.
mistakes	错误；误解；误会；弄错；过失
numerical	数字的；用数字表示的
ons	翁斯
geek	极客；电脑迷；杂技团表演者；反常人
uncle	叔；舅；伯；姑父；姨父
defining	定义性的；限定的；动词define的现在分词.
Xnxx	
counting	计算
reflection	反射；反映；倒影；沉思；考虑
sink	水槽；下沉；沉没；散热器；渗透；低落；衰弱；沟渠；变低
accompanied	陪伴；伴奏；补充；伴随...发生；给 ... 伴奏
assure	确保；使确信；使放心
invitation	邀请；邀请函；招待
devoted	全心全意的；投入的；深爱的；动词devote的过去式和过去分词.
Princeton	名词
jacob	名词
sodium	钠
randy	好色的；兰迪(男子名
spirituality	灵性；神圣；教会的收入
hormone	激素；荷尔蒙
meanwhile	其间；同时
proprietary	所有权；专利的；所有权的；所有人
timothy	梯牧草
childrens	孩子们（child的复数）
brick	砖；砖块；砖状物
grip	紧握；紧抓；手柄；了解；吸引；手提包
naval	海军的；军舰的
thumbzilla	
medieval	中世纪的
porcelain	瓷；瓷器
avi	abbr. 多媒体文件格式（Audio Video Interactive）
bridges	桥；名词bridge的复数形式.
pichunter	
captured	捕获；占领；夺取；吸引；战利品
watt	瓦特
thehun	
decent	体面的；正派的；相当好的；适当的
casting	铸造；投掷；选演员；动词cast的现在分词.
dayton	代顿（美国俄亥俄州西南部城市）
translated	翻译；解释；转移；调动
shortly	立刻；马上
cameron	名词
columnists	专栏作家( columnist的复数形式 )
pins	别针；插脚；腿；名词pin的复数形式.
carlos	名词
reno	名词
donna	名词
Andreas	安德里亚斯（男子名）
warrior	战士；武士；勇士
diploma	文凭
cabin	机舱；小木屋；船舱；抑制；住在小屋
innocent	无辜的；清白的；无害的；无知的；天真纯洁的
bdsm	abbr. 绑缚与调教、支配与臣服、施虐与受虐（bondage & discipline；dominance & submission；sadism & masochism）
scanning	扫描；扫描的；观测；搜索的
IDE	名词
consensus	共识；一致；同意
polo	马球；水球；马球装束
valium	名词
copying	复制；仿形切削；动词copy的现在分词形式.
RPG	报表程序的生成程序
delivering	交付；履行；递送；解救；接生；投掷
cordless	无线的
patricia	名词
horn	喇叭；号；角质；触角；强行介入
eddie	埃迪(男子名
Uganda	名词
fired	被开除的；动词fire的过去式和过去分词形式.
journalism	新闻业；新闻工作；新闻写作
Pd	钯(46号元素)
prot	abbr. 量角器（protractor）；保护（protection）；蛋白质纤维
trivia	琐事；不重要的事情
adidas	阿迪达斯（体育用品公司；主要生产运动服等）
perth	珀斯；佩斯（澳大利亚城市）
frog	蛙；马的蹄叉
grammar	语法；文法
intention	意图；打算；目的；意向
Syria	名词
disagree	不同意；不一致；有分歧；不适宜；不适应
klein	克莱因
harvey	哈维(姓氏；男子名)
tires	轮胎
logs	日志；原木；名词log的复数形式.
undertaken	从事；接手；动词undertake的过去分词.
tgp	abbr. 三峡工程（Three Gorges Project）；白芍总苷（total glycosides of paeony）
hazard	危险；危害；冒险；赌运气
retro	重新流行；表示“向后”、“回归”、“在后面”
Leo	狮子座；狮子宫
livesex	
statewide	全州范围的；全州范围地
semiconductor	半导体
gregory	历代罗马教皇之名)；格雷戈里(男子名
episodes	插曲；片段；名词episode的复数形式.
Boolean	名词；形容词
circular	圆形的；循环的；传单；通报
anger	愤怒；怒火；激怒；发火
DIY	不雇工；自己动手；供业余爱好者自己学用的；自己动手制造和修理用具的主张
mainland	大陆；本土
illustrations	插图；实例；证明；名词illustration的复数形式.
suits	适合；套装；诉讼；满足；方便；请求
chances	机会；碰巧；可能性；偶然发生；偶然性
interact	互动；相互作用；相互影响；相互联系
snap	猛咬；拍摄；突然的；快照；劈啪作响地；匆忙的；崩塌；劈啪作响；啪嗒声；砰然关上；谩骂
happiness	幸福；快乐；适当
Arg	精氨酸；银(47号元素)
substantially	实质上；大体上；非常
bizarre	奇异的；怪诞的
glenn	格伦（男子名）
UR	铀
Auckland	名词
olympics	奥林匹克运动会；=Olympic Games.
fruits	成果；名词fruit的复数.
identifier	标识符；鉴定人
geo	地理学；土地
worldsex	
ribbon	缎带；色带；带状物；用丝带装饰；撕碎
calculations	计算
doe	母鹿；雌兔
jpeg	联合图象专家组
conducting	行为；管理；品行；导电；引导；指挥；举动；传热
startup	出发；开动
suzuki	铃木（日本机车商标）
trinidad	名词
ati	abbr. 天线调谐电感（Aerial Tuning Inductance）
kissing	接吻的；关系亲密的；动词kiss的现在分词形式.
wal	abbr. 预写式日志（Write-Ahead Logging）
handy	方便的；手边的；近便的；现成的；灵巧的
swap	交换；适合交换的东西
exempt	免除；免除的；免税者；被免除义务者
crops	农作物；名词crop的复数形式.
reduces	减少；缩小；简化；还原；使落魄
accomplished	完成的；有造诣的；有成就的；有教养的；娴熟的；动词accomplish的过去式和过去分词.
calculators	计算器；名词calculator的复数形式.
geometry	几何；几何学
impression	印象；感觉；印刷；模仿
ABS	绝对；美国标准局
Slovakia	名词
flip	翻转；掷；弹；浏览；轻弹；轻击；轻率的；无礼的；冒失的
guild	行会；协会
correlation	相关；关联；相互关系
gorgeous	华丽的；灿烂的；极好的
Capitol	美国国会大厦
sim	abbr. 用户身份识别卡（subscriber identity module）；工业管理学院（School of Industrial Management）；科学仪表舱（Scientific Instrument Module）；模拟计算机索引法（Simulated Machine Indexing）
dishes	餐具；碗盘
RNA	名词
Barbados	名词
Chrysler	克莱斯勒汽车
nervous	焦虑的；易兴奋的
refuse	拒绝；垃圾；废物
extends	延长；扩展；延伸；伸展；提供；使竭尽全力
fragrance	香味
mcdonald	麦克唐纳（男子名）；麦当劳（快餐店名称）
replica	复制品
plumbing	管道装置；铅管工行业；动词plumb的现在分词.
Brussels	名词
tribe	部落；族；一伙人
neighbors	邻居；=neighbours.
trades	行业；信风；名词trade的复数形式.；贸易风
superb	极好的
buzz	嗡嗡声；电话；打电话；使嗡嗡叫；发出嗡嗡声；充满；匆忙；低飞掠过
transparent	透明的；明显的；清晰的
nuke	核武器；核能发电厂；以核武器攻击
rid	摆脱；除去
trinity	三一节；三个事物或三个人一组
Charleston	查尔斯顿舞
handled	有把柄的；动词handle的过去式和过去分词形式.
legends	传说；传奇；名词legend的复数形式.
boom	繁荣；激增；兴旺；吊杆；促进；尾桁；帆杠；支臂；水栅；使兴旺；发出低沉声
calm	平静；镇定；平静的；冷静的；平稳
champions	冠军；拥护；拥护者；优胜者；勇士
floors	地板；地面；楼层；铺地板；底部；击倒
selections	选择；选集；名词selection的复数形式.
projectors	投影机
inappropriate	不适当的；不合宜的
exhaust	废气；耗尽；排气装置；使筋疲力尽；详尽论述
comparing	比较；动词compare的现在分词.
Shanghai	诱骗；诱拐；强行使当水手
speaks	讲；谈( speak的第三人称单数 )；说；演说；从某种观点来说
burton	轻型滑车
vocational	职业的
davidson	戴维森（姓氏）
copied	复制的；动词copy的过去式和过去分词.；抄写的；模仿的
scotia	凹形边饰
farming	农业；养殖；农耕；动词farm的现在分词.
Gibson	名词
pharmacies	药房；药剂学
fork	叉；分叉；叉状物；用叉叉起；使成叉形
troy	金衡；男子名）；特洛伊（姓氏
ln	液态氮(批号；自然对数)
roller	滚筒；滚轴；巨浪；滚转机
introducing	引进；动词introduce的现在分词形式.
batch	一批；一炉；分批处理；一次所制之量
organize	组织；安排；筹办
appreciated	欣赏；感激；增值；领会；赏识；意识到
alter	改变；更改；阉割；切除卵巢
nicole	名词
Latino	拉丁美洲人；拉丁美洲人的
Ghana	名词
edges	边；边缘；优势；刀口；使锋利；徐徐前进
UC	单通道；设备校验
mixing	混合；混频；动词mix的现在分词.
handles	操纵；掌握；名词handle的复数形式.
skilled	熟练的；有技能的
fitted	合适的；合身的；动词fit的过去式和过去分词.
albuquerque	名词
harmony	和谐；协调；和声；调和
distinguished	尊敬的；卓越的；动词distinguish的过去式和过去分词形式.
asthma	哮喘
projected	投影的；规划中的；动词project的过去式和过去分词形式.；突出的
assumptions	名词
shareholders	股东
Twins	双胞胎
developmental	发展的；开发的；进化的
rip	撕裂；裂缝；裂口；扯开
zope	
regulated	控制；管理；调整；校准
triangle	名词
amend	修正；改进
anticipated	预期的；预先的
oriental	东方的；东方人；东方人的；优质的
reward	奖赏；报酬；报答；赏金；给 ... 报酬
windsor	名词
Zambia	名词
completing	完成；完整的；完成的；彻底的；使完美；使圆满
gmbh	abbr. 股份有限公司（Gesellschaft mit beschrankter Haftung）
BUF	缓冲器
LD	致死剂量
hydrogen	氢
webshots	
sprint	冲刺；短距离赛跑；全力奔跑
comparable	可比较的；比得上的
chick	小鸡；少妇；懦弱的；胆小的
advocate	提倡；主张；拥护者；律师；提倡者；辩护者
sims	abbr. 次级离子质谱分析法（secondary ion mass spectroscopy）
confusion	混乱；混淆；惶惑；不确定状态
copyrighted	版权所有的；动词copyright的过去式和过去分词.
tray	盘；托盘
inputs	输入；名词input的复数形式.
warranties	担保
genome	基因组；染色体组
escorts	护送；护航舰；陪伴；护送者；妓女；陪伴者；陪游
documented	备有证明文件的；有执照的；动词document的过去式和过去分词形式.
thong	皮带；丁字裤；皮条
medal	奖章；勋章；纪念章；获得奖章
paperbacks	平装本；平装书( paperback的复数形式 )
coaches	教练；指导；训练；经济舱；四轮马车
vessels	血管；容器；船只；名词vessel的复数形式.
harbour	港口；避难所；庇护；窝藏；心怀；进入避祸所；躲藏；=harbor.
walks	小路；脚步；名词walk的复数形式.
sucks	吸；吸收；吸入；吸吮；啜；奉承；吸力
Sol	溶胶
keyboards	键盘乐器；键盘（keyboard的复数）
sage	圣人；鼠尾草；明智的；贤明的；哲人；蒿属植物
knives	刀子；名词knife的复数.
eco	表示“环境”；“生态学的”；“生态”
vulnerable	脆弱的；易受伤害的；有弱点的
arrange	安排；整理；计划；协商
artistic	艺术的
bat	蝙蝠；球棒；球拍；拍打；用棒击打
honors	优异成绩；名词honor的复数形式.；礼遇
booth	电话亭；货摊；小间
indie	独立制作的；由独立公司或团体制作的艺术作品；独立制片者
reflected	反射的；动词reflect的过去式和过去分词.
unified	统一的；动词unify的过去式和过去分词.
bones	骨骼；名词bone的复数形式.
breed	繁殖；品种；血统；养育；教养
detector	探测器
ignored	忽视的；动词ignore的过去式和过去分词.
polar	极性；两极的；极线；对立的
fallen	落下的；动词fall的过去分词.
precise	精确的；准确的；严格的；恰好的
sussex	名词
respiratory	呼吸的；与呼吸有关的
notifications	通知；通告
msgid	
transexual	有异性转化欲的
mainstream	主流；主流的；把 ... 纳入主流
invoice	发票；货物；发货单；开票；寄发票
evaluating	评估；动词evaluate的现在分词.
lip	嘴唇；接吻；说话；拍打；唇状物
subcommittee	小组委员会；委员会的附属委员会
sap	树液；汁液；精力；削弱；地道；挖地道；逐渐耗竭
gather	聚集；收集；集合；推测；褶子
suse	德国最著名的Linux发行版（软件名）
maternity	母性；产科病房；孕妇的；母性的；母亲身份
backed	有背的；动词back的过去式和过去分词形式.；有支持的
alfred	名词
colonial	殖民地的；殖民地居民
MF	中强
carey	名词
motels	汽车旅馆( motel的复数形式 )
forming	形成；模锻)；形成(成形法
embassy	大使馆；大使全体人员
cave	洞穴；山洞；屈服；塌落；挖空
journalists	记者
Danny	丹尼(男子名
rebecca	名词
slight	轻微的；微小的；轻视；轻蔑；怠慢；忽略；纤弱的
proceeds	收益；动词proceed的第三人称一般现在时形式.
indirect	间接的；迂回的；不坦率的；次要的
amongst	在 ... 之中
wool	羊毛；毛线；毛织品
foundations	地基；名词foundation的复数形式.
msgstr	
arrest	逮捕；拘留
volleyball	排球；排球运动
mw	中波
adipex	
horizon	地平线；眼界；范围
nu	加拿大北部地区)；希腊文的第13个字母；努纳武特(=Nunavut
deeply	深深地；强烈地
toolbox	工具箱
ict	abbr. 结缔组织炎症（Inflammation of Connective Tissue）；粘土工艺学会（Ins-tit
marina	名词
liabilities	负债；债务
prizes	奖品；奖金；奖赏；珍视；得奖的；估价；奖品的；一流的
bosnia	名词
browsers	浏览者
decreased	减少；降低；减小
patio	天井；露台；庭院
DP	数据处理；诊断程序；数字绘图机；数据指示字；动态规划
tolerance	宽容；容忍；公差；忍耐力
surfing	冲浪运动
creativity	创造；创造力
lloyd	劳埃德(m
describing	描述物品；动词describe的现在分词.
optics	光学
pursue	追求；从事；追捕；继续执行
lightning	闪电；闪电般的；快速的；意外的幸运
overcome	克服；战胜；获胜；使受不了；赢
eyed	名词
ou	电视大学；函授大学
quotations	引用；价目；名词quotation的复数形式.
grab	抓；抓住；攫取；抓取物
inspector	检查员；巡官；巡视员
attract	吸引；引来
brighton	名词
beans	豆；豆形果实
bookmarks	书签（bookmark的复数）
ellis	埃利斯（男子名；等于Elias）
disable	使 ... 失去能力
snake	蛇；蜿蜒；拖曳
succeed	成功；继承；接着发生
leonard	名词
lending	借贷；借贷物；动词lend的现在分词形式.
oops	狼狈；哎呦（表示惊讶；很遗憾）
reminder	提示；催单；提醒物
nipple	乳头；牛奶瓶的奶嘴
xi	希腊语中的第十四个字母
searched	找寻( search的过去式和过去分词 )；搜查；探查；（用仪器）探测（外伤）
behavioral	行为的
riverside	河畔；河岸
bathrooms	浴室( bathroom的复数形式 )；盥洗室；（带抽水马桶的）厕所；卫生间
plains	平原；名词plain的复数形式.
sku	abbr. 库存单位（Stock Keeping Unit）
HT	名词
raymond	名词
insights	洞察力；眼力
abilities	能力；才能
initiated	开始；启蒙；创始；新加入的；介绍加入；创始人；启蒙的
sullivan	名词
za	南非
Midwest	=Middle West.
karaoke	卡拉OK
trap	陷阱；圈套；困境；设圈套；双轮轻便马车
lonely	荒凉的
fool	傻瓜；愚弄；欺骗；开玩笑；小丑；玩弄；鬼混；干蠢事
ve	委内瑞拉
nonprofit	非赢利组织；非赢利的
lancaster	美国俄亥俄州中南部城市；兰开斯特（英格兰王朝名；美国宾夕法尼亚州东南部城市）；英格兰西北部城市
suspended	被暂时搁置的
hereby	特此
observe	观察；遵守；注意到；庆祝
julia	名词
containers	器皿；名词container的复数形式.
attitudes	态度；名词attitude的复数形式.
karl	卡尔(男子名
berry	浆果；采浆果
collar	衣领；抓住；项圈；为 ... 戴上项圈
simultaneously	同时地
racial	种族的；人种的
integrate	整合；结合；完整的；求积分；取消隔离；组合的
Bermuda	名词
amanda	名词
sociology	社会学
mobiles	abbr. motion sculptures (plastic forms in motion) 运动雕塑（运动造型）；风铃；（可随风摆动的）悬挂饰物( mobile的复数形式 )
screenshot	屏幕快照；截屏
exhibitions	制造业展览会
kelkoo	
confident	自信的；有信心的；有把握的
retrieved	恢复的；动词retrieve的过去式和过去分词.；寻回的
exhibits	展览；展示；表现；展品；陈列
officially	官方地；正式地；职务上；公务上
consortium	财团；联合；合伙
dies	死亡；凋谢；消失（动词die的第三人称单数形式）
terrace	阳台；平台；梯田；使成梯田；给 ... 建阳台
bacteria	名词
PTS	程序测试系统
replied	已回复的；动词reply的过去式和过去分词形式.
seafood	海味；海产食品
novels	小说
RH	报表头
RRP	推荐零售价格
recipients	接受者；收信人
playboy	花花公子
ought	应该；应当；本该
delicious	美味的；可口的
traditions	传统
fg	abbr. 悬浮式陀螺（Floated Gyro）；细粒（Fine-Grain）
jail	监狱；监禁；监牢；拘留所；下狱
safely	安全地；有把握地；无风险地；稳定地
finite	有限的
kidney	肾；腰子；类型
periodically	周期性地；定期地
fixes	确定；困境；准备；操纵；贿赂；理解；使 ... 固定
sends	发送（send第三人称单数）
durable	耐用持久的
mazda	马自达汽车
allied	联合的；同盟的；动词ally的过去式和过去分词.
throws	曲拐；名词throw的复数形式.
moisture	水分；湿度；潮气
Hungarian	匈牙利的；匈牙利语；匈牙利人；匈牙利语的；匈牙利人的
roster	花名册；值勤表
referring	谈及；提交；咨询；动词refer的现在分词.
symantec	出品NORTON软件的公司
spencer	男子名).；斯宾塞(姓氏
Wichita	威奇托（美国堪萨斯州城市）
nasdaq	abbr. 全国证券交易商自动报价系统协会（National Association of Securities Dealers Automated Quotation）
Uruguay	名词
ooo	已坏
Hz	赫兹
transform	转换；改变；变形；变态
timer	计时器；定时器；计时员
tablets	平板电脑；药片；匾；片状物
tuning	调谐；调整；调音；动词tune的现在分词.
gotten	动词get的过去分词
educators	（尤指作为一种职业的）教育工作者；教员；教师( educator的复数形式 )
tyler	名词
futures	期货；名词future的复数形式.
vegetable	蔬菜；植物；植物人；蔬菜的；植物的
verse	诗；韵文；诗节；作诗；诗化；对 ... 精通；在诗中表现
highs	高的；高级的；崇高的；高音调的；高水平；天空；由麻醉品引起的快感；高压地带；高；奢侈地；(High)人名；(英)海伊
humanities	人文学科；名词humanity的复数形式.
independently	独立地；自立地
wanting	缺；少；不足的；短缺的；动词want的现在分词.
custody	监护；拘留；羁押；监禁
scratch	抓；抓痕；划掉；无让步的；起跑线；乱写；划破；抓的声音
launches	发射；发起；产品推介
ipaq	
alignment	调整；结盟；准线；调整成直线；直线性
masturbating	（对…）进行手淫( masturbate的现在分词 )
henderson	亨德森（姓氏）
Bk	锫(97号元素)
britannica	大英百科全书
comm	委员会
ellen	名词
competitors	竞争对手
NHS	国家医疗保健机构
rocket	火箭；猛涨；飞快地移动；芝麻菜；紫花南芥
aye	是；赞成票；永远；=ay.；赞成者
bullet	子弹；弹丸
towers	塔器；名词tower的复数形式.
racks	行李架；折磨；拷问台；使痛苦；把...放在架子上；累计取得
lace	花边；鞋带；饰带；缎带；系带子；饰以花边；把酒搀入
nasty	严重的；下流的；令人不快的；难懂的；危害的
visibility	能见度；可见性
latitude	纬度；自由
consciousness	意识；知觉；觉悟；自觉
STE	软件测试环境；用户终端设备
tumor	肿块
ugly	丑陋的；难看的；令人困窘的；令人不愉快的
deposits	存款；矿床；定金；寄存；放置；存储；堆积物
beverly	名词
mistress	情妇；女主人；主妇
encounter	遇到；遭遇；邂逅；偶然碰到
trustees	受托人；理事
watts	名词
duncan	名词
reprints	重印书；再版书( reprint的名词复数 )；转载( reprint的第三人称单数 )；（书籍）重印；再版
hart	名词
bernard	名词
resolutions	决议；分辨率；决心；解决；决定；坚决
ment	abbr. mention 提到；mental 精神的；mentalis 精神的；mentioned 提及的
accessing	访问；动词access的现在分词形式.
forty	四十；只 ... )
tubes	管子；电视；管状器官；管状物；提供或装上管子
attempted	尝试；试图；企图
col	山坳；山口；低地山峡
Midlands	英国中部
priest	牧师；神父；教士；僧侣；泰斗
Floyd	弗洛伊德
ronald	名词
analysts	分析员；名词analyst的复数
queue	排队；长队；辫子；行列
dx	长距离(远距离接收或发送；长距离的)
SK	部所在地韩国；鲜京(公司名；主要经营炼油)
trance	恍惚；出神；发呆
locale	现场；场所
nicholas	名词
biol	abbr. biologi or biologisk (Dano-Norwcgian=biology or biologist) （丹麦-挪威语）生物学或生物学家；biological 生物（学）的；biologist 生物学家
yu	名词
bundle	包；束；捆；大笔钱；匆忙地走；把 ... 扎成一捆
hammer	锤；榔头；锤击；锤打；反复敲打；严厉批评
invasion	侵略；侵入
witnesses	证人；目击；见证；目击者；证明；经历；出席
runner	跑步者；赛跑的人
rows	行；名词row的复数形式.
administered	管理；执行；给与帮助
notion	概念；观念；想法；主张
sq	正方形；方形物；平方；广场；直角尺；矩尺；棋盘上的方格；纵横字谜；方阵
skins	皮肤；外皮；剥皮；削皮；皮囊；生气
mailed	披着铠甲的
OC	操作码；操作控制器
Fujitsu	富士通
spelling	拼写；拼法
arctic	北极；北极的；北极圈；极寒的
exams	考试；检查（exam的复数）
rewards	奖励；名词reward的复数形式.
beneath	不值得；在底下；在下方；低于...；被...覆盖；在 ... 之下
strengthen	加强；变坚固
defend	辩护；防守；防护
aj	合金结（抗干扰）
frederick	名词
medicaid	医疗补助方案；医疗补助项目；公费医疗补助制；医疗保健业
treo	罗姆伯格（氏）病的串联性眼开合
infrared	红外线的；红外线
seventh	第七；七分之一
gods	上帝们；众神；诸神；泛指神灵（god的复数）
une	abbr. 联合国欧洲总部（United Nations European Headquarters）；通用非线性元件（Universal Nonlinear）；西班牙标准（Una Norma Espanola）
Welsh	威尔士人；逃避责任；威尔士语的；威尔士人的
belly	腹部；膨胀
aggressive	有进取心的；好斗的；侵略的；进攻性的
tex	特；特克斯
advertisements	广告；名词advertisement的复数形式.
quarters	住处；营房
stolen	被偷窃的；动词steal 的过去分词.
CIA	中央情报局；中国互联网络协会
sublimedirectory	
soonest	不久；很快；早；快
Haiti	名词
disturbed	不安的；动词disturb的过去式和过去分词.；有心理疾病的
determines	确定；决定；测定；决心
sculpture	雕塑；雕刻；刻蚀；当雕刻师
poly	多的；聚合的
ears	abbr. 电声额定系统（Electro-Acoustic Rating System）
dod	名词
WP	字处理；工作区指示字
fist	拳头；紧握；用拳头打
naturals	非常适合或肯定成功的人或事物( natural的复数形式 )
neo	表示“新的”；“现代的”
motivation	动机；动力；积极性；刺激
lenders	伦德斯
pharmacology	药理学；药物学
fitting	配件；装配；试穿；合适的；恰当的；动词fit的现在分词和动名词形式.
fixtures	夹具
bloggers	博客
mere	纯粹的；仅仅的
agrees	同意；一致；赞成；承认；符合
passengers	旅客
quantities	名词quantity的复数形式.
petersburg	名词
consistently	一致地；始终如一地
powerpoint	微软公司生产的制作幻灯片和简报的软件
CONS	骗局；反对；精读；反对的理由；反面地；记诵；反对地
surplus	盈余；顺差；过剩；多余的；过剩的
elder	年长的；长者；长辈；年龄较大的
sonic	音速的；音波的
obituaries	讣告；讣闻( obituary的名词复数 )
cheers	干杯；谢谢；再见
dig	挖；掘；挖掘；挖苦；戳；探究；推；捅
taxi	出租车；用出租车运送；乘计程车
punishment	惩罚
appreciation	欣赏；感激；增值；评价；鉴识
subsequently	随后；后来
om	abbr. 英国功劳勋章（Order of Merit）
Belarus	白俄罗斯
nat	守护神；精灵
zoning	分区制；带现象(补体结合)
gravity	重力；严重；严肃；庄重
providence	天意；天命；远见；卓识；先见之明
thumb	拇指；翻阅；示意要求搭车
restriction	限制；约束
incorporate	合并；组成公司；合并的；公司组织的
backgrounds	时代背景
treasurer	会计；司库；出纳员
guitars	吉他（guitar的复数）
essence	本质；精髓；香精；要素
flooring	地板；铺地板；地板材料
lightweight	轻量级的；轻便；无足轻重的；轻量级拳击运动员；无足轻重的人或物；比较轻的
Ethiopia	名词
TP	磁带；终端打印机；终端处理器；终端协议；测试程序；事务处理
mighty	强大的；很；巨大的；极其
athletes	运动员
humanity	人类；人性；人道；慈爱
transcription	抄本；誊写；转写；用音标表示语音；乐曲的改编
jm	abbr. 牙买加（Jamaica）；法律硕士（Master of Law）
holmes	福尔摩斯（英国作家柯南道尔所著侦探小说中的神探）
complications	复杂；混乱；名词complication的复数形式.
scholars	学者；专家；学生；士人
DPI	数据处理设备
scripting	脚本；剧本；手迹；手稿；字体；考卷
GIS	镀锌铁皮
remembered	记得；回忆；想起；提及
galaxy	星系；银河；一群杰出的人
chester	切斯特城
snapshot	快照；印象
caring	关怀的
LOC	局部；通信线路；位置；单元
worn	用旧的；憔悴的；穿坏的；动词wear的过去分词形式；精疲力竭的
synthetic	合成的；人造的；合成物；综合的；虚伪的；人工制品
shaw	杂木林
VP	虚存处理器
segments	段
testament	证明；圣经旧约；圣经新约；自白
expo	展览会
dominant	主要的；显性基因；显性的；占优势的；主宰者
twist	扭曲；捻；拧；搓；缠绕；弯曲处；盘旋
specifics	细节；细微问题；名词specific的复数形式.
itunes	苹果公司最热门音乐软件（苹果公司开发的与iPod搭配的在电脑上使用的音乐播放器和音乐管理器）
stomach	胃；腹部；胃口；忍受；吃得下
partially	部分地；不公平地
buried	埋在地下的；动词bury的过去式和过去分词.
CN	通信网络
newbie	新兵
minimize	贬低；将 ... 减到最少
Darwin	名词
ranks	队伍；名词rank的复数形式.
wilderness	荒野；荒地
debut	初次登场；首次露面；首次推出
generations	世代
tournaments	竞赛图
bradley	名词
deny	否认；拒绝承认；拒绝给予；自制
anatomy	解剖；解剖学；分解
Bali	名词
Judy	名词
sponsorship	赞助；倡议；教父母身份；保证人地位
headphones	耳机；听筒
fraction	小部分；分数；片段；少许
trio	三个一组
proceeding	诉讼程序；行动；会议记录
cube	立方；立方体；立方的；求 ... 的立方
defects	不合格品；名词defect的复数形式.
volkswagen	主要经营汽车的公司)；大众(总部在德国
uncertainty	不确定；不可靠；易变
breakdown	崩溃；故障；衰弱；跺脚曳步舞
milton	地名)；弥尔顿(英国诗人
marker	标记；记分员；做记号的人
reconstruction	改造；复兴；再建
subsidiary	子公司；附属机构；辅助的；附属的；补贴的
strengths	强项
clarity	清楚；透明
rugs	地毯
sandra	名词
adelaide	澳大利亚港口城市)；阿德莱德(女子名
encouraging	令人鼓舞的；动词encourage的现在分词.
furnished	动词furnish的过去式和过去分词.
Monaco	摩纳哥
settled	固定的；稳定的；定居的
folding	可折叠的；动词fold的现在分词.
Emirates	阿联酋航空公司
terrorists	恐怖分子；名词terrorist的复数形式.
airfare	机票价格
comparisons	比较
beneficial	有益的；有利的
distributions	分布
vaccine	疫苗
belize	伯利兹城（拉丁美洲国家）
crap	垃圾；粪便；蹩脚的；劣质的；质量差的东西；排便
fate	命运；宿命
viewpicture	
promised	诺言；答应；允诺；发誓；有希望；预示；约定
volvo	名词
penny	便士
robust	强健的；粗野的；耐用的；浓的；稳固的
bookings	未交定货
threatened	威胁；恐吓；似将发生
minolta	美能达牌照相机（日）
Republicans	共和党人；名词Republican的复数形式.
discusses	讨论；商量；论述
GUI	名词
porter	搬运工；门卫；杂务工
gras	一般安全
jungle	丛林；丛林的；密林；垃圾的
VER	DOS内部命令:在屏幕上显示正在使用的DOS的版本号
RN	(英国)皇家海军；注册护士；新闻阅读程序
responded	反应；响应；回答；反响；反应灵敏
rim	边；框；镶边；形成边缘
abstracts	抽象概念( abstract的名词复数 )；抽象派艺术作品；摘要
Zen	禅
ivory	象牙；乳白色
alpine	高山植物；阿尔卑斯山的；高山的；阿尔卑斯山区居民的
Dis	反对；加强语气的重要词首；除去；否定
prediction	预报；预言
pharmaceuticals	医药品
andale	安代尔；安达莱
fabulous	极好的；巨大的；传说中的
remix	混音；再混合；复拌；重拌和
alias	别名；化名；另外地；又被称为
thesaurus	辞典；同类词汇编
individually	个别地；独特地；单独地
battlefield	战场；斗争；争论点
literally	逐字地；简直；不夸张地；正确地；按照字面上地
newer	较新的；形容词new的比较级.
kay	字母K
ecological	生态学的；生态的
spice	香料；调味品；情趣；用香料调味；给…增添趣味
oval	椭圆；椭圆形的；卵形的；椭圆形跑道
implies	暗示；意指；含有 ... 的意义
CG	名词
soma	身体；身体细胞；肉体
ser	锡厄(印、巴等国重量单位)；丝氨酸
cooler	冷却器；监狱
appraisal	评估；估计
consisting	构成；在于；符合；由 ... 组成
maritime	海的；海事的；海上的
periodic	定期的；周期的；间歇的；完句的
submitting	提交；递交；使服从；认为；使屈服；屈从
overhead	在头顶上；在空中；高架的；在头上的；经常开支；在高处；普通用费
ASCII	美国信息交换标准码；美国标准信息交换码
prospect	前景；希望；勘探；景色；寻找
shipment	装运；货物；装船；出货
breeding	育种；繁殖；教养；血统
citations	引文
geographical	地理的；地理学的；=geographic.
donor	捐赠人；供者；施主
Mozambique	名词
tension	紧张；张力；拉力；紧张状态；使拉紧；使绷紧
href	abbr. 超文本引用（hypertext reference）；超链接
Benz	名词
trash	垃圾；废物；捣毁；废弃；擦去
shapes	形状；塑造；身材；定形；形式；使 ... 成形
wifi	abbr. 基于IEEE 802.11b标准的无线局域网（Wireless Fidelity）；无线网络模块
tier	层；行；等级；排
fwd	abbr. forward 向前；front-wheel drive 前轮驱动（装置）；four-wheel drive 四轮驱动；freshwater damage 淡水破坏
earl	伯爵
manor	庄园
envelope	信封；封袋；壳层
diane	名词
homeland	祖国
disclaimers	放弃( disclaimer的复数形式 )；拒绝；放弃者；免责声明
championships	锦标赛
excluded	排除；阻止；拒绝接受
andrea	安德里亚（男子名）
breeds	繁殖；品种；血统；养育；教养
rapids	急流；湍流
disco	迪斯科舞厅；跳迪斯科舞；迪斯科舞曲
sheffield	名词
bailey	城堡外墙；贝利（姓氏；男子名）.；城廓
Aus	八月
endif	
finishing	最后的；结束；结束的；表面修饰；动词finish的现在分词.
emotions	情感；名词emotion的复数形式.
wellington	名词
incoming	进来；新任的；正来临的
prospects	前景；希望；勘探；景色；寻找
lexmark	美国利盟公司
cleaners	干洗店
bulgarian	保加利亚人；保加利亚语
hwy	abbr. highway 总线；公用信道；交通干道；高速公路
eternal	永恒的；永久的；永恒的事
cashiers	出纳员( cashier的名词复数 )
Guam	名词
cite	引用；传讯；表扬
aboriginal	土著居民；土著的；原始的；土生生物
remarkable	非凡的；显著的；卓越的；值得注意的；异常的
rotation	旋转；循环
NAM	全国制造商协会(美国)
preventing	预防；挡住
productive	有成效的；多产的；生产的
boulevard	林荫大道
eugene	尤金(男子名；美国俄勒冈西部的一座城市)
ix	abbr. 离子交换（Ion Exchange）
GDP	名词
pig	猪；猪肉；生小猪；像猪一样的人
metric	度量；公制的；标准；米制的；十进制的
compliant	顺从的；适用的
minus	减去；减号；负的；负数；减的；缺点
penalties	惩罚；处罚；罚球；不利
bennett	班尼特（男子名；等于Benedict）
imagination	想象；想象力；空想；幻想
hotmail	微软提供的邮件系统
refurbished	刷新；擦亮；再磨光
Joshua	约书亚；约书亚书
Armenia	亚美尼亚；亚美尼亚人；亚美尼亚的；亚美尼亚语；亚美尼亚人的
varied	各种各样的；动词vary的过去式和过去分词.
grande	显要的；盛大的；宏大的
closest	最靠近的
activated	激活的；动词activate的过去式和过去分词.
actress	女演员
mess	混乱；弄乱；弄糟；脏乱；粪便；一份食品；妨碍；混杂
conferencing	电话会议
assign	分配；指定；指派；确定；受让人；归因
Armstrong	名词
politicians	政治家
trackbacks	
lit	动词light的过去式和过去分词形式.
accommodate	适应；容纳；提供；调节；使适应；调解；顾及
tigers	老虎；名词tiger的复数形式.
aurora	极光；曙光
una	名词
slides	幻灯片；滑梯；名词slide的复数形式.
Milan	以时装著称)；米兰(位于意大利北部的都市
premiere	初次公演；初次演出；初演主角
lender	贷方；出借人
villages	村( village的复数形式 )；乡村；村庄；村镇
shade	阴影；遮蔽；渐变；遮光物；使阴暗；使渐变
chorus	合唱；合唱队；歌舞队；副歌部分；齐声说道
christine	名词
rhythm	节奏；节律
digit	数字；位数；手指；脚趾
argued	争论；辩论；说服
dietary	饮食的；规定的食物；饭食的；饮食的规定
symphony	交响乐
clarke	名词
sudden	突然的；出乎意料的；突发之事
accepting	接受
precipitation	沉淀；降雨量；冰雹；仓促；坠落；凝结；急躁
marilyn	名词
lions	腰角；雄狮；狮子（lion的复数）
findlaw	
ADA	名词
pools	每周足球普尔；名词pool的复数形式.
TB	结核；肺结核；结核病；结核杆菌；太字节(万亿字节)
lyric	抒情诗；歌词；抒情的
claire	=Clara.
isolation	隔离；孤立
speeds	速度( speed的名词复数 )；快速；快门速度；感光度；急行；加速( speed的第三人称单数 )；超速行驶；快速运送；加速；促进
sustained	持久的；动词sustain的过去式和过去分词.；经久不衰的
matched	匹配的；动词match的过去式和过去分词形式.
approximate	接近；近似的；大约的；约等于
rope	绳索；一串；绞刑；捆绑
Carroll	卡罗尔（罗马人的姓）
rational	理性的；合理的；有理数；能推理的
programmer	程序员；程序器；节目编排者
fighters	歼击机
Chambers	名词
dump	垃圾场；倾倒；抛售；倾销；抛弃；倾卸；突然落下；军需供应站
greetings	问候
inherited	继承的；遗传的；动词inherit的过去式和过去分词.
warming	加温；升温；暖和；热身的；暖和的；动词warm的现在分词.
incomplete	不完整的；不完全的
vocals	（乐曲中的）歌唱部份；声乐部份( vocal的名词复数 )
chronicle	记录；编年史；年代记
fountain	喷泉；源泉；泉水；使像喷泉一样流；储水容器
chubby	丰满的；圆胖的
grave	坟墓；严重的；严肃的；死亡；庄重的；铭记；雕刻
legitimate	合法的；合理的；正当的；授权；使合法；婚生的；世袭的
biographies	传记；名词biography的复数形式.
burner	燃烧器；火炉
yrs	abbr. 年（years）；你们的（yours）
foo	位置保持器；占位符
investigator	研究者；调查者；审查者
gba	abbr. 小神游GBA（Game Boy Advance；掌上游戏机）；网球王子（Genius Boys Academy；游戏名）；（德国）（好书共享协会）Gute Bücher für Alle；全球计费协会（Global Billing Association）
plaintiff	原告
Finnish	芬兰语；芬兰人；芬兰语的；芬兰人的
gentle	温和的；轻柔的；文雅的；温顺的；出身名门的
BM	医学士；不列颠博物馆；主机；基准；标准检查程序；商用机器
prisoners	服刑人员
deeper	更深；形容词deep的比较级形式.
Muslims	穆斯林
hose	水管；橡皮软管；用水管冲洗；男士紧身裤
Mediterranean	地中海；地中海的
nightlife	夜生活
footage	连续镜头；尺数
howto	基本知识的
worthy	有价值的；值得的；杰出人物；配得上的；可尊敬的；知名人士
reveals	揭示；透露；显示；展现；门侧
architects	建筑师
saints	圣人；圣徒；把 ... 封为圣人
entrepreneur	企业家；主办者；承包商
carries	携带；运载；搬运；运送；带有；承载；传播
SIG	特别兴趣新闻组
freelance	自由职业者；兼职的；自由择业的；兼做
duo	“一对”；表示“二”；成对的表演者
excessive	过多的；过分的
devon	名词
screensaver	电脑屏保
helena	名词
saves	救；保存；节省
regarded	视为；尊敬；注意；考虑；注视；关心；留意；致意；和 ... 有关
valuation	估价；评价
unexpected	想不到的；意外的
cigarette	名词
fog	雾；迷惑；使模糊；以雾笼罩；朦胧
characteristic	特性；特点；特色；特有的；典型的
marion	名词
lobby	游说；大厅；民众接待厅
Egyptian	埃及的；埃及人；埃及人的
Tunisia	名词
metallica	金属乐队（美国乐队名）
outlined	轮廓；大纲；概述；画出轮廓
consequently	因此；所以
headline	头条新闻；大字标题；加标题于；新闻提要；宣扬；作主角
treating	处理；动词treat的现在式和现在分词形式.
punch	殴打；打洞器；钻孔机；剪票；开洞；以拳重击；感染力
appointments	约会( appointment的复数形式 )；任命；职务；职位
STR	同步收发机
gotta	名词
cowboy	牛仔
narrative	叙述；故事；叙述的；叙述体的
Bahrain	巴林岛
enormous	巨大的；庞大的
karma	因果报应；命运；缘分；镍铬系精密级电阻材料
consist	构成；在于；符合；由 ... 组成
betty	贝蒂(女子名
queens	女王；王后
academics	学习
pubs	经皮脐血抽样
quantitative	定量的；数量的
shemales	
lucas	卢卡斯(姓氏
screensavers	屏幕保护（程序）( screensaver的名词复数 )
subdivision	细分；分部；再分的部分
tribes	特里韦斯
VIP	贵宾
defeat	击败；战胜；挫败；败北；使...不能实现
clicks	点击；咔嗒声
distinction	区分；差别；荣誉；优秀；对比
Honduras	名词
naughty	淘气的；顽皮的；不妥的
hazards	危险；危害；冒险；赌运气
insured	被保险者；被保险的；动词insure的过去式和过去分词.
Harper	竖琴手
livestock	牲畜；家畜
mardi	(Mardi)人名；(阿拉伯)马尔迪；abbr. 马来西亚农业发展研究所（Malaysian Agricultural Research and Development Institute）
exemption	名词
tenant	房客；承租人；租赁；佃户；租借
sustainability	名词
cabinets	内阁
tattoo	文身
shake	摇动；握手；震动；摇晃；片刻
algebra	代数学
shadows	阴影；影子；阴影的；荫；预示；影子内阁的；跟踪；阴暗；投阴影于；渐变；暗处
holly	冬青树
formatting	格式化；动词fromat的现在分词形式.
silly	愚蠢的；可笑的；傻孩子；琐屑的；犯晕的
nutritional	营养的；滋养的
yea	是；赞成票；赞成；而且；甚至可说
mercy	怜悯；仁慈；宽恕；恩惠
hartford	哈特福特（美国康涅狄格州首府）
freely	自由地；大量地；免费地；直率地
Marcus	名词
sunrise	名词
wrapping	包装材料；动词wrap的现在分词.
mild	温和的；柔和的；宽大的；清淡的
fur	毛皮；皮衣；软毛；使生苔；使生垢；毛皮制品
Nicaragua	名词
weblogs	
timeline	时间表
tar	焦油；柏油；涂以焦油
belongs	属于；应归入
rj	abbr. 交叉路口（road junction）
readily	乐意地；容易地；迅速地；欣然
affiliation	联系；加入；入会
SOC	社科新闻类
fence	栅栏；围墙；击剑；买卖赃物的人；用篱笆围住；回避；束缚
nudist	裸体主义者；裸体主义者的
infinite	无限；无限的；无穷的
Diana	名词
ensures	确保；保证；担保；使安全
relatives	亲戚
lindsay	名词
clan	氏族；宗族；党派
legally	合法地；法律上地
shame	羞愧；耻辱；使蒙羞；使丢脸；使羞愧；可耻的人或物
satisfactory	令人满意的
revolutionary	革命的；革命者
bracelets	手镯；臂镯( bracelet的复数形式 )
sync	同步；一致；同时发生
civilian	平民；平民的；罗马法专家
telephony	电话技术；电话通讯
mesa	平顶山
fatal	致命的；毁灭性的；决定性的
remedy	补救；治疗；药物；矫正；治疗法
realtors	房地产经纪人（realtor 的复数）
breathing	呼吸
briefly	简单的；简短地
thickness	厚度；层；浓度
adjustments	调整
graphical	图解的；生动的；绘图的
genius	天才；天赋
discussing	讨论；商量；论述
aerospace	航空航天工业；太空的；宇宙空间；航空航天学；航天的
fighter	战斗机；战士；好战者
meaningful	有意义的；意味深长的
flesh	肉；肉体；充实；人类；变胖
retreat	撤退；退避；改变；隐居处；缩回象棋的棋子
adapted	适合的；动词adapt的过去式和过去分词.
barely	几乎不；勉强；刚刚；少量地
wherever	无论在哪里；无论什么地方
estates	不动产；房地产；财产（estate的复数）
rug	地毯；毯子；旅行毯
democrat	民主主义者；美国民主党派的成员
borough	区；自治的市镇
maintains	维持；维修；坚持；保养；断言
failing	失败；缺点；如果没有；过失；衰弱的；动词fail的现在分词.
shortcuts	快捷键
ka	阴极
retained	保留；保持；记住；聘请
voyeurweb	
pamela	名词
andrews	安德鲁斯（姓氏）
marble	大理石；使有大理石的花纹
extending	伸长；动词extend的现在分词.
Jesse	杰西(男子名
specifies	指定；详细说明
hull	船体；外壳；船身；皮；去壳
logitech	罗技
surrey	名词
briefing	简介；简要情况；动词brief的现在分词形式.
belkin	贝尔金
DEM	解调器
accreditation	认证；委派
wav	声音资源文件；音频文件格式
blackberry	黑莓
highland	高地；高地的；苏格兰高地的
meditation	冥想；沉思
modular	模块化的；组合的
microphone	麦克风；扩音器
Macedonia	马其顿王国
combining	组合；混合；化合的；结合性的；纸张等的胶合）；动词combine的现在分词.；压层（多指纸；皮革
brandon	名词
instrumental	仪器的；有帮助的；器乐曲；乐器的；可做为手段的
giants	巨人；伟人；巨物；名词giant的复数形式.
organizing	组织；使有机化；编制
shed	小屋；车棚；使流出；使脱落；除掉；使清晰
balloon	气球；激增；乘气球飞行；气球状的；如气球般膨胀；使膨胀
moderators	版主；调解人；监考者；名词moderator的复数形式.；会议主持
winston	名词
memo	备忘录
ham	火腿；表演过火；演技夸张
solved	解决；解答
tide	潮水；潮流；潮汐；渡过；趋势
Kazakhstan	名词
Hawaiian	夏威夷的；夏威夷语；夏威夷人；夏威夷语的
standings	战绩；名望( standing的复数形式 )；身份；地位；级别
partition	划分；分割；隔开；区分；隔离物
invisible	看不见的；无形的
gratuit	
consoles	安慰；仪表盘；慰藉；落地式支座；操控台
funk	恐惧；乡土音乐；懦夫
FBI	美国联邦调查局
Qatar	卡塔尔
magnet	磁铁
translations	翻译
porsche	名词
cayman	凯门鳄；=caiman.
jaguar	名词
reel	卷；卷筒；绕；旋转；线轴；眩晕；蹒跚
sheer	陡峭的；避开；垂直地；全然的；转向；极轻薄的
commodity	商品；日用品；有价值之物
posing	名词pose的现在分词形式.；摆架式
wang	王
kilometers	<美>千米；公里( kilometer的复数形式 )
RP	阅读器/打印机
bind	约束；装订；捆绑；团结；窘境；强迫
thanksgiving	感恩节
rand	后跟垫
hopkins	霍普金（姓氏）
urgent	紧急的；急迫的；坚持要求的
guarantees	担保( guarantee的名词复数 )；担保品；保修单；抵押品
infants	婴儿；幼儿( infant的复数形式 )
gothic	中世纪的；野蛮的；哥特语；哥特式小说、电影或戏剧；哥特语的；哥特人的；黑体字.；哥特式小说风格的；粗鄙的.
cylinder	汽缸；圆筒；圆柱体
witch	女巫；巫婆；施巫术；用神杖发现地下水源或矿物
buck	钱；雄鹿；抵制；振作；雄兔；马弓背踢后腿挑起
indication	迹象；指示；表示
eh	表惊奇）；啊(请求重复
congratulations	祝贺；贺词
TBA	abbr. 电视广播台协会（Television Broadcasters Association）；应予宣布（to be announced）
cohen	名词
sie	abbr. 串行接口引擎；传感器
usgs	(usg 的第三人称 -s形式) abbr. 超声成像；美国加仑；超声波检查（ultrasonography）；美国标准度量（United States Gauge）
puppy	小狗；自负的小伙子
kathy	凯西(女子名
acre	英亩
graphs	图表；示意图
surround	环绕；包围；环绕物
cigarettes	卷烟
revenge	报复；报仇；报复心；雪耻机会
expires	期满；终止；失效；断气；呼气
enemies	仇敌( enemy的名词复数 )；敌军；危害物；大敌
lows	低频
controllers	控制器
aqua	水；浅绿色
chen	姓）；陈（中国朝代
emma	名词
consultancy	咨询；咨询公司；顾问的工作
finances	资产；财源；名词finance的复数形式.
accepts	接受；同意
enjoying	享有( enjoy的现在分词 )；玩得快乐；喜欢；enjoy yourself （祝愿时说）玩痛快些
conventions	约定；协定；名词convention的复数形式.
eva	名词
patrol	巡逻；巡查
smell	闻；气味；嗅；嗅觉；察觉；有臭味
pest	害虫；讨厌的人
HC	处理能力；大容量；主机
italiano	（意）意大利语
coordinates	坐标；相配之衣物；名词coordinate的复数形式.
rca	abbr. 美国无线电公司（Radio Corporation of America）
FP	总保单；总保险单；全部付讫；冰点；凝固点；浮点；函数处理器
carnival	狂欢节；嘉年华会
roughly	粗略地；粗暴地；大约；粗鲁地；粗糙地
sticker	贴纸；固执的人；尖刺；粘附物
promises	承诺；名词promise的复数形式.
responding	反应；回答；动词respond的现在分词.
reef	暗礁；缩帆部；矿脉；缩帆；卷起
physically	身体上地；实际上
divide	分；划分；分裂；分开；分割；分歧；分水岭；隔开
stakeholders	利益相关者
hydrocodone	氢可酮；二氢可待因酮
gst	abbr. 格林威治恒星时（Greenwich Sideral Time）
consecutive	连续的；连贯的
cornell	名词
satin	缎子；缎子的
bon	名词；形容词；动词
deserve	值得；应受
attempting	尝试；试图；企图
mailto	
promo	商品广告；广告片；商品推销
JJ	林俊杰；约瑟夫逊结
representations	陈述
chan	通道（槽；沟）
worried	担心的；烦恼的；动词worry的过去式和过去分词.
tunes	曲调；调整；和谐；调子；协调；调音；数量；调整频率；为 ... 调音
garbage	垃圾；废物；食物残渣
competing	竞争的；相互矛盾的；抵触的；动词compete的现在分词.
combines	结合；联合；联合收割机；联合企业；使结合；集团
MAS	低碳混合醇
Beth	希伯来语的第二个字母
bradford	名词
len	莱恩
phrases	短语；措辞；习语；措词
kai	卡伊
peninsula	半岛
chelsea	为文艺界人士聚居地)；切尔西(伦敦自治城市
boring	乏味的；令人厌烦的
reynolds	雷诺兹（姓氏）
dom	师（对罗马天主教等修士的尊称）
Jill	情人；少女
accurately	准确地；精确地
speeches	言语
reaches	到达；达成；范围；伸出；延伸；河段；影响力；取得联系；等级
schema	模式；图解；计划；纲要
considers	考虑( consider的第三人称单数 )；想；注意；看重
sofa	沙发
catalogs	目录；名词catalog的复数形式.
ministries	内阁
vacancies	空缺额；名词vacancy的复数形式.
quizzes	测验；盘问；恶作剧；问答比赛；对 ... 进行测验
parliamentary	议会的；国会的；议会制定的
obj	abbr. 目标文件（由编译器或汇编工具生成的；是模块的二进制中间文件）
prefix	前缀；置于前面；加 ... 作为前缀
lucia	露西娅（女子名）
savannah	=savanna.
barrel	桶；枪管；炮管；笔管；快速移动；大量；一桶的量；把 ... 装桶
typing	打字；动词type的现在分词.
nerve	神经；勇气；鼓起勇气；叶脉；敏感处
dans	（法）在…里；按照…；在…时候
planets	行星
deficit	赤字；逆差；亏损；不足；亏空
boulder	巨砾；大圆石
pointing	指点；指示；填缝材料；动词point的现在分词.
renew	更新；重新开始
coupled	共轭的；联系的)；成对的(连接的
viii	罗马数字8
Myanmar	名词
metadata	名词
harold	名词
circuits	电路；名词circuit的复数形式.
floppy	松软的；懒散的
texture	纹理；质地；结构；组织；口感；手感；给予结构
handbags	（女用）手提包；手提袋( handbag的复数形式 )
jar	坛子；广口瓶；震动；冲突；刺耳声；扰乱；发刺耳声；震荡；不协调
ev	电子伏特
somerset	翻筋斗；=somersault.
incurred	动词；名词
acknowledge	承认；告知收到；表示感谢；注意到；公认
thoroughly	非常；完全；彻底地
Antigua	安提瓜岛
Nottingham	名词
thunder	雷；雷声；打雷；大声喊出；轰隆地响
tent	帐篷；住帐篷；宿营
caution	警告；慎重；劝告；戒备；吸引人眼球的人或物
identifies	认同；鉴定；把…看成一样；感同身受；认明
questionnaire	问卷；调查表
qualification	资格；限制；资历
locks	锁；水闸；固定；过闸
modelling	模拟；模特行业；动词model的现在分词形式.
namely	即；也就是
miniature	小型的；小规模的；小模型；缩图；小画像
dept	处
hack	雇佣文人；咳嗽；乱踢；劈或砍；供出租的马车
dare	敢；挑战；胆敢；勇于；胆量；冒...的风险
euros	欧元；名词euro的复数形式.
interstate	州际的；洲际公路
pirates	海盗；盗版；剽窃；抢劫；盗版者
aerial	天线；空中的；空气的；航空的；空想的
hawk	鹰；清嗓；沿街叫卖；放鹰行猎；鹰派人物、主战分子；贪婪的人；鹰扑；散布
consequence	结果；后果；影响；重要性
rebel	反抗；造反；反叛者；叛逆者；造反者；反感
systematic	有系统的；有条理的；体系的；分类的
perceived	认为；理解；觉察到；注意到
origins	起源；名词origin的复数形式.
hired	雇用的；租用的；动词hire的过去式和过去分词形式.
makeup	化妆品；组成；补充；性格；体格
textile	纺织品
lamb	羔羊；小羊；羔羊肉；产羊羔；温顺的人
Madagascar	名词
nathan	男子名)；内森(姓氏
tobago	多巴哥岛（南美洲特立尼达和多巴哥的第二大岛）
presenting	礼物；现在；现在的；提出；呈现；出席的；当前的；赠送；存在的
cos	余弦；寇斯(爱琴海一岛屿；Hippocrates的出生地)
troubleshooting	发现并修理故障；解决纷争；动词troubleshoot的现在分词.
Uzbekistan	名词
indexes	索引；指数；系数；名词index的复数形式.
PAC	一六零五；二乙基对硝基苯硫代磷酸酯(有机磷杀虫药)
RL	现实社会
erp	abbr. 企业资源计划（Enterprise Resource Planning）；有效辐射功率（effective radiated power）
centuries	世纪；名词century的复数形式.
Gl	标距长度(=gage length
magnitude	大小；重要；光度
UI	用户接口
richardson	理查森（姓氏）
Hindu	印度人；印度的；印度教信徒；与印度有关的
DH	设计手册；设备处理程序
fragrances	香料化合物
vocabulary	词汇；词汇量
licking	动词lick的现在分词形式.；挫败；殴打
earthquake	地震
VPN	虚拟私人网络
fundraising	筹集的；募捐的
FCC	名词
markers	标记
weights	砝码；名词weight的复数形式.
Albania	名词
geological	地质学的；=geologic.
assessing	评估；评定；估算
lasting	永恒的；永久的；动词last的现在分词.
wicked	邪恶的；坏的；缺德的；极端地；非常地；吸收
eds	abbr. 英语方言学会（English Dialect Society）；电子数据转换（Electronic Data Switching）；环境资料局（Environmental Data Service）
introduces	介绍；引进
kills	杀戮；杀敌数；歼敌数（kill的复数形式）
roommate	室友
webcams	网络摄像机；网络摄影机( webcam的名词复数 )
pushed	忙碌的；为难的；动词push的过去式和过去分词形式.
webmasters	网站管理员
RO	只接收
DF	数据区；目的区；设备标志；磁盘文件；倍频
computational	计算的；使用计算机的
acdbentity	
participated	参与；参加；分享
junk	垃圾；丢弃；废旧杂物
handhelds	(handheld 的复数)；掌上型；手持型
wax	蜡；蜂蜡；变圆
lucy	露西(姓氏；女子名)
answering	应答；动词answer的现在分词.
hans	名词
impressed	印象；影响；印记；特征；传送；印刻；使 ... 有印象
slope	斜坡；倾斜；斜率；斜面；有坡度；使倾斜；斜线
reggae	雷鬼
failures	故障
poet	诗人
conspiracy	阴谋；共谋
surname	姓；绰号；冠姓；以别名称呼
theology	神学
nails	指甲；名词nail的复数形式.
evident	明显的；明白的
whats	
rides	骑；乘；乘车；搭便车；交通工具
rehab	康复；修复的房屋
epic	史诗；史诗的；叙事诗；宏大的；叙事诗的；壮丽的
Saturn	土星
organizer	组织者；备忘记事本
nut	螺母；坚果；螺帽；果仁；采坚果
allergy	过敏症；厌恶；反感
sake	缘故；利益；目的；理由
twisted	扭曲的；古怪的；动词twist的过去式和过去分词.
combinations	组合；名词combination的复数形式.
preceding	在前的；在先的
merit	优点；价值；值得；功绩；应得
enzyme	酶
cumulative	累积的；渐增的
zshops	
planes	飞机；位面；名词plane的复数形式.
edmonton	埃德蒙顿（加拿大西南部城市）
tackle	处理；对付；铲球；用具；滑车；与…交涉
disks	磁盘；=discs.
condo	=condominium.
pokemon	口袋妖怪（游戏、动画名）
amplifier	放大器；扩音机
ambien	安必恩（美国产的一种安眠药）
arbitrary	任意的；武断的；专制的；霸道的
prominent	突出的；杰出的；显著的
retrieve	取回；恢复；挽回；救出险球；找回猎物
lexington	列克星敦市（位于美国肯塔基州）
vernon	名词
sans	无
worldcat	
titanium	名词
irs	abbr. 美国国税局（Internal Revenue Service）
fairy	仙女；小精灵；幻想中的；优雅的；虚构的
builds	建造；开发；体格；创建；身材；逐渐增强
contacted	联系；接触；接触的；熟人
shaft	轴；竖井；柄；矛；杆状物；装杆于；苛刻地对待
lean	瘦肉；倾斜；倾向；依靠；倚；瘦的；贫乏的；屈身；无脂肪的
bye	再见
cdt	abbr. （美国）中央时区（Central Daylight Time）
recorders	录音机( recorder的复数形式 )；记录员；（英国）刑事法院的临时法官；竖笛
occasional	偶然的；临时的；不时的
leslie	名词
casio	卡西欧（日本电子品牌）
deutsche	德意志联邦共和国马克
ana	语录；轶事；言论集；再；向后；向上
postings	任命；委派( posting的复数形式 )
innovations	创新
kitty	小猫
postcards	明信片( postcard的复数形式 )
dude	花花公子；打扮；纨绔子弟
drain	下水道；排出；消耗；耗尽；排干；喝光
Monte	名词
fires	火力；名词fire的复数形式.
Algeria	名词
blessed	有福的；神圣的；愉快的；动词bless的过去式和过去分词.
luis	路易斯（人名）
reviewing	回顾；复习；评论；检讨；评审；检阅；温习；写评论
cardiff	名词
cornwall	名词
favors	赞成；支持；偏爱；利于；给予；关心；特权；长得像；好意
potato	马铃薯；土豆
panic	恐慌；惊慌；恐慌的；感到恐慌；惊慌的；使…惊慌
explicitly	明白地；明确地
sticks	偏远的乡村；郊区；名词stick的复数形式.
Leone	里昂
transsexual	变性的；有异性转化欲者；变性者；=transexual.
ez	=eastern zone 东区
citizenship	国籍；公民权；公民的身份
excuse	借口；原谅；理由；辩解
reforms	改革；改造；改良；革新
basement	地下室；根基
onion	洋葱
strand	缕；使陷于困境；弄断；使落后
pf	Picofarad的简写
sandwich	三明治；插入；夹在中间
uw	abbr. 华盛顿大学（University of Washington）；水下的（Underwater）；超声波（Ultrasonic Wave）
lawsuit	诉讼；控诉
alto	中音部；中音部的；男最高音；女最低音
informative	情报的；见闻广博的；提供消息的
girlfriend	女朋友；女性朋友
bloomberg	布隆伯格
cheque	支票
hierarchy	等级制度；统治集团
influenced	影响；影响力；势力；权势；感染
banners	旗帜；横幅；大标题；特别好的；杰出的；以大标题报道；用横幅装饰
reject	拒绝；排斥；驳回；丢弃；不合格产品；被拒之人
eau	水似的溶液
abandoned	被抛弃的；无约束的；动词abandon的过去式和过去分词.
BD	空白显示；框图；布尔差分
circles	圆圈；圈子；盘旋；环绕；包围；包厢；划圈
italic	斜体；斜体的
beats	节拍；跳动；名词beat的复数形式.
merry	愉快的；欢乐的
mil	毫升；立方厘米；千分之一英寸
scuba	名词
gore	三角形布；流出的血；淤血；把...剪成楔形三角布缝以补裆；使成三角形狭条
complement	相辅相成；补语；补足物；余角
cult	个人崇拜；狂热崇拜；异教；宗教膜拜仪式
dash	冲；短跑；破折号；猛冲；猛掷；泼溅；匆忙完成
passive	被动的；消极的；被动性
Mauritius	名词
valued	宝贵的；受到尊重的；受到重视的；动词value的过去式和过去分词形式.
cage	笼子；监狱；笼状结构；关入笼中
checklist	名词
bangbus	
requesting	请求；要求
courage	勇气；胆量
verde	佛得角（塞内加尔西部）
Lauderdale	劳德戴尔
scenarios	情况；情节
gazette	报；公报；刊载于公报
Hitachi	日立网络体系结构
divx	一种数字多媒体压缩技术
extraction	抽出；拔出；血统；抽出物
batman	勤务兵；蝙蝠侠；传令兵
elevation	海拔；高度；提升；提高；立视图
hearings	听力( hearing的复数形式 )；听觉；听力所及的距离；听证会
coleman	科尔曼（姓氏）
hugh	名词
lap	重叠部分；轻拍；舐；领先一圈；包围；膝部；控制范围；舔食
utilization	利用
beverages	饮料；名词beverage的复数形式.
calibration	校准；刻度
jake	乡下佬；上等的；家伙
eval	重新运算求出参数的内容
efficiently	有效地；高效率地
anaheim	阿纳海姆（美国加利福尼亚州西南部城市）
ping	砰；子弹飞过空中的砰砰声；砰地作声
textbook	教科书；课本
dried	弄干了的；动词dry的过去式和过去分词.
entertaining	有趣的；招待；款待；娱乐性的；令人愉快的；动词entertain的现在分词.
prerequisite	前提；先决条件；必备的；作为前提的
luther	名词
frontier	边境；边界；边缘；尖端
settle	解决；定居；安顿；结算；平静
stopping	停止；填塞物；动词stop的现在分词形式.
refugees	流民
knights	骑士；武士；爵士；授以爵位
hypothesis	假设；假说；前提；猜测
palmer	朝圣者；帕默(姓氏；男子名)
medicines	药品
flux	流量；助熔剂；变迁；熔化；使泻；涨；使熔化
derby	德比马赛
sao	abbr. 区段刻录（Session at once）；安全咨询意见
peaceful	和平的；安宁的
altered	改变；更改；阉割；切除卵巢
Pontiac	旁蒂克（汽车名）
regression	复原；退步
doctrine	学说；教义；主义
scenic	风景好的；戏剧性的
trainers	教练员；练习器；名词trainer的复数形式
muze	
enhancements	增强；提高；名词enhancement的复数形式.
renewable	可再生的；可更新的
intersection	十字路口；交集；交叉点
passwords	口令字
sewing	缝纫；动词sew的现在分词.
consistency	一致性；连贯；硬度；强度
collectors	收集者；收取者( collector的复数形式 )
conclude	结束；总结；推断出；缔结；作协议；作决定；使结束
recognised	认可的；动词recognise的过去式和过去分词.
Munich	名词
Oman	名词
celebs	名人
GMC	通用汽车公司
propose	打算；求婚；计划；提名；向 ... 提议
hh	abbr. 倍硬（指铅笔心硬度 double- hard）；半硬的（Half Hard）；重氢；氚（Heavy Hydrogen）；高功率不定向无线电归航信标（High-powered；non-directional radio homing beacon）；殿下（His Highness）；陛下（His Holiness）；阁下；先生（His Honour）
Azerbaijan	名词
lighter	驳船
rage	大怒；狂怒；狂暴；肆虐；风行；怒斥；激烈进行
adsl	abbr. 非对称数字用户环线（Asymmetrical Digital Subscriber Loop）
uh	名词
prix	名词
astrology	占星术；占星学
advisors	顾问；指导教授；劝告者（advisor的复数形式）
pavilion	馆；楼阁；搭帐蓬
tactics	策略；战术
trusts	相信；信任；信托；委托
occurring	发生；出现；动词occur的现在分词形式.
supplemental	补充的；增补的；不定期的
travelling	旅行的；旅行用的；动词travel的现在分词.
talented	有才能的；有天赋的
annie	安妮(女子名
pillow	枕；枕头；垫；搁
induction	感应；归纳法；就职；诱发
derek	名词
precisely	精确地
shorter	较短的；更矮的；更加不足的
harley	哈利(姓氏；男子名)
spreading	动词spread的现在分词.；撒布
provinces	外省；乡间；边远地区
relying	依靠；信任
finals	决赛；期终考试；名词final的复数形式.
Paraguay	名词
steal	偷；窃取；偷窃；便宜货
parcel	包裹；分配；打包；部分
refined	优雅的；精炼的；精细的；动词refine的过去式和过去分词.
FD	消防局
bo	体臭
fifteen	十五
widespread	普遍的
incidence	入射
fears	恐惧；害怕；担心
predict	预测；预言；预知；预报
boutique	精品店；专卖流行衣服的小商店
acrylic	丙烯酸树脂；腈纶；丙烯酸的；丙烯酸塑料；丙烯酸的纤维
rolled	轧制的；动词roll的过去式和过去分词.
tuner	调谐器；调音者
avon	名词
incidents	事件
Peterson	彼得森（男子名）
rays	射线；名词ray的复数形式.
Asn	天冬酰胺；(不宜称)门冬酰胺
Shannon	名词
toddler	初学走路的孩子
enhancing	提高；加强；增加
flavor	风味；风格；调味品；给...添加情趣；加调料于...；特殊的滋味
alike	一样；相似的；同样的；以同样的方式
Walt	沃尔特（人名）
homeless	无家可归的
horrible	可怕的；令人毛骨悚然的；令人讨厌的
hungry	饥饿的；渴望的
metallic	金属的；金属般的
acne	痤疮；粉刺
blocked	堵塞的；被封锁的；动词block的过去式和过去分词
interference	干扰；妨碍
warriors	武士
Palestine	巴勒斯坦
listprice	
libs	abbr. 激光诱导击穿光谱（Laser-induced Breakdown Spectroscopy）
undo	取消；解开；松开
Cadillac	卡迪拉克
atmospheric	大气的；大气层的；制造气氛的
Malawi	马拉威(非洲东南部国家；旧称Nyasaland)
wm	abbr. 水表（water flowmeter）；威廉（William）
pk	内线电键
sagem	
knowledgestorm	
dana	主要经营汽车汽车零件)；总部所在地美国
halo	神像之光环
ppm	百万分率
curtis	名词
parental	父母的
referenced	引用的；参考的；动词reference的过去式和过去分词.
strikes	罢工；打；打击；撞；殴打；划燃
lesser	较小的；较少的；次要的
publicity	宣传；广告；宣扬；宣传品；公众的注意
marathon	马拉松；耐力比赛
ant	蚂蚁
proposition	命题；提议；事业；向 ... 调情
gays	盖斯
pressing	紧迫的；紧急的
gasoline	名词
apt	恰当的；聪明的；才能；易于 ... 的
dressed	打扮好的；穿着衣服的；动词dress的过去式和过去分词.
scout	侦察；童子军；侦察员；物色；守卫
Belfast	名词
exec	主任参谋；副舰长；执行；执行程序
dealt	动词deal的过去式和过去分词
Niagara	洪水；=Niagara Falls）；尼亚加拉大瀑布（北美洲
inf	abbr. 中程核力量（Intermediate-range Nuclear Forces）
Eos	黎明女神；屏幕结束；段结束；步结束；序列结束；可扩充的操作系统
warcraft	军用飞机；军舰；战略和战术；兵法
charms	魅力；迷人；吸引力；施魔法；美貌
catalyst	催化剂；刺激因素
trader	商人；商船
bucks	钱；雄鹿；抵制；振作；雄兔；马弓背踢后腿挑起
allowance	津贴；零用钱；允许；折扣；考虑
VCR	名词
denial	否认；拒绝
uri	abbr. 上呼吸道感染（Upper Respiratory Infection）；统一资源标识符（Uniform Resource Identifier）
designation	指定；指示；命名；任命
thrown	动词throw的过去分词
prepaid	预付的；已支付的；动词prepay的过去式和过去分词.
raises	增加；加薪；名词raise的复数形式.
gem	宝石；珍品；用宝石装饰；松糕；受到宠爱或评价很高的人
duplicate	重复；复制；副本；复制的；完全一样的
electro	电的；电子的；电解的；=electr-.
criterion	标准；准则
badge	徽章；象征；标记；证章；授给 ... 徽章
wrist	手腕；腕部
civilization	文明；开化；教养
analyzed	分析的；动词analyze的过去式和过去分词形式.
vietnamese	越南人；越南的；越南语
heath	荒地
tremendous	巨大的；惊人的
ballot	投票；投票用纸
lexus	雷克萨斯（凌志）；日本丰田汽车公司旗下豪华车品牌。
varying	不同的
remedies	救济方法；名词remedy的复数形式.
validity	有效性；正确性；合法性
trustee	受托人；理事
Maui	名词
handjobs	(handjob 的复数)；［俚］手淫
weighted	加权的；加重的；动词weight的过去式和过去分词.
Angola	名词
squirt	喷出；水枪；注射；注射器；溅迸
performs	执行；表演；履行；运转；举行
plastics	整形外科；外科修补术；名词plastic的复数形式.
realm	领域；王国
corrected	修正的；校正的；动词correct的过去式和过去分词.
jenny	母驴
helmet	头盔；安全帽
salaries	薪水；给 ... 薪水
postcard	明信片；如画的
elephant	大象；庞大笨拙难处理的事物
Yemen	名词
encountered	遇到的；遭遇的；动词encounter的过去式和过去分词.
tsunami	海啸
scholar	学者；获奖学金的学生
nickel	镍；镍币；五分镍币；镀镍于
internationally	在国际上
surrounded	动词surround的过去时和过去分词；被 ... 环绕着的
psi	特异功能；希腊字母表的第23个字母
buses	公共汽车；动词bus的第三人称单数形式.
expedia	（美国）艾派迪（公司名；主要经营商业服务和供应）
geology	地质学；地质学的著作
PCT	外部控制终端；处理控制表；程序控制表；%
WB	世界银行
creatures	生物；动物( creature的复数形式 )；人
coating	涂层；衣料
commented	评论；注释；闲话
wallet	钱包；皮夹
cleared	清除的；动词clear的过去式和过去分词形式.
smilies	表情符号
vids	(vid 的复数) abbr. （拉）见；参看（vide）
accomplish	完成；实现
boating	划船；动词boat的现在分词.
drainage	排水；排水系统；污水
shakira	夏奇拉（女歌手）
corners	角落；垄断；转角；转弯；困境；位于角落的；将 ... 逼入困境
broader	广大的；一片的比较级
vegetarian	素食者；素食的
rouge	胭脂；红铁粉；搽胭脂
yeast	酵母；发酵；发酵剂；起泡沫
Yale	名词
Newfoundland	纽芬兰犬
SN	顺序号；锡(50号元素)
qld	abbr. 昆士兰州（Queensland；澳大利亚的第二大州）
pas	优先权
clearing	结算；清除；票据交换；动词clear的现在分词.
investigated	调查；研究
dk	abbr. 丹麦（Denmark）
ambassador	大使；代表
coated	涂上一层的；动词coat的过去式和过去分词.
intend	打算；想要；意指
stephanie	名词
contacting	接触
vegetation	植物；草木
doom	厄运；注定；判决；毁灭；死亡；判定
findarticles	
louise	路易斯湖
kenny	名词
specially	特别地；专门地；尤其
owen	欧文(m
routines	日常事务；例行公事；名词routine的复数形式.；常规性工作
hitting	命中；动词hit的现在分词形式.
yukon	名词
beings	人
bite	咬；叮；一口；蜇
ISSN	国际连续出版物编号码
aquatic	水生动物；水生的；水中的；水草；水上的
reliance	信赖；所信赖的人或物
habits	习惯；习性
striking	显著的；吸引人的；动词strike的现在分词形式.
myth	神话；虚构的故事
infectious	传染的；有感染力的
podcasts	播客（podcast的复数形式）
Singh	辛格（印度总理）；查理·拉杰（电影名）
gig	特约演奏；鱼叉；赛艇；单马双轮轻便马车；临时工作；乘轻便马车或快艇；记军事处分；用鱼叉捕鱼
Gilbert	名词
SAS	单一连接站
Ferrari	名词
continuity	连续性
brook	溪；小河；忍受
FU	名词
outputs	输出；产量；输出功率
phenomenon	现象；奇事
ensemble	系综；全体；剧团；联合演出人员；合奏曲
insulin	胰岛素
assured	保障的；确实的；动词assure的过去式和过去分词.；有自信的
biblical	圣经的
weed	杂草；除草；野草；清除；淘汰；丧服；衣服
conscious	意识；自觉的；意识到的；有意的；神志清醒的
accent	口音；重音；强调；重读
mysimon	
eleven	十一；十一个；十一的；十一个一组
wives	妻子；名词wife的复数形式.
ambient	环境；周围的；氛围的
utilize	动词；名词
mileage	英里数；汽车里数津贴
Oecd	已开发国家组织
prostate	前列腺
adaptor	适配器；改编者；转换器；=adapter.
auburn	赤褐色；赤褐色的；赭色；赭色的
unlock	开启；揭开；开锁；显露
Hyundai	现代（公司名；韩国最大汽车企业）
pledge	保证；誓言；抵押；发誓；抵押品；向 ... 祝酒
vampire	吸血鬼；吸血蝠
angela	名词
relates	涉及；叙述；符合；有关联；发生共鸣；使有联系
nitrogen	氮
xerox	复印；静电复印；静电复印件；主要经营办公设备).；总部所在地美国
dice	骰子；掷骰子；小方块；将…切成丁；掷骰游戏
merger	名词
softball	垒球
referrals	推荐；参考
quad	用空铅填；空铅；四方院子；四胞胎之一；嵌条；成套的四件东西；四组
dock	码头；船坞；船埠
differently	不同地
firewire	法尔接口
mods	abbr. 载人的轨道研究站（manned orbital development station）
Nextel	(用于舞台和电影化装中的)"纳克斯泰尔"人造血
framing	框架；编制
organised	组织起来的；有组织的
musician	音乐家
blocking	阻塞；动词block的现在分词形式.；舞台调度
rwanda	名词
sorts	种类；分类.
integrating	集成化；综合化；动词integrate的现在分词.
vsnet	
limiting	限制的；动词limit的现在分词.
dispatch	派遣；发送；急件；处死；新闻报道；迅速完成
revisions	修改决定
Papua	巴布亚岛
restored	恢复的
hint	暗示；示意
armor	盔甲；装甲
riders	骑（马、自行车等）的人( rider的名词复数 )；乘客；附文；附加条款
chargers	充电器( charger的复数形式 )；（旧时的）战马
remark	评论；注意；注意到；备注
dozens	许多；几十
varies	动词vary的第三人称单数一般现在时形式
msie	
reasoning	推理；推论；论证
wn	abbr. 绞盘（winch）；营养良好的（well nourished）；西尼罗河（West Nile）；波数（wave number）
liz	名词
rendered	动词；名词
picking	采集；动词pick的现在分词.
charitable	仁慈的；宽恕的
guards	警卫；看守；护卫队；名词guard的复数形式.；狱吏
annotated	带注释的；动词annotated的过去式和过去分词.
ccd	电荷耦合器件
SV	安全活门(危及安全；旁阀；单丝漆包；闸水阀)
convinced	确信的；信服的
openings	开口；职位空缺；开始；机遇；名词opening的复数形式.
buys	购买；购得( buy的第三人称单数 )；做出牺牲以获得；够支付；买通
Burlington	伯灵顿；柏林顿（美国地名）
replacing	更换的；替代的；动词replace的现在分词形式.
researcher	研究人员
watershed	流域；分水岭；转折点
councils	委员会( council的复数形式 )；（郡、镇等）政务会；（尤指旧时讨论特定步骤的）协商会议；市政（或地方管理）服务机构
occupations	占领( occupation的复数形式 )；消遣；（土地、房屋、建筑等的）使用；工作
acknowledged	动词；形容词
nudity	裸露
kruger	克鲁格（现代寻租理论的创始人）；格尔（南非政治家）
pockets	口袋；钱；小型的；私吞；球袋；袋子；局部的
granny	名词
pork	猪肉
zu	巴比伦神话中的风雨神
equilibrium	平衡；均衡；平静
viral	病毒的；病毒式传播；【经】病毒式营销
inquire	询问；查究
pipes	管道；小管；呼吸器官；名词pipe的复数形式.
characterized	表示 ... 的典型；赋予 ... 特色
laden	装满的；装载的；负担重的
aruba	名词
cottages	小屋；村舍( cottage的复数形式 )
realtor	房地产经纪人；房屋中介
merge	合并；融合；兼并
privilege	特权；荣幸；免除；给特权；特别恩典
edgar	名词
develops	开发( develop的第三人称单数 )；发展；（使）成长；（使）发育
qualifying	使具有资格的；动词qualify的现在分词形式.
chassis	底盘；起落架；底架
dubai	名词
estimation	估计；判断；尊重
barn	谷仓；牲口棚；车库；大而空荡的农屋
pushing	推动；有进取心的；精力充沛的；动词push的现在分词.
llp	abbr. 有限责任合伙（Limited Liability Partnership）
fleece	羊毛；欺诈；羊毛状物；一次剪得的羊毛
pediatric	儿科的
BOC	abbr. 中国银行（Bank of China Limited）
fare	车费；乘客；食物；进展；路费；进食；旅行；过活；行走
dG	脱氧鸟苷；分克
asus	华硕（电脑）公司的简称
pierce	穿透；刺穿；洞悉
allan	名词
dressing	敷料；打扮；穿衣；调料；包扎；肥料；填料
techrepublic	
sperm	精子；精液；表示“精液
vg	abbr. 音频段（Voice Grade）；电压增益（Voltage Gain）；很好（Very Good）；代理监督（Vicar General）
bald	秃头的；单调的；无装饰的
filme	
craps	名词
Fuji	紫藤
frost	霜；霜冻；结霜；严寒；冻死；用糖衣装饰
leon	=Leo)；利昂(男子名
institutes	学院；学会；协会；开始；制定；创立
mold	模子；模型；模式；发霉；类型；形成；制模；符合形状；真菌；软土
dame	夫人；女士
FO	名词
sally	突围；俏皮话；冲出；出发旅行
yacht	游艇；快艇；驾快艇
tracy	名词
prefers	较喜欢；宁可
drilling	钻孔；演练
brochures	说明书
herb	药草；香草
TMP	终端监控程序；甲氧苄啶；甲氧苄氨嘧啶
alot	(Alot)人名；(西)阿洛特；(法)阿洛
ate	动词；名词
breach	违反；破坏；突破；违背；裂口；决裂；在 ... 上打开缺口
whale	鲸；捕鲸；打击
traveller	旅行者
appropriations	经费
suspected	可疑的；嫌疑的；动词suspect的过去式和过去分词.
tomatoes	西红柿；番茄；名词tomato的复数形式.
benchmark	标准检查程序；基准点；参照点
beginners	零起点
instructors	辅导员
highlighted	突出的；动词highlight的过去式和过去分词.
bedford	名词
stationery	文具；信笺
idle	无目的；不作事
mustang	野马；海军行伍出身的军官
unauthorized	未经授权的；未经批准的
clusters	簇
antibody	抗体
competent	有能力的；胜任的；足够的
momentum	势头；动力
fin	鳍；鱼翅；散热片；鳍状物；五元纸币
wiring	布线；配线；动词wire的现在分词形式.
IO	被赫拉变成丁小母牛）
pastor	牧师；作...牧师
mud	泥；泥浆；弄脏；抹泥；诽谤
calvin	名词
uni	abbr. 印度联合新闻社（United News of India）
shark	鲨鱼；诈骗；老手；放高利贷的人；诈取
contributor	贡献者；原因；捐助者；投稿人；赠送者
demonstrates	证明；演示；示范；示威
phases	阶段；时期；局面；名词phase的复数形式.
grateful	感激的；令人愉快的
emerald	绿宝石；翡翠；翠绿色的；翡翠绿；翡翠的
gradually	逐渐地
laughing	笑；笑声；可笑的；带笑的
grows	生长；种植；增加；逐渐开始；变成
cliff	悬崖；峭壁
desirable	令人满意的；令人向往的；性感的；值得的；有吸引力的；有吸引力的人或物
tract	束；小册子；大片土地；器官系统
ul	abbr. （美）保险商实验所（Underwriters' Laboratories）
ballet	芭蕾舞
Ol	油
journalist	记者；新闻工作者
abraham	名词
js	abbr. 射流研究
bumper	保险杠；缓冲器；丰盛的；满杯；特大的东西；特大的
afterwards	后来；以后
webpage	网页
religions	宗教
garlic	大蒜
hostels	旅舍；招待所( hostel的复数形式 )；青年宿舍
shine	照耀；发光；阳光；光泽；光辉；出色；使发光；投光于；喜欢
Senegal	名词
explosion	爆炸；爆炸声；爆发；激增
PN	本票
banned	禁止；禁令；剥夺权利
wendy	名词
briefs	短内裤；名词brief的复数形式.
signatures	签名；署名
diffs	(diff 的复数) abbr. 扩散器（diffuser）；微分；差速器（differential）
cove	小海湾；山凹
mumbai	孟买（印度城市）
ozone	臭氧；新鲜空气
disciplines	纪律；名词discipline的复数形式.；惩罚；临床学科
casa	abbr. 天文学高级研究中心（Centre for Advanced Study of Astronomy）；计算机与自动化系统（Computer and Automated System Association）；合作应用卫星A（Cooperative Application Satellite A）
mu	希腊字母第12个字母
daughters	多特斯
conversations	交谈( conversation的复数形式 )；交往；谈话技巧；（特指通过键盘和计算机进行的）人机对话
radios	收音机；无线电话；无线电广播设备（radio的复数）
tariff	关税；价目表；交关税
nvidia	恩威迪亚（芯片厂方）
opponent	对手；反对者；敌手；敌对的；反对的
pasta	意大利面
simplified	简化了的；精简了的；动词simplify的过去式和过去分词.
muscles	肌肉；名词muscle的复数形式.
serum	血清；浆液；乳浆
wrapped	有包装的
swift	迅速的；雨燕；快的；敏捷的；线轴
motherboard	主板；母板
runtime	运行时间
inbox	收件箱
focal	焦点的
bibliographic	书籍解题的；著书目录的
vagina	阴道
Eden	伊甸园；乐园
distant	遥远的；疏远的；远房的；陌生的；远行的
incl	包含
champagne	香槟酒；香槟色
ala	翼；翅；丙氨酸
decimal	小数；十进位的；小数的
HQ	司令部；指挥部；总部；总店
deviation	偏离；出轨；背弃
superintendent	监督人；所长；管理人
propecia	非那雄胺生发剂<脱发治疗药>
dip	浸；下降；蘸；倾斜；下沉；浏览；浸泡；掏取
NBC	名词
samba	跳桑巴舞
hostel	招待所；住招待所
housewives	家庭主妇；名词housewife的复数形式.
employ	使用；雇佣
Mongolia	蒙古
penguin	企鹅
magical	神奇的；有魔力的；魔术的；迷人的
influences	影响；影响力；势力；权势；感染
inspections	检查；视察
irrigation	灌溉
miracle	奇迹
manually	用手；手动地
reprint	重印；再版；重印本
reid	里德(姓氏；男子名)
WT	字终端；预查
hydraulic	水力的；水压的；液压的
centered	中心的；动词center的过去式和过去分词.；神智健全的；自信的
robertson	罗伯森（姓氏）
flex	弯曲；弹性；屈曲；伸缩；花线
yearly	每年的；一年一次地；每年地
penetration	渗透；突破；洞察力；侵入
wound	伤；伤口；伤害；创伤
belle	美女
rosa	名词
conviction	定罪；坚信；信服
hash	混杂；肉丁；切细；弄糟；反复推敲
omissions	省略
writings	著作；作品；名词writing的复数形式.
hamburg	名词
lazy	懒惰的；懒散的
MV	市面价值；平均变化；中压；商船；内燃机船；初速；毫伏
mpg	名词
retrieval	恢复；挽回；取回
qualities	品质；才能；高品质的；特质
cindy	辛迪(女子名
lolita	名词
fathers	父亲( father的名词复数 )；祖先；（尤指天主教和东正教的）神父；天父
carb	汽化器
charging	充电；装料；炉料；动词charge的现在分词形式.
cas	高级研究证书（=Certificate of Advanced Study
marvel	惊异；奇异的事物；令人吃惊的人；惊异于
lined	衬里的；具线纹的；动词line的过去式和过去分词.
cio	abbr. 美国产业工会联合会（Congress of Industrial Organizations）；首席信息官（Chief Information Officer）
dow	美国陶氏；美国陶氏化学；道琼斯平均指数
prototype	原型；雏形；范例
importantly	重要地
RB	归偏制；铷(37号元素)
petite	小号妇女服装
apparatus	装置；仪器；机构；器官；组织
UPC	通用产品代码
terrain	地形；地带
dui	abbr. 酒醉驾车（Driving Under the Influence）；数据单元接口（Data Unit Interface）
pens	钢笔；名词pen的复数形式.
explaining	解释；说明
yen	日元；上瘾；对 ... 上瘾
strips	条；片；名词strip的复数形式.
gossip	闲话；流言蜚语；爱说长道短的人
rangers	护林者( ranger的复数形式 )；<美>突击队员
nomination	提名；任命；提名权
empirical	经验主义的；以观察或实验为根据的
mh	abbr. 报文处理程序（message handler）
rotary	旋转的；旋转式机器；环形交叉路
worm	虫；蠕虫；蠕动；驱虫
dependence	依赖；信赖；上瘾
discrete	不连续的；分离的
beginner	初学者；新手
boxed	装箱
lid	盖子；眼睑；给 ... 装盖子
sexuality	性欲；性别；性方面的事情
polyester	聚酯；涤纶
cubic	立方体的；立方的
deaf	聋的；充耳不闻的
commitments	承诺；约定；名词commitment的复数形式.
suggesting	建议；表明；暗示；要求；使想起
sapphire	蓝宝石；蓝宝石的；深蓝色；深蓝色的
kinase	致活酶
skirts	女裙；下摆；边缘；名词skirt的复数形式.
mats	垫子；名词mat的复数形式.
remainder	剩余物；廉价出售；其余的人
crawford	克劳福德（美国西部小镇）
labeled	有标签的；动词lable的过去式和过去分词形式.
privileges	特权；荣幸；免除；给特权；特别恩典
televisions	电视( television的复数形式 )；电视机；电视台；电视系统
specializing	动词specialize的现在分词形式
marking	标志；打分；斑纹；动词mark的现在分词.
commodities	商品；日用品；有价值之物
PVC	名词
serbia	名词
sheriff	郡长；郡治安官
griffin	名词
declined	下降；减少；拒绝；倾斜；跌落；衰微
Guyana	盖亚那
spies	间谍；监视；侦察；侦探；看到；找出
blah	无趣的；废话；蠢话；夸夸其谈；闷闷不乐的；厌烦；烦躁、倦怠；不适
mime	哑剧；模仿；演出哑剧角色；做哑剧表演；丑角
neighbor	邻居；邻国；邻近
motorcycles	摩托车
elect	选举；选择；当选的；精选的；被选中者
highways	公路；高速公路（highway的复数）
thinkpad	ThinkPad 在2005年以前是IBMPC事业部旗下的便携式计算机品牌；凭借坚固和可靠的特性在业界享有很高声誉。在Lenovo收购IBMPC事业部之后；ThinkPad商标为Lenovo所有。ThinkPad自问世以来一直保持着黑色的经典外观并对技术有着自己独到的见解；如：TrackPoint（指点杆；俗称小红点）、ThinkLight键盘灯、全尺寸键盘和APS(Active Protection System；主动保护系统)。
concentrate	集中；浓缩；专心；浓缩物
intimate	亲密的；私人的；密友；暗示；透露；关系紧密的
reproductive	生殖的；复制的
preston	名词
deadly	致命的；如死一般地；如死一样的；非常地
cunt	性交；肉体；女性之阴部
feof	
bunny	小兔子
chevy	追赶；打猎时的叫喊；追；追逐；狩猎
molecules	名词molecule的复数形式.
rounds	圆形物；球状物；名词round的复数形式.；圆舞
longest	最长的
refrigerator	冰箱
tions	(tion 的复数)；象征式互动；支票电托收
intervals	间隔；间歇；间隙；名词interval的复数形式.
sentences	句子；判决；宣判
dentists	牙科医生( dentist的复数形式 )；牙科诊所
Usda	美国农业部
exclusion	排除；逐出；除外
workstation	名词
holocaust	大屠杀；燔祭；浩劫
keen	敏锐的；强烈的；锋利的；热衷的；精明的
flyer	传单；飞行员；投机；=flier.
peas	豌豆；名词pea的复数形式.
dosage	服法
receivers	接受者( receiver的复数形式 )；听筒；无限电接收机；（破产公司的）官方接管人
urls	abbr. 资源定位符（Uniform Resource Locators）
customise	<主英>=customize
disposition	性情；处置；倾向；安排；控制
variance	变化；不一致
navigator	航海家；领航员；导航仪
investigators	侦查人员
Cameroon	名词
baking	烘烤；烘烤的；灼热的；动词bake的现在分词.
marijuana	大麻
adaptive	适应的；适合的
computed	估计
needle	针；缝纫；激怒；用针缝；嘲弄
baths	洗澡；浴室；沐浴；浴盆
enb	
gg	abbr. 地面制导（Ground Guidance）；煤气发生器（Gas Generator）
cathedral	大教堂
brakes	刹车；制动器；闸
og	abbr. 奥运会（Olympic Games）
nirvana	天堂；极乐世界
KO	击倒；=knock-out.
Fairfield	费尔菲尔德（美国地名）
owns	自己的；拥有；承认；特有的；自己的东西
til	胡麻；芝麻
invision	
sticky	粘的；闷热的；困难的；令人不满意的
destiny	命运
generous	慷慨的；宽宏大量的；丰盛的；丰厚的；味浓的
madness	疯狂；愚蠢的行为
EMACS	EMACS文本编辑器
climb	爬；攀登；上升；攀爬处
blowing	吹制；吹气法
fascinating	迷人的
landscapes	风景；山水；风景画；美化景观
heated	加热的；热烈的；动词heat的过去式和过去分词.
lafayette	拉斐特（美国印地安纳州西部城市）；老佛爷（法国百货公司）；三刺光鲳
jackie	名词
WTO	给操作员送信息
computation	计算；估计；计算机的使用
hay	干草；床
cardiovascular	心脏血管的
ww	abbr. 栈单（Warehouse Warrant）
sparc	abbr. SUN公司的工作站系统
cardiac	心脏的；心脏病的
salvation	拯救；救助；救世
Dover	名词
adrian	名词
predictions	预言
accompanying	附随的；陪伴的；动词accompany的现在分词.
Vatican	教皇政府
brutal	野蛮的；残暴的
learners	学习者；初学者；见习驾驶员( learner的复数形式 )
GD	图形显示；钆(64号元素)
selective	选择性的；选择的；精挑细选的
arbitration	仲裁；公断
configuring	配置；动词configure的现在分词形式.
token	象征；象征性的；标志；纪念品；代币；代价券；装样子的
editorials	社论（美）( editorial的复数形式 )
zinc	锌；镀锌于
sacrifice	牺牲；献祭；祭品；供奉；亏本出售
seekers	搜索者；探求者( seeker的复数形式 )
guru	专家；领袖
ISA	指令系统体系结构；工业标准结构
removable	可移动的；可解职的；可除去的
convergence	收敛；汇聚；汇合点
yields	屈服；生产；生产量；获利；投资收益；弯下去
Gibraltar	名词
levy	征收；征税；发动；召集；强收
suited	适合的；动词suit的过去式和过去分词形式.
numeric	数；数字；数值的；数字的
anthropology	人类学
skating	溜冰；动词skate的现在分词.
kinda	有一点
aberdeen	名词
emperor	皇帝
grad	毕业生
malpractice	失职；行为不当
dylan	迪伦
bras	布拉斯
belts	皮带；腰带；地带；疾驰；用皮带抽打；带状物；用带系上；大声歌唱；用带标示
blacks	黑人（black的复数）
educated	受过教育的；有教养的；动词educate的过去式和过去分词.
rebates	回扣；折扣；=rabbet.；名词rebate的复数形式.
reporters	媒体记者
burke	秘密地除去；秘密地消灭；压制
proudly	傲慢地；得意洋洋地；自大地
pix	名词pic的复数形式
necessity	需要；必然；必需品
rendering	翻译；抹灰底层；透视图；艺术表现；动词render的现在分词和动名词形式.
MIC	名词
inserted	插入的；着生的；附着的；嵌入的；动词insert的过去式和过去分词形式.
pulling	动词pull的现在分词形式
basename	
kyle	（苏）狭海峡；海峡
obesity	肥胖；肥大
curves	曲线；圆括号
suburban	郊区的；市郊的
touring	游客的；动词tour的现在分词形式.；游玩
clara	名词
vertex	头顶；最高点
BW	细菌战
hepatitis	肝炎
nationally	全国性地；在全国范围内
tomato	西红柿；蕃茄
andorra	名词
waterproof	防水材料；防水的；耐水的；使 ... 能防水
expired	到期的；动词expire的过去式和过去分词形式.
mj	玛帝脂接缝
travels	旅行；漫游；名词travel的复数形式.
flush	冲洗；脸红；发红；将某人赶出
waiver	放弃；弃权；弃权证书
pale	苍白的；相形见绌；暗淡的；无力的；栅栏；变苍白；灰白的；变黯淡
specialties	专门；特别；特性
hayes	海耶斯（男子名）
humanitarian	人道主义的；人道主义者；博爱的；基督凡人论者；博爱者；相信基督为凡人的
invitations	邀请函
functioning	机能；动词function的现在分词形式.
delight	高兴；快乐
survivor	幸存者
garcia	名词
cingular	(牙齿的)舌面嵴的
economies	节约( economy的名词复数 )；经济；经济情况；经济结构
alexandria	名词
bacterial	细菌的
Moses	男子名）；摩西(姓氏
counted	计数；计算；总数；依赖；视为
undertake	承担；从事；保证；答应
declare	声明；申报
continuously	不断地；连续地
johns	名词
valves	阀门；瓣膜；电子管；真空管
gaps	差距；缺口；空白；裂缝
impaired	受损的
achievements	业绩；获得（achievement的复数）
donors	供精者
tear	眼泪；撕掉；撕破；流泪；扯下；扰乱；撕扯
jewel	宝石；受珍视的人或物
teddy	妇女连衫裤
LF	换行；低频；絮凝单位；絮凝限度
convertible	敞篷车；可改变的；可转换的；同意义的
ata	abbr. 航空运输协会（Air Transport Association of America）；高级技术附加装置（Advanced Technology Attachment）
teaches	教( teach的第三人称单数 )；教书；训练；教育
ventures	企业；风险；冒险；投机；敢于；冒昧地说
nil	零；无
bufing	
stranger	陌生人；外地人；新手
tragedy	悲剧；灾难；惨事
Julian	名词
nest	巢；窝；筑巢；嵌入；寻找鸟巢
PAM	名词
dryer	干衣机；吹风机；干燥剂；=drier.
painful	痛苦的；疼痛的；费力的
velvet	天鹅绒；天鹅绒的
tribunal	法庭；裁决；法院；法官席
ruled	规则；统治；习惯；支配；条例；直尺；画直线
NATO	名词
pensions	养老金；退休金；抚恤金；年金；发退休金
prayers	祈祷；祝福；名词prayer复数形式.
funky	时髦的；惊恐的；新式的；霉臭的
secretariat	秘书处；书记处
nowhere	无处；任何地方都不；不知道的地方
cop	警察；纺锤状线团、管纱
paragraphs	段；名词paragraph的复数形式.
gale	狂风；笑声等）；一阵（喧闹
joins	连接；参加；结合（join的复数）
adolescent	青少年；青少年的；青春期的
nominations	提名；任命( nomination的复数形式 )
wesley	名词
dim	暗淡的；模糊的；使暗淡；使失去光泽；车头近光灯；停车灯；笨的
lately	最近
cancelled	被取消的；动词cancel的过去式和过去分词形式.；被废除的
scary	可怕的；容易受惊的；引起恐慌的
mattress	床垫
mpegs	
Brunei	名词
likewise	同样地；此外
banana	香蕉
introductory	介绍的；引导的；开端的
Slovak	名词
cakes	蛋糕；块状物
stan	斯坦（男子名）
reservoir	水库；蓄水池；储藏；积蓄
occurrence	发生；出现；事件
idol	偶像；菩萨
bloody	血腥的；流血的；嗜杀的；使流血
mixer	混频器；搅拌器；调酒用的饮料；声音混合操作员；交际家
remind	提醒；使想起
WC	名词
Worcester	伍斯特(①姓氏 ②英国城市 ③美国城市)
sbjct	
demographic	形容词；名词
charming	迷人的
mai	显微镜下聚集指数
tooth	牙齿；嗜好；齿状物；粗糙表面
disciplinary	纪律的；训练的；规律的
annoying	讨厌的；恼人的
respected	尊敬的；动词respect的过去式和过去分词.
stays	保持；逗留；停留
disclose	公开；揭露；使某物显露
affair	事情；事件；事务；私通
drove	畜群；一大群；移动的人群或大批的东西
washer	垫圈；洗涤机；洗衣者
upset	打乱；颠覆；不安的；翻倒；混乱；推翻；心烦的；不适的；苦恼的；使心烦
restrict	限制；约束
springer	弹跳的东西；拱脚石；待产的母牛
beside	与 ... 相比；和... 无关；在 ... 旁边
mines	矿井；名词mine的复数形式.
portraits	画像
rebound	弹回；篮板球；振作；反作用于
logan	名词
mentor	指导；指导者
interpreted	解释；翻译；口译；诠释
evaluations	评价
fought	争取；打仗；争论
Baghdad	=Bagdad.
elimination	消除；淘汰；除去
metres	米( metre的复数形式 )；（诗的）格律；用于竞赛名称 metres
hypothetical	假设的；假定的
immigrants	移民；名词immigrant的复数形式.
complimentary	免费赠送的；称赞的；问候的
helicopter	直升飞机；用直升飞机载送；乘直升机
pencil	铅笔；用铅笔写；笔状物
freeze	冻结；冷冻；凝固；严寒；僵硬
hk	abbr. 加热器箱（Heater Kit）；香港（Hong Kong）
performer	表演者；执行者
abu	abbr. 亚洲广播联盟（Asian Broadcast Union）
titled	有头衔的；动词title的过去式和过去分词.
commissions	委员会；佣金；委任；委托；使服役；犯罪；授予
sphere	球；球体；领域；范围；包围；天体；围绕；形成球体
powerseller	
moss	苔藓；泥沼；使长满苔藓
ratios	比率；比例
concord	和谐；一致；和睦；协约
graduated	分等级的；刻度的；动词graduate的过去式和过去分词形式.
endorsed	支持；赞同；背书于
ty	总收率；表示“状态”、“性质”等
surprising	动词surprise的现在分词.
walnut	核桃；茶色；核桃木；核桃色
lance	用柳叶刀切开；矛状器具；鱼叉；配矛骑兵；快速向前；投掷；以枪矛攻击；枪矛
ladder	梯子；阶梯；梯状物
italia	=Italy.
unnecessary	不必要的；多余的
dramatically	引人注目地；戏剧地
Liberia	名词
sherman	谢尔曼(姓氏；男子名)
cork	软木；软木塞；软木树
maximize	充分利用；使增加至最大限度
CJ	审判长；法院院长；首席法官
hansen	汉森(姓氏；男子名)
senators	参议员( senator的复数形式 )
workout	健身；练习；考验
Mali	名词
Yugoslavia	名词
bleeding	流血；出血的；非常的；悲痛的；动词bleed的现在分词.
characterization	特性描述；人物性格塑造
colon	结肠；冒号
likelihood	可能性
lanes	拉纳
purse	钱包；皱起；小钱袋；放进钱包
fundamentals	基本原则；名词fundamental的复数形式.
contamination	污染；污染物
mtv	abbr. 音乐电视（Music Television）
endangered	濒于灭绝的；动词endanger的过去式和过去分词.
compromise	妥协；折衷；让步；和解；危害；妥协处理；折衷案
masturbation	手淫；自淫
optimize	使完善；使优化
stating	国家；状态；州；政府；说明；陈述；国家的；州的；声明；规定；情形
dome	圆屋顶；成圆顶状；苍穹；使成圆屋顶；圆形的火山口；加圆屋顶于...上
caroline	名词
leu	列伊(罗马尼亚货币单位)；亮氨酸
expiration	期满；终止；呼气；呼出
namespace	命名空间
align	调整；排列；使成一行；使结盟；成一条线；使一致
peripheral	外围设备；外围的；不重要的
bless	祝福；保佑；赐福；有幸具有
engaging	迷人的；动人的；有魅力的；动词engage的现在分词.
negotiation	谈判；协商
crest	冠；顶部；浪尖；饰章；到达顶部；到达最高点
opponents	对手
triumph	胜利；战胜；凯旋；成就；欢欣；庆祝胜利
nominated	被提名的；被任命的；动词nominate的过去式和过去分词.
confidentiality	保密；机密
electoral	选举的；选举人的
changelog	
welding	焊接法；定位焊接
orgasm	性高潮；兴奋的极点
deferred	延迟的；延期的；动词defer的过去式和过去分词.
alternatively	二者择一地；或者；作为选择
heel	脚后跟；倾侧
alloy	合金；使成合金；有合金能力
condos	=condominium.
plots	情节；图；阴谋；密谋；计划；绘图；标示位置
polished	擦亮的；优美的；精练的；动词polish的过去式和过去分词.
yang	名词
gently	轻轻地；和缓地；高贵地
greensboro	格林斯博罗（美国北卡罗来纳州中北部城市）
tulsa	塔尔萨（美国俄克拉菏马州东北部城市）
locking	锁定；动词lock的现在分词形式.
casey	名词
controversial	有争议的；引起争论的
draws	拉；抽取；吸入；名词draw的复数形式.
fridge	电冰箱
blanket	毛毯；覆盖；扑灭；挡风；使包含；包含所有的；用毯子裹；覆盖物；排字版；适用于所有情形的
bloom	花；开花；花期；繁盛；最佳时期
QC	质量管理
simpsons	辛普森一家（电影名）
lou	卢(人名
Elliott	艾略特（姓氏）
recovered	恢复的；动词recover的过去式和过去分词形式.
fraser	名词
justify	证明 ... 正当；调整版面；替 ... 辩护
upgrading	提升；动词upgrade的现在分词.；浓缩
blades	刀片；刀刃；名词blade的复数形式.
pgp	abbr. 加密软体（Pretty Good Privacy）
loops	环；回路；圈；以环连结；以圈结
surge	激增；汹涌；波涛；猛增；涌起
frontpage	重要的；登第一版的
trauma	创伤；外伤
aw	表示抗议、怀疑、厌恶等的感叹语
tahoe	美国塔霍湖
advert	广告；注意
possess	拥有；持有；支配
demanding	吃力的；要求多的；动词demand的现在分词.
defensive	防御的；防卫的；防卫物；辩护的；防卫姿势
sip	啜；啜饮
flashers	闪光
subaru	富士重工；斯巴鲁（富士斯巴鲁汽车）
forbidden	被禁止的
TF	转移因子
vanilla	香草
programmers	（计算机的）程序员( programmer的复数形式 )
pj	abbr. 有功电度表；圆周喷射（Peripheral Jet）
monitored	监视；动词monitor的过去式和过去分词.
installations	装置
Deutschland	德国
picnic	野餐；愉快的时间；猪脊肉
souls	灵魂
arrivals	到达；名词arrival的复数形式.
spank	拍击；轻快地移动
CW	行波
practitioner	从业者；实践者
motivated	有积极性的；有动机的；动词motivate的过去式和过去分词
WR	写入
dumb	愚蠢的；哑的；不能说话的；使沉默
Smithsonian	史密森尼（美国博物馆）；史密森学会
hollow	空的；洞；空洞的；山谷；挖空；凹陷的；虚伪的；窟窿；形成空洞；完全地；彻底
vault	地下室；穹；撑竿跳；窖；跳跃；做成圆拱形；撑竿跳跃
securely	安全地；牢固地；确实地
examining	检查；调查；动词examine的现在分词形式.；审问
fioricet	
groove	槽；纹；习惯；开槽；使 ... 快活
revelation	启示；揭露；泄露；发觉
rg	abbr. 角速度陀螺仪（Rate Gyroscope）；巴西航空（Brazilian Airlines）
pursuit	追求；追赶；工作
delegation	代表团；委派
wires	金属丝；金属线；电线；名词wire的复数形式.；网格线
bl	abbr. 法学士（Bachelor of Law）；架桥装置（Bridge-Layer）；提货单（bill of lading）
dictionaries	名词dictionary的复数形式
mails	邮件（mail的复数形式）
backing	支持；背衬；伴奏；动词back的现在分词.
greenhouse	温室；暖房
sleeps	为…提供床位( sleep的第三人称单数 )
VC	虚拟计算机
blake	英国作家)；布莱克(姓氏
transparency	透明度；幻灯片
dee	D字形马具；D形电极(回旋加速器内)
travis	特拉维斯(姓氏；男子名)
wx	abbr. 女式特大号（women's extra large size）
endless	没完没了的；无止境的
figured	富有文采的；动词figure的过去式和过去分词.；图示的；有花纹的
orbit	眼眶；轨迹；势力范围；进入轨道；盘旋；绕轨道而行
currencies	货币；流通
Niger	名词
bacon	培根；熏肉；咸肉
survivors	幸存者；残存者；生还者( survivor的复数形式 )
positioning	定位；配置；动词position的现在分词.
heater	加热器；火炉；加热之人
colony	殖民地；群体；菌落；侨民；侨居地
cannon	大炮；开炮；机关炮；相撞
circus	马戏团；马戏表演；竞技场；广场
promoted	升迁的；动词promote的过去式和过去分词.
forbes	名词
mae	名词
Moldova	名词
mel	蜂蜜
descending	下降的；动词descend的现在分词形式.
paxil	帕罗西汀（抗抑郁药物）
spine	脊柱；脊椎；书脊；尖刺
trout	鳟鱼；鳟鱼肉
enclosed	附上；被附上的
feat	功绩；技艺；技艺表演
temporarily	临时地；暂时地
Ntsc	国际电视系统
cooked	煮好的；动词cook的过去式和过去分词形式.；烹调好的
thriller	惊悚片；惊险小说
transmit	传送；传染；传达；代代相传
apnic	
fatty	脂肪的；含脂肪的；脂肪状的
gerald	名词
pressed	压平的；动词press的过去式和过去分词.
frequencies	频率；名词frequency的复数形式.
scanned	扫描的；动词scan的过去式和过去分词形式.
reflections	反光；感想；名词reflection的复数形式.
hunger	饿；饥饿；渴望；使 ... 饥饿
mariah	玛丽亚（女子名）
sic	原文如此；攻击；袭击
municipality	自治市；市当局
usps	abbr. 美国邮政管理局（United States Postal Service）
joyce	名词
detective	侦探；侦探的
surgeon	外科医生
cement	水泥；巩固；用水泥涂；纽带；接合剂；基石
experiencing	经历；体验；动词experience的现在分词.
fireplace	壁炉
endorsement	支持；认可；背书
BG	后台
planners	规划者；策划人( planner的名词复数 )
disputes	争论；争端；争议；质疑；争吵；辩驳
textiles	纺织品；名词textile的复数形式.
missile	导弹；投射物
intranet	内部网络；专用网
closes	（使）关；关闭( close的第三人称单数 )；终止；（使）缩小；合上
seq	abbr. 序列发生器；音序器（sequencer）
psychiatry	精神病学
persistent	固执的；坚持的；连续的
deborah	黛博拉；女子名
conf	abbr. conference 会议；confer (Latin=compare) （拉丁语）比较；confine 限制；confident 确信的
marco	名词
assists	助攻；名词assist的复数形式.
summaries	摘要；总结；概要的；简略的；即决的
glow	光辉；热情；赤热；发红光；红光焕发
Gabriel	名词
auditor	稽核员；听者
wma	abbr. 美国威廉·莫里斯经纪公司（William Morris Agency）；世界医学协会（World Medical Association）；美国专精于野外急救的教育机构（Wilderness Medical Associates）；音频媒体（Window Media Audio）
aquarium	水族馆；养鱼缸
violin	小提琴
prophet	先知；预言者
cir	abbr. circular 通知；circulation （货币；货物等的）流通；circle 圆；circa (Latin=about) （拉丁语）大约
bracket	支架；括号；支撑；档次；放在括号内
looksmart	
isaac	名词
oxide	氧化物
oaks	奥克斯
magnificent	宏伟的；壮丽的；极好的
erik	埃里克（姓氏）
colleague	同事
Naples	名词
promptly	迅速地；准时地；立即
modems	调制解调器( modem的复数形式 )
adaptation	适应；改编；改编成的作品
hu	名词
harmful	有害的
paintball	彩弹球
prozac	名词
sexually	性别地；两性之间地
enclosure	围墙；附件；围绕
ACM	计算机协会；异步通信控制模块
dividend	股息；红利；被除数；回报；彩金
newark	名词
kw	千瓦
paso	abbr. 泛美体育组织（Pan American Sports Organization）
glucose	葡萄糖
phantom	幽灵；幻影；幽灵的；幻影的；错觉的
norm	规范；标准
playback	回放；重放装置
supervisors	监事会
Westminster	威斯敏斯特
turtle	捕龟；高翻领
IPS	英寸/秒
distances	距离；远方；路程；与 ... 保持距离
absorption	合并；同化
treasures	财富；珍视；宝物；珍藏
DSC	示差扫描量热法；差示扫描量热法
warned	警告；发出警告；告诫；预先通知
neural	神经的
ware	制品；货物；器具
fossil	化石；食古不化的人
mia	abbr. 战斗中失踪的（Missing In Action）
hometown	家乡；故乡
badly	严重地；恶劣地；差的；极度地
transcripts	抄本；副本；誊本；文字记录；成绩报告单；名词transcript的复数形式.
Apollo	美男子
wan	苍白的；暗淡的；病态的；变苍白；呈病态
disappointed	失望的
Persian	名词；形容词
continually	频繁地；不断地
communist	共产主义的；共产主义者
collectible	收藏品；可收集的
handmade	手工制作的
greene	格林（姓氏）
entrepreneurs	企业家
robots	机器人
Grenada	格林纳达
creations	创作
jade	翡翠；玉石；翡翠色
scoop	勺；独家新闻；铲子；舀取；挖空；穴
acquisitions	跨国并购
foul	犯规；犯规的；恶劣的；邪恶的；弄脏；恶臭的；污秽的；妨碍
keno	基诺(一种赌博)
gtk	
earning	收入；所得；动词earn的现在分词.；所赚的钱
mailman	邮递员；邮差
sanyo	日本三洋电气公司
nested	嵌套的；动词nest的过去式和过去分词.
biodiversity	生物多样性
excitement	兴奋；激动
Somalia	名词
movers	（会议上的）提议人( mover的复数形式 )；搬家工人；…走动的人；兴旺发达的事物
verbal	口头的；动词的；动名词；逐字的；用文字的；用言语的
blink	眨眼；闪烁；一瞬间；闪光；拒绝承认或面对；用闪光灯传送信号
presently	不久；目前；现在；一会儿
seas	海域；名词sea的复数形式.
carlo	卡洛（男子名）
workflow	工作流程
mysterious	神秘的；不可思议的
novelty	新奇的经验；小装饰
bryant	布赖恩特（男子名；等于Brian）
tiles	瓷砖；名词tile的复数形式.
voyuer	
librarian	图书管理员；图书馆馆长；图书馆学专家
subsidiaries	子公司；附属机构；辅助的；附属的；补贴的
switched	转换的；动词switch的过去式和过去分词形式.
Stockholm	名词
Tamil	坦米尔语；坦米尔语的；坦米尔人；坦米尔人的
garmin	肉叶芸香碱
RU	钌
pose	姿势；造成；提出；姿态；装腔作势；摆姿势；假装；把...摆正位置
fuzzy	模糊的；毛茸茸的
Indonesian	印尼的；印尼人；印尼语群
grams	名词gram的复数形式；外祖母
therapist	临床医学家
richards	理查兹（姓氏）
mRNA	信使核糖核酸
budgets	预算；廉价的；节省开支；编预算
toolkit	工具包
promising	有前途的；有希望的
relaxation	放松；松弛；消遣
goat	山羊；色鬼；替罪羊
render	提供；翻译；表现；打底；粉刷；使成为；给予补偿；交纳；回报；宣布
carmen	名词
ira	abbr. 爱尔兰共和军（Irish Republican Army）；个人退休帐户（Individual Retirement Account）
SEN	传感器（传感元件；探测设备）
thereafter	其后；从那时以后
hardwood	硬木；阔叶树；硬木的；硬木材；硬木制成的
erotica	色情书籍
temporal	暂时的；当时的；现世的；颞的；太阳穴的
sail	帆；航行；航海
forge	伪造；建立；锻造；铁匠铺；锻炉；锻造车间；做铁匠
commissioners	专员( commissioner的复数形式 )；长官；委员；政府部门的长官
dense	浓密的；密集的；稠密的
DTS	数据传输系统；对话终端系统；数字终端系统
brave	勇敢的；英勇的；勇敢地面对
forwarding	推进；动词forward的现在分词形式.
qt	abbr. 夸脱（液量单位；quart）；鉴定试验（Qualification Test）
awful	可怕的；糟糕的；极其；难受的；充满敬畏的
nightmare	恶梦；梦魇；使人极其痛苦的事情或经历
airplane	飞机
reductions	减少( reduction的复数形式 )；降低；约简；减薄
southampton	名词
Istanbul	名词
impose	强加；强迫；课征
organisms	有机体
sega	abbr. 世嘉株式会社（日本游戏公司）
telescope	望远镜；缩短；套叠；压缩
viewers	观察者；观看者；名词viewer的复数形式.
asbestos	石棉
portsmouth	名词
cDNA	互补DNA
meyer	名词
enters	进入
pod	豆荚；分离舱
savage	野蛮人；凶猛的；原始的；野性的；激烈抨击；粗鲁的；粗人；凶恶的人；猛烈攻击；荒野的
advancement	进步；晋升；前进
wu	乌江
harassment	骚扰；困扰
willow	柳树；柳木制品
resumes	简历；履历；重新开始；摘要；再继续
bolt	螺栓；门闩；狼吞虎咽；弩箭；闩住；挺直地；用螺栓固定；一卷布
gage	抵押品；规格；青梅子；估算；象征挑战而扔下的手套；标准尺寸
throwing	投掷运动；动词throw的现在分词形式.
existed	存在；生存；活着
whore	妓女；不道德的人；嫖妓
generators	生成元
LU	逻辑单元；逻辑部件；镥(71号元素)
wagon	货车；四轮马车；用四轮马车运
Barbie	烤架；户外烤肉
DAT	磁盘分配表；动态地址转换；数字录音带
favour	支持；偏爱；偏袒；有利于；喜爱；恩惠；长得像
soa	abbr. 前进速度（speed of advance ）；工艺技术水准（state of the art）；进场著陆速度（speed of approach）；工艺现状（State of the Art）
knock	敲；敲门；敲击；敲打；攻击
urge	冲动；催促；鼓励；驱策；极力主张；强烈愿望；力陈
SMTP	简易邮件传递协议
generates	产生；发生；引起
potatoes	土豆；马铃薯；甘薯；名词potato的复数形式.
thorough	彻底的；完全的；详尽的；细致深入的
replication	复制；回答；答辩
inexpensive	便宜的；廉价的
kurt	库尔特（男子名）
receptors	<生>感受器；受体( receptor的复数形式 )
peers	平辈
roland	罗兰（男子名）
optimum	最佳的；最适宜的；最适宜
neon	霓虹灯；氖
interventions	干预
quilt	被子；缝制；缝被；被状物；用垫料填塞
huntington	亨廷顿（姓氏；美国西部城市名）
creature	生物；人；动物
ours	我们的
mounts	山；峰；登上；上升；爬上；支架；底板；乘用马；装上
syracuse	名词
internship	实习期；实习生职位
lone	唯一的；孤单的；单独的
refresh	提神；提醒
aluminium	铝
snowboard	滑雪板；用滑雪板
beastality	
webcast	网上节目
michel	名词
evanescence	逐渐消失；短暂性；容易消失
subtle	微妙的；精细的；狡猾的；敏锐的；不明显的
coordinated	名词
notre	（法）我们的
shipments	货物；装运；名词shipment的复数形式.
Maldives	名词
stripes	条纹；斑纹；名词stripe的复数形式.
firmware	名词
Antarctica	南极洲
cope	应付；对抗；笼罩；长袍；妥善处理；盖上斗篷；斗篷状物
shepherd	牧羊；牧师；照看；指导者；引领；牧羊者
lm	地上移动式无线电设备
Canberra	名词
cradle	摇篮；发祥地；支架；怀抱
chancellor	总理；大臣；大法官；名誉校长
mambo	曼波舞；曼波音乐；跳曼波舞
lime	石灰；酸橙；石灰的；酸橙树；沾上粘鸟胶
kirk	苏格兰教会
flour	面粉；粉末；撒上粉；研成粉末
controversy	争议
legendary	传奇的；传说的；著名的
BOOL	布尔；逻辑的
sympathy	同情；同情心；慰问；赞同；同感
choir	唱诗班；合唱队；唱诗班的席位
avoiding	避免；逃避；撤销
beautifully	美丽地；完美地；出色地；很好
blond	金发的；金发的人
expects	期待；预期；盼望
cho	曹
jumping	跳跃；跳跃的；突变现象；用于跳跃的；动词jump的现在分词.
fabrics	纤维织物；名词fabric的复数形式.
antibodies	抗体；免疫体
polymer	聚合体
hygiene	卫生；卫生学
wit	机智；才智；风趣；智力；即
poultry	家禽；家禽肉
virtue	美德；优点；德行；贞操
burst	爆发；爆裂；破裂；阵；冲；迸发；闯
examinations	检查
surgeons	外科医生
bouquet	花束；酒香；称赞
immunology	免疫学
promotes	促进；提升；发起；升迁
mandate	授权；要求；命令；指令
Wiley	威利（姓氏）
departmental	部门的；各部的
BBS	电子公告牌系统
spas	矿泉( spa的复数形式 )；矿泉疗养地；（矿泉）旅游胜地
ind	订单(印度；美国印第安纳)；印度的
corpus	文集；资料
johnston	约翰斯顿（姓氏）
terminology	术语；术语学
gentleman	绅士；先生；有教养的人
fibre	纤维；质地；性情
reproduce	复制；生殖；再生
convicted	已被判刑的；动词convict的过去式和过去分词形式.；被宣布有罪的
shades	墨镜；回忆；阴间；名词shade的复数形式.；夜幕
jets	喷射；喷气式飞机；喷口；喷气式发动机；喷出；搭乘喷射式飞机
indices	指数；目录；指示器
roommates	<英>室友；住在同室的人( roommate的复数形式 )；<美>同住一屋（一套公寓等）的人
adware	广告软件；广告程序
qui	abbr. 定量超声指数（Quantitative Ultrasound Index）；门控；速度
intl	国际的
threatening	凶兆的；险恶的；胁迫的；动词threaten的现在分词.
spokesman	发言人
zoloft	左洛复（药物名）
activists	积极分子
frankfurt	名词
prisoner	囚犯
daisy	雏菊；菊科植物
halifax	哈利法克斯港或哈利法克斯市；总部所在地英国；哈里法克斯(财富500强公司之一；主要经营银行).
encourages	鼓励；促进；支持
ultram	盐酸曲马多片剂<镇痛药>
cursor	光标
assembled	组合的；装配的；聚集的；动词assemble的过去式和过去分词.
earliest	最早；最早的
donated	捐赠；捐献
stuffed	塞满了的；动词stuff的过去式和过去分词.；喂饱的
restructuring	重组；结构调整；动词restructure的现在分词.
insects	名词insect的复数形式.；昆虫；虫子；卑微的人
terminals	终端；终点；名词terminal的复数形式.
crude	原油；粗糙的；天然的；简陋的；粗鲁的；未加工的；天然的物质
morrison	名词
maiden	少女；初次的；未婚女子；未婚的；处女的；断头机；从未赢过的赛马
simulations	模拟
cz	abbr. 捷克（Czech Republic）；运河区
sufficiently	充分地；足够地
examines	检查；调查；考试；仔细观察
viking	北欧海盗
myrtle	名词
bored	无聊的；厌烦的；郁闷的
cleanup	清除；大扫除
yarn	纱；线；讲故事
knit	编织；结合；皱眉；密接
conditional	有条件的
mug	杯；脸；打劫；一杯的量；突击学习；恶棍
crossword	纵横字谜
bother	麻烦；费心；烦扰；使不安；焦急；使恼怒
Budapest	名词
conceptual	概念的
knitting	编织；编织物；动词knit的现在分词.
attacked	攻击；抨击；发动攻击
hl	百升
Bhutan	名词
Liechtenstein	名词
mating	交配；动词mate的现在分词.
compute	估计
redhead	红发的人；美洲潜鸭
arrives	到达；到来；成功
translator	翻译者
automobiles	汽车
tractor	牵引车
Allah	名词
continent	大陆；洲
ob	abbr. 养地（Ocean Bottom）；实况无线电广播（Outside Broadcasting）；向船外（Out Board）
unwrap	打开；展开
fares	车费；运费；船费；名词fare的复数形式.
longitude	经度
resist	抵抗；抵制；反抗；忍住；防蚀涂层
challenged	缺少…的；残障的；动词challenge的过去式和过去分词.
telecharger	
hoped	希望的；盼望的；动词hope的过去式和过去分词.
pike	狗鱼；长矛；收费道路；屈体；快速离开；用长矛刺
safer	更安全的；形容词safe的比较级.
insertion	插入；插入物
instrumentation	仪表化；测试设备；谱写器乐
ids	abbr. 标识部分（Identification Section）
hugo	名词
wagner	理查德
constraint	约束；强制；约束条件；虚情假意
groundwater	地下水
touched	感动的；精神失常的；动词touch的过去式及过去分词.
strengthening	加固；动词strength的现在分词.
Cologne	古龙水；科隆香水
gzip	压缩程序
wishing	愿望；动词wish的现在分词形式.
ranger	突击队员；骑警；漫游者；守林人
smallest	最小的
insulation	隔离；孤立
Newman	牛曼
marsh	沼泽；湿地
ricky	=Rick
ctrl	计算机的Ctrl按键（控制键）
scared	害怕的
theta	希腊字母的第八字
infringement	侵犯；违反；驳斥
bent	弯曲的；嗜好；下定决心的
Laos	名词
subjective	主观的
monsters	怪物
asylum	精神病院；收容所；避难所
lightbox	光箱特效；航行识别灯控制箱
robbie	罗比（男子名）
stake	桩；赌注；利害关系；下注；用桩支撑
cocktail	鸡尾酒；鸡尾酒的；混合物；开胃品
outlets	排污口
Swaziland	名词
varieties	种类；多样；多样化；杂耍
arbor	乔木；凉亭；藤架
mediawiki	
configurations	构造因素
poison	毒药；毒害；中毒；有毒的；危险的；败坏道德之事；摧毁
stare	凝视；盯着看
troop	军队；群；组；群集；结队；大量；成群前行
emerge	浮现
marry	嫁；结婚；娶；结合
critic	评论家；批评家
insist	坚持；强调；坚决主张
threaten	威胁；恐吓；似将发生
voter	投票人；选举人
nod	点头；同意；打盹
disappear	消失；不见；失踪
athlete	运动员
warn	警告；发出警告；告诫；预先通知
circumstance	环境；事件；详情
politician	政治家；政客
Jew	犹太人；犹太教徒
complain	抱怨；控诉；诉说
expectation	期望；预料
stir	搅拌；引起；激起；骚乱；惹起；搅和；活动；感动(激动
oppose	反对；对抗；使对立
emphasize	强调；着重；使突出
expose	揭露；使曝光；使暴露；使面临
accuse	指责；控告；谴责
convince	说服；使确信；使信服
immigrant	移民；侨民
emotion	情感；情绪；感情
scream	尖叫；尖叫声
prosecutor	公诉人；原告；起诉人；检举人；告发人
shout	呼喊；大声叫；高声呼叫
perceive	认为；理解；觉察到；注意到
abandon	放弃；抛弃；放纵
symptom	症状；征兆
breathe	呼吸；注入；轻声说
inspire	激发；鼓舞；产生；吸入；赋予...灵感
retire	退休；撤退；就寝；离去
habit	习惯；习性
dominate	控制；统治；支配；占优势；俯视；高耸于
illustrate	说明；举例说明；图解；发亮
tablespoon	汤匙；一汤匙容量
toss	投掷；辗转；摇荡；震荡
bury	埋葬；抛弃；专心致志；隐匿
ally	伙伴；同盟者；同盟国
confront	面临；对抗；遭遇
educator	教育学家；教育行政官员
teaspoon	茶匙；小匙
implication	暗示；含意；牵连；卷入
supporter	支持者；拥护者；支撑物
accompany	陪伴；伴奏；补充；伴随...发生；给 ... 伴奏
teenager	青少年；13岁到19岁的年轻人
whisper	耳语；低语；私语；窃窃私语；低声说；飒飒地响；飒飒的声音
embrace	拥抱；接受；信奉；包含；包围
grandmother	名词
weigh	衡量；重达 ...
negotiate	谈判；协商；交涉；谈判达成；议价出售；成功越过
historian	历史学家；编史者
criticize	批评；评论；挑剔；非难；吹毛求疵
quietly	安静地；悄悄地；平静地
ingredient	成分；原料；因素；配料
activist	积极分子；激进分子；活动分子
refugee	难民
yell	大叫；大喊
sweep	打扫；清扫；席卷；清除；全胜；掠过；范围；扫视；搜寻；赌金
react	反应；反攻
cheek	面颊；脸蛋
pant	喘息；渴望；悸动；气喘吁吁地说
occupy	占领；占用；使忙碌；专心；从事
wipe	擦；抹；擦拭；抹布；消除；揩；拭去；用力打
cousin	名词
adviser	顾问；劝告者；指导教授
interpret	解释；翻译；口译；诠释
pause	暂停；停顿；中止；犹豫不决
withdraw	撤回；撤退；提款；取回；退缩；走开
testify	作证；证明；声明
imply	暗示；意指；含有 ... 的意义
dismiss	开除；解散；屏除
bake	烤；烘焙；烘干
evolve	进化
politically	政治上地
characterize	表示 ... 的典型；赋予 ... 特色
stair	楼梯
rub	擦；摩擦；搓；困难；障碍；惹恼
fade	褪色；淡出；逐渐消失；凋谢；淡入
squeeze	挤压；压榨；拥挤；少量；塞进；财政困难；严控
pretend	假装；装作；自以为
violate	违反；侵犯；亵渎；强奸；扰乱
adapt	适应；改编；使适应；适合
correspondent	通讯记者；相应的；通信者；与 ... 一致的
flee	逃离；逃避；逃走；消失
grandfather	使…不受新法律制约
gesture	手势；姿势；作手势表达
counselor	顾问；法律顾问；参事；=counsellor.
owe	钱；感激；欠（债；人情等）；应当给予；把...归功于
sustain	维持；支持；承受；认可；经受
economist	经济学家
pile	桩；堆；堆积；大量；绒面；积累；夸张
consume	消耗；毁灭；吃喝
psychologist	名词
wealthy	富有的；富人
educate	教育；培养；训练
aide	助手；副官；侍从武官
tendency	趋势；倾向；秉性
porch	门廊
derive	起源；获取；得自
scandal	丑闻；耻辱；反感；中伤
impress	印象；影响；印记；特征；传送；印刻；使 ... 有印象
resemble	像；与…相似
guideline	准则；指导方针
rifle	步枪；抢劫；洗劫
asleep	睡着；睡着的；已死的；麻木的；进入静止状态；不活跃的
bombing	轰炸；动词bomb的现在分词形式.
glove	手套；给 ... 戴手套
modest	适度的；谦虚的；端庄的；有节制的
explode	爆炸；爆发；激增；使爆炸；驳倒
handful	少数；一把；棘手之事
absorb	吸收；承受；吞并；吸引 ... 的注意
taxpayer	纳税人
eager	热切的；渴望的
overlook	忽视；俯瞰；远眺；没注意到
undergo	经历；经受；遭受
assert	断言；维护；生效
appoint	任命；指定；委派；约定
wander	徘徊；漫步；闲逛；漫游；迷路；蜿蜒；漫步于
anticipate	预期；提前使用；预言；抢 ... 前
shrug	耸肩；不理会
depict	描述；描绘；画
borrow	借；借鉴；抄袭
sanction	批准；处罚；支持；约束力
devote	致力于；奉献给；把...专用于
seize	抓住；夺取；利用；没收
gifted	有天赋的；有才华的
frustration	挫折；失败；令人沮丧的东西
repeatedly	重复地；再三地
distinguish	区别；辨认；使显著
discourse	讨论；谈话；叙述；讲述
competitor	对手；竞争者
portray	描绘；描写；饰演
persuade	说服；劝说
admire	钦佩；欣赏；羡慕；赞美
tactic	策略；战略
nonetheless	副词
quarterback	担任四分卫；指挥...的行动
recruit	招聘；新兵；新成员；征兵
painter	画家；油漆匠
gaze	凝视
reinforce	加强；加固；增强；使更具说服力；得到加强
swear	发誓；宣誓；咒骂；誓言
clue	线索；提示
slice	部分；薄片；割；切开；切成薄片；曲球
sigh	叹息；叹气；惋惜
surprisingly	惊人地；意外地
couch	长沙发；睡椅；长椅；表达；躺下；埋伏；兽穴
boyfriend	男朋友
compose	创作；作曲；形成；编排；使镇静
regulate	控制；管理；调整；校准
resign	辞职；放弃；听任；顺从
lightly	轻轻地；轻率地；轻快地；轻微地；轻蔑地
laughter	笑声
invent	发明；捏造
ritual	仪式；仪式的；宗教仪式；典礼；惯常的；老规矩的；固定程序
insect	昆虫；虫子；卑微的人
interrupt	打断；中断；打扰；阻碍
presidency	名词
beg	乞讨；恳求
slam	满贯；砰地关上；猛烈抨击；砰然声；猛烈攻击；猛放
melt	融化；熔化；使融化；消散；使熔化；使消散；熔化物；熔解
entitle	使有权利；取名为
harsh	刺耳的；粗糙的；大约的；使人不舒服的
closet	壁橱；厕所；密室；空谈的；衣帽间；隐藏的；不公开的；把 ... 关在房间里
corridor	走廊
greet	迎接；问候；致敬；作出反应
pitcher	水罐
weakness	弱点；软弱；嗜好
rumor	谣言；传闻；谣传
elbow	手肘；扶手；用手肘推开；推挤；急弯
allegation	指控；断言；辩解；主张
confuse	混淆；使混乱；使困惑
initiate	开始；启蒙；创始；新加入的；介绍加入；创始人；启蒙的
plead	恳求；辩护；认罪；提出借口
suburb	郊区
motivate	给与动机
swallow	吞下；燕子；吞咽；咽下；忍受；轻信；收回；一次吞咽的量；不流露感情
longtime	形容词
seemingly	表面上；似乎；看起来
enforce	执行；实施；强制；加强；强迫
lend	借给；贷款
contend	竞争；争辩；争斗；坚决主张
frankly	坦白地；坦率地
assemble	装配；集合；收集
hallway	走廊；过道；门厅
inevitable	不可避免的
obstacle	障碍；绊脚石
overwhelming	势不可挡的；无法抗拒的；压倒的
recession	后退
motive	动机；目的；动机的；发动的；主题；促使；运动的
bitter	苦的；苦涩；痛苦的；激烈的；激烈地；辛酸的；使变苦；苦酒；苦的东西；极其
forgive	原谅；宽恕；饶恕
drift	漂移；漂流；趋势；漂泊；偏离；使漂流；吹积；使堆积
prosecution	起诉；原告；实行
hurry	匆忙；急忙；赶紧；催促；仓促
leap	跃；跳跃；跃过
curtain	窗帘；门帘
guilt	内疚；罪行
playoff	季后赛；延长赛；夺标决赛
uncomfortable	不舒服的；不自在的
limb	肢体；树枝；枝干；肢解
ideology	意识形态；观念学；空论
endure	忍耐；容忍；持久；持续
behave	行为；表现；举止
administer	管理；执行；给与帮助
dancer	舞蹈演员；跳舞者
await	等候；期待；将降临于
spill	泄漏；溢出；洒；流；木片；小杆
convict	罪犯；囚犯；被定罪的；使 ... 知罪；宣判 ... 有罪
towel	毛巾；手巾；用毛巾擦
sweat	汗水；焦急；繁重工作
undermine	逐渐削弱；从根基处损害；暗中损害；在...下挖
freshman	新手；大学一年级学生
traditionally	传统上；照惯例
govern	管理；控制；统治；支配；规定
rhetoric	修辞；修辞学；华丽虚饰的语言
enthusiasm	热情；热心；热衷的事物
injure	伤害；损害；损伤
profound	深奥的；渊博的；意义深远的；极度的
trait	特征；特点；少许；一笔
apologize	道歉；赔罪
astronomer	天文学家
scatter	分散；散布；撒；驱散；散播；消散；零星少量
convey	传达；表达；运输；转移
suspicion	怀疑；猜疑
relieve	减轻；解除；救济；偷
sidewalk	人行道
suspend	暂停；中止；悬浮；勒令停职
delicate	微妙的；精美的；纤细的；脆弱的；敏锐的；美味的
forehead	前额；前部
rebuild	重建；恢复；重新组装
bounce	弹跳；弹起；活力；弹力；使弹起；解雇；退票；驱逐；重新恢复
dedicate	致力于；献出；提献辞
altogether	总共；完全；总的来说
carve	雕刻；切割
scare	恐吓；惊吓；吓走；惊恐；受惊吓
ankle	踝；踝关节
counterpart	副本；对应物；职务相当的人；相似之物
historically	历史上地
firmly	坚定地；牢牢地
amid	在其间；在其中
anxious	忧虑的；渴望的
carbohydrate	碳水化合物；糖类
diagnose	判断
crawl	爬行；自由式游泳；匍匐而行；卑躬屈膝
handsome	英俊的；可观的；灵巧的；慷慨大方的
businessman	商人
hers	代词；形容词；名词
hug	拥抱；紧抱；抱有；挨着
punish	惩罚；处罚；粗暴对待
doorway	门口
elevator	斗式皮带输送机；飞机升降舵
statue	雕像；塑像
endorse	支持；赞同；背书于
sunlight	阳光；日光
reluctant	不情愿的；勉强的
practically	几乎；实际上；简直
sharply	严厉地；锐利地；厉害地；轮廓清晰、线条分明地
peel	果皮；剥落；削皮；脱皮；脱衣服
hesitate	犹豫；不情愿；口吃
huh	名词
metaphor	隐喻；象征
servant	仆人
diplomatic	外交的；老练的；古字体的
chin	下巴；颏；聊天；作引体向上
racism	民族的差别主义
vanish	消失；绝迹；不见了
confess	承认；供认；告解；听取忏悔
diminish	减少；贬低；变少；逐渐变细；减损
isolate	隔离；使孤立；孤立的；单独的
chop	砍；劈；剁；排骨
hostage	人质
steep	浸渍；悬崖；险峻的；陡峭的；急剧升降的；夸大的；浸；泡
prohibit	禁止；妨碍
enroll	招收；登记；入伍
stumble	绊倒；蹒跚；错误；犯错误；无意中发现
descend	下降；降临；遗传；突然袭击；传下来；突然拜访
cooperate	合作；配合；协力
shortage	不足
softly	静静地；柔和地；温柔地
ridiculous	荒谬的；可笑的
credibility	可信；可靠；确实性
sentiment	情绪；感情；观点；感伤
oversee	监督；监管；监视
monument	纪念碑；历史遗迹；不朽作品
juror	陪审员
loyalty	忠诚；忠心；忠贞
nominee	被提名的人；名义人
stiff	硬的；拘谨的；生硬的；僵直的；艰难的；死尸；僵硬地；极其；吝啬鬼；流浪汉；烈性的
slap	掴；侮辱；拍击；惩罚；直接地；正面地；突然地；申斥；拍击声
jaw	下巴；颚；颌；教训；钳口；喋喋不休；说教
grief	悲痛；忧伤
inmate	犯人；同住者；居民
dignity	尊严；高贵；端庄
tightly	紧紧地；坚固地
specialize	专攻
tuck	卷起；藏起；收拢；缝摺；船底后端；打摺
faint	微弱的；昏倒；模糊的；昏厥；无力的
dilemma	困境；进退两难
shallow	浅的；浅滩；薄的；变浅；浅处
ancestor	祖先；祖宗；原种
condemn	谴责；判刑
optimistic	乐观的；乐观主义的
shrimp	虾；钓虾
equip	装备；具备；准备；穿
unite	团结；联合；统一；合并
courtroom	法庭；审判室
grin	露齿而笑；咧嘴笑；露齿笑
symbolic	象征的；符号的；代号
hostile	敌对的；怀敌意的
aunt	姑；姨；婶；伯母
conceive	怀孕；设想；想出
patience	耐心；忍耐；毅力
spite	恶意；怨恨；刁难；惹怒；冒犯
grasp	抓住；把握；领会；抓紧；紧握
willingness	愿意；乐意
Cuban	古巴人
haul	拖；拉；拖运；搬运
concede	承认；让步；认输；给予
afterward	后来；以后
ruin	毁灭；废墟；毁坏；崩溃
alongside	在旁边；在 ... 旁边
thigh	大腿
discourage	阻碍；使气馁
drawer	抽屉；出票人；制图员；拖曳者
ideological	意识形态的；思想上的
secular	世俗的；非宗教的；现世的；不朽的；牧师；凡人
casualty	事故；伤亡人数；伤亡者
terrific	极好的；可怕的；非常的；危险的
teammate	队友
instinct	本能；直觉；天性；充满的
whoever	任何人；不管谁；无论是谁
instruct	指导；教；命令
skull	头骨；骷髅头
verdict	裁决；定论
manipulate	操作；操纵；控制；利用；篡改
subsidy	津贴；补助金
whip	鞭子；鞭打；抽打；鞭状物；彻底打败
mushroom	蘑菇；采蘑菇；迅速增加；暴发户；菌菇状物；雨后春笋般涌现
boil	煮沸；沸腾；疖；激动；翻滚
tragic	悲惨的；悲剧的
mechanic	技工；机修工；手工的
dessert	名词
incredibly	难以置信地；极其
fisherman	渔夫；渔船
sock	短袜
ambition	野心；雄心；抱负；追求；精力；有 ... 野心
breeze	微风；焦炭渣；飘然而行；轻松通过
touchdown	触地；触地得分；着地
costly	昂贵的；代价高的
ambitious	野心勃勃的；有雄心的；有抱负的
presumably	大概；可能；据推测
influential	有影响的；有权势的；有影响力的人物
uncertain	不确定的；不稳定的；易变的
dissolve	溶解；解散；消散；消除；使溶解；液化；叠化画面；变得模糊
aesthetic	审美的；美学的；有美感的
gut	内脏；肠子；勇气；胆量；取出内脏；本能的；羊肠线
waist	腰；腰部
accomplishment	成就；完成
crush	压碎；压榨；击败；极度拥挤；使...失望；折皱
cocaine	可卡因
fortunately	幸运地；幸亏
illusion	错觉；幻觉
tolerate	容忍；忍受；容许
scramble	争夺；混乱；争抢；紧急起飞；攀爬；混杂；杂乱地生长
decorate	装饰；装修；布置；授予某人奖章或其他奖状
sibling	兄弟姐妹
irony	反讽；讽剌之事
spoon	匙；调羹；匙状物；以匙舀起；调情
alley	巷；胡同；球道；跑道
midst	中间；当中
rival	对手；竞争；竞争的；竞争者；同伴
persist	坚持；持续；继续；执意
mentally	智力上；精神上；心理上
heal	治愈；痊愈；使和解；使恢复健康
exploit	利用；开发；剥削；开拓；功绩；英勇行为
organism	有机体；生物体；有机组织
gop	名词
sensation	感觉；轰动；知觉；激动
upstairs	楼上；在楼上；楼上的；往楼上；上层的
shove	推；挤；推挤；撞；乱塞；乱放
backyard	后院；后院的；后庭
stove	炉子；窑
comprise	包含；构成
grandchild	孙女；孙儿
dough	生面团
reportedly	据报道；据说
outfit	机构；配备；用具；得到装备；供应
unprecedented	前所未有的；空前的
columnist	专栏作家
shy	害羞的；腼腆的；胆怯的
banker	银行家；庄家；鳕渔船
caller	呼叫者；打电话的人；来访者
interfere	干涉；妨碍
eighth	第八；八分之一
speculation	投机；推测；沉思
uncover	揭开；揭露
stimulate	刺激；激励；鼓舞；起刺激作用
outsider	局外人；外行；旁观者
stance	立场；态度；站立姿势
compel	迫使；强迫；使不得已
desperately	绝望地；拼命地；极严重地；孤注一掷地
someday	有朝一日
proclaim	表明；声明；赞扬；正式宣布
hike	徒步旅行；远足；提高；涨价
confrontation	对抗；冲突
scent	气味；香味；线索；充满；发觉；闻出；得到 ... 的暗示
colorful	有趣的；华美的；富有色彩的
eyebrow	眉毛
sack	解雇；袋子；劫掠；把 ... 装入袋子
cease	停止；终止
inherit	继承；遗传
shrink	收缩；萎缩；退缩；使收缩；精神科医生
fierce	凶猛的；强烈的；酷烈的
envision	想象；设想
aisle	侧廊
weaken	变弱；弄淡
openly	公开地；公然地；直率地
unfair	不公平的
risky	危险的；冒险的；大胆的
deploy	部署；配置；展开；进入战斗位置
distract	分散；转移；分心；困扰
depressed	沮丧的；萧条的；不景气的；降低的；动词depress的过去式及过去分词.
chunk	矮胖的人或物；发出猛冲的声音；相当大的量
invade	侵略；侵扰；拥入；侵害
coup	政变；意外而成功的行动
classify	分类；归类
curiosity	好奇；好奇心；稀奇的人或物
aggression	侵略；侵犯；进攻；侵害
supportive	支持的
stimulus	刺激；激励；刺激品
ecosystem	生态系统
feather	羽毛；用羽毛装饰；翎毛；种类；长出羽毛
boast	自夸；吹牛；引以为荣的事物；以...为荣
tighten	勒紧；变紧；固定；使紧
unfold	展开；显露；开放
supposedly	大概；推测地
streak	倾向；条痕；痕迹；一系列；闪现；斑纹；快速移动；加条纹；夹杂着；少许
deem	认为；视作
glimpse	瞥见；一瞥；一闪；略微；隐约感觉
premise	前提；假设；预述
sneak	溜；潜行；偷偷地做；偷偷地走；鬼鬼祟祟的人；暗中进行的；出其不意的；偷偷摸摸做
artifact	人工制品；典型产物
listener	听众；听者
disturb	扰乱；妨碍；打乱...的治安；打破...的平静；使 ... 不安
disappointment	失望；令人失望的人或事
rib	肋骨；装肋于；肋状物；用肋状物支撑
debris	碎片；残骸
socially	在社会上；在社交上；与礼貌行为相关
slavery	奴隶制；奴役；奴隶身份
halfway	不彻底的；中途的；半路地；在…中间；折中地
deliberately	故意地；不慌不忙地
regret	遗憾；后悔；抱歉；惋惜；为 ... 感到遗憾
carrot	胡萝卜；报酬
wheelchair	轮椅
atop	在顶上；在 ... 的顶上
embarrassed	尴尬的；拮据的；局促不安的
suspicious	可疑的；多疑的
cling	坚持；紧贴；紧抓；附着；依恋
plunge	投入；跳入；使投入；栽进
refuge	避难；避难所；庇护
chill	寒冷；寒冷的；扫兴；寒心；着凉；冷淡的
legislator	立法者
cheer	欢呼；加油；愉快；鼓舞；激励；使振奋；快活起来
steer	引导；驾驶；操纵；掌舵
intact	原封不动的；完好无缺的；未经触碰的
peanut	花生
thrive	繁荣；兴旺；茁壮成长
elaborate	复杂的；详尽的；精美的；精心的；变得复杂；推敲；详细地说明；用心制作
chew	咀嚼；深思；嚼碎；咀嚼物
steak	牛排
shareholder	股东
conception	概念；观念；构想；怀孕
conscience	良心；是非之心
considerably	非常地；相当地；颇
awake	醒着的；醒来；唤醒；唤起；警觉的
feminist	女权主义者；女权主义的；主张男女平等的
inevitably	不可避免地
emotionally	感情上地；冲动地
expedition	探险队；远征；迅速
similarity	相似；类似
allegedly	依其申述；据传
philosophical	哲学的；达观的
sprinkle	洒；撒；下稀疏小雨；少量散布的屑状物
patron	守护神；赞助人；老主顾
blessing	祝福；幸事；祷告
grandparent	名词；动词
peasant	农民
supermarket	超级市场
neat	整洁的；简洁的；利索地；整洁地；利索的
lawmaker	立法者
beard	胡须；公开反对；抓住胡须
widow	寡妇；遗孀；使丧偶
impulse	冲动；推动；神经冲动；心血来潮
forbid	禁止；不许；阻止
predator	食肉动物；掠夺者
poke	戳；刺；捅；伸出；拨开；拨；钱袋
soar	翱翔；高飞；高涨；猛增；高耸
happily	快乐地；幸福地；恰当地；幸好；形容词happy的副词形式.
enact	扮演；制定法律
autonomy	自治；自主；自治权
landmark	里程碑；陆标；地界标；划时代的事
unhappy	不快乐的；不幸福的；不高兴的；不满的
privately	私下地；秘密地
offender	罪犯；冒犯者
distinctive	形容词；名词
routinely	例行公事地；通常地；日常地
regulator	监管机构；调整器；调整者
straw	稻草；吸管；无价值的；麦杆；用稻草做的；不值钱的东西；像稻草人的
theological	神学的；=theologic.
fragile	易碎的；虚弱的；精细的；脆的
objection	反对；异议
crowded	拥挤的
prevail	盛行；获胜；劝说
fragment	片段；碎片；分裂；使破碎
headache	头痛
warmth	温暖；热情；热烈；热心
policeman	名词
mansion	大厦；公寓；宅邸
cruel	残酷的；残忍的；引起痛苦的
grape	葡萄；葡萄树；深紫色
authorize	授权；批准；委托
driveway	名词
loyal	忠诚的；忠心的
ego	自我；自负；自尊心
regain	恢复；复得；重回
frown	皱眉；皱眉头；不悦；不同意
molecule	分子；微粒
sweater	毛衣；出汗者
favorable	有利的；良好的；赞同的；顺利的
steadily	稳定地；稳固地；逐步地
youngster	少年；小伙子；年青人；幼小动物；儿童
contemplate	沉思；打算；注视
overwhelm	压倒；淹没；打败；打击；使感动
spark	火星；引起；激发；闪烁；朝气；热情回应；俗丽的年轻人；情人；向...求爱；冒火花
fatigue	疲劳；疲乏；疲劳的；劳务杂役
ironically	讽刺地；说反话地
speculate	推测；投机；深思
bucket	大量；下倾盆大雨；颠簸行进；装在桶里
meantime	同时；与此同时；其间
preach	说教；讲道；传道；训诫
confession	忏悔；招供；自白；自认
defender	拥护者；辩护者；防卫者
provoke	激怒；惹起；驱使
disturbing	令人不安的；烦扰的；担心的
depart	离开；死亡
neighboring	邻近的；附近的；邻接的；动词neighbor的现在分词形式.
devastating	毁灭性的；破坏性的；惊人的；压倒性的；有魅力的
soak	浸；浸泡；湿透；渗透；吸入；使浸透；渗入；敲竹杠
mutter	咕哝；抱怨；低语；嘟哝
riot	骚乱；暴乱；闹事；喧闹
nutrient	营养物；营养的；营养品；滋养的
severely	严厉地；严格地；严重地；严肃地；朴实地
sovereignty	主权；独立国
frustrate	挫败；使灰心；挫败的；使沮丧；无益的；挫折的；击败
unidentified	身份不明的；未确认的；无法识别的
articulate	发音；有关节的；发音清晰的；善于表达的；清楚地讲话；以关节连接
swell	膨胀；肿胀；增大；汹涌；一流的；时髦的
soften	动词
accusation	指控；控告；非难
terribly	很；可怕地
cue	提示；暗示；信号；给 ... 提示；把 ... 插入演出
straighten	整顿；弄直；挺直；使正确
seldom	很少；难得
compelling	令人信服的；引人注目的；紧迫的
honestly	诚实地；的确；老实地；实在
troubled	不安的；烦恼的；动词trouble的过去式和过去分词.
economically	节约地；在经济上
vague	模糊的；不明确的；茫然的；犹豫不决的
foreigner	外国人；外人
twentieth	第二十；二十分之一
weave	编织；织法；编法；编造；组合；迂回前进
plea	恳求；抗辩；借口；申诉
bulb	电灯泡；球茎；球状物
narrator	叙述者；讲解员
missionary	传教士；传教的
sometime	改天；来日；以前的；某时
diplomat	外交官；通权达变之人
epidemic	流行病；传染病；流行的；传染性的
inherent	固有的；内在的
accelerate	加速；提前；跳级
drown	淹死；淹没
spit	吐出；吐口水；唾液；烤肉叉；下小雨；彻底的擦洗；厉声说出；酷似；小雨；彻底地擦洗设备；用烤肉叉叉住
dictate	规定；口授；听写；指挥；指令
stereotype	典型；铅版；模式化观念；对…形成模式化的看法；老一套；使用铅版
kneel	跪
pistol	手枪
apology	道歉；辩解
bore	钻孔；使厌烦；讨厌的人；涌潮；挖掘；盯着看；开凿；麻烦事；动词bear的过去式.
beloved	心爱的；爱人
entertain	娱乐；招待；考虑；抱有；容纳；使有兴趣
chopped	斩碎的；动词chop的过去式和过去分词.
bomber	轰炸机；投弹手
nominate	提名；指派；登记赛马参加比赛
devise	设计；发明；遗赠
skeptical	怀疑的
scrutiny	监视；细看；周密的调查
suppress	压制；镇压；禁止；隐瞒；止住
unfortunate	不幸的；不幸的人；令人遗憾的
betray	背叛；出卖；泄露；显露
bureaucracy	官僚；官僚主义；官僚制度
clever	聪明的；灵巧的
loser	失败者；输家；遗失者
critique	批评；评论；批评法
aboard	上船；在船上；上飞机；上车；在飞机上；在火车上
compassion	同情；怜悯
congregation	人群；集合；教堂会众
awkward	尴尬的；笨拙的
Iranian	伊朗的；伊朗人；伊朗人的；伊朗语；伊朗语的
complication	并发症；复杂；纠纷
militia	民兵组织；义勇军；国民军
concession	让步；特许权；妥协；租界
rejection	拒绝；被弃
tenure	任期；终身职位；保有
inadequate	不充分的；不适当的
thief	小偷；贼
locker	储物柜；上锁的人；更衣箱；冷藏室
faithful	忠实的；忠诚的；忠贞的
haunt	常到；徘徊；缠住；常到的地方
evoke	唤起；引起
affirmative	肯定；肯定的；赞成；肯定语；正面的
vein	静脉；叶脉；岩脉；纹理；使有脉络；用脉络装饰
surrender	投降；放弃；屈服
scar	疤痕；伤痕；结疤；痊愈；断崖
sailor	水手；海员；扁平的硬边草帽
inspect	检查；视察
follower	追随者；属下；模仿者；狂热爱好者
compensate	补偿；赔偿；付报酬
hover	盘旋；徘徊
viable	可行的；能生存的
clarify	澄清；阐明；净化
sketch	素描；草图；速写；概述；草拟
countless	无数的；多的数不清的
pupil	小学生；弟子
ninth	第九；九分之一
strive	努力；奋斗；力求；斗争
neglect	忽视；忽略；疏忽
warfare	战争；冲突
mound	土墩；一堆；筑堤；小丘；用土堆防卫
tilt	倾斜；抨击；争论；车盖；以全速
biologist	生物学家
learner	学习者
knot	结；打结；节；捆扎；系牢
antibiotic	抗生素；抗菌的
prosperity	繁荣；兴旺
accumulate	积累；聚集；增加
prosecute	起诉；告发；从事；彻底进行；担任检察官
intervene	干预；介入；干涉；调停；插入；阻挠
embody	包含；使具体化
dull	迟钝；钝的；迟钝的；变钝；呆滞的；无趣的；暗的
creep	爬；蔓延；蠕动；毛骨悚然；渐渐出现；卑鄙小人；蹑手蹑脚地走；徐行
crab	蟹；捕蟹；抱怨；阴虱；使横行
vinegar	醋
capitalism	资本主义
inability	无力；无能
smash	粉碎；打碎；破碎；猛撞；撞击；极为成功的；轰动的演出
manuscript	手稿；原稿；手抄的
morality	道德；道德观；品行；美德
hopeful	有希望的
disagreement	争论；不一致；不合
purely	纯粹地；纯洁地；清白地
soda	苏打；汽水
shiny	闪亮的；发光的；擦亮的
stun	震惊；使目瞪口呆；使昏迷；使震惊；晕眩
poorly	贫穷地；身体不舒服的；贫乏地；心情恶劣的；不充份地
affection	感情；影响；喜爱；慈爱
philosopher	哲学家；思想家；达观者
clutch	离合器；抓住；企图抓住；紧要关头；爪子；关键的；踩离合器；一群；抓牢；致胜的
silently	寂静地；沉默地
conceal	隐藏；隐瞒；掩盖
curl	卷曲；弯曲；卷发；使弯曲；变卷；弄卷；漩涡；年轮
nineteenth	第十九
goodness	善良；美德；精华；天哪
remarkably	显著突出地；出乎意外地
leak	漏；泄露；渗；漏洞
trillion	万亿；兆；大量；兆的
homicide	杀人；杀人者
herd	群；兽群；放牧；聚在一起；牧人；群集
passionate	激情的；热情的；易怒的
psychiatrist	精神病学家；精神病医师
positively	绝对地；十分肯定的；极其；坚定的
snack	小吃；点心；吃点心
migrant	候鸟；移居者；移居的
competence	能力；胜任；管辖权
distress	痛苦；苦恼；不幸；危难；使痛苦；使苦恼
homeowner	房主
imagery	图像；意象；比喻；肖像
infect	感染；传染
paradigm	范例；典范；示范
backward	向后的；落后的；向后
appetite	食欲；欲望；嗜好
offend	冒犯；违反；犯罪；令人不适
sympathetic	交感神经；同情的；赞同的；共鸣的
hostility	敌意；敌对状态；公开战争
condom	避孕套；安全套
spectator	观众；旁观者
comet	彗星
bleed	流血；渗色；榨取；给...抽血
choke	窒息；抑制；阻塞；阻风门；使窒息；使说不出话；说不出话
pesticide	农药；杀虫剂
pea	豌豆
delegate	委托；代表；委派；授权；派 ... 为代表
cautious	谨慎的；十分小心的
tremble	颤抖；发抖；震颤；忧虑；战悚
prejudice	偏见；伤害；使 ... 存偏见
designate	指定；指定的；选派；标明；把...定名为
robe	长袍
abruptly	突然地；陡峭地；莽撞地；不连贯地
classmate	同班同学
hatred	仇恨；憎恨；敌意；怨恨
enlist	入伍；征募；使入伍；参与；获得...支持
predecessor	前任；祖先；原有事物
induce	引起；引诱；促使；劝服
rookie	新手
gown	长袍；长外衣
notably	显著地；特别地；值得注意地
correlate	关联；使相互关联；相关物
halt	停止；暂停；中止；跛行；止步；犹豫；踌躇
exile	流放；放逐；被放逐者
roar	咆哮；轰鸣；吼叫；吼声；喧闹
revive	复生；唤醒；恢复精神；使重生
sour	酸的；变酸；酸腐的；刻薄的
unclear	不清楚的；含混的
reside	居住；存在；属于
originate	起源于；开始；发起
lure	吸引；诱惑；饵；吸引力
erupt	爆发；喷发；发疹
loom	织布机；隐约可见；若隐若现；迫近
notable	显著的；著名的；名人
dusty	满是灰尘的
cane	手杖；藤条；以杖击；细长的茎；以藤编制的
fortunate	幸运的；带来幸运的；侥幸的
disrupt	干扰；打断；使分裂；妨碍；使破裂
breakthrough	关键问题的解决
odor	气味；气息；名声
lobbyist	说客；活动议案通过者
allege	宣称；断言
countryside	农村；乡下
hut	小屋；棚屋；在棚屋中隐蔽
attain	达到；获得；实现
sixteen	十六
dinosaur	恐龙
excite	刺激；激起；使激动；使兴奋
pronounce	发音；宣判；发表意见；断言；宣告
confine	限制；范围；禁闭；约束；界限
assertion	断言；主张；论断；被维护的东西
orthodox	正统的；传统的；东正教的
outbreak	爆发；暴动
freshly	新近；刚才
grim	可怕的；冷酷的；严厉的；不愉快的
bead	珠子；滴；用珍珠布置或覆盖；象珍珠一样串成线；形成珍珠
profitable	有利可图的；有益的
drought	干旱
uphold	维护；支持；维持；举起
commentator	评论员；解说员；注释者
believer	信徒；相信者
grind	磨；碾；压迫；苦事；碾碎；逐渐停顿；磨得吱吱响
prescribe	开处方
wounded	受伤的；伤员
shotgun	猎枪；强迫的；漫无目的的；用猎枪的
subway	地铁；地下通道
transplant	移植；移植物；移居
explosive	炸药；引发争论的；大声的
illuminate	照明；说明；阐释
congressman	国会议员
Nazi	纳粹党的；纳粹党人
penetrate	穿透；渗透；了解；看穿
evolutionary	进化的；发展的；演变的
innocence	无罪；清白；天真无邪；无知
flaw	缺陷；瑕疵；裂缝；有瑕疵；使破裂；破绽
optimism	乐观；乐观主义
skinny	皮的；皮包骨头的；很瘦的
posture	姿势；态度；情形；摆架子；作 ... 姿势
demon	恶魔；魔鬼；精力充沛的人；高手
reassure	再保证；使…安心
rehearsal	彩排；排练
invoke	请求；援引；引起；求助；乞灵于
correspond	对应；符合；通信
discard	抛弃；丢弃；丢牌；废牌
revival	复兴；复活；恢复精神
restraint	克制；抑制；束缚
Sunni	逊尼派教徒；逊尼派；逊尼派的
theirs	它)们的；他(她
murderer	凶手；杀人犯
abundance	丰富；充裕
despair	绝望；失望
attendant	服务员；伴随的；侍从；伴随物；出席者
fulfill	完成；履行；满足；执行
ethnicity	种族划分；属于少数民族
successor	接班人；继任人
assassination	暗杀
strawberry	草莓
crying	哭喊；紧急的；动词cry的现在分词.；令人震惊的
guerrilla	游击队的；游击队员
environmentalist	环保人士；环境论者
trophy	战利品；奖品；有威望的；显示身份的
ironic	讽刺的；说反话的
contradiction	矛盾；反驳；否认；不一致
rattle	喋喋不休；使恼火；嘎嘎声；使惊惶失措；嘎嘎作响；拔浪鼓；嘎嘎响的东西；使作响；急促地谈讲
shatter	粉碎；碎片；毁坏；使精疲力尽
descent	下降；血统；继承；下坡；衰落；家世；侵袭
startle	吃惊；惊恐
widen	扩大；加宽；变宽；使变宽
tease	戏弄；欺负；嘲弄；揶揄者
waiter	侍者
vow	发誓；誓约
downstairs	楼下；在楼下；楼下的；向楼下
rigid	严格的；僵硬的；坚硬的；刻板的；固执的
tumble	暴跌；跌倒；翻滚；倒塌；混乱；弄乱；明白；跌跤；突然发现
financially	副词
statistically	统计上地；统计学地
psychiatric	精神病的；治疗精神病的
eighteen	十八
rotate	轮流；车轮状的
recount	重新计算；详述；列举
settler	定居者
polite	有礼貌的；客气的；文雅的；有教养的
scrape	擦伤；刮掉；刮擦声；擦掉
fourteen	十四
ambulance	救护车
prey	捕食；掠夺；牺牲者；使 ... 苦恼
bump	碰撞；肿块；提高；撞击；颠簸而行；猛烈的；表面隆起；突然的
peculiar	独特的；特殊的；奇怪的；古怪的；特权
sadness	悲哀
enthusiastic	热情的；热烈的；热心的
firefighter	消防队员
supper	晚饭；晚餐；晚餐会
goose	鹅；鹅肉；雌鹅；笨蛋；长柄熨斗
peach	桃子；桃树；桃红色
summarize	概述；摘要而言
nurture	培育；养育；照顾；扶持；环境因素
frighten	害怕；惊吓；使惊吓
formally	正式地；形式上地
vivid	生动的；鲜艳的；栩栩如生的
frightening	令人恐惧的；令人害怕的；动词frighten的现在分词.
furious	狂怒的；猛烈的
undoubtedly	无疑地
omit	省略；遗漏；删去；忘记
ruler	统治者；尺子；划线板；支配者
obsession	困扰；沉迷；妄想；着魔
corpse	尸体
certainty	确定；确实的事情
problematic	问题的；有疑问的
damp	潮湿；潮湿的；湿气；有湿气的；沮丧的；使潮湿；变潮湿；使扫兴
melody	旋律；曲调；曲子；美妙的音乐
physicist	物理学家
utterly	全然；完全；绝对
memoir	自传；传记；实录；学术论文集.
salesman	推销员；销售人员
cultivate	培养；栽培；陶冶；耕作
goodbye	再见；说再见
realization	实现；领悟；实得
meadow	草地；牧场
defy	反抗；藐视；挑衅
socialist	社会主义的；社会主义者
tempt	引诱；吸引；诱惑；怂恿
fundamentally	从根本上；基本地
scrap	废品；报废；打架；碎片；争斗；瘦小的人；少许；舍弃
wildly	鲁莽地；激动地；狂热地；剧烈地；轻率地
inject	注入；注射；插入；引入
applause	鼓掌；喝彩；赞许
suitcase	手提箱
evenly	平坦地；平等地；平衡地
supervise	监督；管理；指导
precede	先于；领先；在前面；在 ... 之前
aspiration	渴望；抽吸；抱负；志向；发送气音；吸引术；热望；吸气
inclined	倾向于 ... 的
newcomer	新来的人；新手；新近出现的事物
fried	炸过的
gravel	碎石；使困惑；铺碎石
precedent	先例；惯例；在先的；先前的
nationalism	民族主义；爱国心；政治独立运动
indictment	起诉；控告；起诉状
interpreter	口译员；演绎的人
calf	小牛；小牛皮；小腿肚；幼崽；愚蠢的年轻人
collision	碰撞；冲突
encompass	包括；包围；围绕；完成
diplomacy	外交
faction	内讧；小集团；派系斗争
sixty	六十；六十的；六十个的
skillet	煎锅
immense	巨大的；广大的
thirteen	十三
ashamed	感到惭愧的；感到害臊的
aftermath	后果；余波；灾后时期；再生作物
astronaut	宇航员
useless	无用的；无效的
crust	外壳；面包皮；结硬皮；盖以硬皮；坚硬的外壳
gasp	喘气；喘息；渴望
altar	祭坛
embarrassing	尴尬的；令人为难的
umbrella	伞；雨伞；庇护
mosquito	蚊子
unconscious	失去知觉的；无意的
intimacy	亲密；隐私
obey	服从；遵守；听从；顺从
divert	转移；娱乐
thoughtful	体贴的；深思的
vine	藤；蔓；攀爬植物
permanently	永久地
shocked	震惊的；动词shock的过去式和过去分词.
awaken	醒；唤醒；意识到；激起；使意识到；使唤醒
outrage	愤怒；暴行；义愤；激怒；凌辱
monopoly	垄断；控制；独占；专利
loudly	大声地；高声地；花俏地
nun	修女；尼姑
broth	肉汤；清汤
summon	召唤；召集；振奋
miner	矿工
aloud	大声地；出声地
dangle	追求；摇摆；挂着；摇晃；悬垂；摇摆物
cigar	雪茄烟
jerk	笨蛋；猛拉；急动；颠簸不稳的
mob	暴民；一伙；大举包围；蜂拥而入
weep	哭泣；流泪；悲叹；渗出
liquor	酒；烈性酒；液剂
dioxide	二氧化物
accountable	负有责任的；可说明的
affirm	肯定；断言；证实
sadly	悲哀地；遗憾的是
emergence	出现；浮现；露出
lifelong	终身的；毕生的
linger	徘徊；逗留；消磨；漫步
applaud	鼓掌；称赞；赞成；拍手喝彩
stabilize	使安定；使坚固
underneath	在下面；底部；下部；在 ... 下面
preacher	牧师；传道者；讲道者
plantation	种植园；殖民地；造林地
predictable	可预知的
presume	假定；推测；利用；姑且认定；越权行事；认为是理所当然
proponent	支持者；提倡者
constituent	成分；选民；构成的；组织的；构成物；立宪的
gardener	园丁；花匠
sweeping	扫除；广泛的；一扫而去的；凶猛的；动词sweep的现在分词.
manipulation	操纵；控制；篡改
skate	滑冰；溜冰；冰鞋
legitimacy	合法；正当；合理
curse	诅咒；咒骂；使受罪；祸端
resignation	辞职；辞呈；顺从
culturally	文化地；人文地
reconciliation	和解；调和
deed	行为；事迹；立契转让
impairment	损伤
miserable	悲惨的；痛苦的；贫乏的；狼狈的
lively	活泼的；活跃的；栩栩如生的；真实的
erase	抹去；擦掉
shave	刮；剃；剃须；修面；剃刀；掠过；修剪
irrelevant	不相干的；不恰当的；无关系的
foolish	愚蠢的；可笑的；荒谬的
frightened	受惊的
neatly	整洁地；熟练地
ignorance	无知；愚昧
wetland	湿地；湿地的
skier	滑雪者
reverend	牧师；教士；牧师的；神职人员；应受尊敬的
playground	操场；运动场；游乐场
embarrassment	尴尬；难堪；困窘
primitive	原始的；原始人；简陋的；文艺复兴前的艺术家
balcony	阳台；包厢；楼座
brow	眉毛；表情；前额；山脊
mosque	清真寺
recycle	循环；再利用；再循环；使再循环；再制
coincidence	巧合；一致；同时发生
resentment	怨恨；愤恨
feminine	女性的
justification	辩护；正当的理由
destructive	破坏性的；有害的
repetition	重复；反复
niche	生态位；壁龛；放在适当的位置；适当的位置；小生态环境
courtyard	院子；庭院
terrify	使恐怖；使害怕；威胁
revise	修正；校订；校正；再校稿
bark	树皮；咆哮；狗吠；剥皮；擦伤
fascinate	吸引住；有吸引力；使 ... 入迷
stab	刺；刺伤；戳；尝试；刺痛
propaganda	宣传；宣传的内容
underscore	强调；下划线；影片伴奏乐；划线于；提供伴奏乐
formulate	规划；制订；系统地阐述；用公式表示
prop	支撑；支柱；道具；维持；支持者；推进器；螺旋桨；倚靠人
technically	技术上；学术上；严密地
fulfil	履行；满足；实践；使应验
corrupt	腐败；腐败的；贿赂；堕落的；腐烂；使腐烂；使恶化；讹误的
specimen	标本；样本
obscure	隐藏；难解的；不著名的；变模糊；微暗的；使 ... 模糊；模糊不清的东西
monk	僧侣；修道士
spectacle	景象；奇观；场面；壮观；公开展示
thrill	激动；感到紧张；引起激动的事物
heroin	海洛因
bout	一场；回合；发作；一阵
sniff	嗅；嗤之以鼻；气味；吸气；嗅到；找出；嗤之以鼻地说；吸入
runway	跑道；河床；悬索道；滑沟
cone	圆锥体；球果；锥形物；变成锥形
stroll	漫步；闲逛
lineup	一组人；电视节目时间表；选手阵容；行列
circulate	循环；流通；传播
endeavor	努力；尽力；力图
intriguing	有趣的；吸引人的
absurd	荒唐；可笑的；荒唐的；不合理的
thrust	推力；刺；插入；要旨
temptation	诱惑；引诱物
feast	宴会；酒席；享乐；节会；请客；款宴
unfamiliar	不熟悉的
conductor	指挥；导体；售票员
analogy	类比；相似；类似
inhabitant	居民
intensify	强化；加剧；增强
sway	影响；摇摆；支配；摇动
postwar	战后的
erosion	侵蚀；腐蚀
manifest	显示；显然的；明白的；表露；旅客名单；证实；载货单
sophomore	第二年的
refusal	拒绝；回绝
lick	舔；打；少许；轻拍；掠过；击败
unaware	不知道的；没有发觉的
predominantly	主要地；占优势地；压倒性地
idiot	白痴；傻瓜；笨蛋
courthouse	法院大楼
defect	缺陷；缺点；背叛
accountant	会计师；会计人员
owl	猫头鹰
fairness	公平；公正
slash	斜线；猛砍；鞭打；大幅减少；乱砍；撒尿；割伤；长切口；尖锐抨击；衣衩；沼泽地
diner	车形餐馆
finely	微细地；精细地
artery	动脉；干线
curator	管理者
mist	雾；使模糊；下雾；迷蒙；朦胧不清；使…模糊
grower	栽培者；生长物
nonsense	胡说；废话；荒唐
humble	谦逊的；贬低；粗陋的；卑下的；微末的；使 ... 卑下
gum	树胶；齿龈；牙床；搞砸；用牙床嚼；以树胶粘合；粘性物质
fishery	渔业；渔场
coefficient	系数
cosmic	宇宙的；无限的；广大无边的
ponder	考虑；沉思
complicate	复杂的；使复杂化；使起纠纷
sanctuary	圣所；避难所；耶路撒冷的神殿
denounce	谴责；告发；通告废除
beating	打；跳动；打败；动词beat的现在分词.
stool	凳子；大便；引诱；搁脚凳；便桶
credible	可信的；可靠的
tuna	金枪鱼；霸王树
daylight	日光；白昼；黎明
simmer	炖；煨；内心充满；即将发作；即将爆发
wary	机警的；小心的
saturated	饱和的；渗透的；深颜色的
embed	深留脑中
staffer	雇员中的一员
linen	亚麻布；亚麻的；亚麻制品；亚麻线；亚麻布制的
robbery	抢劫
memorable	难忘的；值得纪念的
nicely	恰好地；精确地；漂亮地
footstep	脚步；脚步声；足迹
prostitute	娼妓；卖淫的；堕落的；卖身；为赚钱而作坏事的人
drip	滴；点滴；滴下；乏味的人
clove	丁香；劈开
shocking	使人震惊的；骇人的；动词shock的现在分词形式.
elevate	举起；提拔；鼓舞；变高；素养提升
loosen	放松；放宽；松开；变松；松弛
predictor	预言者
chore	家务；琐事；讨厌的工作
fringe	边缘；流苏；用流苏修饰；次要；额外补贴；镶边
lengthy	冗长的；漫长的
hedge	树篱；篱笆；套期保值；障碍；两面下注；避免直接回答；推诿；用树篱围；防护物
murmur	低语；低声抱怨；低声的抱怨；连续轻柔的声音；发出连续轻柔的声音
maid	侍女
rationale	基本原理；基础理论
lieutenant	中尉；副官；助理人员
inhabit	栖息；居住于；占据
injustice	不公正；不公正的行为
quota	配额；定额；限额；最低票数
stride	跨；步伐；一大步；进步；跨过；大步走；迈大步走；跨骑；分腿站立
soy	大豆；酱油
insurer	保险公司；保险人；承保方
oversight	监管；疏忽；失察；看管
dub	配音；轻点；打击
viewpoint	观点；看法
unbelievable	难以置信的
snatch	抢夺；抓住；夺取；一阵；一点点
amazed	吃惊的；惊愕的；动词amaze的过去式和过去分词.
accord	符合；协议；一致；给予；调解；与...一致
slogan	口号；标语
outrageous	过分的；骇人的
overly	极度地；过度地
perch	栖息；栖木；位于；杆；高位；就位；河鲈鱼
shrine	圣地；庙；神龛；将 ... 置于神龛内；把 ... 奉为神圣
albeit	介词
misery	痛苦；苦难；悲惨的境遇
adequately	充分地；足够地；适当地
addict	上瘾者；耽溺者；沉溺；使 ... 上瘾
marginal	微小的；边际的；末端的；仅以微弱多数获胜的
mustard	芥末；芥菜；中棕黄色
ramp	斜坡；坡道；敲诈；加速；横冲直撞；移动舷梯
villager	村民
watercolor	水彩颜料
fertility	名词
relaxed	放松的；松懈的；随意的；动词relax的过去式和过去分词.
hail	冰雹；来自；欢呼；招呼；下冰雹；喝彩；宣称
secretly	秘密地；背地里
whatsoever	无论什么；无论什么的
garment	衣服；覆上 ...；给 ... 披上衣服
activate	激活；起动；使活动
naive	天真的；幼稚的
exert	施加；运用
caregiver	看护者
kindergarten	幼儿园
cereal	麦片粥；谷类食物；谷物的；谷类的
fracture	断裂；骨折；破裂；破碎
turnover	营业额；流动；成交量；半圆卷饼；可翻转的；翻覆
sensible	明智的；实际的；可觉察的；可感知物；合情理的
socioeconomic	社会经济的
pyramid	金字塔；棱锥体；以金字塔的模型构建
Protestant	新教徒；新教徒的；抗议者；抗议的
convincing	有力的；令人心悦诚服的；使人信服的；动词convince的现在分词.
decoration	装饰；装饰品
descendant	后裔；后代；子孙
lump	块；团；瘤；归并；使成块；形成团状；笨重的人
scarf	围巾
freeway	高速公路；快车道
clash	冲突；抵触；撞击声；使…发出撞击声
upward	向上；上升；向上的；上升的
mammal	哺乳动物
yank	猛拉；猛拔
multiply	乘；增加；繁衍；多样地；做乘法；多重地
pumpkin	南瓜
imitate	模仿；仿效；仿制
notorious	臭名昭著的
compost	堆肥；混合肥料；使成堆肥
cough	咳；咳嗽
lethal	致命的；危险的；有效的
entail	带来；限定继承；限定继承权；使必需
toast	烤；烤面包；吐司；祝酒；烘；祝酒词；被祝酒的人
filmmaker	电影摄制者
credential	凭据；国书；信任的；印信；提供证明书
swirl	漩涡；涡状形；盘旋；眩晕
broadly	宽广地；概括地；大体上；明白地；广泛地；无礼貌地
smoothly	流畅地；平滑地
distraction	分心；消遣；娱乐；注意力分散；发狂；分心的事物
fling	投；投掷；急冲；猛冲；全身心投入；粗暴地推向 ...；激动地说；一时的行乐
roam	漫游；闲逛；徜徉
heroic	英勇的；英雄的；巨大的
heir	继承人
insure	确保；保险；买保险
asteroid	小行星；星状的；海盘车
tomb	坟墓；埋葬
straightforward	坦率的；易懂的；笔直的
anticipation	预期；预料
frustrating	令人泄气的；使人沮丧的；动词frustrate的现在分词.
glorious	辉煌的；光荣的
honesty	诚实；正直
encouragement	鼓励；激励
crisp	脆的；卷曲的；明快的；薯片；干脆的；松脆物
protester	抗议者；声明者；提出异议者
fearful	可怕的；担心的
sausage	香肠；腊肠
overturn	推翻；颠覆；倾覆；打翻；翻倒
deprive	剥夺；失去；免职
standpoint	立场；观点
empower	授权；使能够
flourish	繁荣；茂盛；挥舞；活跃；炫耀；花样；华丽词藻
tug	拖船；用力拉
shiver	发抖；哆嗦；打碎；颤动；碎块；冷颤
lobster	龙虾；捕龙虾
solidarity	团结
saddle	鞍；车座；装以马鞍；使负担；当权；装马鞍；山脊
freeman	自由民；公民；男子名）；一种叫Freeman的荣誉公民；弗里曼（姓氏
partisan	游击队员；党羽；党派性的；偏袒的；强烈支持者
abundant	丰富的；充裕的
prone	俯卧的；有 ... 倾向的；易于 ... 的
renewed	更新的；复兴的；重新的；重申的；动词renew的过去式和过去分词.
aggressively	攻击地；侵略地；有干劲地
formidable	强大的；可怕的；难对付的
liberation	解放
confusing	令人费解的；动词confuse的现在分词.；使人困惑的
burial	埋葬；葬礼；坟墓
mobilize	动员；调动；动员起来；使流通
vigorous	有力的；精力充沛的；元气旺盛的
unwilling	不愿意的
fond	喜欢的；溺爱的；愚蠢的；渴望的
questionable	可疑的；可置疑的
poise	平衡；姿态；镇静；盘旋；使 ... 平衡；保持 ... 姿势；做准备
marital	婚姻的
vicious	恶毒的；恶意的；堕落的；剧烈的
surroundings	环境；周围的事物；名词surrounding的复数形式.
homemade	自制的；国产的
drape	布帘；褶皱；用布帘覆盖；悬挂
evangelical	新教会的；信福音主义者
spokeswoman	女发言人
wedge	楔子；楔形物；挤进；嵌；楔住
coffin	棺材
tense	紧张的；绷紧的；拉紧的；拉紧；使紧绷
archaeologist	考古学家
disturbance	扰乱；骚动
emit	放射；吐露
acquaintance	熟人；相识；了解
unusually	异乎寻常地；显著地；非常
contempt	轻蔑；轻视
bastard	私生子；混蛋；私生的；错误的；混蛋的
efficacy	功效
anthropologist	人类学家
dominance	优势；统治；支配；控制
ample	充足的；丰富的；宽敞的
theorist	理论家
disadvantage	不利；不利条件；损害；损失
stripe	条纹；种类；条纹布；鞭打；抽打；军士军阶；使 ... 带有条纹
potent	有效的；强有力的
foremost	最重要的；最初的；在最前面
exclaim	呼喊；大叫；大声说出
dentist	牙科医生
sorrow	悲伤；悲痛；懊悔；悔恨；伤心事；惋惜
oyster	牡蛎
scholarly	学术性的；学者派头的；学究气的；名词scholar的形容词.
exaggerate	夸大；夸张；夸大其词；对...言过其实
whisk	拂；搅拌；搅拌器；扫帚；迅速移动；毛掸子
pastry	馅饼皮；面粉糕饼
decisive	决定性的；果断的
reactor	反应堆；反应者
seventeen	十七
visually	看得见地；视觉上地
volcano	火山
jealous	嫉妒的；妒忌的；羡慕的
satisfying	令人满意的；圆满的；动词satisfy的现在分词.；可相信的
pasture	牧场；放牧；草原；吃草
rebellion	叛乱；反抗
constituency	选民；顾客；读者；选区；全体选民；选区内的选民
chuckle	轻声笑；咯咯笑；暗自笑
swamp	沼泽；淹没；湿地；困境；使陷于困境
evidently	明显地；显著地；显而易见地
standardized	标准的；定型的；动词standardize的过去式和过去分词.
deliberate	深思熟虑的；故意的；仔细考虑；从容不迫的；研讨
fictional	虚构的；小说的
bait	饵；引诱；中途休息；逗弄；以饵引诱
novelist	小说家
sore	痛处；疼痛的；恼火的；伤口；痛心的；严重的
subscale	内部氧化物
oath	誓言；誓约；咒骂语
embargo	禁运；封港令
erect	建立；直立的；建造；竖立的；笔直的；使竖立
implant	移植；灌输；嵌入；植入物；移植物；深植
deficiency	不足；缺乏；缺陷；缺点
nephew	侄子；外甥
blur	模糊；污点；弄脏；使 ... 模糊
fertilizer	肥料
freezing	冰冻；冰冻的；严寒的；冷冻用的；动词freeze的现在分词.
altitude	高度；海拔；高地
glare	刺眼；发眩光；闪耀光；瞪视
squint	斜视；眯眼看；斜视的；一瞥；使斜眼；偏移；窥视；斜的；斜孔小窗
flashlight	手电筒；闪光灯
urgency	名词
racist	种族主义者；种族主义的
oddly	奇怪地；奇妙地
differentiate	区分；区别；区别对待；产生差别；求导数
collaborate	合作；通敌
succession	连续；继承权；继位
waitress	女服务员；女侍者
tricky	棘手的；狡猾的；巧妙的
elk	麋；驼鹿；软鞣粗皮
remnant	残余；剩余的；零头；残存者；残剩余
morally	道义上地；道德上地
recite	背诵；朗诵；列举；叙述；回答问题
communal	公有的；共有的；公社的
situate	坐落在；位于 ... 的；位于；坐落在 ... 的
guiding	指导；引导；导向；导向的；指导的；导航；导航的
unemployed	失业者；失业的；未投资的
thinker	思考者；思想者
wrestle	摔跤；斗争；斟酌；格斗；努力解决；摔跤比赛
underestimate	低估
spoil	破坏；溺爱；宠坏；战利品；腐坏；奖品；使索然无味
maturity	成熟
devastate	毁坏；使荒芜；使震惊
darling	亲爱的；可爱的；可爱的人；可爱的物
mama	妈妈
parlor	客厅；接待室；休息室；用于接待室（客厅；小店）的；小店
northwestern	西北方的；来自西北的；在西北部的
resent	恨；生气
petty	小的；琐碎的；狭隘的；次要的
temper	脾气；性情；锻炼；调和；使缓和
blossom	花；开花；成长；全盛期
smiling	微笑的；喜气洋洋的；动词smile的现在分词形式.
genuinely	诚实地；由衷地；真正地
obsessed	着迷的
spacecraft	宇宙飞船
bureaucratic	官僚的；繁文缛节的
globalization	全球化
prestigious	享有声望的；声望很高的
discomfort	不适；不便之处；使不适
icy	冰的；冷淡的
backpack	双肩背包；挑运；背包徒步旅行
massacre	大屠杀
spur	刺激；促进；鞭策；马刺；支脉
trench	沟；战壕；沟渠；挖沟；侵占
whistle	口哨；汽笛；吹口哨；呼啸；鸣汽笛；警笛；吹口哨召唤
cinnamon	肉桂；肉桂色；肉桂树；黄褐色的
devotion	奉献；献身；虔诚；热爱
appropriately	适当地
insane	疯狂的；荒唐的；精神错乱的
unpleasant	讨厌的；使人不愉快的；不合意的
skeleton	骨架；骨骼；骨骼的；纲要；家丑；骨瘦如柴的人或动物
spawn	卵；产卵；产生；大量生产；产物；结果；造成；后代；种菌丝于
sew	缝纫；缝合
inflict	使遭受；折磨；加害；施以
indict	起诉；控告；指控
muddy	泥泞的；浑浊的；糊涂的；使沾上烂泥；使迷惑；使 ... 混浊
profoundly	深深地；深刻地
leverage	杠杆；杠杆作用；举债经营；对…产生影响
comeback	东山再起；恢复；机智的回答；反唇相讥
conflicting	相冲突的；动词conflict的现在分词形式.
clergy	神职人员
astonishing	惊人的；动词astonish的现在分词.
turmoil	混乱；骚动
migrate	迁移；迁徙；转移
perfection	完美；完善
randomly	随便地；胡乱地；任意地
rite	仪式；典礼
offspring	子孙；后代；产物
imaginary	虚构的；想象的
orient	东方；东方的；亚洲；使适应；使…朝向
adhere	坚持；遵守；粘附
radically	完全地；根本地；过激地
pillar	支柱；柱子；用柱支持
appropriation	拨款；挪用；拨用
uneasy	不舒服的；不自在的 心神不安的 不稳定的
disappearance	消失；失踪；绝迹
unacceptable	不能接受的；不受欢迎的
privileged	有特权的；特许的
carriage	运输；四轮马车；运费；举止；客车车厢；托架
artillery	大炮
hitter	打击手；打击的人
pavement	路面；人行道；铺石；铺路材料
moist	潮湿的；湿润的
mentality	心理状态；智力；精神性
postpone	推迟；延期
motif	主题；意念；装饰图案
contention	争论；论点；争夺；争辩
beneficiary	受益人；受惠者
helpless	无助的；无依靠的
Bosnian	波斯尼亚的；波斯尼亚人；波斯尼亚人的
critically	危急地；批评性地；重要地；爱挑剔地
pathway	径；路
reconcile	调和；一致；和解；妥协
compartment	间隔；划分；卧车包房；个别室
policymaker	决策者；政策制定者
noisy	嘈杂的；吵闹的；喧闹的
opposing	相反的；对立的；反向的；动词oppose的现在分词.；反作用的
insult	侮辱；辱骂；凌辱；冒犯
usher	引导；招待员；引入；带位员；做招待；担任引座员
golfer	名词
misleading	令人误解的；引入歧途的；动词mislead的现在分词.
fury	愤怒；狂暴；泼妇；狂怒的人
embark	着手；从事；乘船；装载
spontaneous	自然产生的
slender	细长的；苗条的；微薄的；少量的
proliferation	增殖；扩散；分芽繁殖
perimeter	周长；边缘；周界
blouse	女衬衫
firing	开火；解雇；生火；燃料；加热；动词fire的现在分词.
proximity	接近；亲近
lettuce	生菜；莴苣
manifestation	表现；示威运动；显灵
brace	支撑；支架；大括号；支柱；防备；一对；振作；绷紧；牙箍
colonel	上校
symbolize	象征；用记号表现
flock	一群；羊群；聚集；群众；大堆；成群而行；兽群
rivalry	竞争；对抗；敌对
firearm	火器；枪炮
sermon	布道；说教
volatile	不稳定的；挥发物；反复无常的；易挥发的
mule	骡子；拖鞋；固执的人
rigorous	严格的；严峻的；严厉的；细致的
linebacker	名词
delighted	高兴的；快乐；喜悦；快乐的
turf	草皮；泥炭；赛马；赛马场；铺草皮
hurdle	障碍；跨越某物；栏干
canoe	独木舟；乘独木舟；用独木舟运
sturdy	坚固的；强健的；坚决的
broaden	扩大；开阔；变宽
definitive	明确的；确定的；决定性的；权威性的；限定词
propel	推进；驱使
voyage	航行；旅行；旅程
parsley	欧芹；荷兰芹
replicate	复制；复制的；模拟；折叠；复制品；折叠的
distort	扭曲；歪曲；变形
overweight	超重；超重的；过胖的
stalk	茎；梗；蔓延；高视阔步；跟踪；高视阔步地走；悄悄靠近
intimidate	恐吓；威胁；胁迫
goddess	女神；受崇拜的女性
verge	边缘；接近；濒于；界限；权杖；下沉；趋于；处在...的边沿
plague	瘟疫；折磨；麻烦；灾祸；烦扰；造成麻烦
sergeant	中士；警官；军士；巡佐
grandson	孙子；外孙
bipartisan	两党的；代表两党的
deter	阻止；威慑；威吓
smoker	吸烟者
expire	期满；终止；失效；断气；呼气
catastrophe	大灾难；大祸；彻底失败
withhold	保留；扣留；阻挡；抑制
messy	麻烦的；散乱的；污秽的
privatization	私有化
unpredictable	不可预知的
embryo	胚胎；萌芽
coincide	一致；符合；同时发生
stark	鲜明的；完全；荒凉的；光秃秃的；简直；严酷的；实在
lucrative	获利的；合算的
transcend	超越；胜过
rag	破布；碎布；破衣服
reopen	重开；再开
homosexuality	同性恋
stall	失速；拖延；货摊；熄火；小隔间；座位；栅栏；把...关进畜舍里
detention	拘留；滞留
liar	骗子；说谎者
southeastern	东南方的
elicit	引出；探出；诱出
fascination	魅力；入迷；迷惑力
pact	协定；条约；契约
contender	竞争者
oblige	迫使；帮忙；使感激；责成；施恩于；使…成为必要；帮 ... 的忙
vest	背心；马甲；汗衫；内衣；穿衣服；授予；使穿衣
bust	半身像；胸部；破产的；搜查；失败；打碎；降级；搜捕；终止；打碎的
signify	表示；意味着；象征；预示；有重要性
prestige	声望；威望；有威信的；名贵的
bolster	支持；鼓励；长枕；靠垫
linguistic	语言的；语言学的
splash	报道；溅泼的量；少许；骚动；溅污的斑点
vibrant	充满活力的；响亮的；精力充沛的；震颤的
sensibility	感性；敏感；感情；感受能力
parole	假释
backdrop	背景；背景幕
reformer	改革家；改革运动者
poetic	诗的；富有诗情的
interrogation	审问；问号
shooter	射手；枪炮
stain	污点；着色；弄脏；着色剂；玷污；染料；瑕疵
imminent	逼近的；即将发生的
foil	箔；挫败；陪衬物；钝头剑；击退；阻挠
flawed	有缺陷的；有瑕疵的；有裂纹的
rude	粗鲁无礼的；猛烈的；粗糙的；原始的；未加工的
backwards	倒；向后；往回
unveil	公布；揭开
frustrated	失意的；失败的；沮丧的
clap	鼓掌；拍手；轻拍；拍手声；啪地关上；霹雳声
landlord	房东；地主
uncommon	不常见的；不寻常的；极度的
bunker	煤仓；陷入穷境；击入沙坑
deepen	加深；变浓；使 ... 加深；使 ... 强烈
enduring	持久的；忍耐的
amusement	消遣
curb	抑制；路边；克制；勒马绳；勒住
implicit	含蓄的；绝对的；固有的；无疑问的；暗示的；无保留的
conquer	征服；克服；战胜；得胜
crouch	蹲伏；蜷缩；屈膝；蹲下
interestingly	有趣地
dictator	独裁者
fetch	取来；卖得；取得
inhale	吸入；吸气；吞咽
genetically	副词；名词
forthcoming	即将到来的；现成的；乐意帮助的
siren	警报器；汽笛；迷人的女人；妖妇
vacant	空的；空虚的；木然的
greed	贪婪；贪心；贪吃
environmentally	在环境方面地
hillside	山坡；山腰
referendum	公民投票；请示书
weary	疲倦；疲倦的；厌烦；厌烦的；生厌
allocate	分配；分派；分配额
lush	茂盛的；酒；苍翠繁茂的；酒鬼；丰富的；喝酒
probable	很可能的；很可能的事
mourn	哀悼；忧伤；服丧
millionaire	百万富翁
arguably	可论证地；雄辩地
scarce	稀少的；罕见的；缺乏的；不足的；勉强
siege	围攻；包围
paradox	悖论；似非而是的论点；自相矛盾的话
prevailing	盛行很广的；主流的
barbecue	烧烤；烤肉；烤架；烤炙
pervasive	普遍的；遍布的；渗透的
definite	明确的；一定的；有把握的
preside	主持；任主席；统辖
discriminate	区分；辨别；区别对待；差别对待
strangely	奇怪地；奇妙地；不可思议地
disruption	分裂；破裂；毁坏
strategist	战略家；军事家
nowadays	现今；现在
displace	取代；移置；替换
territorial	领土的；地方的；土地的；地方自卫队的士兵
homosexual	同性恋；同性恋的
multicultural	融合或具有多种文化的；多种文化的
gradual	逐渐的；逐步的；平缓的
solitary	孤独的；唯一的；隐士；单独禁闭；单个的；独立的；荒凉的
casually	偶然地；非正式地；漫不经心地
angler	琵琶鱼；钓鱼者
slump	暴跌；使倒下；低潮状态；猛然瘫坐；大幅度下跌
prohibition	禁止；禁令
inaudible	听不见的
coconut	椰子
dislike	不喜欢；厌恶；反感；不喜爱
battered	磨损的；撞坏的；憔悴的；打垮的
granite	花岗石
theologian	神学专家
erode	侵蚀；腐蚀；受到侵蚀
hum	哼；嗡嗡声；活跃；杂声；哼声；发低哼声
restrain	抑制；阻止；束缚；剥夺
syrup	糖浆；甜而黏稠的汁液
mimic	模仿；模拟；模仿的；仿制品；模仿者；假的
illegally	非法地
wholly	完全地；一概；全部地
oppression	压迫；压抑；沉闷
ammunition	弹药；军火；炮弹
paperwork	文书工作
indulge	迁就；放任；纵情于；放纵自己于 ...
steroids	类固醇；甾族化合物；名词steroid的复数形式.
commuter	通勤者；每日往返上班者
flick	电影；轻弹；忽然摇动；抖动；快速的轻打；轻击；按开开关；快速翻阅
investigative	调查的；调查性质的
Texan	德克萨斯州人
dwarf	侏儒；矮子；变小；使矮小
pear	梨树；梨子
boomer	生育高峰中出生的人
surpass	超越；胜过
reflective	反射的；沉思的；反映的
contradict	反驳；与 ... 矛盾
muscular	肌肉的；肌肉发达的
landfill	垃圾填埋地；在垃圾填埋地上处理；垃圾填埋法
commute	通勤；交换；减刑；乘车上下班；改变；折换
bilateral	双边的；左右对称的
HMO	休克尔分子轨道法
pluck	勇气；拔；摘；猛拉；动物内脏
lunar	月亮的；阴历的；银的
discrepancy	差异；不一致；分歧
utter	说；发出；完全的；绝对的；表达；全然的
sincere	真诚的；诚挚的
demise	死亡；转让；遗赠；让位；让渡；转让房产
enrich	使丰富；使富足；使肥沃
chant	圣歌；吟唱；赞美诗；诵扬；喊叫；旋律；叫喊
submarine	潜水艇；海面下的
overwhelmingly	压倒性地；不可抵抗地
premature	早产儿；过早的；早产的；早熟；提前的
tout	兜售；吹捧；高价卖；贩子；刺探
crater	火山口；凹地
comfortably	舒服地；充裕地；容易地
exploitation	开发；利用；剥削；开采
clown	小丑；扮小丑；胡闹；粗鲁愚蠢的人
ditch	沟渠；壕沟；丢弃；坠入沟中；飞机紧急降落；挖渠
secondly	其次；第二
loaf	块；游手好闲；虚掷光阴
cushion	缓冲；垫子；保护；减缓；加垫褥；放在垫子上
vaguely	含糊地；茫然地；模糊地；稍微
twilight	黄昏；微光；含糊不清；衰落时期
adolescence	名词
comprehend	领悟；包括；充分理解
dispose	处理掉；解决；清除；杀死；打败
squirrel	松鼠；松鼠皮毛；储存
destine	注定；预定；指定
responsive	应答的；回答的；易感应的
understandable	可理解的；能够懂的
loosely	宽松地；松弛地；不严谨地
evacuate	疏散；撤出；排泄
descriptive	描述的；叙述的
hardship	艰难；困苦
squash	壁球；压扁；挤进；压制；美国南瓜；摺皱不堪；浓缩果汁；拥挤嘈杂的人群；变扁
instability	不稳定；不安定
pity	同情；怜悯；遗憾；可惜
relocate	再配置；放在新地方；重新装置
elusive	难懂的；逃避的；难捉摸的；难找的
unwanted	不需要的；多余的；不受欢迎的；讨厌的；无用的
bureaucrat	官僚；官僚作风的人
claw	爪；抓；钳；撕；螯；爪状物
marvelous	非凡的；令人惊异的
skepticism	怀疑论；怀疑态度；怀疑主义
laborer	劳动者；劳工
immunity	免疫；豁免；免疫性；免除
planetary	行星的；有轨道的
nucleus	核；细胞核；原子核；核心
cater	迎合；满足；提供饮食及服务
Taliban	塔利班
brightly	明亮地；鲜明地；生辉地
tornado	龙卷风；飓风；旋风
heck	名词
declining	下降的；衰落的；动词decline的现在分词.
conform	遵从；使一致
worthwhile	形容词；名词
cuff	袖口；掴；巴掌；为...上袖口；带手铐；轻拍
bud	芽；萌芽；花蕾；发芽；使发芽
admiration	钦佩；赞赏
sedan	轿子；单舱汽艇
apartheid	种族隔离
withstand	承受；经得起；对抗
earring	耳环；耳饰
expel	驱逐；开除；排出
extinction	消失；废止；消减
reluctance	不愿；勉强
forgiveness	宽恕；宽仁之心；动词forgive的名词形式.
scarcely	几乎不；简直不；刚刚；决不
cabbage	卷心菜；洋白菜
slack	松弛的；淡季；萧条的；懈怠的；疏忽；变松弛；使缓慢；逃避工作；松散；松弛的部分
lumber	木材；木料；伐木；拖累；缓慢地移动
extensively	大规模地；广泛地
societal	社会的
prevalent	普遍的；流行的
benign	良性的；温和的；仁慈的
calmly	平静地；冷静地；安静地
dedication	奉献；献词；献堂礼
inequality	不平等；不平均；不平坦
archaeological	考古学的；考古学上的
kidnap	绑架
windshield	挡风玻璃
rugged	崎岖的；坚固耐用的；粗犷的；高低不平的；粗鲁的
preschool	育幼院；幼稚园；就学前的；未满学龄的
earnest	认真；认真的；诚挚；定金；保证；真诚的；预示
coherent	一致的；连贯的；有条理的；粘着的
canned	罐装的；千篇一律的；预录的
simplicity	简单；单纯；简朴
staple	主要的；重要的；用订书机装订
plaque	匾；饰板；徽章；名牌
autobiography	自传
superstar	超级明星
sleek	光滑的；圆滑的；使光滑
intensely	强烈地；热切地
indirectly	间接地
deduction	扣除；演绎；推理；推论；扣除额
whiskey	威士忌酒；=whisky.
dune	沙丘
grilled	烤的；有格子的；炙过的；动词grill的过去式和过去分词形式.
rinse	冲洗；清洗；染发；柔顺剂
vigorously	有力地；精力旺盛地；健壮地
interpersonal	人与人之间的；人际关系的
staircase	楼梯
susceptible	容许…的；易受感染的；易受外界影响的
inconsistent	不一致的；反复无常的
appealing	动人的；引起兴趣的；恳求的；动词appeal的现在分词.
ambiguity	模棱两可；含糊不清
relentless	不间断的；冷酷无情的
fixture	固定装置；固定物；固定成员
tester	测试器；测试员；华盖；试用装
crumble	崩溃；弄碎；破灭
canopy	天篷；苍穹；遮篷
certify	证明；保证；证实；颁发证书
vase	花瓶
negotiator	磋商者；交涉者
maternal	母亲的；母性的；母系的；母方的
loneliness	孤独；寂寞
cynical	愤世嫉俗的；悲观的；恶意的
blunt	钝的；直率的；使迟钝；迟钝的；变钝
fungus	真菌；霉菌
accidentally	偶然地；意外地；附带地
gratitude	感激；感谢；感恩
astronomical	天文学的；巨大的
authoritarian	独裁主义的；权力主义的；独裁主义者；权力主义者
hue	色调；色彩；信仰；样子；意味；喊叫
outraged	义愤填膺的；震惊的；动词outrage的过去式和过去分词形式.
disparity	不一致
deepest	深的；深处；深深地；深刻的；深切的；深奥的
intercept	拦截；截取；阻止；截距；妨碍
ambiguous	模棱两可的；含糊不清的
surviving	依然健在的；继续存在的；未死的；动词survive的现在分词形式.
cafeteria	自助餐厅
dire	可怕的；悲惨的；极其的
dismantle	拆除；废除；拆开；去除
honorable	光荣的；可敬的；体面的
communism	共产主义
pave	铺路；铺设；安排；铺满
heap	堆；许多；使成堆；装满
precaution	预防；预防措施
fry	油炸；油煎
glide	滑翔；滑动；滑音；滑过；溜走
nervously	神经质地；焦急地
onset	开始；攻击；进攻
activism	行动主义；激进主义
unstable	不稳定的；易变的
invariably	不变地；总是；一贯地
qualitative	质的；定性的；性质上的
saucepan	长柄深锅
awe	敬畏；恐惧；使敬畏；使惊惧
informant	通知者；密告者；为语言研究提供资料的人
myriad	无数的；极大数量
reluctantly	不情愿地；勉强地
insufficient	不足的
saut	<法>n.(芭蕾舞用语)跳
stew	炖汤；焖；烦恼；忧虑
trousers	裤子
plausible	动听的；似真实合理的
sneakers	名词
someplace	在某处
energetic	精力旺盛的；能量的；有力的
secrecy	保密；秘密；隐蔽
abusive	虐待的；滥用的；辱骂的；诅咒的
airborne	空运的；空中传播的；起飞后在飞行中
harass	骚扰；使疲乏
ethic	伦理；道德规范
embarrass	使尴尬；窘迫；使窘迫；使为难
substantive	实质的；大量的；真实的；独立的；作名词用的词或词组；本质的；持久的；规定义务与责任的；名词性的
endanger	危及；危害
grader	分类机
billboard	广告牌；宣传
confer	商讨
daytime	白天；日间
paralyze	使目瞪口呆；使 ... 瘫痪
precinct	选区；范围；管辖区域
arouse	唤醒；激起；叫醒；睡醒
shrub	灌木；果汁甜酒
underway	正在进行中的
napkin	餐巾；卫生巾；一小块布或毛巾
consolidate	巩固；合并；统一
stressful	紧张的；压力重的
unload	卸下；卸货；摆脱负担；卸下货物；退出（弹药；胶片等）；摆脱 ... 之负担
cockpit	战场
nationalist	民族主义者；民族主义的；国家主义者；国家主义的
pornography	色情作品；色情描写
urine	尿；小便
affluent	富裕的；支流
cozy	舒适的；惬意的；保温罩；靠近；取悦
takeover	收购；接管
exacerbate	加重(使 ... 恶化；激怒)
milky	乳白色的；乳状的
innings	显身手的机会；名词inning的复数形式.
realism	写实主义；唯实论；现实态度
tangible	有形的；实际的；确凿的；可触摸的
groan	呻吟；抱怨；呻吟声；受重压；发嘎吱声
militant	激进分子；好战的；斗士；积极从事或支持使用武力的
dwell	居住；存在；冥想；详细阐述
torch	火炬；火把；手电筒；纵火
lurk	潜伏；潜藏；埋伏；隐藏
spinach	菠菜
swiftly	敏捷地；迅速地
terminate	终止；结束；满期；达到终点
huddle	拥挤；混乱；草率了事；杂乱一团；乱堆；推挤
tactical	战术上的；战术性的；足智多谋的
attic	阁楼
constellation	星座；星群
beetle	甲虫；突出；木槌；显著的；用木槌捶；突出的；快速移动
populate	居住于；构成人口
maneuver	策略；演习；调遣；使演习；用计策；巧妙地操纵
probation	缓刑；试用期
wreck	残骸；破坏；遇难；使…失事；使…遇难
smack	打；响吻；风味；用掌击；直接地；猛然地；劈啪声；少许；拍打；掌击声；带有 ... 风味
Turk	土耳其人；突厥人
civilized	文明的；有礼的；有合理法律和风俗的；品味举止优雅的
pirate	海盗；盗版；剽窃；抢劫；盗版者
sewage	污水；污物
renowned	有名的；有声誉的
gee	惊讶时所发声音；吆喝马的用语
dusk	黄昏；薄暮；幽暗
sweetheart	心上人；甜心；爱慕；私下达成的
platter	大浅盘；一盘食物；留声机唱片
masculine	男性；阳性；男性的；阳性的；有男子气概的
lingering	拖延的；逗留不去的；依依不舍的；动词linger的现在分词形式.
crumb	少许
provocative	挑衅的；刺激的；挑逗的；气人的；刺激物；兴奋剂；挑拨物
batter	面糊；打击手；猛击；打坏；往后递倾；斜外墙
dart	飞镖；投射；突进；缝褶；使突然移动；突然移动；快速投掷
reversal	反转；翻转；倒转
disappointing	令人失望的；动词disappoint的现在分词.
sob	呜咽；哭泣；抽泣
allegiance	效忠；忠诚
felony	重罪
retiree	退休人员；退休者
graceful	优雅的；得体的
socialism	社会主义
freezer	冰箱；冷冻室
disastrous	灾难性的；极糟的
adversary	对手；敌手
voucher	凭证；代金券
subsidize	贿赂；给与补助金或奖助金
fingertip	指尖；触手可及
shovel	铲；用铲子；一铲的量；铲成；挖斗机；舀
puppet	木偶；傀儡
throne	王位；君主
intricate	复杂的；难懂的
gunman	枪手；持枪歹徒；持枪者；职业杀手
pastoral	田园诗；牧歌；牧师的；牧人的；田园的；牧函；宁静的
orchard	果园
explosives	炸药；名词explosive的复数形式.
fingerprint	指纹；特征；取指纹；鉴别特征
renovation	革新；整修
mural	壁画；墙壁的；挂在墙壁上的
burger	名词
glue	胶；胶水；粘贴；胶粘物；紧附于
chord	弦；和弦；情绪
sideline	副业；附带出售的商品；使退出比赛；把…排挤在核心之外
diaper	尿布；换尿布；装饰菱形花纹；菱形花纹的织物
theatrical	夸张的；剧场的
turbine	涡轮
frenzy	狂乱；狂暴；狂怒
shining	光亮的；华丽的
mankind	人类；男人
serbian	塞尔维亚人；塞尔维亚语；塞尔维亚的；塞尔维亚人的；塞尔维亚语的
betrayal	背叛；暴露
baggage	行李
veto	否决；否决权
shack	居住；窝棚；小室；棚房
eventual	最终的；可能的
insurgent	叛乱分子；起义的；叛乱的；反对派
bleak	萧瑟的；无希望的；阴郁的；严寒的
setback	挫折；失败；退步
veil	面纱；面罩；戴面纱；遮蔽；掩饰物
traumatic	创伤的；外伤的
restless	不安宁的；得不到休息的；焦虑的
insistence	坚持；强调；坚决主张
severity	严重；严肃；严格
pounding	猛击；重击声；动词pound的现在分词形式.
cheerful	快乐的；高兴的
crusade	十字军东征；改革运动；参与斗争或运动
Pakistani	巴基斯坦的；巴基斯坦人
deposition	沉积；免职；证言
lily	百合花；纯白的
extraordinarily	副词
competency	能力；胜任；技能
torso	躯干；残缺的东西；人体的躯干雕塑像
entitlement	权利
puzzled	困惑的；迷惑的；动词puzzle的过去式和过去分词.
stump	演说；残株；讲演台；烟蒂；受窘；踏步
openness	开放；公开；空旷；直率
formulation	配方；规划；构想；公式化
reconstruct	重建；修复；重现
ginger	姜；精力；姜根；深棕色
comb	梳子；梳理；鸡冠；蜂房；彻底搜寻
pancake	薄煎饼
hurl	用力投掷；丢下；愤慨地说出
whoa	惊叹声
furnish	提供；布置；装备
friction	摩擦；摩擦力；分歧
segregation	隔离；种族隔离；分离
kin	亲属；家族；同类的；亲属关系的
voluntarily	自动地；以自由意志
knowledgeable	形容词
prosperous	繁荣的；兴旺的
forensic	法院的；适合于辩论的；关于法庭的
foliage	簇叶
unleash	释放；解开 ... 的皮带；解除 ... 的束缚
pollutant	污染物质
giggle	咯咯地笑；咯咯笑；趣事
respectable	体面的；可观的；不错的；值得尊重的
examiner	审查员；主考者
domination	控制；支配；管辖
ignorant	无知的；愚昧的；不知道的
tick	滴答声；蜱虫；一会儿；壁虱；勾号；滴答作响；运作；枕套；褥套；给…标记号；空转
cohort	一群人；步兵队；同伴
dine	进餐；用正餐
disguise	伪装；掩饰；假装；假扮；伪装物
hatch	孵；孵化；孵出；策划
prolonged	持续很久的
mediate	调停；斡旋；间接的；居间的
lipstick	口红
seizure	发作；没收；夺取；捕获
imitation	模仿；效法；冒充的
raft	筏；救生艇；木排；乘筏；制成筏
shifting	转移；不断改换的；动词shift的现在分词.
cram	塞满；猛吃；仓促备考；挤成一堆的人群
spike	穗；峰值；长钉；钉鞋；尖状物；以大钉钉牢；穗状花；用尖物刺伤；使 ... 失效
sideways	向旁边；向侧面地；旁边的；向侧面的
palette	调色板
selfish	自私的；利己的
lament	哀悼；悲叹；悼词；惋惜
keeper	饲养员；看守人；管理者
negatively	消极地；否定地；负极地
worrying	令人担心的；麻烦的；动词worry的现在分词形式.；着急的
basil	名词
hmm	abbr. 隐马尔可夫模型（Hidden Markov Model）；Hardware Maintenance Manual；Hyundai Merchant Marine
ignite	点燃；燃烧；引发；着火；使 ... 燃烧
revolve	围绕；旋转；考虑
bully	欺负；威胁；恐吓；欺凌弱小者；开球
arsenal	兵工厂；军械库；储藏
contaminate	污染；弄脏
inhibit	抑制；阻止；使不能
startling	惊人的；动词startle的现在分词.
disbelief	怀疑；不相信
alumnus	男校友；男毕业生
plight	困境；苦境；宣誓；誓约；订婚
chaotic	混乱的
enormously	大量；极度
sickness	疾病；呕吐
vibration	震动；颤动
disperse	分散；散开
awhile	片刻；一会儿
sober	清醒；清醒的；使清醒；冷静下来；稳重的；使沉着
madame	夫人
comrade	同志
sleepy	欲睡的；困倦的
peek	偷看；窥视；窥见
youthful	年轻的；年轻人的；有青春活力的
contradictory	矛盾；矛盾的
flatten	变平；使变平；打倒
glowing	灼热的；强烈的；热情的；动词glow的现在分词.
nap	小睡；打盹；绒毛；疏忽；纳普牌
roadside	路边；路边的
impair	损害；削弱
unexpectedly	意外地；未料到地
razor	剃刀
frantic	疯狂的；狂乱的；急忙的
constructive	建设性的；构造上的；作图的
planting	种植；栽培；播种；花圃；人工林；动词plant的现在分词形式.
charcoal	木炭；炭笔
intrinsic	内在的；固有的；本质的
starve	挨饿；使饿死；使挨饿；受饿；极度匮乏
impatient	不耐烦的；急躁的
reclaim	回收；收回；开垦；纠正
sewer	下水道；阴沟；缝纫者；管家
catcher	捕手；捕捉者；捕捉器；接球员
prevalence	流行；普及；传播
cautiously	慎重地；谨慎的
fertile	肥沃的；富饶的；多产的；能繁殖的
wield	行使；挥舞
slab	平板；厚板；厚片；切成厚板；以平板盖上
daunting	令人畏惧的；动词daunt的现在分词.
disgust	厌恶；反感；憎恶；使厌恶；使作呕
southwestern	西南的
yogurt	酸奶；酵母乳
prose	散文；散文的
eagerly	渴望地
rancher	大牧场主；大牧场工人
northeastern	东北方的；来自东北的；在东北的
niece	侄女；外甥女；教士的私生女
rainy	下雨的；多雨的
mumble	咕哝；喃喃而语
capsule	胶囊；太空舱；荚膜；概要；微型的；精简的；概括；装入胶囊
hamburger	汉堡包
accidental	偶然；偶然的；意外的；附属的；不重要的东西
eighty	八十
lever	杠杆；控制杆；手段；使用杠杆；撬开
upright	正直的；垂直；直立的；垂直的；竖立；垂直地；竖钢琴
readiness	准备就绪；预备；敏捷；欣然
abolish	废除；消灭；革除
persistence	坚持；毅力
liberate	解放；放出；释出；使获得自由
rhetorical	修辞的；修辞学的；词藻华丽的
desperation	绝望；铤而走险
feminism	女权主义；争取女权运动
anonymity	匿名；笔者不明
autonomous	自治的
liner	班轮；邮轮；衬里；班机
topple	推翻；倒塌；使倒塌
inferior	下级；下级的；属下；较低的；次等的；不如的
reinforcement	加固；增强；强化物；增援力量
morale	士气；斗志；道德准则
diversion	转移；转向；娱乐活动；临时绕行
vastly	广大地；极大地；巨大地
almond	杏仁；扁桃
distortion	变形；扭曲；曲解
announcer	广播员；告知者
reminiscent	怀旧的；回忆录作者；回忆者；引人联想的
validate	验证；确认；证实；使生效
dime	一角硬币
pragmatic	实际的；实用主义的
undercover	秘密的；从事秘密工作的
orphan	孤儿；孤儿的；成孤儿
graze	放牧；擦伤；轻擦
founding	成立；建立；动词found的现在分词.
persona	面具人格
alleviate	减轻；使 ... 缓和
protagonist	主角；支持者
collectively	共同地；集体地；总体地
comedian	喜剧演员
systematically	有系统地；有条理地
sprawling	庞大的；不规则伸展的；动词sprawl的现在分词.；字迹潦草的；摊开手脚的
crunch	关键时刻；发出碎裂声；嘎吱声；嘎喳嘎喳地碾过；艰难局面；嘎吱嘎吱地咀嚼
mock	嘲笑；模仿；嘲弄；模拟的；假的；戏弄；伪装的
escalate	升级；逐步升级；升高
cruiser	巡洋舰；游艇；警车
scrub	用力擦洗；矮树；渺小之物
foe	敌人；仇敌
stubborn	顽固的；倔强的；难对付的
rubble	瓦砾；碎石
bathe	沐浴；用水洗；沉浸
resemblance	相似；相像
avert	避免；防止；转开
cavity	腔；洞；空穴；蛀洞
detain	扣留；耽搁；拘押；延误
genocide	种族灭绝
troubling	令人不安的；令人烦恼的；动词trouble的现在分词形式.
crave	渴望；恳求；迫切需要；热望
redefine	重新定义
novice	新手；新信徒
tenth	第十；十分之一
catastrophic	灾难性的；灾难的
compliment	恭维；称赞
unrelated	不相关的；无亲属关系的
blueprint	蓝图；计划；设计图；制成蓝图
progression	进展；前进；连续
pedestrian	行人；徒步的；缺乏想像的
residue	残渣；剩余物
agony	挣扎；极度的痛苦
shorten	变短；弄短
runoff	径流量；流出；决赛；流放口
professionally	专业地；内行地；职业上；非业余地
accustom	使习惯
empathy	共鸣；移情作用
deteriorate	恶化；变质；衰退
collide	碰撞；互撞；砥触
reap	收获；获得；收割
feasible	可行的；可能的
bargaining	讨价还价；交易；契约
mastery	掌握；精通；控制；熟练
preventive	预防的；预防性措施；防病的；预防物
arrogant	傲慢的；自大的
oneself	自己；自身
dubious	可疑的；怀疑的；不确定的
facade	建筑物的正面
bypass	绕开；旁道；忽视；支路
creamy	奶油色的；含乳脂的；乳脂状的
underlie	位于 ... 之下；成为 ... 的基础
playwright	剧作家
binoculars	双眼望远镜
vent	发泄；排放；火山口；排气口；表达
foresee	预见；预知
harmless	无害的；无恶意的
peril	危险；冒险
bruise	擦伤；挫伤；碰伤；瘀青；使挫伤
wade	跋涉；涉水
reign	统治；支配；在位期；君主统治
rewrite	重写；改写；修改
enjoyment	享受；令人愉快的事
automaker	汽车制造者
rightly	正确地；正当地；公义地
sitcom	名词
patriotic	爱国的
cracker	爆竹；黑客；薄脆饼干；迷人的女子；发出爆裂声的东西；裂化设备；佛罗里达州和乔治亚州当地居民的别名
impeachment	弹劾；控告
procession	队伍；行列；列队行进
perpetuate	使永存；使不朽
dictatorship	专政
gosh	糟了；唉
payoff	收益；高潮；发工资；成果；清算；报复；得出结果的
heterosexual	异性恋的；异性恋者
moan	呻吟；抱怨；呻吟声；抱怨声
lessen	减少；减轻
fashionable	时髦的；流行的
conquest	征服；战利品；俘虏；占领地
railing	栏杆；动词rail的现在分词.
expectancy	预期；期待
lebanese	黎巴嫩；黎巴嫩人；黎巴嫩的；黎巴嫩人的
inheritance	继承；遗产；遗传；继承物
methodist	卫理公会教派的；照章办事者
briefcase	公文包
infamous	臭名昭著的；无耻的
brink	边缘；边沿；界限
paycheck	工资；薪水支票
plum	李子；梅子；紫红色
Catholicism	天主教；天主教义
elevated	高尚的；高层的；动词elevate的过去式和过去分词.；抬高的
kidnapping	绑架；诱拐；动词kidnap的现在分词形式.
inherently	天性地；固有地
cellar	地窖；地下室；把 ... 藏入地窑
breakup	分手；解体；破裂；崩溃；分离
boiling	沸腾的；极热的；极其愤怒的
recede	后退；减弱；撤回
abound	充满；富于
linkage	连锁；联系；结合；连合
roast	烤；烤肉；烘烤；烘焙；烘烤的；烤过的
depiction	描述；描画
plummet	垂直落下；暴跌；铅锤；铅垂线
kindness	仁慈；好意；友好的行为
repression	镇压；压抑；抑制
lust	欲望；渴望；贪欲；贪求；色欲
masterpiece	杰作
culminate	达到高潮；使结束；告终；达到顶点；使达高潮
maze	迷宫；迷惑；曲径；使迷惑
humiliation	耻辱；丢脸
pronounced	显著的；明确的；断然的；动词pronounce的过去式和过去分词.
implicate	暗示；牵涉；意味着
wartime	战时
multinational	跨国公司；多国的；多种国籍的
navajo	纳瓦霍语；=Navaho.
ordeal	严酷的考验；痛苦的经验；神裁法
inning	围垦；显身手的机会
adore	崇拜；爱慕；很喜欢
literal	文字的；逐字的；字面上的；错误字体
slippery	滑的；狡猾的；不可靠的
splendid	辉煌的；极好的；壮观的；杰出的
discern	辨别；看出；察觉
politely	有礼貌地
dove	鸽子；鸽派人物；温和派人物
solicit	征求；恳求；勾引
ache	痛；渴望；隐痛
alarming	惊人的；吓人的
thinly	稀疏地；薄薄地；细细地
nasal	鼻音；鼻的；鼻音字；鼻声的；护鼻的
tentative	暂时的；不确定的；犹豫不决的；试验性质的
outing	郊游；外出；远足
stagger	蹒跚；动摇；使吃惊；犹豫；踌躇；使摇晃；使犹豫；摇摆不定
nudge	轻推；推进；轻触
conjure	恳求；唤起；变戏法；以咒文召唤
trajectory	轨迹；弹道；轨道
unsuccessful	不成功的；失败的
spicy	辛辣的；香的
intercourse	性交；交往；交流
ornament	装饰；装饰物
observatory	天文台；气象台；了望台
uprising	起义；升起；动词uprise的现在分词.
endurance	忍耐；忍耐力；耐性
constrain	限制；强迫
pinch	捏；一撮；掐；少量；夹痛；逮捕；困苦；使困苦
comforting	安慰的；令人欣慰的；动词comfort的现在分词形式.
orderly	有秩序的；整齐的；勤务兵；一丝不苟的
intentionally	有意地；故意地
dealings	名词dealing的复数形式.
recess	休息；壁龛；放入壁龛；放假；幽深处；凹缝；作凹处
buildup	集结；增长；树立名誉
nationality	民族；国籍
flake	薄片；剥落；火花；小片
culinary	厨房的；烹调的
alcoholic	酒精的；含酒精的；酗酒者；酗酒的
reconsider	重新考虑；再斟酌
newborn	新生儿；新生的
saga	冒险故事；英雄事迹；世家
opener	开端；开启工具；揭幕赛
sliced	部分；薄片；割；切开；切成薄片；曲球
degradation	退化；堕落；降格
superiority	优势；优越性
fingernail	手指甲
questioning	质问；疑问的；动词question的现在分词形式.
bum	流浪汉；乞讨；乞求；无价值的；懒鬼；游荡；狂欢；不合理的；残废的；游荡者；使失望
exemplify	例证；示范
pedal	踏板；踩踏板；用脚踏动；乐器的脚踏键
hiss	嘶嘶声；嘘声；发嘶嘶声
incapable	无能力的；不胜任的
adulthood	成年
slower	慢一点；形容词slow的比较级.
autopsy	验尸；解剖
gigantic	巨大的
repertoire	全部节目；全部才能
scrutinize	细看；仔细检查
rehearse	排演；预演；详述；复述；预先演习；参加彩排
IQ	智商；智力商数
shuffle	洗牌；拖着脚走；推诿；搅乱；拖曳；移来移去；搪塞
rethink	反思；再想；再思考；再考虑
psyche	心灵；灵魂
residual	残余的；剩余的；剩余部分
loft	阁楼
Kurdish	库尔德语；库尔德人的
crate	板条箱；篓子；旧汽车；装进纸条箱
uranium	铀
fiercely	猛烈地；厉害地
layoff	临时解雇；操作停止；活动停止期间
lizard	蜥蜴
tailor	裁缝；做裁缝；缝制；调整使适合
violently	猛烈地；暴力地；强烈地
scattered	分散的；稀疏的
compassionate	同情；有同情心的
brighten	发亮；使生辉；使变亮；开颜
champ	大声地嚼；迫不及待
convene	召集；集合；召唤
roasted	烤好的；动词roast的过去式和过去分词形式.
nineteen	十九
wrinkle	皱纹；起皱；方法；使起皱纹；皱着
psychic	心灵的；通灵的；精神的；灵魂的；通灵的人
fireworks	烟火；激烈争论；焰火
comprehension	理解；理解力；领悟能力
interviewer	采访者；接见者
painfully	痛苦地；费力地；苦恼地
aspire	立志；热望
landowner	地主；土地所有者
pardon	原谅
fiery	火的；炽热的；激烈的；暴躁的；辛辣的
aspirin	阿斯匹林
dependency	依赖；属国；从属物
pier	码头；桥墩；支柱；桥柱
bluff	虚张声势；吓唬；直率的；绝壁
slick	光滑的；海面浮油；使平滑；顺利地
onstage	在台上；台上的；舞台表演区的；在舞台表演区；台上演出的
hog	猪；独占；贪婪者；像猪般的人
broccoli	花椰菜；西兰花；甘蓝花
resonate	共鸣；共振
capitalist	资本家；资本主义的；资本主义者；有资本的
ideally	理想地；完美地；观念上地
chemotherapy	化学疗法
knob	旋钮；把手；节；瘤；圆丘
attribution	归属；属性
ineffective	无效的；无能的；效率低的
squat	蹲；蹲坐；蹲下；低矮的；蹲着的；擅自占用的土地；擅自占地；矮胖胖的
fumble	摸索；失球；漏接球；笨拙地做；笨手笨脚地做；弄乱
Judaism	犹太教；犹太主义；犹太教徒
cardboard	厚纸板；不真实的；厚纸板的；无实质的
glacier	冰川；冰河
polling	投票；民意测验；动词poll的现在分词形式.
sediment	沉淀物
recollection	回忆；记忆；记忆力；回忆起的事物
lobbying	游说；大厅；民众接待厅
akin	同族的；同类的；近似的
estrogen	雌激素
bartender	酒保
evaporate	蒸发；消失；失去水分
succumb	死；屈从
seventy	七十
radioactive	放射性的
seasoned	经验丰富的；晒干的；加佐料的；动词season的过去式和过去分词形式.
simulate	模拟；模仿；假装
stature	身高；名望
forearm	前臂
intrigue	阴谋；私通；密谋；复杂的事；欺骗；激起 ... 的兴趣
grenade	榴弹；手榴弹
shudder	战栗；发抖；震颤
wink	眨眼；闪烁；使眼色；瞬间
stellar	一流的；主要的；和电影明星有关的
coarse	粗糙的；粗俗的；非精制的
incumbent	在职者；领圣职的俸禄的牧师；负有义务的；凭依的
celebrated	著名的；声誉卓著的；动词celebrate的过去式和过去分词.
baked	烤的；烘焙的；动词bake的过去式和过去分词.
regimen	养生法；生活规则；训练课程
goddamn	该死的；讨厌的；受诅咒的
perpetrator	作恶之人
whine	抱怨；牢骚；发牢骚；哭诉；闹声
fetus	胎；胎儿
extremist	极端主义者；极端的；过激分子
contour	轮廓；等高线；周线；电路；概要；显示轮廓的
wardrobe	全部服装
doctoral	博士的
grease	油脂；贿赂；上油；用油脂涂
episcopal	主教的；主教管辖的；新教圣公会的
imaginative	富于想象力的
hopeless	绝望的；没有希望的；无可救药的
pathetic	可怜的；悲哀的；感伤的；不足的
confide	吐露；信赖；委托
struggling	斗争的；努力的；动词struggle的现在分词.
fasten	系；固定；系紧；使固定；强加于；拴紧；抓紧
decay	腐烂；衰退；腐败
silhouette	轮廓；侧影；影子；使某物现出轮廓或呈黑色轮廓像
revisit	重游；再访；重新讨论；重临
hen	母鸡；雌禽
resonance	共振；共鸣；反响
conserve	保存；节省；保持；果酱；蜜饯；用糖保存
noodle	面条
moonlight	月光；兼职；夜间的
portrayal	描绘；肖像；画像
shaky	摇晃的；不稳固的
villain	恶棍；坏人；反派角色；淘气鬼
industrialized	工业化的；动词industrialize的过去式和过去分词形式.
generosity	慷慨；大方；宽大
capitalize	利用；以大写字母写；估价；使 ... 资本化
sift	筛分；详察；筛下
bail	保释；往外舀水；杓；把手；保证金；使摆脱困境；舀空
deliberation	审议；从容；熟虑
compass	指南针；圆规；范围；达到；图谋；围绕
podium	讲台；矮墙；建筑物的墩座
hoop	箍；铁环；包围；加箍于；呼呼声；发呼呼声；裙撑
brightness	光亮；明亮；聪明
outset	开始；开端
pastel	彩色粉笔画；蜡笔画；彩色粉笔；清淡柔和的；粉蜡
schooling	学校教育；学费；训练；动词school的现在分词形式.
dropout	退学学生；拒绝传统社会的人
flooding	泛滥；泛滥的；动词flood的现在分词形式.
repay	偿还；报答；还钱给
irresponsible	不负责任的；不可靠的；没有承担能力的
stimulation	刺激；激励；鼓舞
grouping	归类；编组；动词group的现在分词.
jeopardize	危及；影响；使处于危险境地
chili	辣椒；红番椒
sprout	芽；萌芽；迅速成长；长芽；年幼者
spinal	脊髓的；脊髓麻醉；脊骨的；尖刺的；尖刺状突起的
categorize	分类
pigeon	鸽子
mutually	互相地；彼此的
heighten	加强；增加；升高
gland	腺
expressive	表达的；富于表情的；意味深长的
meaningless	无意义的；不重要的；晦涩的
moose	麋
equate	等同；使相等；同等看待
yearn	渴望；同情；想念；盼望
unsure	不肯定的；不确定的；没有自信的
unseen	未看见的；即席的
theoretically	理论上
prostitution	卖淫；滥用
ceramics	名词
adorn	装饰；佩戴
unify	使统一、使成为一体
famed	著名的；动词fame的过去式和过去分词形式.
turnout	投票人数；出动；衣着；到场人数；产出；扫除
rabbi	拉比；法师；犹太的法学博士
inaugural	就职演说；就职典礼；开幕的；首次的；就职典礼的
detainee	被拘留者；被扣押者；被扣扣者
acceleration	加速；加速度；促进
indifference	漠不关心；不重视；无兴趣
shiite	什叶派教徒
wavelength	波长；波段
contingency	偶然；偶发事件
spiral	螺旋；螺旋形的；盘旋的；盘旋上升
distinctly	清楚地；显然地；确定无疑地
paw	爪子；抓；翻找；脚爪；粗鲁地摸；以蹄扒
whirl	旋转；回旋；尝试；混乱；一个接一个的活动；头晕目眩；迅速移动；使 ... 旋转
flirt	调情；调情的人；玩弄；忽然弹出；卖弄风骚的人；掠过；轻率对待；摇动
computerized	动词computerize的过去式和过去分词形式.
sovereign	君主；至高无上的；元首；最高统治者；极好的；金镑；具有主权的
plow	犁；耕地；耕田；耕犁；费力前进；费力通过；破浪前行；辛苦进行
atrocity	暴行；残暴
flutter	振翼；摆动；烦扰；使心烦；使焦虑
incur	招致；遭受；惹起
flicker	闪烁；闪光；颤动；闪动；摇动
Finn	芬兰人
brag	吹牛；自夸；吹牛的人；大话；傲慢的态度；特别好的；一流的
tortilla	名词
plank	厚板；政纲条目；用力放下；支撑物；铺板
exhausted	精疲力竭的；用完的
postmodern	后现代主义的
blaze	火焰；燃烧；光辉；迸发；烈火；发光；记号；传播
familiarity	熟悉；精通；亲密；不拘礼节
physiological	生理学的；生理的
carpenter	木匠；做木工活
glamorous	迷人的；富有魅力的
slate	石板；板岩；提名；石板色；石片；严厉批评；候选人名单；用石板覆盖；预订；含板岩的；暗蓝灰色的
souvenir	纪念品
narrowly	勉强地；严密地；狭窄地
successive	连续的；接连的；接二连三的
conversely	相反地
disciple	弟子；门徒；信徒
biscuit	饼干；淡褐色
angrily	气愤地
lousy	差劲的；多虱的；可鄙的
monastery	修道院；寺院
sniper	狙击手；狙击兵
headlight	前灯；桅灯
backlash	强烈反对；后冲；激烈反应；反撞；缠结；齿轮隙
bakery	面包店；面包厂
vet	兽医；审查；诊疗；老兵；作兽医
intern	实习生；扣留；拘留犯；作实习生
divorced	离婚的；不受影响的；动词divorce的过去式与过去分词.
hesitation	犹豫；踌躇
apron	围裙；停机坪；台口；遮挡板
nostalgia	乡愁；怀旧之情；向往过去
coyote	丛林狼；小狼
uneven	不平坦的；不均匀的；奇数的；不规律的
waterfall	瀑布
preclude	排除；阻止
litter	垃圾；杂乱；轿；担架；乱丢；铺草；弄乱；产仔；乱丢垃圾
exquisite	精致的；细腻的；强烈的；过分在意外表着装的人；精挑细选的
immerse	浸；陷入
bodyguard	保镖；保卫人员；警卫员
thug	暴徒；刺客；凶残的罪犯
initiation	开始；启蒙；入会
preheat	预先加热
misunderstanding	误解；误会；动词misunderstand的现在分词.
mustache	髭；小胡子
consciously	有意识地；自觉地
aura	光环；气氛；氛围；气味
competitiveness	竞争能力
honeymoon	蜜月；度蜜月；初始的热火时期
jealousy	妒忌
flap	拍打；拍打声；副翼；鼓翼而飞；片状垂悬物
cadet	培训生；次子；幼子；军官学员
drastic	激烈的；极端的；重大的
chilling	使人恐惧的；使人寒心的；使人扫兴的；动词chill的现在分词.
farewell	告别；别了；告别的；再会
woe	悲哀；不幸；困难；苦痛；用来表达悲伤或惊慌
ripple	波纹；涟漪；起伏；粗钢梳；使发出潺潺声；轻轻荡漾；潺潺声；使起波纹；使起涟漪
striped	有斑纹的；动词strip的过去式和过去分词.
patriotism	爱国主义；爱国心
eighteenth	第十八；十八分之一
advent	出现；到来
imbalance	不平衡；失调
moderately	适度地；一般地
broadcaster	播音员；广播电台；播种机
seam	缝；接缝；缝合；接合；有裂缝；使有纹
alienate	离间；使疏远；让与；麻木
dolphin	海豚
restructure	重建；改组；重造
sting	刺；刺痛；叮；讽刺；使苦恼；欺诈
shortcoming	缺点；短处
sandal	凉鞋；檀香木
exhaustion	疲惫；筋疲力尽；竭尽
longing	渴望；渴望的；憧憬
booster	助推器；支持者；辅助药剂
indoors	在户内
Kurd	库德人
ubiquitous	到处存在的
carved	动词carve的过去式和过去分词形式.；雕刻了的
pinpoint	精确的；微小的；精确地找到；极小之物；精确位置；瞄准；使突出
swimmer	游泳者
scenery	风景；布景；背景
mince	肉馅；切碎；切碎物；小步走路；粉碎
glamour	魅力；魔力；迷住
pivotal	关键的；重要的；轴的
cosmos	宇宙
haze	薄雾；变模糊；迷糊；戏弄
liberalism	自由主义；自由主义神学；开明的思想；自由党的政策和原则
dissent	异议；持异议
solitude	孤独；独居；幽静的地方；荒僻之地
ragged	衣衫褴褛的；粗糙的；刺耳的；不完美的
drunken	喝醉的；常醉的
celery	芹菜
courageous	勇敢的
sculptor	雕刻家
lavender	熏衣草；淡紫色；用薰衣草薰香
disconnect	断开；拆开；使分离
luckily	幸运地；幸亏地
gleaming	微光；闪光；闪烁；闪现；隐约地闪现
authenticity	真实性
converge	会聚；集中；聚合；使集合
trivial	琐碎的；不重要的
Syrian	叙利亚人；叙利亚语
deception	欺诈；诡计；骗局
expanse	宽阔的区域
inventor	发明家；创造者
reinvent	改造；重新使用；再发明
fines	细骨料；粉末；罚款（fine的复数）
boxer	拳击手；拳师狗
famine	饥荒；极度缺乏
systemic	系统的；全身的；内吸性杀虫剂
clump	丛；块；丛生；使成簇；用沉重的脚步行走；沉重的声音
eerie	可怕的；奇异的；怪诞的；害怕的
nebula	名词
arrogance	傲慢；自大
disappoint	使失望；使破灭
harden	动词；名词
liaison	联络
vapor	蒸汽；水蒸汽；蒸发；汽化
dwelling	住宅；住处
trooper	骑兵；运兵船
evacuation	疏散；撤离；排泄；排泄物
decidedly	果断地；毫无疑问；明确地；断然地
carving	雕刻；雕刻品；雕刻术；动词carve的现在分词.
clamp	夹子；夹住；压制；螺丝钳；强加
hinder	阻碍；打扰；后面的
irrational	不合理的；无理性的；无理数
pristine	原始的；纯朴的；清新的；未受损的
armored	装甲的；动词armor的过去式和过去分词形式.
patiently	耐心地
diver	潜水员；跳水者
plaster	石膏；灰泥；膏药；涂以灰泥；敷以膏药；使 ... 平
abnormal	不正常的；反常的；变态的；不正常的人
redemption	赎回；救赎；赎罪；补偿
improper	不合适的；错误的；不道德的
creditor	债权人；债主
bamboo	竹；竹子
prosper	成功；兴旺；繁盛
pianist	钢琴家
heartbeat	心跳；中心；重要特征
interception	拦截；截取；窃听
downward	向下；向下的；下降的
tread	踩；践踏；踏面；行走；鞋底；步法；胎面花纹
stifle	扼杀；抑制；窒息；使窒息；扑灭
sentimental	感伤的；多愁善感的；感情的
insecurity	不安全；不牢靠；心神不定；局促不安
recognizable	可认识的；可承认的；可辨别的
inclination	倾向；趋势；倾斜度；斜坡；意愿
boarding	登船；供膳宿的；木材
pilgrimage	朝圣；朝圣之旅；人生历程
monumental	不朽的；纪念碑的；作为纪念的
memorize	记住；记下；记录
upscale	高端的；高消费的；提升；高级地；提高；高消费地
thyme	百里香；麝香草
ninety	九十
superficial	肤浅的；表面的
puff	粉扑；膨胀；一阵；一股；泡芙；喷出；吹捧；夸张；喘息；骄傲；吹嘘的
snort	鼻息声；发哼声；哼着鼻子；喷鼻息作声
rig	操纵；钻塔；装备；装配；服装；钻井架；临时赶造；装扮；帆具
pecan	名词
misunderstand	误解；误会；不了解
excursion	远足；短途旅行
superpower	超级大国；超能力
modernity	现代性；现代作风；现代性的东西
hallmark	标志；特征；标纯度；纯度标记
cucumber	黄瓜
nightclub	夜总会
sharpen	磨快；加剧；变尖锐；使尖锐
turnaround	好转；周转时间；转身；回车场
crooked	弯曲的；歪的；不老实的；动词crook的过去式和过去分词.；不正直的
asphalt	沥青；柏油；用沥青铺路
mortar	灰泥；灰浆；臼；研钵；用灰泥结合；用灰泥涂抹
savor	品尝；滋味；欣赏；味道；气味；调味；有 ... 的味道或风味
demonstrator	示威者；示范者
impending	即将发生的；迫在眉睫的；动词impend的现在分词.
microscope	显微镜
spear	矛；标枪；刺穿
weekday	工作日
bloc	集团
dorm	名词
ledge	壁架；暗礁；架状突出物；岩脊
overtime	名词；副词
mediation	调解；仲裁；调停
occupant	居住者；占有者；占领者
bitterness	苦味；怨恨；悲痛
chimney	烟囱
lateral	侧面；侧面的；横向的；旁边的；完成横向穿越
aroma	香气；浓香
thwart	阻碍；反对；横过；横向的；座板
curved	弯曲的
buffet	自助餐；打击；连续猛击；饮食柜台
stint	节省；限制；节约；定额的工作；滨鹬
dispense	免除；分配；分发
jog	慢跑；轻推；颠簸
awfully	非常地；令人嫌恶地；极端地
cruelty	残酷；虐待；残酷的行为
lantern	灯笼；屋顶气窗
plateau	高原；稳定状态；平稳；到达平稳阶段
slaughter	屠杀；残杀；大量杀戮
heroine	女主角；女英雄
retrospect	回顾；回想；追溯
trot	小跑；慢跑；快步走；老太婆；现成译本；疾走
socialize	交际；使 ... 社会化；使 ... 社会主义化；使适应社会需要
damaging	有害的；损害的；动词damage的现在分词形式.
mingle	交往；使混合；使结合；混在一起；联合
clubhouse	俱乐部
pony	小马；付清；小型的东西
grapple	抓住；搏斗；扭打；抓钩
stocking	动词stock的现在分词形式.
centerpiece	中心装饰品
imperative	命令；必要的；义务；祈使的；驱使；紧要的；紧要的事
congratulate	祝贺；庆祝
heightened	加强；增加；升高
seriousness	严重性；严肃；认真
indifferent	无关紧要的；漠不关心的；中立的；平凡的
impoverished	贫困的；赤贫的；耗竭的；动词impoverish的过去式和过去分词.
respectful	有礼貌的；谦恭的；表示尊敬的
eternity	永远；来世；不朽；漫长的时间
martyr	殉道者；折磨；杀害
synagogue	犹太教；犹太教会堂；犹太人集会
ominous	不祥的；预兆的
howl	嚎叫；高声叫喊；长嚎；啸鸣；大声哭；吼叫着说出
modernization	现代化
rotten	腐烂的；非常；腐朽的；讨厌的
deceive	欺骗；行骗
crane	起重机；鹤；起吊；犹豫
ethanol	乙醇
vodka	伏特加酒
farmhouse	农舍；农家
relic	遗迹；纪念物；神圣的遗物
hype	炒作；大肆宣传；刺激；吸毒成瘾的人；夸大的广告宣传
jeopardy	危险
offseason	淡季
vie	竞争
faded	已褪色的；已凋谢的；动词fade的过去式和过去分词形式.
crow	乌鸦；啼叫；欢叫；报晓；洋洋自得；夸口
variability	变异性；变化性；易变
empowerment	授权
footprint	足迹；脚印
churn	搅拌；搅乳器；搅动；翻腾；〈口〉粗制滥造
materialize	实现；出现；具体化；成为现实；成有形
unfinished	未完成的；未经最后加工的
irregular	不规则的；不合法的；不整齐的；非正规军；不合格品；不合规矩的
anguish	痛苦；苦闷
decree	法令；颁布；判决；裁定；注定
abstraction	抽象；抽象概念；心不在焉
transitional	过渡期的；过渡性的；变化的
collaborator	合作者；通敌者；合著者
downturn	低迷时期
indefinitely	不确定地；模糊地；无限地
prominence	突出；声望；突出物
commanding	指挥的；威严的；领先的；制高的；动词command的现在分词形式.
butcher	屠夫；屠宰；肉商；刽子手；小贩；滥杀；将某事弄得一团糟
lesion	损伤；损害；障碍
temperament	气质；性情
thankful	感激的；感谢的
muster	集合；鼓起；点名册；检阅；集合人员
democratization	民主化
promoter	启动子；发起人；促进剂；促进者；催化剂
oblivious	健忘的；没注意到
narcotic	麻醉药；毒品；催眠的；镇静剂；麻醉的
bodily	身体的；肉体的；全部地；活生生地；亲自地；具体的
multitude	大量；多数；群众
chilly	寒冷的；冷淡的；干辣椒
degrade	降解；退化；贬低；降格；使屈辱
cloak	隐匿；宽大外衣；遮掩；斗蓬；掩盖物
drummer	鼓手
vitality	活力；生命力
playful	嬉戏的；开玩笑的；爱玩耍的
mildly	和善地；柔和地；谨慎地
convoy	护航；护送；护卫；护航队；警护
lag	落后；时间间隔；缓慢进行；减退
disruptive	破坏性的；分裂的；制造混乱的
flank	侧面；侧腹；守侧面；腰窝肉；攻击侧面；位于…侧面
unconstitutional	违反宪法的；非立宪的
lash	鞭打；抨击；睫毛；鞭子；摆动；讽刺
outskirts	郊区；名词outskirt的复数.
abide	遵守；忍受；坚持
enclose	附上；围住；圈起；封入
accumulation	累积；积聚；积聚物
fluctuation	波动；起伏
darken	变暗；使变暗；使阴郁
imprison	监禁；关押；束缚
irritate	激怒；使疼痛或发炎
flare	爆发；闪光；闪耀；张开；闪光信号
momentarily	暂时地；随时地；立刻地；时时刻刻地
retaliation	报复；反击
tasty	好吃的；有趣的；有品位的
crushed	压碎的；碾碎的；动词crush的过去式和过去分词.；起皱的
unpopular	不受欢迎的；不流行的
worsen	动词
haircut	理发；发式
archaeology	考古学
devour	吞食；毁灭；贪婪地阅读
hefty	重的；肌肉发达的；异常大的；相当多的
parasite	寄生虫；寄生生物；食客
simplify	简化；使简单
thicken	变浓；使变厚；变为复杂
yep	名词
handkerchief	手帕；围巾；方巾
noticeable	显著的；显而易见的；值得注意的
sensory	感觉的；知觉的；知觉器官的
complementary	互补的；补充的
envy	羡慕；妒忌
rove	流浪；徘徊；环顾；粗纺线；漂泊；把线穿过孔；动词reeve的过去式和过去分词.
curiously	好奇地；奇异的
radiate	辐射；放射；散发；流露
whereby	凭借
pry	窥探；打听；杠杆；爱打探的人；用杠杆撬开
dresser	化妆台；带镜衣柜；好打扮的人
denomination	教派；面额；名称
customary	习惯的；惯例的
stigma	耻辱；柱头；污名
bitterly	痛苦地；残酷地
mystical	神秘的；神秘主义的
humane	人道的；仁慈的
grate	栅；壁炉；磨碎；装格栅于；磨擦
boycott	拒绝参加
skim	掠过；略读；撇去；浮沫；滑过；脱脂物；表面凝结
referee	裁判；裁判员；仲裁；仲裁人；证明人；鉴定人
pudding	布丁；血肠
alas	唉
intuition	直觉；直觉的知识
deceased	已故的；动词decease的过去式和过去分词.
accustomed	通常的；习惯了的
reckon	认为；估计；计算
restrictive	限制的；限定的；限定词；拘束的
granddaughter	孙女；外孙女
sociologist	社会学家
dissatisfaction	不满
eccentric	古怪的；怪人；反常的；不同圆心的
refrigerate	使冷冻；使冷藏
charismatic	有魅力的
overhear	偷听；无意中听到
gracious	亲切的；仁慈的；和蔼的；高尚的；优雅的
enthusiast	热衷者；热心人
volcanic	火山的；猛烈的
continuum	连续；连续统；闭连集
insurgency	叛乱；暴动；起义
entertainer	演艺人员；款待者；表演娱乐节目的人
stink	臭味；臭气；招人讨厌；发臭味
diversify	多样化；使多样化；使不同；使变化
demeanor	行为；举止；风度
overthrow	推翻；打倒；颠覆；瓦解
doctorate	博士学位
tempting	诱惑人的；动词tempt的现在分词.
grumble	抱怨；牢骚；发牢骚；怨言；轰隆声；轰鸣
quake	地震；震动；颤抖
reckless	鲁莽的；不计后果的；大意的
drawback	缺点；退税；弊；不利条件；退款
foreground	前景；最显著的位置
toxin	毒素；毒质
muffin	松饼
dazzling	耀眼的；令人眼花缭乱的；动词dazzle的现在分词.
vengeance	报复；报仇
clout	影响力；猛击
glossy	光滑的；有光泽的
heavyweight	重量级选手；超过平均重量的人或物；要人
ape	猿；模仿
drastically	彻底地；大幅度地
salsa	萨尔萨舞曲
moth	蛾；蠹
lighten	照亮；使变淡；闪电
influx	涌入；流入；汇集；河口
ghetto	贫民区；犹太人区；少数民族聚居区
terrifying	可怕的；动词terrify的现在分词.
rooftop	屋顶
sizable	相当大的
handicap	障碍；妨碍
phony	假的；骗子；伪造的；赝品；欺骗的；表声音；假货
hemisphere	半球
housewife	家庭主妇；针线盒
apprentice	学徒；见习生；使当学徒
cavalry	名词
catfish	鲶鱼
outward	向外的；向外；在外；表面的；外部的；表面
supernatural	超自然的；神奇的
allude	暗指；暗示
rogue	流氓；游手好闲；欺诈；调皮鬼；去劣；离群凶猛的；离群野兽
starving	饥饿的；动词starve的现在分词形式.
seduce	引诱；勾引；怂恿
amaze	吃惊；惊讶；使吃惊；好奇；使惊异
coax	哄；诱骗；灵巧慢慢地做
entrepreneurial	企业家的；企业性质的
cleric	神职人员；宗教领袖
affective	情感的
wig	假发；呵斥；责骂；严斥
climber	攀登者；爬山者；攀援植物；野心家
normative	规范的；标准的；基准的
renovate	翻新；革新；修理；刷新
mutation	突变；变异；变化
brutality	残忍；暴行；野蛮
electorate	名词
grievance	委屈；冤情；苦况
meteor	流星；大气现象
rein	控制；驾驭；缰绳
attest	证明；作证
pneumonia	肺炎
eyewitness	目击者；见证人
commercially	商业地
duct	管道；导管；用导管输送
pathogen	病原体
uniquely	独特地；珍奇地；唯一地
monarch	君主；帝王；统治者；君王斑点蝶
helm	舵；掌舵；控制；领导地位；驾驶盘
pulp	纸浆；果肉；牙髓；使成为浆状；除去 ... 的果肉
woo	求爱；求婚；寻求支持
stomp	重踏；跺脚舞；顿足爵士舞乐曲
nostril	鼻孔
crank	曲柄；脾气坏的人；古怪的；奇异的；用曲柄启动或转动；摇晃的；古怪行为；快速制作；有怪癖的人；妙语；松动的
crook	弯曲；使弯曲；钩；诈骗；曲柄杖；使成钩状
paranoid	多疑的；类似妄想狂的
spacious	宽敞的；广阔的
annoyed	恼怒的；气恼的；动词annoy的过去式和过去分词.
scalp	头皮；胜利品；拨顶
seep	渗出；渗漏；小泉；水坑
curry	咖哩粉；咖哩饭菜；制革；用咖哩粉调味；用马栉梳
relish	喜欢；享受；调味品；品味；爱好；滋味；渴望；从...获得乐趣；有滋味
cherish	珍爱；抱有；抚育
unravel	解开；解释；阐明
eruption	喷发；爆发；出疹；长牙
censorship	检查制度
eyelid	眼睑；眼皮
smuggle	走私；偷运；偷带
commonplace	平凡的；老生常谈；陈腐的；常事；普通的东西
mislead	误导；欺骗；使误入歧途；使产生错误印象
boredom	无聊；厌倦；厌烦；令人厌烦的事物
persuasive	有说服力的；令人信服的
visualize	形象化；设想；使 ... 看得见
avid	热心的；渴望的；贪婪的
incidentally	偶然地；附带地；顺便地
soothing	安慰的；镇静的；慰藉的；动词sooth的现在分词形式.
emanate	发出；散发
farmland	农田
deregulation	解除管制；自由化；撤消管制规定
unrealistic	不切实际的；不实在的
contraction	收缩；痉挛；缩写式
nanny	保姆；外婆
inaccurate	不准确的；错误的
commemorate	纪念
mythology	神话；神话学；神话集
groom	新郎；马夫；培养；打扮；梳理毛发；王室侍从者
simultaneous	同时发生的；同步的
filthy	肮脏的；污秽的；下流的；卑劣的
exceptionally	特别地；格外地
defer	推迟；延期；顺从；使延期入伍；把…委托给他人
attacker	攻击者；抨击者
outweigh	比 ... 有价值；比 ... 重要
abrupt	突然的；陡峭的；唐突的；意外的
rampant	猖獗的；蔓延的；猛烈的
demographics	名词
antiquity	古代；古迹；古物
generalization	泛化；概括；一般化；归纳
downside	负面；消极面
nestle	依偎
nonexistent	不存在的
shred	撕成碎片；细片；少许；碎布条
veer	转向；改变
tabloid	小报；小型画报；扼要的；药片
fulfillment	满足；完成；履行
caucus	干部会议；政党高层会议；开干部会议
refreshing	提神的；与众不同的；新鲜宜人的；动词refresh的现在分词形式.
ailment	疾病；小病
gunfire	炮火；炮火声；炮轰声
amazingly	惊奇地；惊人地
reunite	重聚；再结合；再统一
fugitive	逃亡者；逃亡的；难捕捉之物；难以捉摸的；易逝的
intrusion	闯入；侵扰
versatile	多才多艺的；通用的；多功能的
battalion	军队；大批
unchanged	无变化的
nuisance	讨厌的东西；讨厌的人；伤害
Lutheran	路德会教友；路德教会的
dizzy	晕眩的；使困惑；使晕眩；困惑的
rumble	隆隆声；辘辘声；使辘辘响；发隆隆声
juicy	多汁的；有趣的；利润丰厚的
contestant	参赛者；竞争者
intentional	故意的；存心的
growl	咆哮；吼；吠声；咆哮声；怒吠
purity	纯洁；纯净；纯粹；纯正
brokerage	经纪行
putt	短打；把球轻轻打进洞
vomit	呕吐；呕吐物；吐出；喷出
reiterate	重申
rhythmic	有节奏的；有韵律的
sag	凹陷；下垂；下跌；消沉
frantically	狂暴地；疯狂似地
endlessly	无穷尽地；不断地
delightful	令人愉快的；可喜的
conditioner	护发素；调节器；调节装置
illicit	非法的；不正当的；违禁的
perpetual	永久的；永恒的；一再往复的
makeshift	临时的；临时替代物
goodwill	善意；商誉；友好；信誉；亲切
wrongdoing	不法行为；不道德行为；坏事
aerobic	需氧的；有氧的；增氧健身法的
skeptic	怀疑论者；怀疑者；无神论者
covert	隐蔽的；偷偷摸摸的；树丛；覆羽；隐密的；掩蔽物
facet	方面；小平面；刻面
disarm	解除武装；放下武器；裁军；缓和
beckon	召唤；吸引；示意某人按自己的指示行动
improvise	即兴创作；即兴表演；临时准备
slipper	拖鞋
challenger	挑战者；需要全力对付的事物
candidacy	候选资格；候选人的地位
preoccupation	全神贯注；占据思想；心里总想着的事物
handgun	手枪
Buddhist	佛教的；佛教徒
suicidal	自杀的；自杀性的；自我毁减的
mole	摩尔；鼹鼠；痣；防波堤；克分子；间谍；钱鼠；凿岩机
assortment	杂烩
impede	妨碍；阻止
wince	畏缩；退避；战栗
subside	平息；下陷；沉没
collegiate	大学的；学院的；大学生的
needy	贫穷的；贫穷的人；缺乏的
baseman	名词
hypothesize	假设；假定；猜测
internally	国内地；内部地
outspoken	坦率的；直言无讳的；动词outspeak的过去分词.
petal	花瓣
graffiti	涂鸦；名词graffito的复数形式.
cliche	陈腔滥调
barren	贫瘠的；荒地；不育的；无效的
hinge	铰链；关键；用铰链装；依情况而定
hierarchical	按等级划分的
celestial	天上的；天神；中国的；中国人；中国人的；非凡的
forefront	最前线；最前列
clench	紧握；确定；紧咬；牢牢抓住；牢牢地抓住；钉紧
timetable	时间表；时刻表；课程表
mundane	世俗的；平凡的；世界的
raspberry	覆盆子
presbyterian	长老会教徒
prudent	谨慎的；精明的；有远见的
spokesperson	发言人；代言人
wreckage	残骸；失事；破坏；破减
unanimous	全体一致的；一致同意的
lest	以免；担心；惟恐
tavern	酒馆；客栈
assassin	刺客；暗杀者；暗杀基督教十字军成员的穆斯林狂热派
etch	蚀刻；鲜明地描述；铭刻；流露出
flute	长笛；吹长笛；凹槽；发出笛声；刻凹槽
nightly	夜间的；每夜的；每夜地
continuation	继续；延续；续集
dangerously	危险地
popcorn	爆米花
barracks	兵营；营房；不雅观的大建筑物；名词barrack的复数形式.
smear	诽谤；涂抹；弄脏；污点；涂料
assassinate	动词
liberalization	自由主义化；使宽大；慷慨
preoccupied	全神贯注的；出神的；抢先占有的；动词preoccupy的过去式和过去分词.
worthless	无价值的；无用的；可鄙的
intellect	智力；理智；才智非凡的人；知识份子
persecution	迫害
outright	彻底的；完全的；直率的；彻底地；率直地；立刻地
tremendously	惊人地；非常；十分
stunned	惊讶的；震惊的；动词stun的过去式和过去分词.
quotation	报价；引用；引语；语录；行情
infuse	注入；鼓舞；泡制；使获得
rake	耙子；搜索；斜度；放荡的人；收集；倾角；使倾斜；用耙子聚；耙状物
coping	顶部；顶盖；墙顶；动词cope的现在分词.
trickle	细流；滴流；徐徐地流；慢慢移动
inflate	膨胀；使膨胀；使通货膨胀；使得意
chestnut	栗色；栗子；栗树；栗色的；栗色马；陈词滥调；七叶树；马的胼胝
windy	多风的；有风的
differing	不同；有区别
perennial	多年生植物；多年生的；永久的；反复出现的
overlap	重叠；重复；重叠部分；有重叠部分
longevity	长寿；寿命
cilantro	芫荽叶；香菜
handler	处理器；处理者；拳击教练；畜禽的训练者
muse	沉思；冥想；艺术家的灵感
obsolete	过时的；已废弃的
culprit	罪犯；起因
bankrupt	破产的；破产者；使破产；枯竭的；无知的人；道德败坏的
greatness	伟大；巨大；崇高
recycled	循环；再利用；再循环；使再循环；再制
anomaly	异常；反常；不规则
variant	变体；不同的
intellectually	智力上；知性上；理智地
insignificant	不重要的；无关紧要的；无用的；可忽略的
mogul	显要人物；小雪坡；权势之人
wail	悲叹；痛哭；尖叫声；发出似哭的尖声
watcher	看守人；监票员；看护人
overtake	赶上；压倒；突然来袭
kinship	亲属关系；血缘关系
wonderfully	绝妙地；极佳地；惊人的
sequel	续集；结局；续篇；后果
blender	搅拌器；果汁机；混合器；混合的人
excavation	挖掘；发掘；挖掘的洞；发掘物
bunk	铺位；睡觉；为 ... 提供卧铺
sweaty	出汗的；汗流浃背的
surrogate	代理人；代用品；替代的；代孕者
jointly	连带地；共同地
causal	原因的；关于因果的
scissors	剪刀
greedy	贪婪的
salvage	打捞；抢救；救助；海上救助
bedside	床边；床边的；病床边的
disadvantaged	处于不利地位的；贫困的；动词disadvantage的过去式和过去分词形式.
punitive	惩罚的；刑罚的
disparate	不同的；异类的
storytelling	讲故事；说书
sophistication	复杂；诡辩；老练；精密；精明；有教养；强词夺理
negotiating	谈判；动词negotiate的现在分词.
entree	主菜；入场许可
anecdote	轶事；奇闻
misconduct	管理或处理不善
admittedly	公认地；不可否认的
soybean	大豆；黄豆
frail	虚弱的；脆弱的
dismissal	解雇；免职；不予理会；摒弃
contentious	有争议的；好争吵的；好辩的
helper	助手；帮手
plywood	合板；夹板
trumpet	喇叭；吹喇叭；吹嘘；宣扬；鼓吹；喇叭声；喇叭手；发出喇叭似的声音
rash	疹子；轻率的；鲁莽的；大量
disgusting	令人厌恶的
universally	普遍地
autograph	亲笔签名；亲笔签名于；亲笔书写
orchestrate	精心安排；给 ... 配管弦乐曲；使协调地结合在一起
intently	一心一意地；专心地；心无旁骛地
hone	磨练；细磨刀石；磨刀；磨孔机
gunshot	枪击；射程；枪弹；枪击声
verb	动词
indispensable	不可缺少的
congestion	拥挤；阻塞；充血
revolt	反抗；叛乱；反感；起反感
dye	染；染料；染色
sever	切断；分开；脱离
pamphlet	小册子
buckle	弯曲；皮带扣；扣住；扣子；屈服；专心做事
cocoa	可可粉；可可饮料；可可色
discredit	怀疑；丢脸；丧失名誉；不信；不信任；败坏…的名声
ancestral	祖先的；祖传的
bun	小面包；圆发髻
ooh	噢
procedural	程序的；警察疑案作品
freak	怪人；狂热爱好者；奇异的；怪事；反复无常；在药物影响下变得异乎寻常；使强烈反应(震惊；畏惧)；不正常的
factual	事实的；真实的
salute	致敬；敬礼；行礼；致意；欢迎；问候
fern	蕨；羊齿植物
inscription	铭文；题字；碑铭
citrus	柑橘属果树；柑橘属果实
swarm	群；蜂群；云集；充满
pajamas	睡衣
stepfather	继父
blockbuster	大片；轰动；巨型炸弹
tidal	潮的；潮水似的
raisin	葡萄干
deterioration	恶化；退化；变坏
mitigate	减轻；缓和
interruption	中断；打岔
unrest	动乱；不安；动荡的局面
soothe	安慰；缓和；使安静
experimentation	实验；试验
clasp	钩；扣子；紧握；扣紧；握手；密切合作
obstruction	障碍；妨碍；闭塞；违例阻挡
tow	拖；拉；牵引；拽；拖绳
blush	脸红；羞愧；泛红
mailbox	邮箱；邮筒
Spaniard	西班牙人
vantage	优势；有利情况
alteration	改变；变更
grit	勇气；砂砾；决心；咬紧牙关；覆以砂砾；粗砂石；发出刺耳声
puddle	水坑；在泥污中打滚；胶泥；地上积水；搅浊；排尿
fend	照料；挡开
shutter	快门；百叶窗；装以遮门；停业；关上窗板
ivy	常春藤；学院的
visionary	空想家；幻想的；有远见卓识的；梦想者
symbolism	象征；象征主义；符号化
doubtful	怀疑的；可疑的；不确定的
despise	轻视
dismay	沮丧；绝望；使 ... 沮丧；使 ... 惊愕
enjoyable	愉快的；有趣的
outgoing	外向的；即将离职的；出发的
intruder	入侵者；妨碍者；干扰者
jelly	果冻；胶状物；做果冻；结冻；使结冻
emulate	效法；尽力赶上
ceremonial	仪式；仪式的
bladder	膀胱；囊；囊状物
refrain	避免；克制；重复；抑制；叠句；副歌
untouched	未受影响的；未触及的；未开发的
lavish	浪费；浪费的；丰富的；大方的；慷慨给予
ballroom	舞厅
knuckle	指关节；膝关节；开始努力工作；肘形接头；铰链连接；以指节压；屈从
retrospective	回顾的；追溯的；向后看的；作品回顾展出
pilgrim	朝圣者
midwestern	美国中西部的；=Middle Western.
milestone	里程碑
curtail	削减；缩减；截短
amusing	有趣的；引人发笑的
hamper	妨碍；阻止；大篮子
reappear	再出现
lineage	血统；家系；直系
booming	兴旺的；繁荣的；轰隆作响的
motto	座右铭；箴言
damned	可恶的；被诅咒的；动词damn的过去式和过去分词形式；被诅咒下地狱的人；非常地
fragrant	馥郁的；芬香的
banquet	宴会；设宴；宴请；参加宴会
phenomenal	非凡的；现象的；可感知的
gravy	肉汁；肉汤；外快
luxurious	豪华的；奢侈的
ratify	批准；认可
irresistible	无法抗拒的
peacefully	平静地；和平地
fireman	消防队员；司炉工
imposing	壮丽的；令人难忘的；动词impose的现在分词.
bourgeois	资产阶级的；中产阶级的；中产阶级的人；资产阶级的人；追求名利的
ballpark	棒球场；变动范围
glamor	魅力；吸引力
murky	黑暗的；朦胧的；含糊的；隐晦的；烟雾弥漫的
rosemary	迷迭香
sighting	看见；动词sight的现在分词形式.
upheaval	剧变；动乱；向上的运动
inadvertently	不注意地；非故意地；疏忽地
seasoning	调料
sparkling	闪闪发光的；闪烁的；动词sparkle的现在分词.
psychologically	心理上地；精神上地
tuberculosis	肺结核
fluorescent	日光灯；萤光的
lava	熔岩；火山岩
pineapple	菠萝；凤梨
mediator	调解人；介质
anthrax	炭疽病
womb	子宫；孕育处
tutor	导师；家庭教师；指导；当家庭教师；当导师
depressing	令人沮丧的；动词depress的现在分词.
chalk	粉笔；白垩；用粉笔写；记录；归咎；使变白
crossroads	十字路；交叉路口
enclave	飞地；被包围的领土
lifting	举起；动词lift的现在分词形式.
displacement	位移；置换；移动；排水量；转位
leftist	左派的；急进派的；左翼的人
furnace	炉子；熔炉；闷热地带；严峻考验
pigment	色素；颜料；变色；把 ... 加颜色
nuance	细微差别
gadget	小玩意儿；小机件；小巧的机械
stunt	特技；表演特技；阻碍成长
alcoholism	酗酒；酒精中毒
wisely	聪明地；精明地
intuitive	直觉的
eradicate	根除；消灭；根绝
underwater	在水下；水下的；在水中生长的
undercut	削弱；切球；廉价出售或工作；从下边切；下部切割；切口
augment	增加；补充物
shun	避开；避免；回避
fortress	堡垒；要塞；防御工事
touching	动人的；感人的；关于；有关；动词touch的现在分词.
caption	说明文字
devastation	大面积破坏；极度震惊或悲伤
racer	比赛者；黑蛇；比赛用汽车
safeguard	保护；保卫；保护措施；保卫者
larva	幼虫；幼体
rapper	说唱艺人；叩击者；敲门者
midday	中午；正午
interdisciplinary	跨学科的；各学科间的
barber	理发师；当理发师；修剪；给…理发
fallout	余波；附带结果；辐射尘；原子尘的降下
heed	注意；留心
scam	骗局；诈骗；骗钱
malaria	疟疾
horrific	可怕的；恐怖的；很不愉快的
unsafe	不安全的；危险的；靠不住的
avoidance	避免；回避；逃避
liken	比作；比拟；使像
scant	不足的；限制；不充分的；减缩；忽略
allergic	过敏的；反感的
lurch	突然倾斜；举步蹒跚；蹒跚地走
gamble	赌博；冒险；孤注一掷
brisk	轻快的；活跃的；活泼的；凛冽的；敏锐的
bounty	慷慨；慷慨的赠予物
cramped	狭窄的；难认的；束缚的
authoritative	权威性的；命令式的
rocker	套钩；镰刀弯；摇轴
irritation	刺激；刺激物；烦恼
ostensibly	外表上地；表面上地
blindness	失明；盲目；愚昧
flea	跳蚤
reaffirm	重申；再确认
coma	昏迷
hymn	赞美诗；圣歌；唱赞美歌
gala	节日；盛会；祝贺
jumper	跳高运动员；跳跃者；无袖连衣裙；套头衫；连衫裤童装；雪橇；工作夹克
tolerant	宽容的；容忍的
solemn	庄严的；严肃的；隆重的
rainfall	降雨；降雨量
heave	起伏；举；扔；抛；用力举起；恶心；抛出
concur	同时发生；意见相同
cranberry	小红莓；曼越橘；其果实
disregard	不顾；忽视；漠视；不理会
glaze	釉；上釉；变呆滞；装以玻璃；变得光滑；覆罩的一层
hound	猎狗；烦扰；紧追；迷；催促；追踪者；可鄙之人；带猎犬狩猎
crib	抄袭；食槽；拘禁；婴儿小床
dread	恐惧；担心；惧怕；恐怖的；使人敬畏的；可怕的人或事
camper	野营者
livelihood	生活；生计；营生
chemist	化学家；药剂师；药房
outnumber	数量上超过
paddle	桨；划桨；戏水；明轮翼；抚弄
stringent	严格的；银根紧的；紧迫的
spaghetti	意大利式细面条
alphabet	字母表；符号系统
pentagon	五边形
revealing	有启迪作用的；透露内情的；动词reveal的现在分词.；袒露身体的
syllable	音节；分音节
deprivation	剥夺；丧失；匮乏；免职
amused	愉快的；顽皮的；被逗乐的；觉得好笑的
inflammation	炎症；发炎；激动；燃烧
limestone	石灰石
expansive	广阔的；健谈的；易膨胀的；滔滔不绝的
punctuate	强调；不时打断；加标点于
autism	自闭症；孤独症
motherhood	母性；母亲身份
inscribe	题写；铭记；题赠；铭刻于
sliding	滑；移动；滑行；动词slide的现在分词.
federally	联邦地；同盟地；联邦政府地
handwriting	笔迹；书法
energize	激励；使活跃；赋予能量；使精力充沛
prod	刺激；刺；戳；激励；刺针；刺棒
backer	衬料；援助者
pollute	污染；弄脏
clumsy	笨拙的；笨重的；不得体的
Martian	火星人；火星的
singular	单数；异常的；单一的
hypocrisy	伪善
outpost	前哨；前哨基地；警戒部队；偏远居民区
belongings	东西；财产；所有物；物件
coil	圈；线圈；卷；盘绕；卷成圈
infer	推断；暗示；作出推论；猜测
motivational	动机的；激发性的
mourning	悲痛；孝服；服丧期
bedtime	就寝时间
instinctively	副词；名词
Haitian	海地的；海地人；海地语
scripture	经文；《圣经》中的一段.
captive	俘虏；被俘的；被迷住的；迷恋者
conservatism	保守主义；守旧性
overt	公开的；明显的；公然的
textual	本文的；原文的
cartel	卡特尔；联合企业；俘虏交换条约书
curly	卷曲的
gin	杜松子酒；轧花机；陷阱；网；弹棉机；用轧棉机去籽
fundamentalist	原教旨主义者；原教旨主义的；信奉正统派基督教的人；信奉正统派基督教的
unreasonable	不合理的；不切实际的；过度的
germ	细菌；胚芽；微生物
rename	重新命名；改名
hysterical	歇斯底里的；异常兴奋的
drugstore	杂货店；药房
affinity	密切关系；吸引力；姻亲
fraternity	兄弟会；友爱；手足之情；同人；兄弟般的感情
richness	丰富；富裕；肥沃
folly	愚蠢；荒唐事
strangle	勒死；窒息；限制
unofficial	非官方的；非正式的
pup	小狗；小海豹；小伙子
stray	偏离；迷路；迷途的；走失的家畜；浪子；偏离的
appetizer	开胃菜
hunch	预感；肉峰；弯腰驼背；块
chic	别致；时尚；别致的；时髦的
lineman	前锋；线路工人；养路工人
elude	躲避；逃避；记不起来；理解不了
contingent	代表团；取决于；小分队；不可预知的；偶然的事情；经验主义的
sprawl	蔓延；扩张；躺卧；使蔓延
advancing	前进的；增加的；动词advance的现在分词形式.
daring	大胆的；勇敢；勇敢的；勇气
firsthand	第一手的；直接得来的；直接地
tanker	油轮；罐车；加油飞机
overflow	溢出；泛滥；洋溢；充满；溢值；剩出
shoreline	海岸线；沿海地带
dreadful	可怕的；糟糕的
twitch	抽搐；抽动；痉挛；阵痛；急拉；扯
brigade	队；旅；组；编组
elegance	优雅；典雅；高雅；简洁；雅致的物品
aesthetics	美学；审美学
paramount	至高无上的；极为重要的；最高统治者
sponge	海绵；用海绵擦拭；抹掉；吸收掉
carton	纸板箱；硬纸盒；把 ... 装入纸板箱；制作纸盒
suffice	足够；使满足；使 ... 足够
engender	产生；引起
artisan	工匠；技工
needless	不需要的；无用的
inconsistency	不一致；矛盾；不调和
limo	豪华轿车
towering	高耸的；杰出的；激烈的；动词tower的现在分词形式.
burgeoning	迅速发展的；生机勃勃的；动词burgeon的现在分词.
dissertation	论文
asparagus	芦笋
powerless	无力的；无权的；无效能的
preferably	宁可；宁愿；更好地
cracked	破裂的；破碎的；声音嘶哑的
shriek	尖叫；叫喊
opaque	不透明的；难懂的
nausea	恶心；反胃；作呕；极端的厌恶
menace	威胁；恐吓；威吓
cactus	仙人掌
horseback	马背；在马背上的；在马背上地；臆断的
numb	麻木的；使麻木；失去知觉的；使失去知觉
rewarding	有益的；值得的；有报酬的；动词reward的现在分词.
hastily	匆忙地；急速地
academically	学术上；理论上；学业上
socialization	适应社会生活
falter	动摇；蹒跚地走；支吾地说；迟疑
fuss	大惊小怪；小题大作；无事自扰；焦急；扰乱；对小事激动；使焦躁；强烈不满或争吵
warden	看守人
amazement	惊异；惊愕
famously	极好地；著名地
orchid	兰花；淡紫色
pluralism	多元论
pouch	小袋；小包；囊状袋；用袋运输；用袋送信件；装 ... 入袋中
miraculous	不可思议的；奇迹的
crackdown	镇压；制裁；痛击
humiliate	使丢脸；使 ... 蒙羞
willingly	乐意地；心甘情愿地
gravitational	重力的；引力作用的
unnoticed	被忽视的；不被注意的
racially	种族地
cherokee	切罗基语
tyranny	暴政；专制；苛政
breadth	宽度
vividly	生动地
heavenly	天上的；天国似的
scurry	急赶；疾走；快跑声；小步疾走
gangster	歹徒；匪徒
sterile	无菌的；贫瘠的；无结果的；无生气的；无生育能力的
orphanage	孤儿院；孤儿的身份
multilateral	多边的；多国参加的
extinct	灭绝的；熄灭的；消亡的
cupboard	碗橱；衣柜
impetus	推动力；刺激
muted	沉默的；哑的；弱音器；无声的；减弱；减音；默音字母；哑子
plump	丰满的；支持；变丰满；下降；直接地；骤降
lad	小伙子；少年
unilateral	单方面的；单边的；单系的
gorilla	大猩猩
assimilation	同化；消化；同化作用
residency	居住；住所；管辖区
asshole	讨厌的人
cloning	克隆；无性繁殖；动词clone的现在分词.
futile	无用的；无效的
cultivation	培养；耕作；教化
salty	咸的
posit	假定；安置
cutter	切割器；快艇；裁剪者；小艇；轻便雪橇
bowel	肠；内部
reshape	改造；重新塑造；打开新局面；使成新的形状
refinery	精练厂
conspicuous	显著的；显眼的；显而易见的
tenor	男高音；大意；男高音的；要旨；次中音乐器；常规
ordinarily	一般地；通常
emptiness	空虚；空旷；空地
platoon	排；团；一组；在同一位置使用交替；交替
hustle	催促；推搡；赶紧做；欺诈；忙乱
barefoot	赤脚的；赤脚地；=barefooted.
invasive	侵略性的；侵入的；攻击性的
upbeat	乐观的；上升
ruthless	无情的；残忍的
placebo	安慰剂；安慰话
outlaw	逃犯；被剥夺法律保护的人；宣告非法；将 ... 逐出社会；反叛者；使 ... 失去法律保护
cripple	削弱；残废；跛者；使...瘫痪
ballad	歌谣；诗歌；谣曲
braid	编织；辫子；穗带；编辫子；镶缀
shady	荫凉的；可疑的
footing	基础；立足点；关系；立场；动词foot的现在分词形式.
waver	动摇；踌躇；摇曳；犹豫；挥动者；颤抖；烫发器
salient	突出的；显著的；跳跃的；突出部分
carcass	尸体；残骸；骨架
motorist	驾车的人；乘车旅行的人
screenplay	剧本；电影剧本
banish	消除；驱逐；流放
magician	魔术师；术士
prophecy	预言；=prophesy.
broom	扫帚；金雀花；清扫
candid	坦诚的；公正的；率直的；偷拍的
trendy	赶时髦的
ecstasy	狂喜；摇头丸；入迷
unison	一致行动
unthinkable	不可能的；难以置信的；想像不到的
bestow	授予；给予
assimilate	吸收；使同化
beet	甜菜；甜菜根
bandage	绷带；用绷带包扎
intimidating	咄咄逼人的；威胁的；动词intimitate的现在分词.
fairway	航路；开阔的通道
gloom	黑暗；忧郁；阴暗
misconception	误解；错误想法
lining	衬里；内层
hoist	升起；起重机；举起；升高
tangle	纠纷；纠缠；缠结；混乱；使混乱；使陷入；乱作一团；使缠结；争论
rearrange	重新安排；重新布置；重新排序
undertaking	事业；企业；保证；许诺；殡仪业
flier	飞行员；传单；飞行物；投机；=flyer.；飞机上的乘客
hasten	加速；赶快；催促
jagged	参差不齐的；动词jag的过去式和过去分词.
prolong	延长；拖延
doughnut	油炸圈饼；环状物
dysfunction	机能障碍；功能不良
relinquish	放弃；放手
commence	开始；着手
hesitant	迟疑的；犹豫不定的
flurry	忙乱；一阵疾风；发慌；焦躁；阵雪
apprehension	理解；逮捕；忧惧；了解
clog	阻塞；木屐；妨碍；障碍；跳木屐舞；结块
dismal	凄凉的；阴沉的；暗的
noteworthy	值得注意的
plume	羽毛；羽状物；羽饰；用羽毛装饰；自夸；骚首弄姿；整理羽毛
Emmy	名词
sweetness	甜美；芳香；美味
algae	海藻；水藻；名词alga的复数形式.
infantry	步兵；步兵部队
unmarried	未婚的；未婚者；独身的
sloppy	草率的；肥大的；稀薄的；潦草的；庸俗感伤的
transcribe	转录；抄写；用音标标出
predicament	困境
sinus	窦；静脉窦；穴
garnish	装饰；装饰品；配菜；勒索金
override	推翻；凌驾；无视；超驰控制装置；给代理人的佣金
notch	等级；切口；刻痕；赢得；计分；刻凹痕
attentive	注意的；留意的
perish	毁灭；腐烂；消失；使死亡
tangled	纠缠的；紊乱的；动词tangle的过去式和过去分词.
donkey	驴；愚蠢的人
healer	医治者；治疗物
dealership	代理权；代理商；经销权
blueberry	蓝莓；南方越橘
vicinity	邻近；周边地区
humility	谦卑；谦逊；谦虚
pleasing	令人愉快的；使人满意的；讨人喜爱的；动词please的现在分词.
televised	用电视放映
caffeine	咖啡因
locus	所在地；场所
anthem	圣歌；赞美诗
vanity	虚荣心；自负；浮华；无价值的东西
mango	芒果
bulky	笨重的；庞大的；肥大的
limp	跛行；柔软的；无力的；蹒跚；软弱的
motionless	不动的；静止的
tickle	痒；觉得痒；使发痒；逗乐；使快乐；抓痒
bony	瘦骨嶙峋的；多骨的；如骨的
scour	搜寻；腹泻；擦洗
freshwater	淡水；淡水的
dilute	稀释；冲淡；稀释的；冲淡的
billionaire	亿万富翁
kite	风筝；鸢；空头支票；使上升
compress	压缩；压榨
waterway	航道；水路；水道；舷侧排水沟
jockey	驾驶员；骑马；运用手段谋利；操作工；赛马的骑师；当骑士骑马；瞒骗；骗人使做 ...
skyline	地平线；以天空为背景的轮廓
lunge	刺；刺进；跃进；踢；刺出；猛向前冲
mortal	凡人；致命的；不共戴天的；极度的；终有一死的
ascend	上升；攀登
ultraviolet	紫外线；紫外线的
twig	嫩枝；小枝；领悟；理解
downhill	下坡的；走下坡路地；向下的；向山下
pageant	盛会；游行；壮丽的场面
ashore	上岸；在岸上
rectangular	长方形的；矩形的；直角的
eldest	最年长的；最老的
rum	古怪的；甜酒；危险的；困难的
alligator	短吻鳄；鳄鱼皮的
overshadow	遮阴；使黯然失色；使不快乐或减少乐趣
persuasion	说服；劝说；信念
unhealthy	不健康的；有害健康的；病态的或不正常的
repeal	废止；撤消
ensue	跟着发生；继起；因而产生
intimately	私下地；密切地；亲密地
havoc	破坏；大破坏；混乱
bilingual	双语的
borrower	借用人；剽窃者
evade	逃避；规避；躲避
terrified	受惊吓的；恐惧的；动词terrify的过去式和过去分词
chlorine	氯
sulfur	用硫磺处理
riches	财富；富有
inference	推理；推断；推论；结论
sane	心智健全的；明智的
robber	强盗；盗贼
monarchy	君主政体；君主国；君主政治
deity	神；神性
somber	忧郁的；阴暗的；严峻的；严肃的；微暗的
engulf	吞没；吞噬；席卷
unsettle	使动摇
subtly	精细地；巧妙地；敏锐地
containment	控制；遏制政策；容积
magnify	放大；夸大
colonist	殖民者；殖民地居民
admirer	仰慕者；钦佩者；求爱者
ascertain	确定；查明；探知
misguided	被误导的；搞错的；举措失当的；动词misguide的过去式和过去分词.
sinister	邪恶的；不祥的；左边的；灾难性的
outburst	爆发；突发
incarnation	化身；赋与肉体；具人形
mower	割草机；割草人
auditorium	礼堂；观众席
microscopic	微观的；显微镜的；极小的
poisoning	中毒
caretaker	看门人；看管人；临时代理的
juggle	玩杂耍；欺骗；纂改；同时做；花招
plainly	朴素地；直截了当地；明显地；清晰地
limousine	豪华轿车
plentiful	丰富的；多的；充裕的
guitarist	吉他弹奏者
starvation	饥饿；饿死
deflect	转向；使偏斜；改变原计划
defiance	蔑视；挑衅；违抗
luminous	发光的；发亮的；清楚的；明白易懂的
shear	剪；修剪；剥夺；剪掉；大剪刀；剪下的东西
amplify	扩大；增强；详述
lofty	高的；崇高的；高尚的；傲慢的
foyer	门厅；休息室
staggering	惊人的；摇晃的；动词stagger的现在分词.
modernist	现代主义者；现代主义的；现代人
snowy	下雪的；多雪的；被雪所覆盖著的
casket	棺材；骨灰盒；首饰盒；把 ... 装进小箱子或棺材里
inauguration	就职典礼；落成典礼；开幕仪式
rot	腐烂；消瘦；胡话；腐蚀；使 ... 枯朽；败坏
horrify	使恐惧；使反感；使惊骇
fume	烟；冒烟；愤怒；汽
meager	贫乏的；瘦的；不足的
dent	凹痕；挫伤；心理阴影；形成凹陷；弄凹
pollen	花粉；授粉给
remotely	远程地；远离地；轻微地
rusty	生锈的；锈色的；荒废的
terrestrial	地球的；陆地的；陆生的；地球生物
jug	罐；水壶；罐焖
alienation	疏远；离间；让渡
perk	打扮；竖起；特权；利益；滤煮；额外津贴
permeate	渗透；弥漫；普及
defiant	挑衅的；目中无人
swollen	肿大的；水涨的；动词swell的过去分词形式.
grunt	咕哝；呼噜声
loophole	漏洞；枪眼；钻空子；换气孔；小窗；开孔
bash	狂欢；重击；怒殴；猛烈的一击；猛烈抨击
acquaint	告知；使熟知；使了解
statistic	统计数值
afflict	折磨；使苦恼
pollster	民意测验者
apiece	每人；每个；各
amass	积聚；收集
skater	滑冰者；滑雪的人
implicitly	含蓄地；暗中地；毫不保留地
slum	贫民窟；访问贫民区
inefficient	无效率的；无能的；不称职的
soaring	猛增的；剧增的
cyclist	骑自行车的人
sidebar	花絮新闻；法官与即将受审案件的律师间的会晤；补充报道
traverse	穿越；横贯；否认；横木；详细讨论；阻止
protector	保护装置；保护人；保护物
thermometer	温度计
hippie	嬉皮；嬉皮模样的年青人；=hippy.
disdain	蔑视；轻蔑
prominently	显著地
vigor	活力；精力
comer	来者；有成功希望的人
savvy	悟性；理解；机智的；理解能力；常识；有常识的
oppressive	压迫的；压抑的；沉重的；闷热难受的
mow	刈；草堆；鬼脸；谷物堆；扫射；扮鬼脸
unnatural	不自然的；反常的；不近人情的
precursor	前兆；先驱；前任
poignant	尖锐的；痛切的；剧烈的；浓烈的；悲伤的；严厉的
vibrate	颤动；回响
swoop	猛扑；突然袭击；俯冲；攫取；抓取
marketer	营销商；市场营销人员
minivan	小型货车
cleansing	清洁用的；动词cleanse的现在分词.
impart	传授；赋予；告知
parachute	降落伞；跳伞；缓降物
centralized	集中的；动词centralize的过去式和过去分词.
trafficking	游览
treadmill	跑步机；踏车；繁重的工作
discontent	不满；不满的
coaster	杯垫；小托盘；惯性运转装置；沿海航行船
dissident	持不同政见者；意见不同的人；不同意的；有异议的
faintly	微弱地；模糊地
amuse	娱乐；消遣；使 ... 发笑
arousal	唤醒；激发；激励；鼓励
hiker	徙步旅行者
mommy	妈咪
speedy	快速的；迅速的；立即的；高速的；敏捷的
underline	强调；在…下面划线
eclectic	折衷的；兼收并蓄的；选择的；折衷派的人；折衷主义者
intimidation	恐吓；威胁
newfound	新发现的
stained	玷污的；褪色的；着色的；动词stain的过去式和过去分词.
snag	困难；划破；划破处；抽丝处；迅速抓到；残桩
sly	狡猾的；淘气的；会心的；诡异的
relegate	移交；流放；委任；使降级
prom	可编程序的只读存储器
quantify	量化；用数量表示
conspire	阴谋；协力
geologist	地质学家
pundit	专家；权威人士；博学的印度人
bearded	有胡须的
oust	取代；逐出；夺取
shadowy	朦胧的；阴暗的；鲜为人知的
abdomen	腹部
entice	引诱；诱使
speculative	投机的；推测的；思索的；推理的
interpretive	解释的；说明的
recurring	循环的；再发的；动词recur的现在分词.
uniformed	穿制服的；穿军服的；动词uniform的过去式和过去分词形式.
Communion	交流；圣餐；共享；融洽关系；宗教团体
deterrent	威慑的；威慑物
swelling	膨胀；动词swell的现在分词.；肿胀物
squarely	坚定地；成方形地；成直角地；直接地；公平地
storyteller	讲故事者；撒谎者
timeless	永恒的；不受时间影响的
pioneering	先驱的；开创的；动词pioneer的现在分词形式.
demolish	拆毁；破坏；驳倒
berth	卧铺；停泊；停泊处；占铺位；锚位；为...提供铺位；使停泊
radiant	辐射的；发光的；明亮的
orbital	轨道的；眼窝的；高速环形路
backbone	骨干；毅力；脊骨；骨气
nope	不
marrow	骨髓；西葫芦；精华；活力
furiously	猛烈地；狂怒地；有力地
transnational	跨国的；超越国界的
greasy	油腻的；油滑的；滑溜溜的
checkpoint	检查站
iris	虹膜；鸢尾属植物
stitch	一针；缝合；疼痛；碎布条
supernova	名词
bonding	形成的亲密关系
postseason	赛季后
denote	表示；象征
devoid	缺乏的；全无的
immoral	不道德的
assorted	各种各样的；配合的；适合的；各色俱备的；动词assort的过去式和过去分词.
armchair	扶手椅；单人沙发；安乐椅；不切实际的
NAFTA	北美自由贸易协定
stiffen	使坚定；变为浓粘；使强硬；使 ... 坚硬
grieve	悲伤；伤心；使悲伤；使伤心
receptive	愿意接受的；易接受的
seminary	神学院；学院；发源地
Populist	平民主义者；平民主义的；平民论者；平民化的
bathtub	浴缸
darkened	动词darken的过去式和过去分词形式.；昏黑的
harness	利用；马具；控制；安全带；管理；披上甲胄；甲胄；束以马具；系在身上的绳子
leftover	残留物；残余的；剩饭
coercion	强迫；高压政治；威压
fatality	死亡；致命性；灾祸；天命
drizzle	细雨；下毛毛雨；细雨般地洒下
walkway	人行道；走道
dissipate	消散；驱散；浪费；放荡；挥霍；散去
publicize	宣传；公布；广告
incompetent	不称职的；无能力的；不能胜任的；没有能力的人
chaplain	牧师；专职教士
subordinate	次要的；下级的；属下；使服从；附属物；把 ... 放在次要
visibly	明显地；看得见地
semifinal	半决赛；半决赛的
pediatrician	小儿科医师
uninsured	未投过保险的
finale	结局；终曲
mahogany	红木；桃花心木；赤褐色；红褐色的
bulge	膨胀；暴增；充满
reimbursement	偿还；偿付；赔偿
ensuing	接下来的；继而发生的；动词ensue的现在分词形式.
diocese	主教教区
pessimistic	悲观的；悲观主义的
quarry	采石场；挖出；来源；苦心找出；猎获物；被追逐的目标
Dane	丹麦人
savior	救主；救助者；救世主耶稣；=saviour.
obscene	猥亵的；淫秽的
scarcity	缺乏；不足；缺少
cynicism	愤世嫉俗；冷言冷语；讥笑；犬儒哲学.
combustion	燃烧
grandma	外婆
invader	侵略者
ventilation	通风；通风设备；公开讨论
turbulent	动荡的；狂暴的；汹涌的；骚动的
holistic	整体的；全盘的
inviting	诱人的；吸引人的；动词invite的现在分词.
manure	肥料；施肥
tenet	宗旨；原则；信条；教义
straddle	跨坐；把两腿叉开；观望；指定价格的交易
longitudinal	纵向的；经线的；长久的
affirmation	肯定；主张；断言
ethnographic	民族志学的；人种志学的；=ethnographical.
luncheon	午宴；正式的午餐
aggravate	恶化；严重
insanity	疯狂；精神错乱；荒唐
cornerstone	奠基石；隅石
exaggerated	夸大的；言过其辞的；动词exaggerate的过去式和过去分词.
rustic	乡村的；乡下人；纯朴的；土气的；农民；村夫；手工粗糙的
seductive	有魅力的；诱惑的；引人注意的
mantle	覆盖；斗篷；覆盖物；笼罩；脸红；墙的外皮
rigor	严格；严密；精确；严厉；艰苦；僵直；强直；严酷
gloomy	阴暗的；前景黯淡的；忧闷的
disposable	一次性的；可任意处理的；用完即可丢弃的东西
sling	吊索；投石器；悬带；悬挂；吊起；投掷；抛；遣送；斯林酒；驱逐
warhead	弹头
troublesome	讨厌的；棘手的；令人烦恼的；困难的
wreath	花圈；花环；花冠
torn	破碎的
annoy	骚扰；使烦恼；使恼怒
amidst	由 ... 伴随；在 ... 当中；在 ... 期间
managerial	管理的
geometric	几何学的；几何学图形的
wooded	多树林的；动词wood的过去式和过去分词.
condemnation	谴责；定罪；非难；宣布有罪
nighttime	夜间；夜间的
scribble	乱写；潦草地书写；潦草的写法
scorer	记录员；得分者
molest	骚扰；干扰；调戏
contaminant	杂质；污染物质；沾染物
umpire	裁判；裁判员；仲裁；仲裁人；为 ... 裁决；为 ...仲裁
imprisonment	关押；禁锢
flop	砰然落下；笨重地摔；猛落；啪嗒啪嗒地动；噗地一声
revel	狂欢；陶醉；作乐；狂欢作乐
indicative	指示的；陈述语气；暗示的
tidy	整理；收拾；整洁的；整齐的；使整洁
blackness	黑色；阴险
dysfunctional	功能失调的
typewriter	打字机
lagoon	泻湖；咸水湖
ambivalence	矛盾心理；矛盾情绪
blizzard	暴风雪；大量
humorous	幽默的；诙谐的
insofar	到这种程度；在这个范围内
divisive	分裂的；区分的；不和的
buyout	买断；全部买下
unmistakable	明显的；错不了的
beware	小心；谨防
melon	甜瓜
smoky	冒烟的；烟雾弥漫的；呛人的；=smokey.
sensational	耸人听闻的；轰动的
usefulness	有用；有用性
wrath	愤怒；激怒
videotape	录像；录像带
pertinent	相关的；中肯的；恰当的；切题的
vineyard	葡萄园；酿酒庄园
condominium	共管；国际共管
nontraditional	非传统的；不符合传统的
unanswered	无响应的；未予答复的
shimmering	闪烁的；迷人的；动词shimmer的现在分词形式.
flinch	退缩；畏缩；逃避；畏首畏尾
pulpit	讲道坛
presumption	推测；放肆；冒昧；可能性
endow	赋予；捐助；使具有某种品质
downplay	低估；不予重视；对…轻描淡写
anyhow	无论如何；不管怎样
bullshit	胡说
acknowledgment	承认；感谢；收件复函；=acknowledgement.
racket	球拍；喧闹；花天酒地；敲诈；职业
vocation	职业；行业；使命
waterfront	滨水区；水边地
rounded	圆形的；全面的；动词round的过去式和过去分词形式.
levee	招待会；堤岸；筑堤；集体接见；码头
abandonment	放弃；放纵；自暴自弃
tart	酸的；果馅饼；刻薄的；尖酸的
favored	喜欢的；受到优待的；赋予特殊条件的；样貌特殊的；=favored.；动词favor的过去式和过去分词.
witty	诙谐的；机智的
stale	陈腐的；不新鲜的；变得不新鲜；腐坏；厌倦的
obedience	服从；顺从
equitable	公平的；公正的
careless	粗心的；漫不经心的；无忧无虑的；草率的；疏忽的
fret	烦躁；焦急；侵蚀；磨损；音柱
disseminate	宣传；散播；公开
fetal	胎儿的
flatter	奉承；恭维；取悦；显得好看
worldview	世界观
injunction	禁令；命令；指令
errand	差事；跑腿；差使
lapse	失效；流逝；过失；间隔；堕落；停止；使失效
rapist	强奸者
kitten	小猫；生育小猫
realist	现实主义者；唯实论者
hamlet	小村；哈姆雷特；部落
photon	光子；光量子
frying	煎的；用于煎的；动词fry的现在分词形式.
ballistic	弹道的
improvisation	即兴创作；即席演奏
barge	驳船；闯；冲；猛撞；以驳船载运
runaway	失控的；逃跑的；逃亡；逃跑者；迅速的
envoy	特使；外交使节
coexist	共存；共处
sucker	吸盘；傻瓜；吸管
judiciary	司法部；法官；司法制度；司法的；法院的；法官的
chromosome	染色体
traitor	叛徒；卖国贼；出卖朋友者
unconventional	非传统的；非常规的；不合惯例的
markedly	明显地；显著地；醒目地
espouse	支持；嫁娶；赞成
powdered	弄成粉末状的；研成粉末的；动词powder的过去式和过去分词形式.
chopper	斧头；摩托车；切碎机；砍刀；一副假牙；砍劈者
adherence	坚持；粘附；固守
showdown	摊牌；最后的胜负对决
traction	牵引；牵引力；附着磨擦力
sunscreen	防晒霜
graveyard	墓地；废弃场地
rodent	啮齿动物；啮齿目的
scientifically	科学地；系统地
lame	跛足的；无说服力的；金属薄板；使 ... 成残废
journalistic	新闻业的
iceberg	冰山；冷若冰霜的人
parrot	鹦鹉；学舌；盲目重复或模仿他人行为的人；盲目重复或模仿
midtown	市中心区的；位于市中心区的
deserted	废弃的；荒芜的；被遗弃的；动词desert的过去式和过去分词.
faulty	有缺陷的；有错误的；有缺点的；不合格的
unification	统一；一致
thump	重击；重打；重击声；用拳头打；怦怦跳；猛击
paralysis	瘫痪；麻痹
strew	散播；点缀；撒满
tempo	节奏；拍子；速率
acquit	表现；原谅；开释；宣布无罪
wilt	枯萎；憔悴
enrichment	浓缩；丰富；改进
botanical	植物的；植物学的；植物制剂
divinity	神；神性；神学
flowing	流动的；平滑的；动词flow的现在分词形式.
wane	衰落；亏缺；变小；变弱；呈下弦
unfairly	不公平地；不正当地
forceful	有力的；强烈的
tack	大头钉；附加；行动方针；以大头针钉住
emblem	象征；徽章
bland	温和的；平淡无奇的；不油腻的；引不起兴趣的
styling	造型；设计；式样；动词style的现在分词.
stakeholder	利益相关者；保管赌注的人
hegemony	霸权；领导权
homage	敬意；效忠
mashed	捣烂的；动词mash的过去式和过去分词形式.
displaced	已位移的；代替的；动词displace的过去式和过去分词.
thriving	繁荣的；兴旺的；旺盛的
mobilization	动员；流动
psychosocial	社会心理的
clipping	剪；剪报；剪取物
immensely	无限地；极大地
imagined	想像；设想；猜想；认为；料想
palpable	明显的；易觉察的；可摸到的
mantra	口头禅；颂歌
whim	奇想；一时的兴致
spotted	有斑点的；斑纹的；有污点的
watchdog	看门狗；看守；看守者
pickle	泡；泡菜；腌；腌汁
stationary	稳定的；驻军
continual	不断的；连续的；频繁的
ridicule	嘲笑；愚弄；笑柄
denim	粗斜纹布；牛仔裤.
pitching	动词pitch的现在分词形式.
rectangle	矩形；长方形
angular	有角的；有尖角的；消瘦的
imperfect	不完美的；有缺点的；未完善的
revert	恢复；回复；归还
periphery	外围；周边；边缘
patronage	赞助；光顾；任免权
startled	震惊的；受惊吓的；动词startle的过去式和过去分词形式.
clinician	临床医生
hospitalize	就医；使住院
ringing	铃声；响声；干脆的；嘹亮的；动词ring的现在分词.
comparatively	比较地；相对地
poisonous	有毒的；恶意的
statesman	政治家
Marxist	马克思主义的；马克思主义者
stimulating	刺激的；令人兴奋的；动词stimulate的现在分词.
zest	热情；风味
appointee	被任命人；被指定人
invaluable	无价的；非常珍贵的
infusion	注入；灌输；激励；泡制
ulcer	溃疡；弊病；腐坏物
proactive	积极的；先发制人的；先行一步的.；〈心理〉前摄的.；〈自控〉有前瞻性的
shampoo	洗头；洗发剂；洗涤剂；地毯等）；洗（头发
translucent	半透明的
brutally	残忍地；野蛮地；冷酷无情地
triumphant	胜利的；得意洋洋的
sensual	肉欲的；感官的；感觉论的；世俗的；色情的
hoof	蹄；以蹄踢；行走
chandelier	名词
contaminated	受污染的；动词contaminate的过去式和过去分词.
halve	减半；平分
concentrated	浓缩的；全神贯注的；密集的；动词concentrate的过去式和过去分词.
unpaid	没有报酬的；未付款的
enthusiastically	热心地；热情地
precarious	不稳定的；不安全的
grassy	长满草的；草绿色的；像草的
mosaic	马赛克；镶嵌；镶嵌图案；用马赛克装饰
winding	线圈；弯曲的；蜿蜒的；卷
rosy	玫瑰色的；美好的
downstream	顺流的；朝下游方向
shredded	撕成碎片；细片；少许；碎布条
clam	蛤；沉默寡言的人；保持沉默；挖蚌
breathtaking	惊险的；令人赞叹的；壮观的；吃惊的
passionately	激昂地；热烈地
avalanche	雪崩；大量
robotic	机器人的；像机器人的
squadron	骑兵中队；一群；装甲连
festive	节日的；欢乐的；喜庆的
biker	骑自行车的人；骑摩托的人
ramification	支流；结果；分叉
sluggish	缓慢的；萧条的；迟钝的；懒惰的；无精打采的
grope	探索
venerable	值得尊敬的；庄严的
seventeenth	第十七的
microbe	微生物；细菌
repetitive	重复的；反复的
footnote	脚注；补充说明；给 ... 作脚注
serene	宁静的；平静的；安详的；尊贵的
notation	表示法；记号；注释；记法
sanitation	卫生设备；公共卫生；下水道设施
gust	突然一阵；风味；猛吹
fluffy	蓬松的；毛绒绒的；空洞的
stern	船尾；严厉的；严峻的；尾部；苛刻的；坚决的
incompatible	不相容的；矛盾的；不能并存的
blurt	突然说出；冲口说出
vain	徒劳的；虚荣的；自负的；无效的
vigil	守夜；监视；值夜
suppression	抑制；镇压
orthodoxy	正教；正统说法；信奉正教
nonviolent	非暴力的
stressor	紧张性刺激；应激物
neutron	中子
minced	肉馅；切碎；切碎物；小步走路；粉碎
stairway	楼梯
fir	冷杉；枞树；枞木
excavate	挖掘；挖开
intrude	打扰；侵入；闯入；干涉
holler	叫喊；发牢骚；怨言
hearty	丰盛的；衷心的；热烈的；亲切友好的
cerebral	大脑的；理智的
cornerback	(美式橄榄球)侧卫
retarded	智力迟钝的；发展迟缓的
modernism	现代主义；现代派；现代思想
crocodile	鳄鱼
cider	苹果酒；苹果汁
fidelity	保真度；忠诚；忠实；准确性
symmetry	匀称；整齐
earthly	地球的；可能的；俗世的
finalist	参加决赛者
innate	天生的；固有的
dearly	昂贵地；深深地；真挚地
dope	涂料；毒品；内幕消息；猜出；给某人吃或打兴奋剂
parishioner	教区居民；教区的教徒
snail	蜗牛
zeal	热情；热忱
braille	布莱叶盲文；点字法；用点字印刷或书写；布莱叶(法国盲人教育家；盲文点写法的设计者)
rejoin	再加入；反驳
decipher	辨认；译解
exemplary	模范的；可仿效的
electronically	电子地；通过电子手段
osteoporosis	骨质疏松症
shattered	砸碎的；动词shatter的过去式和过去分词.；疲惫不堪的；垮掉的
deplete	耗尽；使空竭
martini	马提尼酒
perverse	故意作对的；任性的；有悖常理的；固执错误的
proficiency	熟练；精通
favorably	亲切地；好意地；=favourably.；赞同地
standoff	僵局；平局；冷淡的
coronary	冠状动脉或静脉的
obsessive	强迫性的；着迷的；困扰的
rhyme	韵；押韵；韵文；用韵诗表达
sincerely	真诚地；真心地
analogous	类似的
Colombian	哥伦比亚的；哥伦比亚人；哥伦比亚人的
legion	军团；众多的人；很多的
patriarchal	家长的；族长的；由族长统治的
gait	步态；步法
gleam	微光；闪光；闪烁；闪现；隐约地闪现
kosher	合法的；清洁可食的食物
caravan	商队；大篷车；宿营车
unresolved	未解决的；不坚决的；未分解的
gambler	赌徒
sect	教派；宗派
sectarian	宗派的；党派心强的；属于宗派的人；偏狭的；宗派心强的人
resurrection	复活；复兴；恢复
brittle	易碎的；脆弱的；果仁薄脆糖；尖利的
adept	熟练的；专家；老练的；名手
handicapped	残废的；有生理缺陷的
foray	突袭；尝试；劫掠；侵略
torque	扭矩；转力
outdated	过时的；落伍的；旧式的
fragmented	成碎片的；片断的
coastline	海岸线
thrift	节俭；节约
necessitate	迫使；使 ... 成为必需
installment	部分；分期付款；安装；分册；安置
daycare	日托；日间照管儿童
precipitate	沉淀物；促成；迅猛的；猛摔；使 ... 沉淀；仓促的；冷凝物；感情用事的
subsistence	生存；生计；存在
subtract	减去；减少
nourish	滋养；培育；怀有；给营养
slug	蛞蝓；鼻涕虫；重击；子弹；动作缓慢的人；铅字条；用力打；加铅字条于
understandably	可理解地
likeness	相像；样子；相似物
strategically	战略上；颇具策略地
scold	责骂；斥责；训斥；爱责骂的人
hysteria	不正常的兴奋；歇斯特里症
upbringing	教养；抚养；培养
sixteenth	第十六的；十六分之一的；十六分之一；月的第十六日
intolerance	不宽容；偏执；无法忍受
drinker	酒徒；酒豪；饮者
festivity	欢庆；欢宴
reflex	反射的；反射作用；映象
rebuilding	改建
barrage	弹幕；拦河坝；掩护炮火；以密集火力进攻
inspiring	鼓舞人心的；令人振奋的；激励人的；动词inspire的现在分词.
slowdown	减速；降低速度
conglomerate	联合企业；结合；城郊混合区；成簇的；密集体；使结成；使聚集；聚成一团的
rust	生锈；铁锈；锈菌；损害；变成锈色；赤褐色
cheerleader	啦啦队长；支持者
insulate	隔离；使绝缘
honorary	名誉的；荣誉的；道义上的
disproportionate	不成比例的；不相称的；不均衡的
consolation	安慰；慰藉
dissatisfied	不满意的；不高兴的；动词dissatisfy的过去式和过去分词.
operative	有效的；侦探；技工；运作的；至关重要的
Englishman	英国人
transmitter	发射机；发射台；送话器；传播者
bailout	紧急融资
curricular	课程的
anthology	选集；文选
vacancy	空缺；空白；失神
imprint	印记；印象；痕迹；特征；盖印；加特征；刻上记号；铭记
audition	试镜；听；试听；试音；听力
receptionist	接待员；接线生
addictive	使人上瘾的
unbearable	无法忍受的
notoriously	众所周知地；臭名昭著地
wares	商品；货物；名词ware的复数形式.
prehistoric	史前的；陈腐的；=prehistorical.
eloquent	雄辩的；有口才的；动人的
nicotine	尼古丁
globally	世界上；全世界
nongovernmental	非政府的
regiment	组织；严格管制；组编成团
ascent	提升；上升；上坡路；晋升
apricot	杏树；杏子；杏黄色的；杏色
quaint	古怪的；离奇有趣的；古色古香的
seedling	幼苗
herring	鲱；青鱼
nigger	名词
tofu	豆腐
thirsty	口渴的；渴望的
anecdotal	轶事的；趣闻的
tapestry	挂毯；饰以织锦画
skid	打滑；滑动垫木
smoked	烟熏的；动词smoke的过去式和过去分词.
hospice	名词
adjective	形容词；形容词的；不独立的
brilliance	辉煌；光辉；才华
scarlet	猩红；红衣；绯红色；猩红的；绯红色的
misfortune	不幸；灾祸
hostess	女主人；空姐；女主持
abuser	滥用；虐待；辱骂；恶习
inception	开始；起初；取得学位
clad	穿衣的；给 ... 穿衣；被 ... 覆盖的
reverence	崇敬；尊敬；敬畏；尊严
winery	酿酒厂
balk	阻止；梁木；障碍；错误；犯规动作；退缩；失败；拒绝；突然停止
monstrous	巨大的；怪异的；畸形的
obese	极肥胖的
thoughtfully	考虑周到地；深思地；细心地
lecturer	讲师；演讲者
profess	声称；冒称；以 ... 为业；正式接受入教；表明信仰
unintended	非计划中的；非故意的
jihad	圣战；讨伐异教徒；拥护运动
moratorium	暂停；延期偿付；延期偿付期间
ore	矿；矿石
headnote	眉批；判例集里对一案判决的摘要说明；眉注
sprig	图钉；用小树枝装饰；用钉子钉上；小树枝
pharmacist	药剂师；药商
monologue	独白；独角戏；长篇大论；自言自语
feud	长期不和；争执；封地；结世仇；长期斗争
embryonic	胚胎的；萌芽期的
casserole	砂锅菜
audible	听得见的
beaten	筋疲力尽的；被击败的；锤成的；踩出来的；动词beat的过去分词.
disgrace	耻辱；丢脸
resurgence	复活；再起；再现
squirm	动词；名词
fledgling	无经验的；刚开始的；刚会飞的幼鸟；=fledgeling.；尚缺乏经验的人
brilliantly	辉煌地；灿烂地；光亮地
pantry	餐具室；食品储藏室
anew	重新；再
RBI	打点
fuse	保险丝；融合；导火线；熔化；引线；装引信于；装导线
fabricate	制造；编造；虚构
sow	播种；母猪；散布
modernize	动词
disapproval	不赞成
tendon	腱
avocado	鳄梨树
GNP	国民生产总值；国民生产毛额
getaway	逃跑；逃走；短假；适合旅行的地方
plaid	格子花呢；格子花呢披肩
complexion	肤色；面色；局面；体质；特性
wrench	猛扭；痛苦；扭伤；曲解；挣脱
collateral	并行的；附属的；旁系的；附属担保物；副保；支亲
stoop	弯腰；屈尊；屈服；佝偻；俯冲；降格
unused	未用过的；不习惯的
ecstatic	狂喜的
waive	放弃；搁置；不坚持；推迟
paramedic	护理人员
thaw	融雪；暖和；使融解
disintegrate	瓦解；崩溃；使碎裂；使粉碎
hardy	耐寒的；勇敢的；能吃苦耐劳的；强壮的
obliterate	涂去；擦去；删除
infiltrate	潜入
decency	体面；礼貌；得体；行为规范.
brandy	白兰地酒；以白兰地酒调制
notwithstanding	尽管；虽然；纵使
enlightened	开明的；进步的；有知识的；动词enlighten的过去式和过去分词.
extravagant	奢侈的；浪费的；过度的；大量的
testosterone	名词
Belgian	比利时人
chatter	啁啾；饶舌；喋喋不休地谈；咔嗒作响
cub	幼兽；年轻人
predictive	预测的；预兆的；预言的
interrogate	审问；质问；讯问
grieving	悲伤；伤心；使悲伤；使伤心
inflammatory	煽动性的；发炎的；炎症的
visitation	探视；访问；视察；天罚；苦难
hypertension	高血压；过度紧张
conceivable	可能的；想得到的；可想像的
zucchini	绿皮密生西葫芦
entrust	交托；信托；信赖
taut	紧张的；绷紧的；拉紧的；整洁的
exploratory	探索的；勘探的
incremental	增加的；增量的
cutback	削减；减少；剪修新芽
remedial	治疗的；补救的；矫正的
detach	派遣；拆卸；使分离
biopsy	活组织检查
brew	酿造；酝酿；混合物；策划；酿造物
sacrament	圣礼；圣事；圣餐
gymnastics	体操
reorganization	改组；改造；再编制
clientele	客户
endowment	天赋
biomass	生物量；用作燃料的植物或动物废弃物
zipper	拉链
adrenaline	=adrenalin.
mediocre	平庸的；平凡的
heartland	心脏地区；中心地区
sparse	稀疏的；稀少的
narrate	叙述
snore	打鼾；鼾声；打呼噜
beacon	灯塔；烽火；基地
speck	斑点；灰尘；污点；少量；用斑点标记
tattered	破烂的；衣服褴褛的；动词tatter的过去式和过去分词形式.
cellphone	手机；便携无线电话
rendition	演奏；翻译；解释；投降
saloon	酒吧；大厅；沙龙；大轿车
pleasantly	友好地；愉快地；亲切地；客气地
preseason	旺季前的；活跃季节前的
unanimously	全体一致地；无异议地
curfew	宵禁
gritty	有砂砾的；勇敢的；像砂的
glisten	闪耀；闪光；闪亮
courtship	求爱；求婚；求爱时期
victimization	牺牲；欺骗
rift	裂口；裂开；割开；渗入；切口；隙缝
melting	融化的；动词melt的现在分词.
takeoff	起飞；起跳；模仿
gracefully	优美地；斯文地
admirable	令人钦佩的；令人赞赏的
remorse	悔恨；懊悔
shortfall	不足；差额
Buddhism	佛教
cubicle	小室
progressively	渐进地；逐渐地；前进地
principally	主要地
beforehand	预先；事先；提前
undecided	未下决心的；未做决定的
margarine	人造黄油
lookout	注意；瞭望员；瞭望台；是某人自己的事
objectivity	客观；客观性
affidavit	宣誓书
folded	折叠的；褶皱的；动词fold的过去式和过去分词形式.
satire	讽刺；讽刺文
dues	会费；名词due的复数形式.
cot	小屋；吊床；棚；村舍；鞘；护套
makeover	彻底改变；外表的大变化
batting	打击；打球；棉絮；动词bat的现在分词形式.
behold	看；看到；注视；领悟；引起人的注意)；看啊(多用于祈使句
pew	座位；教堂长凳
Ethiopian	埃塞俄比亚人；黑人；黑人的
wring	拧；使痛苦；绞出；扭绞；强迫取得
tedious	单调乏味的；沉闷的
nostalgic	怀旧的；乡愁的
turbulence	湍流；动荡；骚乱；狂暴；喧嚣
differentiation	分化；区别；变异
dignified	有尊严的；高贵的；威风的；动词dignify的过去式和过去分词；气派的
parody	拙劣的模仿；拙劣模仿；仿作；作模仿诗文
caste	种姓；等级制度；印度的世袭阶级
relentlessly	无情地；残酷地
neutralize	中和；使无效；使中立
proportional	成比例的；相称的
Austrian	奥地利的；奥地利人；奥地利人的
fleeting	短暂的；疾驰的；动词fleet的现在分词形式.
pedestal	底座；基架；搁在台上；颂扬；受人尊敬的地位
biographer	传记作家
abdominal	腹部的
diarrhea	腹泻；痢疾
delineate	描绘；叙述；画出
spew	喷出；呕吐；涌出；吐出；喷出物；呕吐物
omission	遗漏；省略；疏忽；删除
annoyance	烦恼；生气；令人讨厌的人或事情
paranoia	偏执狂；妄想狂
Kuwaiti	科威特的；科威特人
emeritus	名誉退休的；名誉退休者
reptile	爬行动物；卑鄙的人；爬虫类的
foreclosure	抵押品赎回权的取消
insecure	不安全的；不可靠的；缺乏安全感的；缺乏信心的；不稳固的
majestic	宏伟的；壮丽的；高贵的
confound	混淆；挫败；使困惑；诅咒
mathematician	数学家
surreal	超现实的；离奇的
cleanse	净化；使 ... 清洁；使 ... 纯洁
lotion	洗剂；乳液；洗液；护肤液
identifiable	可辨认的
cadre	干部；骨干；小组成员；骨架
commend	推荐；称赞；嘉奖；把 ... 托付给
encircle	包围；环绕
confiscate	没收；充公
dynasty	王朝；朝代
burglary	盗窃行为
coroner	验尸官
generously	宽大地；慷慨地
paradoxically	自相矛盾地；反常地；似是而非的
boldly	大胆地；显眼地
preferable	更好的；更合意的
amnesty	特赦；大赦
rediscover	重新发现
disgusted	厌恶的；使作呕；动词disgust的过去式和过去分词.
forcefully	强有力地；有说服力地
rink	溜冰场
rafter	椽；屋梁
resurrect	复兴；使复活；挖出
individualism	个人主义
neuron	神经元；神经细胞
deli	名词
backfire	适得其反；产生事与愿违的结果；逆火；后爆的巨大响声
resilience	弹性；适应力
downright	彻底的；完全地；彻底地；明白的；率直的
buttocks	名词
delicately	精致地；优美地；微妙地；巧妙地；谨慎地
menopause	更年期；停经期
yugoslav	南斯拉夫的；南斯拉夫人
halftime	名词
derail	出轨；阻碍；使出轨；扰乱
bewildered	困惑的；动词bewilder的过去式和过去分词形式.
individuality	个性；个人；特色
revitalize	使复活；使恢复；使复兴；使振兴
reassurance	再保证；再安慰
downsize	缩小规模；以较小尺寸设计或制造
impediment	障碍；阻碍；口吃
captivity	囚禁；被俘；束缚
steward	管家；管理；乘务员；干事；管理员；做乘务员
watery	潮湿的；苍白暗淡的；含水过多的
electromagnetic	电磁的
kayak	皮船；爱斯基摩人用的皮船
tentatively	试验性地；暂时地；犹豫不决地
awkwardly	笨拙地；尴尬地；别扭地；拘谨地
storefront	店面；临街的；店头
sparkle	闪耀；火花；冒火花
defeated	击败；战胜；挫败；败北；使...不能实现
bipolar	双极的
manageable	易管理的；易办的；易控制的
guise	伪装；装束；外观；借口
electrode	电极；电焊条
remake	再制；再作；改作；重作
ornate	华丽的；装饰的
edible	可食用的；食品；食物
colonization	殖民；殖民地化
disciplined	受过训练的；遵守纪律的；动词discipline的过去式和过去分词.
eggplant	黑紫色
booklet	小册子
thunderstorm	雷暴雨；大雷雨
patriot	爱国者
stronghold	要塞；堡垒；中心地
thrilling	令人兴奋的；毛骨悚然的；令人震颤的；动词thrill的现在分词.
schoolteacher	名词
skyscraper	摩天大楼
anxiously	忧虑地；焦急地；担心地
pronouncement	声明；公告
expend	花费；消耗
inexperienced	无经验的；不熟练的
airy	通风的；轻快的；幻想的；航空的
outpatient	门诊病人
resilient	有弹力的；适应力强的
erratic	不稳定的；古怪的；飘忽不定的
redesign	重新设计
refinement	精致；精炼；提炼；文雅；改良
chute	降落伞；斜槽；瀑布；用斜槽进料；泻物架
reciprocal	互惠；相互；相互的；互惠的；互补的
neurological	神经病学的
hilarious	欢闹的；愉快的
dispel	消除；驱散
syringe	注射器
taunt	嘲弄；辱骂
stylistic	风格上的；格式上的；体裁上的；文体上
yawn	呵欠；打呵欠；张开
envelop	包围；包封；遮盖
handshake	握手
theorize	推理；建立理论；理论化；=theorise.
kindly	温和的；和蔼的；亲切地；温和地；爽快的
revere	尊敬；崇敬；敬畏
renounce	声明放弃；与...断绝关系
Mormon	摩门教的
distrust	不信任；怀疑
emigrate	移民；移居
swath	收割的宽度；长而宽的一长条；割刈的带状地
bribe	贿赂；贿赂物
wiggle	扭动；摆动；蠕动；奶油青豆烧鱼
overstate	夸张；夸大的叙述
breeder	饲养动物的人；培育植物的人
cringe	畏缩；觉得尴尬不安或难为情
disapprove	不赞成
whichever	无论哪个；无论哪些
lore	传说；知识；学问
choral	合唱队的；合唱的；集体朗诵的
gag	恶作剧；笑话；遏制言论；箝口物；塞住口部；使呕吐
simplistic	过分简单化的
czar	沙皇；独揽大权者
emphatically	强调地；断然地
proclamation	宣言；公布；文告
climax	高潮；极点；层进法
improbable	不大可能的；似不可信的；不像会发生的
roadway	车行道
wrapper	包装用品
ukrainian	乌克兰的；乌克兰人；乌克兰语；乌克兰人的
closeness	接近；密闭；严密
victimize	使牺牲；使受害；欺负；使受骗
unearth	发掘；掘出；发现并披露
ambivalent	矛盾的；摇摆不定的
caliber	口径；才干
subgroup	子群；隶属组织
confinement	限制；分娩；拘禁
hearth	炉边；炉床；灶台
humid	潮湿的
obstruct	妨碍；阻塞；阻隔
shortstop	游击手的位置
trudge	长途跋涉；缓慢或吃力地走
glean	收集；拾落穗
generalize	概括；归纳；使一般化
smuggler	走私者
bungalow	小屋
suggestive	暗示的；挑逗性的；影射的；提示性的
faucet	水龙头
worldly	世俗的；世间的；善于处世的
stash	隐藏；隐藏地点；隐藏物；储藏
humiliating	丢脸的；动词humiliate的现在分词形式.；伤自尊的
centimeter	公分
shard	一小片或一部分；〈动物学〉昆虫翅鞘
fillet	束发带；切片；鱼片或肉片
dialect	方言；地方话
pretest	进行预备考试；预备考试；预先试验；预先调查或试验
varsity	校队的；大学体育代表队的
arid	干燥的；枯燥的；无趣的；不毛的；没有生气的
kettle	水壶；坑穴
biased	有偏见的
recruiter	招聘人员；招募者
unreliable	不可靠的
dwindle	减少；缩小
transient	短暂的；短期居留者
rejoice	动词
doorstep	门阶
attributable	可归因于 ... 的
patriarch	家长；主教；元老；创办人
substitution	替换；代替；交换
unspoken	不言而喻的；未说出口的；动词unspeak的过去分词.
anthropological	人类学的
welcoming	欢迎；受欢迎的
unequal	不平等的；不相等的；不胜任的
mare	母马；母驴
gal	伽(重力加速度单位；等于1厘米/秒；2)
tutoring	导师；家庭教师；指导；当家庭教师；当导师
misdemeanor	轻罪；不正当的行为
loot	掠夺；赃物；洗劫；掠夺品
inconvenience	不便；困难；使 ... 不便
sleeper	卧铺；睡眠者；枕木；爆冷门；耳环
caricature	讽刺；讽刺画；歪曲；笨拙的模仿；使滑稽化；画成漫画
legalize	使合法化；法律上认为正当
Peruvian	秘鲁的；秘鲁人；秘鲁人的
foothill	山麓小丘
propulsion	推进；推进力
evergreen	常绿树；常绿的；常绿植物
attire	服装；打扮；盛装；穿衣
backcountry	边远地区；偏僻的农村地区
outfielder	名词
recurrence	再发生；反复；再现
saucer	碟子；茶托
synonymous	同义的；暗示的
macho	大男子气概的；大男子气概
strained	紧张的；不自然的
picket	纠察队；尖木桩；用桩围住；前哨；设置警戒哨；工会纠察员；担任纠察员
clothe	穿上；赋予
combatant	参战者
colonialism	殖民主义
derivative	导数；派生物；派生的；衍生字
adoptive	收养的；有收养关系的
twirl	快速转动；扭转；旋转的东西
nominal	名义上的；象征性的；名词性的；名词词组
recapture	重温；再捕获；重获；重新获得；再次经历；再俘获；重获之物
frontal	正面的；额的；前的；额饰；祭坛前面的罩巾；三角门楣；建筑物的正面
splendor	辉煌；光辉；壮丽；显赫
blatant	公然的；明目张胆的；炫耀的；喧闹的
viability	可行性；生存能力；发育能力
overboard	自船上落下；在船外
cohesion	凝聚力；团结；内聚力
funnel	漏斗；烟囱；使成漏斗状；经过漏斗；漏斗状物；形成漏斗状；使经过漏斗
abstinence	节制；戒酒；禁食
distorted	歪曲的；受到曲解的；动词distort的过去式和过去分词.；扭歪的
pictorial	画报；绘画的；用图片的
fanatic	狂热的；狂热者；盲信者；盲信的；极端分子
airway	气道；空中航线；通风孔
hopelessly	绝望地；无可救药的；无望的
ancestry	祖先；血统；门第；家世
upstate	北部的；在州的北部；北边地；州内远离离大城市的地区；远离大城市或离海岸较远的地方的
remembrance	记忆；纪念品；回想
detachment	脱离；公正；分遣队；冷漠
repercussion	反响；弹回；后果；反射
frivolous	轻佻的；琐碎的；无足轻重的；妄动的
exceedingly	极度地；非常；极其；很
accelerated	加速；促进；加速的
familial	家庭的；家族遗传的
decoy	诱饵；引诱
baton	指挥棒；接力棒；警棍；权杖；短棍
vial	小瓶；药水瓶；把 ... 放入小瓶中
wrinkled	有皱纹的；动词wrinkle的过去式；过去分词.
thirst	口渴；渴望；渴求
admiral	海军上将；舰队司令
flashy	闪光的；一瞬间的；炫耀技艺的
dweller	居民；居住者
tame	驯服的；驯养；乏味的；使驯服；压制；变得驯服；柔顺的
mindful	记住的；深切注意的
nonfiction	非小说的散文文学；写实文学
bison	野牛
mussels	贻贝；双壳类；名词mussel的复数形式.
relive	再生；再次经历
deport	驱逐出境；持...举止
debacle	灾难；惨败；溃逃；狂流
detrimental	有害的；有害的人或事
amen	阿门
genus	名词；形容词
blare	巨响；大叫；吼叫声；高声鸣叫
oversized	特大的；=oversize.；比普通尺码大的；太大的
gobble	狼吞虎咽；很快用完；发出咯咯叫声；咯咯叫声
attainment	达到；获得；才能；学识.
jolt	震动；颠簸；震摇；震惊；摇动；动摇；颠簸而行；少量；敲击
ardent	热心的；热情的；激烈的
naturalist	自然主义者；博物学者
centennial	百年纪念；一百年的
unprepared	无准备的；即席的；还没有准备好的
appalling	可怕的；令人震惊的；动词appall的现在分词形式.
righteous	公义的；公正的；当然的
subpoena	名词；动词
provisional	暂时的；临时性；临时人员
mend	修补；修理；改进；痊愈；改过自新；修补处
cheerfully	高高兴兴地
metaphysical	形而上学的；抽象的
teller	出纳员；叙述者；计票人
internalize	使内在化；使藏在心底
demolition	破坏；毁坏
tweak	拧；扭；捏；微调；拉
spiritually	精神上
leafy	多叶的；叶茂盛的；叶状的
devout	虔诚的；虔敬的；衷心的
proprietor	老板；业主；所有人
boiler	锅炉；汽锅；热水器
fielder	守场员
reorganize	改组；整顿
grimace	鬼脸；作苦相；扮鬼脸；痛苦的表情；面部的歪扭
unjust	不公平的
exporter	出口商；输出国
narration	叙述
powerfully	强有力地；非常地
baggy	宽松的；袋状的；宽松而下垂的
rearview	名词
ailing	生病的；境况不佳的；动词ail的现在分词.
strife	冲突；争吵；竞争；倾轧
exaggeration	夸张；夸大
Jordanian	约旦的；约旦人；约旦人的
accentuate	强调；突出；重读
primer	底漆；入门书；雷管；底火；启蒙书
leash	控制；束缚；约束；用皮带控制；三个一组
gutter	排水沟；槽；贫民区；形成沟；淌蜡；开沟于
auditory	听觉的；听众；听众席
propensity	倾向；习性
ponytail	名词
adventurous	冒险的；爱冒险的；大胆的；惊险的
bottled	瓶装的；动词bottle的过去式和过去分词形式.
reinstate	恢复；使复位
Islamist	回教教徒
delusion	妄想；错觉；幻觉；欺骗
breathless	喘不过气来的
privatize	使归私有；使私人化
plutonium	名词
synthesize	合成；综合
solidify	凝固；使团结；变固体；变坚定
ascribe	归因于；归于
stabilization	稳定；稳定化
trafficker	贩子；商人
uncanny	不可思议的；神秘的
aspiring	有抱负的；渴望的；动词aspire的现在分词形式.；追求的
pane	窗玻璃；方格；方框；嵌窗玻璃
feeder	支流；进食者；分支；输电线；支线驳船；饲养者；供给者
dampen	抑制；使沮丧
rouse	唤醒；激起；奋起；觉醒
childbirth	分娩
smother	窒息；闷死；忍住；用沙等闷住火；厚厚地或大面积地覆盖
eject	喷射；驱逐；放逐
backstage	在后台；向后台
flatly	断然地；平淡地
sincerity	真诚；诚实；诚挚
marshal	典礼官；整顿；配置；汇集；陆空军元帅；司仪官
forgiving	宽容的；宽恕的；动词forgive的现在分词.；容许有错误的
trainee	实习生；新兵；练习生；训练中的动物
undesirable	不受欢迎的；不良的；讨厌的；不良分子；不受欢迎的人；不合意的
horde	群；游牧部落；移动群
hideous	可怕的；丑陋的；可憎的；令人惊骇的
infancy	婴儿期；幼年；初期
mute	沉默的；哑的；弱音器；无声的；减弱；减音；默音字母；哑子
craftsman	工匠；手艺人；技工
alternately	隔一个地
escalating	升级；逐步升级；升高
intersect	交叉；贯穿
eyeball	眼球；盯着；眼珠；打量
professionalism	职业化；职业水准或特性
watermelon	西瓜
oatmeal	燕麦片；燕麦粥；浅棕色
treacherous	危险的；背叛的；不可靠的；背信弃义的
dormitory	集体宿舍
quirky	古怪的；离奇的；狡诈的
outstretched	扩张的；伸长的；动词outstretch的过去式和过去分词形式.
stairwell	楼梯井
hassle	麻烦；争吵；困难；烦扰
moderation	适度；节制；缓和；计分审核制
stricken	受灾的；被击中的；与容器口齐平的；受挫的；表示“深受…之苦的”；受伤或患病的；动词strike的过去分词.
stipulate	规定；保证；有明文规定的
adultery	通奸
remarry	动词；名词
foreman	工头；领班；陪审团团长
intrusive	侵入的；打搅的
confidently	自信地；有信心地
metabolic	新陈代谢的
memorandum	名词
dwindling	减少；缩小
infinitely	无限地；无穷地
methodological	方法论的；方法的
embodiment	体现；化身
overdue	过期的；迟到的；未兑的
mover	移动的人或物；搬运工或公司；提议者
fragmentation	破碎；分裂
cameraman	摄影师
cognition	认知；认识；认识力
sweatshirt	运动衫
prolific	多产的；作品丰富的
gladly	高兴地；乐意地
mythical	虚构的；神话的；杜撰出来的
leukemia	白血病
marginalize	排斥；忽略；使边缘化
mulch	护根；做护根；护盖物；铺护盖物
upwards	向上地；以上；往上
unnamed	未命名的；不知名的；无名的；没有提及的
syndicated	在多家报纸期刊上同时发表的；动词syndicate的过去式和过去分词.
powerhouse	发电站；动力室；精力旺盛的人
defective	有缺陷的；有缺陷的人
shabby	破旧的；寒酸的；卑劣的
censor	检查；检查员；监察官
schoolchild	学童
construe	解释；翻译；作句法分析
overhaul	彻底检查；革新；翻修；仔细检查；赶上；全面检修
conducive	有益的；有助的
conceptualize	概念化
trough	水槽；低谷；低潮；马槽
warmly	温暖地；热烈地；亲切地
ludicrous	可笑的；滑稽的；荒谬的
trappings	服饰；装饰；外部标志；名词trapping的复数形式.
tenderness	温柔；柔软；娇嫩
beige	米黄色；米黄色的；薄斜纹呢
throng	人群；一大群；群集；挤满；大量
scoff	嘲笑；嘲弄；愚弄；狼吞虎咽；笑柄
veggie	名词
generalized	广义的；普遍的；概括的；动词generalize的过去式和过去分词形式.
sanity	头脑清楚；神智健全
pitfall	陷阱；隐患；想不到的困难
articulation	表达；连接；接合
revolutionize	使革命化；彻底变革
mammoth	猛犸；庞大的；巨大的；长毛象
fervor	热诚；热心
dagger	匕首；短剑
hem	褶边；缝边；包围；约束
revolver	左轮手枪
abduction	诱拐
determinant	决定因素；决定性的
chiefly	主要地
shrewd	精明的；敏锐的；狡猾的
predatory	掠夺的；捕食生物的
subtlety	微妙；敏锐；狡猾
cavern	大洞穴；挖空；置于洞穴中
involuntary	非自愿的；不由自主的；无意的
thicket	丛林；草丛；繁茂处
Nigerian	尼日利亚的；尼日利亚人
idealism	理想主义；唯心主义；唯心论；观念论
prowess	英勇；非凡的能力
booze	酒；豪饮；酒宴
magistrate	地方法官；行政官
burglar	窃贼
diffusion	扩散；传播；散布
campfire	篝火；营火；篝火晚会
specificity	特殊性；专一性；特性；特征；特效
clerical	牧师；书记的；事务上的；抄写员的
overlapping	相互重叠的；动词overlap的现在分词.
ooze	软泥；泄漏；流露；渗出物
hamstring	腿筋；切断腿筋使成跛腿；使无效；减弱活动能力
spearhead	做先锋；攻击的最前线；突击队的先遣队；在前面带头做先锋；矛尖
argentine	阿根廷人；银；银的
taiwanese	台湾的；台湾人；台湾人的；台湾话
shallot	名词
steaming	名词
goggle	瞪大眼睛看；护目镜；眼睛睁视；瞪视；凝视的；瞪大眼睛的
bristle	猪鬃；刚毛；直立；生气
enlightenment	启蒙
sweetie	情人；爱人；好心人；甜的糕饼类
locality	地区；位置；地点；方位
truce	休战；以停战结束；烦恼等的)缓和；(争执
dugout	独木舟；防空洞；替补席
astonished	惊讶的；动词astonish的过去式和过去分词.
mistakenly	错误地；曲解地
preschooler	学龄前儿童
multiculturalism	多元文化
padded	填充的；有装填垫料的；动词pad的过去式和过去分词.
shortcut	快捷键；捷径；近路；走捷径；抄近路
antisocial	反社会的；不擅社交的；非社交的
underside	下面；阴暗面
baron	名词
beak	鸟嘴；鸟嘴状物体；校长
tenuous	脆弱的；纤细的；稀薄的；贫乏的；空洞的
simulated	仿造的；模仿的；伪装的；动词simulate的过去式和过去分词.
misty	模糊的；有雾的；朦胧的
hanger	衣架；挂钩；悬挂物
scowl	皱眉；愁容
pedagogical	形容词
strikingly	引人注目地；突出地；显著地；惊人地
refute	反驳；驳斥；驳倒
spontaneously	自发地；自然产生地；自生地
reassuring	安心的；动词reassure的现在分词.；宽慰鼓励的
meticulous	一丝不苟的；缜密的
eminent	著名的；卓越的
knowingly	故意地；会意地
vaccination	接种疫苗；种痘
housekeeper	女管家；主妇
garner	得到；收集；谷仓；贮藏
shingle	木瓦；屋顶板；砂砾；锻铁；挤压；小圆石；盖以木瓦；女子短发式样
sinner	罪人；流氓
decorated	装饰的；修饰的；动词decorate的过去式和过去分词.
collage	拼贴；拼贴画；杂烩
sympathize	同情；同感；赞成
neglected	被忽视的；动词neglect的过去式和过去分词.
militarily	在军事上；从军事角度
biotech	名词；形容词
richly	完全地；富裕地；丰富地；浓厚地
imperialism	帝国主义
backseat	后座；次要位置；=back seat.
stillness	静止；沉静
canister	罐；筒；防毒面具的滤毒罐；霰弹筒
fraudulent	欺诈的；不诚实的；不正的
onslaught	猛攻；攻击；抨击
relational	亲属的；有关系的
realistically	逼真地；现实地；实际地
pastime	消遣；娱乐
budge	移动；妥协；羔皮；庄严的
submerge	潜入水中；浸没；覆盖；使浸没
usable	可用的；适用的
antioxidant	抗氧化剂
homecoming	回家；归国；返校节
peacekeeper	维和人员
incorrectly	错误地；不正确地
forage	饲料；喂；搜寻粮草；粮草；掠夺
institutionalize	使制度化；把某人置于公共机构照料之下；使……机构化
illumination	照明；启发；阐释；古书上的图案或装饰
showroom	陈列室；展览室
blister	水泡；气泡；生水疱；责骂；使冒泡
hindsight	枪的照门
imposition	强迫接受；课税；欺骗
sliver	梳棉；裂片；剖成长条；细长条
saturate	使饱和；使充满；使浸透；饱和的；浸透的；深颜色的
thorn	刺；荆棘
uniformly	一律地；均匀地；无变化地
discreet	谨慎的；不引人注意的
pebble	鹅卵石；水晶透镜；用卵石铺；水晶；使有卵石纹；用卵石投掷
whereabouts	下落；在何处
shrinking	收缩的；畏缩的；犹豫不决的
raging	狂暴的；非凡的；熊熊燃烧的
rebellious	叛逆的；难以控制的
swivel	转体；转换仪器
bookshelf	书架
divergent	分歧的；偏离的；分开的
Arabian	阿拉伯的；阿拉伯人；阿拉伯人的；阿拉伯马
ignition	点火；点火器
jut	突出；伸出；凸出；突出部分
sputter	喷溅；劈啪声；飞溅；生气激动地说；发出劈啪声；语无伦次地说；兴奋地说话
inward	内部的；向内；内部；向内的；内心的；亲密的；内在
quarrel	吵架；争论；挑剔；怨言
throttle	油门；节流阀；使窒息；喉咙；扼喉咙
methane	甲烷；沼气
dementia	痴呆
newsroom	编辑部；报章杂志阅览室；报纸贩卖部
woodland	林地；林地的；森林地
hitch	猛拉；蹒跚；拴住；急拉；免费搭车；免费乘车；妨碍；拉紧；急促猛推；连住；跛行
gaping	张开的；动词gape的现在分词形式.
topping	一流的；构成顶部的东西；糕点上的装饰配料；动词top的现在分词形式.；显赫的
allusion	暗示；暗指
bulldozer	推土机；欺凌者
fad	时尚；一时流行的狂热
homogeneous	同质的；同种的；相似的
perjury	伪证罪；伪誓；背信弃义
heady	兴奋的；陶醉的；冲动的；头晕的；强烈作用于感官的
repel	击退；排斥；抵制；使反感；反感
murderous	蓄意谋杀的；要命的；行凶的；残忍的；凶恶的
condone	宽恕
blackout	断电；灯火管制；暂时的意识丧失
iced	冰冷的；冰冻的；装冰的；动词ice的过去式和过去分词形式.
ferocious	凶猛的；残忍的；极度的
rehabilitate	改造；修复；使恢复
profitability	盈利能力；收益性
subdued	柔和的；减弱的；屈服的；被抑制的；动词subdue的过去式和过去分词.
gulp	吞咽；吞食；抑制；喘气
sociological	社会学的；社会的
cashier	出纳员；收银员；解职；丢弃
flair	天赋；才华；鉴别力
handcuff	上手拷
bloated	浮肿的；傲慢的；发胀的；熏制的；动词bloat的过去式和过去分词形式.
pertaining	附属的；动词pertain的现在分词；与 ... 有关系的；为 ... 固有的
pricey	昂贵的；过分昂贵的
gloss	光泽；掩盖；注释；光彩；注解；虚饰；作注释
espionage	间谍活动
seismic	地震的
spree	欢闹；狂饮作乐；放纵的行为
infinity	无限；无穷
wildflower	野花
giddy	轻浮的；头晕的；眼花的；轻率的
delicacy	佳肴；精致；谨慎；优雅；柔弱
bogus	假的；伪造的
inland	内陆；内陆地；内陆的；国内的
prenatal	产前的；出生前的；=antenatal.
contemplation	沉思；注视；打算
delve	探究；挖掘；搜索
frigid	寒冷的；冷淡的
itinerary	旅程；旅程的；游记；巡回的；游历的
ethos	民族精神；气质；道德风貌
flipping	讨厌的；讨厌地；动词flip的现在分词形式.
puree	果泥；菜泥；浓汤；做浓汤；做果泥
nibble	轻咬；吹毛求疵；一点点地咬；少量
ghostly	可怕的；幽灵的；鬼似的；灵魂的
insistent	坚持的；迫切的
stylist	设计师；造型师；文体家
cypress	丝柏；丝柏木
afloat	在流传中；浸满水的；漂浮的；无欠债的；在流传中的；免于经济困难地；飘浮地
economical	经济的；节俭的；合算的
adamant	坚定不移的；固执的；硬石；坚硬无比之物
gush	涌出；滔滔不绝地说；迸出
overrun	泛滥；侵占；超越；流行于
fella	小伙子；伙计
convent	女修道院；女修院开办的学校
rationality	理性；合理性
graphite	石墨；黑铅；铅笔粉
jig	带锤子的钓钩；捷格舞；乱跳；跳捷格舞；选筛；上下晃动；用夹具辅助加工；用钩钓鱼
imaginable	可想像的；可想到的
unpublished	未发表的；未出版的
galley	单层甲板大帆船
covenant	契约；盟约；立书保证
expulsion	驱逐；开除；排气
esteem	尊敬；认为
dichotomy	二分法；两分；分裂
barricade	街垒；障碍物；封锁；栅栏；阻拦；设路障挡住
masculinity	男子气慨
ecologist	生态学家
madden	使发狂；激怒
academia	名词
bog	沼泽；陷于困境；使 ... 陷于泥沼
subversive	颠覆性的；破坏性的；危险份子；破坏份子
deduct	扣除；演绎
Croatian	名词
tinker	修补；修补匠；改进；调整；焊锅；做焊锅匠；笨拙地修补
troll	巨人；巨怪；反复；搜索；滚动；钓饵；钓绳；用曳绳钓
concerted	一致的；协定的；商议好的；动词concert的过去式和过去分词.
quartet	四重奏
dummy	假人；傀儡；假的；哑巴；仿制品；笨蛋；仿造的；保密
truthful	真实的；诚实的
landslide	滑坡；山崩；占绝对优势的选举
wrestler	摔跤选手；扭斗者
fieldwork	实地调查；野外工作；现场工作
taint	污染；污点；感染；中毒；耻辱
sled	名词；形容词
contextual	上下文的；与语境有关的
tandem	串联；串联式自行车
astonishment	惊讶；令人惊讶的事物
trample	践踏；踩踏；轻视
incorporation	合并；包含；组成公司
improperly	不适当地；不正确地
timid	胆怯的；害羞的
destabilize	使动摇；使不稳定
ambush	埋伏；伏击；伏兵
borrowing	借款；贷款；动词borrow的现在分词.；借用词
taboo	禁忌；禁忌的；禁止接近；禁止使用
edgy	急躁的；刀口锐利的；尖利的
undocumented	无正式文件的；无事实证明的
penalize	处罚；使不利
rut	车辙；发情；常规；凹痕；处于发情期；槽；耕犁；形成车辙；陈旧不变的一套
upstream	向上游；逆流地；逆流而上的；上游的
urgently	迫切地；紧急的
felon	重罪犯
clarification	澄清；阐明
vulgar	粗俗的；通俗的；乡土的
censored	检查；检查员；监察官
homelessness	无家可归
accompaniment	伴随物；伴随情况；补充物
wrongly	错误地；不公正地；不恰当地
ax	斧子；削减；解雇；用斧砍
creepy	怪异的
entourage	随行人员；周围的事物
slit	裂缝；切开；撕裂；使成狭缝；狭长的切口
rummage	检查；到处翻寻；搜出；翻箱倒柜的寻找；临检
neutrino	中微子
deference	顺从；敬重
doze	瞌睡；打瞌睡
flora	植物；群落
obligate	强制；有义务的；使负义务；预留；必要的
eyepiece	目镜
discriminatory	歧视的；差别待遇的
janitor	管理员；门卫；门警
recourse	追索权；求助；依赖
purport	声称；意义；意图；意味着；大要；要旨
medically	医学上；医疗上
birdie	以低于标准杆的一击得分；高尔夫球中得分低于标准杆的一击
corroborate	证实；确证
adversity	逆境；不幸；灾难
impatience	不耐烦；急迫
semantic	语义的
anglo	盎格鲁；英裔美国人；不列颠的；英国的
yolk	蛋黄
deserving	值得的；动词deserve的现在分词形式.；应得的赏罚
connotation	涵义；言外之意
remodel	改建；重新塑造；改编；改制
incite	煽动；刺激；激励
campsite	露营地
primate	灵长目动物
parchment	羊皮纸；仿羊皮纸
anarchy	无政府状态；混乱
cumin	莳萝；孜然芹
artificially	人为地；不自然地；人工地
roadblock	路障；障碍
coerce	强制；威胁
oily	含油的；油腔滑调的；像油的
immortal	不朽的；神；不朽的人物；永世的
oats	燕麦；燕麦片；名词oat的复数形式.
quicker	快些的；形容词quick的比较级.
assertive	自信的；断定的
spore	孢子；产生孢子
flagship	旗舰；最重要产品
picturesque	如画的；生动的；奇特的
whack	重打；重击；一份；尝试；敲击；瓜分
noticeably	明显地；显著地
arithmetic	算术；计算；算术的
relieved	放心的；放松的；动词relieve的过去式和过去分词.
terrorize	实施恐怖统治；令人恐怖
rainforest	雨林
palate	口味；味觉；上颚
wreak	发泄
recurrent	周期性的；循环的；再发生的
seminal	精液的；种子的；生殖的；影响深远的；创新的
axe	斧；解雇；用斧砍；大量削减；倒闭
wad	填料；填塞；大量；使 ... 成一团
depressive	压抑的；抑郁者；沉闷的；压下的
gruesome	可怕的；令人毛骨悚然的；阴森的
skeletal	骨骼的；骸骨的；梗概的
acutely	尖锐地；剧烈地
unsuccessfully	失败地；无用
rented	租用的
hive	蜂房；蜂箱；蜂群；储备；聚居；蜂进入蜂箱；把一部分分离出来；使蜂入箱；喧闹繁忙的场所
rodeo	马术竞技表演会；将牛、马驱集在一起
measurable	可测量的；重要的；可预见的；可察觉的
subvert	颠覆；推翻；毁灭；使败坏
publicist	国际法学家；宣传员；政治评论家；政治记者
liter	升
menacing	威胁的；动词menace的现在分词形式.
debilitating	使衰弱的；动词debilitate的现在分词形式.
geopolitical	地理政治学的
caveat	警告；防止误解的说明
patterned	有图案的；组成图案的；动词pattern的过去式和过去分词形式.
ravine	峡谷；沟壑；溪谷
bustling	熙熙攘攘的；忙碌的；喧嚣；动词bustle的现在分词.
abnormality	异常；畸形；反常；变态
folklore	民间传说；民俗学；民间风俗
depress	降低；压抑；使萧条；压下；使沮丧
repressive	压抑的；镇压的；专制的
quicken	变活跃；刺激；变快；使加快；使活跃
redirect	再直接的；重新寄送；重新传入
joyful	愉快的；高兴的
crackle	裂纹；发劈啪声；劈啪响
tributary	支流；支流的；纳贡的；从属的；辅助的；属国；纳贡者
songwriter	歌曲作家；歌曲作者
unpack	卸下；打开取出
tablecloth	桌布；台布
stately	庄严的；堂皇的；高贵的；庄严地；堂皇地
secretive	秘密的；偷偷摸摸的
horrifying	令人震惊的；动词horrify的现在分词形式.；使人毛骨悚然的
penchant	名词
abduct	诱拐；绑走
drone	无人驾驶飞机；雄蜂；嗡嗡声；混日子；单调的声音；单调低沉地说；游手好闲者；嗡嗡叫
commando	名词
sitter	就座者；孵卵鸡；得分良机；临时看孩子的人；易做的或易捕捉的事物
modestly	谨慎地；谦虚地；适当地
crumbling	破碎的；岩块剥落；皱纹；动词crumble的现在分词形式.
thrash	鞭打；彻底击败；痛打；抽打
hospitalization	住院治疗；医院收容
boon	恩惠；合得来的；所感激的事
pointless	无意义的；不得要领的；钝的
lengthen	延长；加长
accelerator	油门；促进剂；加速装置
waking	醒着的
ploy	策略；手段
pretense	借口；虚假；伪装；炫耀；自吹；=pretence.
seated	坐着的；固定的；动词seat的过去式和过去分词形式.
liturgy	圣餐仪式；礼拜形式
teeter	摇摇欲坠；摇摆；犹豫不决；翘翘板；上下往复的运动
stirring	活跃的；起始阶段；令人激动的；动词stir的现在分词形式.
logically	逻辑上地；符合逻辑地
bale	包；捆；不幸；灾祸；将 ... 打包
converse	交谈；谈话；相反的；相反的事物；逆命题；逆向的；倒的
unborn	将来的；未生的
stroller	散步者；流浪者
barley	大麦
slay	杀害；残杀
conformity	符合；一致；遵守
benevolent	仁慈的；乐善好施的
coward	懦夫；胆小的
briskly	活泼地；精神勃勃地
fabrication	制造；建造；虚构的谎言
fearless	无畏的；勇敢的；大胆的
clockwise	顺时针方向地；顺时针方向的
croat	克罗地亚人；克罗地亚语；克罗地亚人的；克罗地亚语的
microorganism	微生物
Georgian	乔治亚的；乔治亚人；乔治王时代；乔治亚州人；该时代艺术风格的
deceptive	骗人的；虚伪的；诈欺的
strut	支柱；支撑；高视阔步；趾高气扬地走
dormant	休眠的；静止的；潜伏的；睡眠的；匿名的
Californian	加利福尼亚州人；加州的；加州人
destroyer	驱逐舰；破坏者；阻止者
vertically	垂直地
balancing	平衡；平差
glittering	闪闪发亮的；动词glitter的现在分词形式.
acclaimed	欢呼（acclaim的过去式及过去分词）；受到赞扬的
manpower	人力；主要经营临时帮助)
toasted	烤；烤面包；吐司；祝酒；烘；祝酒词；被祝酒的人
carnage	大屠杀；残杀
relativity	相对论；相对性
juncture	时刻；关头；接合；连接
coherence	连贯；一致
rebirth	再生；新生；复兴
ration	配给；定量；定额；限量供应
birch	桦树；桦木；用桦条抽打
antidote	解药；解毒剂；对抗手段
barbed	有倒钩的；有刺的；讽刺的；动词barb的过去式和过去分词.
treatise	论文；论述
purge	清除；净化；清洗；泻药；整肃
reactive	反应的；活性的；反作用的
lunchtime	午餐时间
quiver	颤抖；箭袋；振动；箭袋内的箭
legitimize	使合法；使成为正当；承认嫡出
lobe	耳垂；裂片；圆形突出部
deteriorating	恶化；变质；衰退
ingenious	精巧的；有独创性的；机灵的
labyrinth	迷宫；难解的事件
intertwine	纠缠；缠绕；编结
vigilant	警惕的；警戒的
antelope	羚羊；羚羊皮革
appal	使 ... 吓坏；使 ... 惊骇；失败
birthplace	出生地；发源地
contagious	传染性的；感染性的
inspirational	鼓舞人心的；给予灵感的；带有灵感的
replay	重播；重放；重赛；重演；重新比赛
counterproductive	适得其反的；反生产的；使达不到预期目标的
saliva	唾液
disarmament	裁军；缴械
Utopian	乌托邦式的；空想家；梦想的
autobiographical	自传的；自传体的
enlighten	启发；开导；教导
sushi	名词
headphone	头戴式收话器
sporadic	零星的；不定时发生的
sufferer	患者；受害者；受难者
totalitarian	极权主义的；极权主义者
troupe	巡回演出；一班
veterinarian	兽医
contrasting	对比；差别；对照物；成对照
stiffness	僵硬；硬度
blockade	封锁；挡住；阻碍物
outcry	强烈抗议；拍卖；大声喊叫
conveniently	合宜地；方便地
oregano	名词
stewardship	管理员、服务员等的职位和职责
shin	胫骨；快步走；攀爬；踢或打在 ... 的胫骨上
unavoidable	不可避免的
prosthesis	假体；弥补；添字首音
pore	毛孔；小孔；钻研；沉思；熟读
surfer	冲浪者
reunification	重新统一
lemonade	柠檬水
milieu	背景；周围环境；栖身所
rooster	公鸡；狂妄自负的人；雄禽
topical	局部的；时事问题的；谈论的
encode	编码；译码
ligament	韧带；纽带；结带
unconditional	无条件的；绝对的；无限制的
plop	扑通声
superstition	迷信；没有根据的理论
supremacy	至高；主权；最高权力或地位
victorious	胜利的；得胜的
rave	咆哮；说胡话；极力赞扬；喧闹的宴会；胡说
hugely	巨大地；非常地
spaceship	宇宙飞船
hazy	朦胧的；模糊的
swan	天鹅；游荡；闲荡
smallpox	名词
squid	鱿鱼
groin	腹股沟；交叉拱；防波堤；弧棱；做成穹棱；造防波堤
stench	恶臭；臭气
sabotage	破坏；怠工
solvent	溶剂；有偿付能力的；有溶解力的
thematic	主题的
crutch	拐杖；支柱；支撑
dashboard	名词
insensitive	不敏感的；麻木不仁的；感觉迟钝的
correctness	正确；正确性
puffy	浮肿的；膨胀的；肥满的
ingenuity	独创性；心灵手巧；精巧
tally	记录；计算；一致；帐；标签；记分；使一致
cascade	瀑布；串联；瀑布似地落下
rescuer	救援者
geographically	在地理上；地理学上地
Baltic	波罗的海的；波罗的语的
foreseeable	可预见到的
conscientious	认真的；负责的；谨慎的
charisma	魅力；非凡的领导力
Diaspora	散居；犹太人散居的各个地方；散居在外的犹太人
baptism	洗礼
subtitle	说明或对白的字幕；给 ... 加字幕；给 ... 加副标题
composting	堆制肥料；动词compost的现在分词形式.
retribution	惩罚；报应；报复；报偿
budding	发芽；萌芽的；萌发；动词bud的现在分词.；新进的
parochial	狭隘的；教区的；地方性的
stony	多石的；石头的；铁石心肠的
Caucasian	白种人的；白种人；高加索人；高加索人的
totality	全部；总数
bloodshed	流血；杀人
decry	责难；诽谤
apprehend	理解；逮捕；忧虑；拘押
fennel	茴香
shaman	僧人；萨满教巫师
coupling	耦合；结合；联结
shawl	披肩；围巾；用围巾；用披肩
predominant	主要的；占优势的；显著的
tyrant	暴君；专横的人；专制的君主
reliably	确实地；可靠地；可信赖地
peddle	兜售；散播
depletion	消耗；逐渐耗尽
transcendent	卓越的；超然的
tremor	地震；震动；颤动；战栗；兴奋
sinking	下沉；下沉的；凹陷；虚脱感；动词sink的现在分词形式.
worrisome	令人烦恼的；令人忧虑的
solidly	坚硬地；稳固地
unheard	听不到的；未被注意的
occupancy	占用；占有；居住期间
planter	种植者；殖民者；耕作者
stormy	暴风雨的；激烈的；粗暴的
subjectivity	主观性；主观主义
fastball	名词
knack	诀窍；技巧
instructive	有益的；教育性的；有启发的
languish	失去活力；憔悴；受苦；衰弱无力
serpent	蛇；狡猾的人；蛇一般的人
fiddle	小提琴；摆弄；拉小提琴；浪费；骗局
commotion	骚动；混乱；喧闹
Frenchman	法国人
stretcher	担架；伸张器；横档
bask	取暖；沐浴于；舒适地晒太阳
animosity	仇恨；憎恶
predictably	可预言地；不出所料地
airwaves	无线电或电视广播
incomprehensible	费解的；不能理解的
easel	画架
flawless	完美的；无瑕疵的
staunch	坚定的；止住；坚固的；止血；忠实可信的；=stanch.；不漏水的
spasm	痉挛；抽筋；感情等的）一阵发作；（动作
streamline	使简化；使 ... 合理化；使 ... 成流线型
staging	演出；脚手架；动词stage的现在分词.；临时台架
squander	浪费；挥霍
discontinue	停止；中断；中止
beggar	乞丐；穷人；使贫穷；使不能；使不足
medic	医科学生或医生
intestine	肠；国内的；内部的
etiquette	礼仪；礼节；规矩
segregated	隔离；分离；分离的；分凝
tripod	三足鼎；三脚用具
prematurely	过早地；早熟地
caress	爱抚；抚摸；拥抱；怜爱
shutdown	关机；停工
miraculously	奇迹般地
fruitful	富有成效的；多产的
medicinal	药物的；治疗的；医学的；有药味的
wicker	柳条；枝条；柳条制品
ketchup	蕃茄酱；=catchup.
impatiently	不耐烦地；急躁地
matchup	匹配；对手；配偶
restroom	洗手间
crushing	毁灭性的；压倒的；支离破碎的；决定性的；动词crush的现在分词形式.
immature	不成熟的
thirds	名词third的复数形式.；三号
dishwasher	洗碟机；洗碗工
harshly	刺耳地；粗糙地；粗暴地
junkie	有毒瘾者；废品旧货商；上瘾的人
hobble	蹒跚；跛行
prognosis	预后；预测；预断病情
intermediary	中介；中间的；媒介的；仲裁者；调解者
Bourbon	波旁威士忌；波旁皇族；反动分子
bruised	瘀伤的；动词bruise的过去式和过去分词.
queer	奇怪的；古怪的；可疑的；使陷入不利；把...弄糟
deportation	驱逐；驱逐出境；放逐
fraught	充满的；忧虑的；伴随的；忧伤的
pathologist	病理学者
riddle	谜；谜语；解谜；出谜题；充满；筛选
squeal	告密；长而尖的叫声；用长而尖的声音说；发出长声尖叫
appellate	上诉的；受理上诉的；控诉的
galactic	星系的；银河系的；巨大的；乳汁的
inadequacy	不足；不充分；缺陷；不胜任；缺乏信心
dribble	运球；流口水；少量；细流；使 ... 慢慢流下
perceptual	感性的；知觉的
negligence	疏忽；渎职；不修边幅
volatility	挥发性；挥发度；轻快
cheekbone	颧骨；颊骨
silky	温和的；丝制的；像丝一样柔滑的
torrent	激流；山洪
tort	侵权行为；民事过失
locomotive	机车；火车头；运动的；火车头的；旅行的
unconsciously	无意识地；不知不觉地
weakly	无力地；虚弱地
primal	原始的；最初的；主要的
