word	longman_translation
the	det.以下不用 the：，the不和表示语言的名词连用，书写日期时不用 the，the一般不和表示一日三餐的名词连用\nprefixtheo-的另一种形式
of	prep.…的一部分，属于的，…的，关于…的，以…为主题的
and	conj.和，及，与，又，并，然后，接着，那么，因此，加
to	prep.向，朝，到，往，向，给，对\nv.在关上的位置\n语体
in	adj.时尚的\nn.某事的详情，途径，方式\nprefix不，无，非\nprep.在里，在…内，入…中，进入，在\nv.往里面，在里面，在建筑物里，进入建筑物里，已经到达
for	conj.因为\nprep.给，对，为了，以帮助，为了，供，为了要
is	动词 be 的第三人称单数现在式
on	prep.在表面上，在…上面，在…上，支撑住身体\nv.继续，继续的 ，不停的，进一步，继续往前的 ，再向前的
that	conj.以至于，使得，真希望，但愿\nn.那，那个，那，那个，那种，…的人，那些…的人，此外，而且\nv.那么，那么，那样，没有那么长，那么多等
by	prefix较不重要的\nprep.由谁，什么做某事，被，由，方式\nv.经过，过去，在旁边，在附近，拜访
this	n.这，这个，这个，这样，这个，这，这位\nv.这么，这样，如此，这样
with	prep.和…一起，具有，带有，用，以
you	n.你，你们，任何人
it	adj.时髦而抢手的一个包，一件连衣裙，一双鞋等\nn.它，这，那，要不是某人，要是没有某事物，特殊能力
not	v.不，没，不是，根本不，一点也不…，不，不是
or	conj.可能性，选择，或，或者，还是，或其他什么的，诸如此类的什么\nsuffix的人，用于做…的器械
be	prefix把…视作，把…当作，佩戴，穿戴，覆盖\nv.将要做某事，必须做某事，应该做某事，能被看到
are	be的现在式复数形式
from	prep.某人，某事开始的地方，自，从，由，一定距离之外
at	prep.在，在…里，在…上，在…时刻
as	conj.像…一样，按…的方式，如同，正如\nv.像，如同，作为，身为，当作
your	det.你的，你们的，任何人的
all	n.全部，所有，一辈子，一整天，一整年等\nprefix纯，全，单一种类的，整天的，整夜的\nv.完全，遍布某物 x，处处，到处，好得多
have	v.某人最好 做某事，如果某人做了某事，特性，特征
new	adj.新造的，新建的，新发明 的，新买的\nn.新的，簇新的，崭新的，新近的，最近的，最新的
more	n.更多的数量，另外的，更多的，越来越多，不超过，至多\nv.更，更加，较为，不用于形容词或副词的-er形式之前，更经常，更长久，更强烈地
an	det.一\nprefix无，没有\nsuffix与…有关的，与…有关的人，精通 …的人
was	v.be的第一和第三人称单数过去式
we	n.我们，我们，人，人类，人们，寡人，朕，我们，咱们
will	n.决心，意志，毅力，决心，法律文件，遗嘱\nv.将来，将，会，要，愿意做某事，愿，要
home	adj.家的，家庭的，住宅地址，电话号码，在家做的\nn.居住的地方，家，住所，窝，在家办公，马厩\nv.到家，回家，在家，回到家，挣得每周 120英镑
can	n.金属罐，【英】，【美】金属罐，长嘴油壶\nv.能力，能，会，见图，请求
us	n.我们，人，我，美国
about	adj.即将做某事，不打算做某事\nprep.关于，因为，到处，在…上\nv.大约，大概，语体，到处，在附近，在…周围
if	conj.假若，要是，如果，是否，当，每次，即使\nn.借口，托词，这是一大疑问，假设，不确定的情况
page	n.纸，页，面，一张，计算机\nv.呼叫，传呼，按下页键，快速翻阅
my	det.我的，天哪，哎呀，亲爱的\ninterjection哎呀
has	have的第三人称单数现在式
search	n.寻找，查找，搜寻，搜查，搜索，检索，寻找某物\nv.找寻，寻找，搜索，搜寻，计算机，搜索，检索
free	adj.不花钱的，免费的，不是囚犯，自由的\nn.自由转会\nsuffix无…的\nv.释放，释放，使自由，不控制，解放，使摆脱
but	conj.但是，然而，可是，而是，除…以外\nn.借口，托辞\nprep.除…以外，倒数第二，相隔两个等\nv.只能，仅仅
our	det.我们的，我们的，我家的
one	adj.仅有的，唯一的，闻名的，知名的\ndet.一个，某一天，某个早上，某一年等\nn.一个，…的人，逐个，逐一，一个接一个地，接二连三地\nnum.一，一两个，几个，三三两两地，零零落落地
other	n.两个中的第二个，另一个，其余的，其余的，另外的
do	n.聚会，社交活动，该做的和不该做的事情，注意事项，发式，发型，doh的另一种拼法\nv.行动，活动，做，干，履行，完成，语体
no	det.没有，无，不允许，禁止，很快，马上，不可能做某事\nn.不，拒绝，否定，否认\nv.不，不行，不，不是，是，对，别做某事
information	adj.搭配，有用的，有价值的，正确的\nn.情报，资料，消息，我
time	n.分钟，小时等，时间，在钟表上\nv.安排…的时间，选好…的时间，测定…的速度，记录…所需的时间，把握的时机
they	n.他们，她们，它们，据说
site	n.场所，地方，地点，工地，用地，场所，场地，网站\nv.为…选址，使坐落于
he	n.他，它，人，他，上帝\nprefix雄，His
up	adj.朝更高的位置，从下往上地，向上地，在较高的位置，在上面，在高处\nn.盛衰，浮沉，苦乐，正在好转\nprefix使升级，使更高，在 …高处，使起来，使颠倒\nv.提高，增加，突然做
may	n.山楂花，五月\nv.可能性，可能，也许，有可能做某事，可以
what	det.什么，到底，究竟，什么事，…的东西
which	n.哪一个，哪些，…的那个，…的那些，不知道
their	det.他们的，她们的，它们的
news	n.消息，新闻，当地，地区
out	n.推托的借口，逃脱的托词，出局，不和的，争吵的\nprefix外面，大过，远过，超过，强于…，胜过…\nprep.从…里面出去，离开…\nv.从里面出来，往外，向外，出来，外面，在室外
use	n.使用，用，用途，用处，利用某物，使用某物，利用某事物\nv.使用某物，用，使用，应用，使用暴力
any	n.一点，一些，少许，任何一个，无论哪个，尽可能多的，所有的\nv.一点，丝毫，不再，根本
there	interjection瞧，好啦，好啦，好啦！，我主意已定！没什么可商量的！\nn.有，are，there不能省略，名词为复数时，用 there are\nv.在那里，往那里，那里，那儿，在这时
see	n.主教教区\nv.注意，察看，看见，看到，见图
only	adj.唯一的，仅有的，唯有一点是…，只有一个问题是…，独生子\nconj.只是，但是，可是\nv.仅仅，才，只是，不过，只限，只有，只有
so	conj.因此，所以，语体，为了，以便，所以\nn.全音阶的第五音\nv.这么，如此，如此，这么，完全，绝对，语体
his	n.他的，它的，她的
when	n.什么时候，当时，在后，一…就…
contact	adj.语体，联系电话，地址，方式\nn.交流，联系，联络，交往，接触\nv.联系
here	v.在这里，表示一处有什么不要用 here is，are ... here，此时
business	n.买卖商品或提供服务，商业，买卖，生意，业务，公司，公司，企业，商业机构
who	n.谁，什么人，究竟谁，…的人，谁又…
web	n.网络，蜘蛛网，错综复杂的一套，一套错综复杂的阴谋
also	v.而且，除此之外，还，语体，而且，这个还更贵。，也，同样
now	conj.既然，由于\nv.现在，此刻，目前，现在，目前，暂时
help	n.帮助，帮忙，帮某人穿，脱衣服，有帮助的人\nv.帮助，帮忙，帮某人穿，脱衣服，帮助某人去某地
get	v.收到，收到，接到，获得，获得，得到
PM	
view	n.观点，观点，意见，看法，想法，语体，思考方式\nv.看，把…视为，参观，观赏，看房
online	adj.在线的，联网的，联机的
first	adj.系列中，第一的，初次，第一次，主要的\nn.起初，第一个，从一开始，优等成绩，最高成绩\nv.最先，最早，先，首先，首次，第一次，开始之时，最初
AM	n.调幅，调幅广播系统\nv.午前，上午
been	v.be的过去分词，曾到过，去过，来过，已经司空见惯，已经太熟悉了
would	v.过去的打算，期望，将，将会，设想的情况
how	v.怎样，如何，到底 如何，多少，多少钱？
were	be的过去式
me	n.我，我也一样，私人专属时间，肌痛性脑脊髓炎
services	
some	det.一些，若干，有些，一部分，相当多，不少，某个，某种\nn.一些，若干，有些，一部分，更多，还不止这么多\nsuffix易于…的，引起 …的，…人一组\nv.再多些，更多点，一点，一些，大约 500 人，50%
these	this的复数形式
click	n.咔嗒声，点击一下鼠标，搭配\nv.发出咔嗒声，点击，按动，见图
its	det.它的，他的，她的
like	adj.相似的，相像的，有可能做某事\nconj.像…一样，如同，正如我说的，说过的那样，好像，似乎\nn.某人的好恶，诸如此类，等等，类似某人 的人，物\nprep.相似，像，相似，类似，某人，某物是什么样的？某人\nsuffix像…似的，有…特征的\nv.认为某物不错，喜欢，喜爱，爱好，喜欢某人，喜欢
service	n.官方体制，机构，公共服务系统，公共服务，公共事业机构\nv.检修，维修，保养，为…提供服务，支付债务，贷款利息
than	prep.比，除…之外，宁愿…而不愿…，一…就…
find	n.发现的好东西，发现物\nv.通过搜寻得到，发现，找到，碰巧看见，碰见
price	n.价格，价钱，代价，半价，全价\nv.给…定价钱，给…标价，比较…的价钱，定价太高致人却步
date	n.日期，日期，日子，将来，他日，迄今，到目前为止\nv.写日期，写上，印上，确定年代，鉴定的年代
back	adj.后面的，后部的，在后面的，从后面的，偏僻的街道\nn.身体部位，背部，背脊，后背，某人背上背着，脊骨，脊柱\nv.回原处，回到原处，和以前一样，恢复原状
top	adj.最高的，顶端的，最佳的，最佳的，最好的\nn.最高部分，顶部，顶端，上端，上表面，上面\nv.更高，高于，超过，是最成功的，居于…之首，处于最高位置
people	n.人，人的统称，人们，戏剧界\nv.居住在，充斥于
had	have的过去式和过去分词
list	n.名单，清单，目录，是最紧要的，最不紧要的，搭配\nv.列出，列举，把…列入正式名单，倾斜
name	n.人，名字，名叫…，以…的别名\nv.给某人取名，给…取名，给…命名，以某人，某物的名字给某人
just	adj.正义的，公正的，公平的，应得的，合理的\nv.正好，恰好，只不过，只是，语体，刚才，方才
over	adj.摔倒，倒下，弯，折\nn.一轮投球\nprefix过多，过头，过分，在上面，超过，横越\nprep.在上方，在…上面 ，在…上空，覆盖着，在…上面
state	n.状况，状况，状态，情况，情形，不宜做某事，保养得好\nv.陈述，说明，阐明，写明
year	n.十二个月，年，年度，岁
day	n.小时，一天，一日，那天，第二天
into	prep.到某物里面，进入，到…里面，卷入，从事
email	n.电子邮件系统，见图，办公室里，电子邮件\nv.给发电子邮件，用电子邮件发送
two	num.二，两人一组地，两个事物一组地，根据所闻所见推断，我们两人的情况一样
health	n.健康，医疗保健，运行状况，运转状况
world	adj.遍及 全世界的，世界杯，世界锦标赛等，在世界范围内举足轻重的\nn.地球，全人类，世界，地球，世上
re	n.全音阶的第二音，宗教课，宗教教育\nprefix再，重新，改进重来，恢复原状，又，重新，‘are’ 的缩略式\nprep.关于
next	adj.紧接着的，下次的，第二天，下一周等\nn.下一个，后天，下下个星期等，倒数第二\nv.紧接下来，下一步，随后，下次，再次
used	adj.习惯于 某事，旧汽车，旧衣服等，用脏了的
go	n.尝试，轮到你的机会，轮到的机会，使某事成功\nv.移动，旅行，走，去，行走，旅行
work	n.工作，职业，上班前，下班后\nv.为挣钱而工作，受雇，从事…工作，做工作，工作，干活
last	adj.最近的，最近一段时间的，最近一次的，最后的，倒数第二，第三等\nn.最后的人，最终，终于，前天，上上周\nv.最近，上次，最后，最后但同样重要的，持续
most	n.大多数，大部分，几乎全部，大部分时间，大多数日子等，最多的\nsuffix离最近的\nv.最，最多，最大程度地，非常，很，几乎
products	
music	n.音乐，乐曲，音乐艺术，乐谱，曲谱，听起来顺耳，动听
buy	n.合算的东西，便宜货，购买\nv.买，购买，够买，能买，争取时间，设法拖延
data	n.资料，数据，数据存储，传输，检索
make	n.牌子，品牌，极力谋求利益\nv.制作,制造，制造，做，组装，日本制造，英国制造等
them	det.那些\nn.他们，她们，它们
should	v.正确的事，应当，应该，建议，预期的事
product	n.产品，制品，物产，某事物的产物
system	n.相关部分，系统，方法，体制，制度
post	n.工作，工作，职位，邮政系统，邮政，邮递\nprefix后，以后，《华盛顿邮报》\nv.信件，邮寄，寄出，把某物塞进某人的门缝里，信箱里
her	det.她的，它的\nn.她，它
city	adj.城市的，都市的，市郊，郊区，郊区,城郊住宅区，伦敦商业区，伦敦城\nn.城市，都市，特许市，特权市，全市居民
add	v.与别的东西放在一起，添加，增加，计算，相加，加
policy	n.政策，方针，保险单，原则，策略，搭配
number	n.数字，数，数字，偶数，奇数\nv.给…编号，数目有…，某人生命垂危，某人活着
such	n.上述一类，诸如此类，这种，这类，像，诸如，例如，举例来说呢？，这样，如此，非常
please	interjection请，好吗，好吗，请，好，行，谢谢，请听我说，先生\nv.使高兴，使欢喜，使满意，讨好，想，选择，喜欢，随你的便，我不在乎
available	adj.可用的，可获得的，很容易获得，语体\nn搭配
copyright	n.版权，著作权，侵犯版权
support	n.赞同，支持，拥护，同情\nv.同意和帮助，支持，赞成，拥护
message	n.消息，口信，信息，要旨，主题思想，寓意
after	adj.在后来的年月里，后部的\nprefix在…以后\nprep.在…后，在之后，一个月，两星期等之内\nv.在…后，发生后的第二天，周，年等
best	adj.最好的，绝对是最好的，最好的朋友，最好的礼服\nn.最佳，至上，至善，最好之人\nv.最好地，最，极，尽最大努力，竭力，应该，最好
software	n.软件，搭配
then	adj.当时的\nv.当时，那时，到时候，届时，接下来，然后，那么
Jan	
good	adj.高标准的，好的，良好的，熟练的，能干的，擅长的\nn.没有用处的，不适合的，低水准的，水平差的，品德不好的，没有用\nv.好
video	adj.电视的，视频的，影像的\nn.录影，录像，录像带，见图，录像机\nv.录，制作…的录像，录制
well	adj.健康的，正好 ，幸好，…好是好，可是…，…固然好\ninterjection强调某事，好，嗯，停顿，嗯，这个\nn.井，油井，楼梯井\nv.满意地，顺利地，令人满意地，彻底地
where	n.在哪里，往哪里，究竟 在哪里，在某个地方
info	n.情报，资料，消息
rights	
public	adj.普通人，公众的，大众的，为任何人，公共的，公用的\nn.公众，民众，大众，公开地，当众，大众
books	
high	adj.从底部到顶部，高的，齐胸，腰\nn.数字，数量，最高点，最高水平，兴奋\nsuffix…高的\nv.在地面以上，高高地，在 高处，价值
school	n.儿童学习之地，学校，在学校的时间，上课，一天的课程\nv.训练，教育，教育，培养
through	adj.完成，用完，与关系完结，直达火车\nv.门，通道等，从一端至另一端，穿过，通过，切
each	v.每个，各，每天，周，月等
links	
she	n.她指女性或雌性动物〕，她，它，女性，雌性\nprefix雌性的，母的，女的
review	n.审查，检查，检讨，评论，书评，剧评\nv.评审，审查，检讨，给写评论，复习，温习，回顾
years	
order	n.为了某一目的，为了做某事，为了，以便，安排\nv.点食物，饮料，点，要，订购货物
very	adj.同一的，正是的，恰好的，一想到，提到，搭配\nv.很，非常，根本不好，不高兴，不远等
privacy	n.独处，清静，隐私，搭配
book	n.印刷品，书，书籍，写字，本子，簿子\nv.预订，预购，预约，预约演出，订满，被订完，时间排满
items	
company	n.公司，别人，陪伴，做伴，和某人在一起
read	n.阅读，读书，见图，喜欢的读物\nv.文字，书籍，阅读，读懂，发现信息
group	n.组，群，批，团体，群体，年龄段，族群\nv.形成一组，把…分组，将…分类
sex	n.性交，性行为，婚前性行为，安全性交，无保护措施的性行为\nv.鉴别的性别，使更具魅力
need	n.需要，需求，特别需要，迫切需求，生活必需品，满足需要\nv.需要，有必要做某事，需要 洗洗，打扫
many	adj.许多，大量的，语体，多少
user	n.使用者，用户，吸毒者，搭配
said	adj.上述的，该…\nsay的过去式和过去分词
de	
does	do的第三人称单数现在式
set	adj.位于某处的，在…位置的，位于…的，背景，以…为背景的，由…衬托的\nn.一组事物，一套，一副，一组，见图，电视机\nv.放置，放置，放下，嵌入表面，嵌入
under	prefix不足，不够，在之下，在…里 面的，次要的，较低的\nv.在…下面，在…之下，在…底下，少于
general	adj.不详细的，大体的，大致的，通常，一般情况下，普遍地，总的说来\nn.上将，将军
research	n.研究，探索，调查，搭配\nv.研究，探索，语体，进行研究，搜集资料
university	n.大学，搭配，上大学，读大学
January	n.一月
mail	n.邮件，邮包，邮政，邮递系统，电子邮件\nv.邮寄，发送，批量邮寄
full	adj.没有空间，满的，满是…的，满满的\nn.全部地，箱子满了。，装得满出来的垃圾桶，鼓鼓囊囊的钱包\nv.直接地
map	n.地图，见图，图，政治地图\nv.绘制的地图，发现，表示出，与…相联系，与…直接相关
reviews	
program	n.程序，programme的美式拼法，搭配\nv.为编写程序，programme的美式拼法
life	n.某人的一生，一生，寿命，活着，生，生存
know	n.知情的，熟知内情的\nv.知道信息，知道，了解，肯定，肯定，确定
games	
way	n.方法，办法，手段，方式，进入电视界，出版界\nv.很远，大大地，重得多，聪明得多
days	
management	n.经营，管理，管理层，中层管理人员，管理
part	adj.部分付款，共有人\nn.部分，机器，物体，零件，部件\nv.分开，分离，分手，断绝关系，和分离，分道而行
could	v.过去的能力，能，会，可以，可能性，可以，可能
great	adj.大的，大量的，很大程度的，极好的\nn.杰出人物，重要人物，大人物\nprefix曾祖父，曾祖母，姑婆，伯公
united	adj.团结的，联合的，统一的，共同的，一致的
hotel	n.宾馆，酒店，搭配，住宾馆，登记入住宾馆
real	adj.重要的，真实而重要的，非人造的，真的，真正的\nv.非常
item	n.一项，一件，一条，一件衣服，家具，珠宝等
international	adj.国际的，国际贸易，市场，竞争\nn.国际体育比赛，国际体育比赛选手
center	n.centre的美式拼法
ebay	eBay 网
must	n.必须做的事，必不可少的东西\nv.必须，语体，一定，肯定，应该
store	n.商店，商店，店铺，鞋店，服装店\nv.贮藏，贮存，积蓄，储存，制造麻烦，难题等
travel	n.旅行，出行，旅行，旅游，搭配，乘飞机旅行\nv.旅行，周游世界，全国，距离
comments	
made	v.make的过去式和过去分词，工厂生产的，德国生产的，自制的等
development	n.发展，发育，成长，经济活动，发展，进步
report	n.报告，汇报，新闻报道，研究报告，传闻，传言\nv.新闻，报道，据报道是某事物，做某事
off	adj.离开，离去，不在上面，从上移开，下\nn.开始，出发，从一开始\nv.杀死
member	n.会员，成员，语体，5 etc members，我家有八口人。
details	
line	n.在纸上，在地上，线，线条，在两个区域之间\nv.给…加衬里，铺，垫，沿…排列成行，中饱私囊
terms	
before	conj.在…以前，在…发生之前，以防，…之后才，在…之前，…之后才能\nprep.在…以前，较…为先，在…之前，在…面前，当着…的面，摆在…面前\nv.先前，从前，以前，前一天，一个星期，一个月等
hotels	
did	v.do的过去式
send	v.通过邮政等，送出，发出，寄出，收音机
right	adj.真实的，正确的，正确的，对的，如实的，没有说错的，正确的\ninterjection好的，对，好，对吗，对不对，懂吗\nn.搭配，正确的，准确的，精确的，确切的\nv.正好，立刻，马上，立刻，立即，马上，不假思索地
type	n.类型，种类，type，kind，types\nv.打，打字，把…打字成文，把…键入，找出的类型，把…分类
because	conj.因为，仅仅因为…，因为，由于\nprep.因为，由于，由于，因为，归功于，多亏，出于，因为
local	adj.地方性的，当 地的，局部的\nn.本地人，当地居民，住处附近的小酒馆，普通公共汽车，地方分会
those	that的复数形式
using	
results	
office	n.建筑，办公楼，办事处，公司，总部大楼，【英】
education	n.教育，健康，性教育，教育机构
national	adj.国家的，全国性的，国内的，本国的，国有的，国立的\nn.国民，侨民
car	n.汽车，【英】，【美】，侧后视镜
design	n.计划的过程，设计，各部分的安排，图案\nv.设计，计划，设计
take	n.一次拍摄，一次录制，某人的观点，愿意受贿，肯贪赃枉法\nv.移动，带，拿，取
posted	
internet	n.因特网，搭配，使用因特网，上网
address	n.地址，电子邮件地址，网址，演讲，演说\nv.在上写姓名和地址，解决，处理，向…讲话，提出
community	n.社区，社区精神，群体，团体，商业界
within	v.在…时间之内，不到…，在之内，不到…，在…之内，能看到
States	
area	n.地区，区域，区域，领域，范围，方面，面积
want	n.由于缺乏某物，没有更贴切的词语，短语等，并非因为没有…\nv.渴望，想要，需要，要
phone	n.电话，电话听筒，搭配，用电话\nsuffix与声音 有关的装置 尤指〕乐器，讲…语言的人，讲…语言的\nv.打电话，打电话到自己的工作处，打进电话，给某人打电话
dvd	n.数字影碟，数字多功能光碟，见图，卧室
shipping	n.船舶，运输，船运，运费
reserved	adj.寡言的，含蓄的，内敛的
subject	adj.易受某人 影响，可能会…的，取决于某人 ，视某人 而定，须遵守规则\nn.谈论的事情，主题，题目，话题，在学校\nv.使隶属，使顺从，征服，使遭受，使经历，使蒙受
between	prep.在…之间，在之间，在…至…之间，你我私下说说，只限于我俩之间
forum	n.论坛，讨论会，电视专题讨论节目，论坛，讨论区，广场
family	n.关系密切的群体，家庭，所有和你有亲属关系的人，家族
long	adj.很长的长度，长的，长距离，长距离的\nv.长久地，长期地，很久，只要，只要，只有
based	adj.办公地点在…的，以…为总部的，油基的，碳基的
code	n.法律，行为，法典，法规，行为准则，道德规范\nv.把…编码，把…译成密码
show	n.表演，娱乐表演，演出，电视，广播\nv.向某人出示，给…看，出示，证明某事，证明，表明
even	adj.平面，平的，平坦的，无变化，平稳的，均匀的\nv.甚至，即使，甚至更大，更好
black	adj.颜色，黑色的，黑的，乌黑的，没有光\nn.黑色，黑人，有盈余，有结余\nv.抵制，拒绝，使变黑，弄黑，昏厥，失去知觉，盖住某物
check	n.检查，审查，检查，查看，健康，医疗\nv.发现，检查，核查，审查，与某物进行比照，询问某人
special	adj.特殊的，特别的，特别要好的，格外看重的，特设的，有专门作用 的\nn.特别的东西，特殊的事物，特价
prices	
website	n.网站，搭配
index	n.索引，卡片 索引，标志，指标，指数\nv.为…编索引，使与物价水平挂钩
being	n.诞生，出现，存在，生物\nv.be的现在分词，由于，因为
women	woman的复数形式
much	n.很多，大量，语体，多少，多少钱\nv.非常，很，大量，只一点点，不多，不怎么样
sign	n.传达信息，标记，指示牌，标牌，告示牌，海报\nv.姓名，签，署，在…上签字，签署协议书
file	n.档案，卷宗，文件箱，文件夹，文件\nv.把…归档，提交，提起，提出
link	n.联系，关联，联系，关系，起联系作用的人，铁路\nv.有联系，有关联，联系，把…联系起来，连接
open	adj.门，容器等，开着的，打开的，眼睛\nn.在户外，在野外，公开的，公开赛\nv.门，窗等，开，打开，容器
today	n.今天，今日，现今，现在，眼下\nv.在今天，在今日，我们下周的这个时候要去度假。，现今，现在，时下
technology	n.科技，工艺，数字影碟，数字影碟机
south	adj.在南方的，向南的，朝南的，来自南方的\nn.南，南方，南面，南方，南部\nv.向南，朝南，在南部，向南部，在南方
case	n.例证，事例，实例，小提琴盒，公文包\nv.被某物包裹，预先探察，踩点
project	n.项目，工程，计划，规划\nv.计算，预计，推断，突出，凸出，突出
same	adj.相同的，相同的，同一个的，正是这一个，恰好是同一个\nn.同样，没有变化的人，语体，你也一样！\nv.相同地，一样地，和某人一样
pages	
UK	
version	n.版本，变体，英语，德语
section	n.地方，物品，部分，区域\nv.把…关进精神病院，把…切开，做的切片，把切开
own	n.自己的，属于自己的，完全属于自己的，属于自己的东西，自己的\nv.拥有，公有的，私有的，就像是这里的主人似的
found	v.创立，创建，建立在某事物的基础上，建在某物之上\nfind的过去式和过去分词
sports	
house	n.某人的住处，房屋，房子，住宅，搬家，迁居\nv.让…居住，给…提供住房，收藏，存放
related	adj.有关系的，有联系的，相关的，有亲戚关系的，同类的，同族的，同系的，搭配
security	n.安全保护措施，保安措施，安全工作，对不良环境的抵御，保障，保护
both	conj.…和…都，不仅…而且…，既…又…\nn.两者，双方，两个都，某人不可能两者兼得，both应置于 be的一般式之后
county	n.郡，县
American	adj.美国的，美国人的，某物是典型美国式的\nn.美国人
photo	n.照片，相片，搭配\nprefix光的，照相的，摄影的
game	adj.愿意尝试的，受伤的腿，疼痛的腿\nn.活动或体育运动，游戏，体育活动，比赛\nv.钻制度的空子
members	
power	adj.电动机驱动的，洽谈商务的早餐，午餐等，权力套装\nn.控制，权力，权势，势力，疯狂追求权力的，政府\nv.给提供动力，以动力驱动，飞速行驶，快速行进，使启动
while	conj.当…时，在…时，在…的过程中，却，但是\nn.一段时间，一直，始终\nv.消磨时间，夜晚，日子等
care	n.照料某人，照顾，照料，护理，由某人照顾，由某人看管\nv.在乎，在意，关心，在意，有谁在乎呢？，我才不管呢！我才不在乎呢！
network	n.网络，网状系统，广播网，电视网，计算机网络\nv.联网，建立人际关系网，通过网络播出
down	adj.向较低的位置移动，向下，往下，在较低的位置，在下面\nn.柔毛，绒毛，绒羽，10码进攻，有草丘陵\nprefix在 某事物的底部，缩小，使降低，糟的，不好的\nv.大口喝下，快速吃下，将打倒在地，停工
computer	n.计算机，电脑，见图，办公室里，搭配
systems	
three	num.三，三个一组
total	adj.完全的，彻底的，总数，总量，总成本等\nn.总数，总量，总额，全部，总数，总计，总数\nv.总数为，共计，语体，彻底毁坏，计算…的总和，把…相加起来
place	n.地区，空间，建筑物等，地方，地点，场所\nv.位置，放置，处境，使处于
end	n.最后部分，末尾，结束，结局\nv.结束，停止，使结束，使停止，结束，结束，到头
following	adj.第二天下午，下个月，下一页，下一章等\nn.一批追随者，下列人员，下列事物\nprep.在…以后，由于
download	n.下载的文件，下载的计算机程序，下载\nv.下载
him	n.他，它，她
without	v.缺乏，没有，在没有…的情况下，没有，不带，无，没有
per	prep.每小时，天，星期等，每小时…英里
access	n.进入权，使用权，接触的机会，进入\nv.存取，获取
think	n.想一想，想一下\nv.观点，信念，想，认为，以为，你认为某人
North	adj.北方的，北部的，朝北的，来自北面的\nn.北，北方\nv.向北，朝北，往北部，在北部，北方
resources	
current	adj.现时的，当前的，现行的\nn.水流，潮流，洋流，海潮，潮流等
posts	
big	adj.大小，大的，重要的，重大的，重要的\nv.称赞某人，某事物，挥霍，招摇
media	n.新闻媒体，传媒，大众传播媒介，medium的复数形式，搭配
law	n.规则体系，法律，规则，法则，法令
control	n.控制某人，某物，掌握，控制，支配，权力\nv.权力，支配，指挥，管理
water	n.液体，水，水域，水，水域\nv.植物，土地，给…浇水，灌溉
history	n.过去的事件，历史，某事物的发展过程，发展史，沿革，发展过程
pictures	
size	n.有多大，大小，尺寸，规模，那么\nv.按大小把…分类，按一定大小制作，给…上胶料，估计，估量，判断
art	n.美术，艺术，美术作品，艺术品，绘画技巧，艺术\nv.你是
personal	adj.个人的，私人的，私人的，私生活的，人身攻击的，针对个人的
since	v.自从…以来，自从…之后，自从，从此，因为，既然，从什么时候起？
including	prep.包括，语体
guide	n.起决定，判断作用，指导的事物，判断的根据\nv.带领，引导，为…引路，引导，指导，指引，指导
shop	n.购物的地方，商店，制作，修理东西的地方\nv.去买东西，逛街，购物，向告发，揭发，货比三家而后买，逐店比较地选购
directory	n.姓名地址录，名录，电话簿，目录
board	n.消息，布告牌，公告牌，供放东西用，平板\nv.登上，语体，正在登机，正在上船
location	n.地点，位置，语体，所处地点，位置，外景拍摄地
change	n.事情变得不同，变化，改变，变更，好转，变坏\nv.变得不同，使某物不同，变化，改变，开始做不同的事情
white	adj.颜色，白的，白色的，雪白的，纯白\nn.颜色，白色，人，白种人，白人\nv.用涂改液涂改
text	n.文字材料，正文，文字，课本，教科书，教材，课本\nv.发送短信
small	adj.尺寸，小的，不重要的，不重要的，没大影响的，微不足道的\nn.小的，低的，小的,轻微的，微小的，小的,不重要的,不严重的
rating	n.等级，程度，收视率排行榜，级别，水兵，水手
rate	n.数字，比率，率，成功率\nv.对…作评估，评价，被认为，被评价为，认为…非常好，看好，看好某人
government	adj.极权主义的，警察国家，极权国家\nn.政府，在某届政府的领导下，政体，国家体制，治理，管理，统治
children	child的复数形式
during	prep.在…期间，在某一时候，在…时候，自始至终
USA	
return	adj.来回的，往返的，双程的\nn.回来，回来，归来，返回，送还，归还\nv.回来，返回，回来，回去，语体，归还
students	
shopping	n.买东西，购物，购物，刚买来的东西，搭配
account	n.描述，叙述，描写，报道，一五一十的叙述，目击者的\nv.占，是…的原因，解释，说明，说明…在何处
times	prep.乘，乘以\nv.乘，乘以
sites	
level	adj.平的，平坦的，水平的，等高的，齐平的，比分持平的，相同价值的\nn.数量，水平，水准，程度，标准，标准，水平，水准，级别\nv.使平坦，把…弄平，整平，推倒，夷平，比分拉平，比分相同，创造公平竞争的局面
digital	adj.数字的，数码的，见图，卧室，数字显示的
profile	n.头，侧面，侧影，侧面，见图\nv.写…的传略
previous	adj.以前的，先前的，前一天，前一章，前一个主人等
form	n.种类，类型，种类，形式，外形\nv.建立，建立，组成，成为某事物的一部分，成为…的一部分
events	
love	n.对家人，朋友，爱，关心，关爱，浪漫的\nv.爱情的吸引力，爱，关心，爱，关爱
old	adj.不新的，旧的，陈旧的，年代久远的，不年轻的，年老的，年迈的
john	n.卫生间，厕所，嫖客
main	adj.最大的，最重要的，最重要的事，最大的，最重要的，主要的，最重要的，主要的\nn.主管道，干线电缆，电源插座，由总管道 输送的煤气
call	n.电话，通话，待命，随叫随到，叫\nv.电话，打电话，打电话叫医生，警察
hours	
image	n.公众舆论，声誉，形象，脑海中的印象
department	adj.搭配\nn.科，系，处，部，部，是某人的职责，是某人的专长
title	n.题目，标题，语体，这部戏叫《破灭》。，一种，一本
description	n.描述，描写，叙述，形容，无法形容，难以描述，各种各样，某种
non	
insurance	n.保险，健康，汽车，旅游等保险
another	n.附加的，另一，又一，还有 2，10
why	interjection哎呀，嗨\nn.缘故，理由\nv.为什么，究竟为什么，为什么…，为什么不呢？
shall	v.…好吗？要不要…？，我，我们将要，必定，一定
property	n.所有物，资产，财产，房产，地产
class	n.社会群体，阶级，社会等级，社会等级制度，学生\nv.把…归类，把…看作
CD	n.激光唱片，﹝计算机﹞光盘，光碟，搭配
still	adj.静止的，不动的，寂静的，安宁的，宁静的\nn.剧照，定格画面，无气饮料，【英】\nv.还，仍然，通常置于动词之前 ,第一个助动词之后，通常置于否定词或 do not 前，不要说 ‘still now’
money	n.钱，钱，钱币，资产，财产
quality	adj.优质的，非常好的，高质量的 报纸，报刊等\nn.质，质量，品质，素质，品德，品性，特征，特点，特性
every	det.每一个，所有的，每一滴，一点
listing	n.列表，清单，上映信息，演出信息，活动一览表，上市
content	adj.满意的，满足的，乐得做某事，满足于做某事，有了某物还不满足\nn.所容纳之物，内容，家庭财产保险，内容，含量\nv.使自己满足 于某事，使满意，使满足
country	adj.乡下的，农村的，乡村音乐的\nn.国，国家，郊外，乡村，全国人民，全体国民，地区，区域，地方
private	adj.不是供大众的，私人的，私有的，个人的，非政府的\nn.私下地，单独地，列兵，二等兵，私处，阴部
little	adj.尺寸，小的，极小的，丁点大的，极小的\nn.一点，少得几乎没有，少量的，只是 5英镑\nv.少许，一点，很少，略微，鲜为人知的，某人没有想到
visit	n.游览，参观，拜访，访问，看望，就诊\nv.参观，游览，拜访，访问，看望，语体，在日常英语中，人们经常说 come
save	n.救球，阻碍对方得分\nprep.除…外\nv.免除伤害，危险，救，拯救，挽救，钱
tools	
low	adj.少量，低水平，低价值，少的，低的\nn.低价，低水平，低价值，降到新低点\nv.低，低水平地，高出地面不多地，不高地，用低音调
reply	n.回答，答复，回函，回应，语体\nv.回答，答复，语体，你还没有回答我的问题。，回应
customer	n.顾客，客户，最好，最大的客户，难对付的家伙
December	n.十二月
compare	n.无可比拟，无与伦比\nv.比较，对比，比较对照，与…相比
movies	
include	v.包括，包含，将…列为…的一部分，把…算入
college	n.专科教育，学院，技术专科学校，美国的大学
value	n.钱，价值，合算，值，划算程度\nv.尊重，重视，给…估价，给…估值
article	n.报纸，杂志，文章，论文，物品
york	
man	adj.男的，男性专属的，男人的，男子气概的\ninterjection喂，嘿，啊呀\nn.男人，成年男子，男人，强壮的，勇敢的\nv.在工作，使用，操纵
card	n.信息，卡片，钱，信用卡\nv.要求…出示证件，对亮牌，向…出示红 牌，梳理
jobs	
provide	v.提供，供应，供给，产生，制造，提供，规定
food	n.食物，引人深思的事物，food一般为不可数名词，仅在指一种或多种食物时才用作可数名词
source	n.来源，出处，原因，根源，起源，提供消息者，资料来源\nv.从…获得，来自…，找出…的来源，找…的货源
author	adj.搭配\nn.作者，作家，著作人，创始人，发起者\nv.创作，写作，撰写
different	adj.不同的，不一样的，相异的，不同的，有差异的，另外的，别的，与众不同的\nv.不同的,不一样的，独特的,唯一的，独特的,特别的,特有的，不像…,和…不同
press	n.新闻，新闻界，新闻报道，舆论\nv.靠着某物，按，压，按钮，按，揿
learn	v.科目，技艺，学习，学到
sale	n.出售，销售，总销售量，销量，销售部，待售
around	prep.环绕，在周围，旋转，围绕，到处，四处
print	n.书，报纸，印刷的文字，已刊印，已发表\nv.文字，打印，印，印刷，打印出来
course	n.当然，自然，当然，当然可以，当然，当然不\nv.奔流，快速流动，涌动，追猎
job	n.工作，职位，职业，语体
Canada	
process	n.过程，进程，变化过程，在某事的过程中，在进行…中，正在进行\nv.加工，处理，冲印，列队行进
teen	adj.青少年的，十几岁孩子的\nn.少年，十几岁的孩子，青少年时期
room	n.在建筑物里，房间，室，某人的房间，单人\nv.租住房间，与…同住一室
stock	adj.老一套的借口，问题，评论等，常备的 商品\nn.在商店，存货，现货，缺货，有货\nv.存有，备有，储存，储备，囤积，贮存
training	n.训练，培训，受训，训练，锻炼，搭配
too	v.太，过分，也，亦，还，too一般用于句子末尾，很，极，非常
credit	n.推迟付款，赊购，信贷，赞扬\nv.把钱存入，相信某人有某优点，归功于某人，某事
point	n.想法，观点，论点，主要的意思\nv.用手指指某物，指，指向，瞄准某物，用对准，使指向
join	n.连接处\nv.团体，组织，成为…的一员，加入，加盟，活动
science	n.科学，理科，自然科学学科，某事难以捉摸，某事说不准
men	n.man的复数形式
categories	
advanced	adj.先进的，高深的，高级的，晚期的，后期的，年迈，高龄
west	adj.西面的，朝西的，来自西面的\nn.西，西面，西部，西方，西方世界，西部地区\nv.朝西，向西，向 西部，上西天，归西，坏了，完蛋了
sales	
look	n.看，看，瞧，四下察看，简蒙着眼睛，什么也看不见。\nv.看，看，瞧，望，寻找，看似
English	adj.英格兰的，英格兰人的，英语的\nn.英语，英格兰人，英语课程
left	adj.左侧的，左边的，左面的，左方的，行动非常笨拙，各自为政，互不通气\nn.左侧，左方，左面，从左到右，左派政治团体，左派，左手拳\nv.向左，朝左
team	n.队，工作队，工作组，一组动物，搭配\nv.使相配，使合作，合作，结成一队
estate	n.个人全部财产，大片私有土地，庄园，有计划地建有同类建筑物的地区，市建住宅区
box	n.容器，盒，匣，箱\nv.击打，把…装入箱 内，给画框，打某人耳光
conditions	
select	adj.挑选出的，精选的\nv.挑选，选择，选拔，语体
windows	
photos	
gay	adj.同性恋的，鲜艳的，有吸引力的，快乐的，兴奋的\nn.同性恋者
thread	n.用于缝纫，线，见图，思想\nv.穿线于，装入，用线把…穿起来，小心穿过
week	n.星期，周，上星期，下星期，七天的时间，一周
category	n.类别，种类，范畴，搭配
note	n.提醒自己，笔记，记录，提醒自己要做某事，为了学习\nv.注意，留意，特别提到，指出，记下
live	adj.活的，有生命的，电视，广播\nv.在某处，某个居所，住，居住，露宿在外
large	adj.巨大的，大量的，大的，身材高大 的\nv.狂欢
gallery	n.美术馆，画廊，见图，楼座，楼上旁听席
table	n.家具，桌子，台子，办公桌，书桌，餐桌\nv.提交议案，问题，动议等，搁置法案
register	n.正式名单，名册，登记簿，注册簿，选民登记册\nv.列在名单上，记录，登记，登记为失业者，残疾人等
however	conj.不管怎样，无论如何\nv.然而，不过，但是，无论多大，如何？
June	n.六月
October	n.十月
November	n.十一月
market	n.购物场所，集市，市场，街市\nv.推销，出售
library	n.图书室，图书馆，学校，学院
really	v.非常，极其，语体，一项非常危险的活动
action	n.做某事，行动，所做的事，行为，作为\nv.就…进行处理，对…采取行动
start	n.活动的，事件的，开始，开端，起始点\nv.开始做某事，开始，开始发生，以某种方式开始
series	n.连续发生的同类事件，一系列 事件，计划好的事件，系列
model	adj.飞机，火车，汽车等模型，模范妻子\nn.小的仿制物，模型，船模，见图\nv.当模特，作为模特向顾客展示，以某人为榜样，模仿 某事物
features	
air	n.气体，空气，空中，空中，天空\nv.观点，公开发表，电视，无线电
industry	n.工业，制造业，工业从业人员，行业，勤劳，勤奋
plan	n.意图，计划，打算，目标，最好的办法，方法\nv.计划，筹划，策划，打算，设计，计划
human	adj.人的，人类的，普通人的，人本性的，某人只是个普通人而已，有人性的，有平凡人的思想感情的\nn.人，脑，喉，静脉
provided	conj.只要，如果…的话
TV	n.电视，有线，卫星电视，见图
yes	n.赞成票，赞成者，赞成\nv.回应疑问句，陈述句，是，对，不
required	
second	n.秒，立刻，马上，一会儿，片刻，瞬间，很快，马上\nnum.第二的，居第二位的，仅次于某物，另外的，外加的\nv.第二名，第二位，第二，其次，支持，赞成，附议，支持一项动议
hot	adj.高温，热的，烫的，炎热的\nv.加剧，变得激烈，速度加快
accessories	
cost	n.费用，成本，语体，膳宿费花了多少钱？\nv.价格为，需支付，不花某人一分钱，费用很高
movie	n.电影，电影院，电影情节，电影业
forums	
march	n.示威游行，抗议游行，行进，行军，在行军中，在行进中\nv.行进，行军，齐步走！，示威游行，抗议游行，快步走
La	n.全音阶的第六音
September	n.九月
better	adj.更好的，较好的，好转的，减轻的，痊愈的，康复的\nn.更好的人，盖过，超越，战胜，成功地解决\nv.更好地，更，更加，更多地，最好，还是…好
say	interjection哎，我说\nn.决定权，发言权，有发表意见的机会\nv.用言语表达某事物，说，这话说得多傻！，说你好
questions	
July	n.七月
yahoo	interjection呀，哇，嗬嗬\nn.粗人，吵闹的人，粗鲁的人
going	adj.现行费率，价格，薪金等，现今最大的\nn.难度，进展速度，离开，离去，枯燥难懂的
medical	adj.医学的，医疗的，病历，医学界\nn.体格检查
test	n.考试，测验，测试，考查，考试，医学的\nv.医学的，化验，检查，给…体检，物质
friend	n.你喜欢的人，朋友，友人，是朋友，交朋友，建立友好关系\nv.加…为好友
come	n.精液\nv.朝某人，某物移动，来，来到
DEC	December的书面缩写，十二月
server	n.主机，服务器，发球者，分菜勺
PC	n.个人计算机，警员
study	n.研究，学习，学科，学业\nv.学习，攻读，攻读法律，商业，历史等
application	n.书面请求，申请，实用，应用
cart	n.马车，手推车，购物车，见图，购物车\nv.用车装运，搬运，抓走，带走，送走
staff	n.工作人员，全体职员，员工，教师办公室，教员室，棍,棒\nv.在…工作，为…配备职员
articles	
san	
feedback	n.反馈意见，反馈噪音
again	v.又，再一次，再一次，如前，复原
play	n.剧院，剧本，戏剧，娱乐\nv.儿童，玩，玩耍，运动，比赛
looking	
issues	
April	n.四月
never	v.决不，永不，从来没有，永不，决不，我这辈子从没
users	
complete	adj.完全的，彻底的，完整的，全部的，整个的，已完成的，已结束的，装备有某物\nv.结束，完成，使完整，使圆满，填写
street	n.大街，街道，街头，普通人，平民百姓，刚好适合某人
topic	n.话题，论题，题目，搭配
comment	n.意见，评论，无可奉告，批评，议论\nv.评论，发表意见
financial	adj.财政的，金融的，财务的，财务困难，问题\nv.金融的，财务的，经济的，财政的
things	
working	adj.有工作的，有职业的，从事体力劳动的，工作时间\nn.工作方式，运行方式，弹性，短工时等工作制，矿坑
against	prep.反对，违背，与…相悖，禁止，和…比赛
standard	adj.正常的，标准的，普通的，普遍接受的\nn.质量水平，成就高低，水平，水准
tax	n.税，税款，搭配，交税，增税，加税\nv.对…征税，向…课税，缴纳的道路使用税，使负重担，使费力气
person	n.人，喜欢城市生活，猫，熬夜等的人
below	prep.在…的下面，低于，在…以下，低于，零下
mobile	adj.非固定的，移动式的，流动的，易于变换工作 的，行动方便的\nn.移动电话，手机，风动小饰物
less	n.不那么多，更 少，不少于，多达，正是，竟是\nprep.减去，不计\nsuffix无…的，不…的，不用…的，不可能…的，不会…的\nv.更少地，较少地，较小程度地，同样，不是…更像…
got	get的过去式和过去分词，has或 have，has got
blog	n.网络日志，博客
party	n.为娱乐，聚会，宴会，政治上，政党\nv.取乐，玩乐
payment	n.已 支付的金额，支付，付款，购买某物，某款项已付
equipment	n.装备，设备，用具，语体，表示一件或多件设备可以说 piece，item
login	
student	n.学生，学员，实习教师，护士等，成绩总是得 A
let	n.出租，租借，毫无障碍地\nsuffix小\nv.允许，让，允许，给某人某物，语体
programs	
offers	
legal	adj.法律允许的，合法的，法律规定的，法律的，与法律有关的，律师界
above	adj.上述的，上述内容\nprep.在上方，大于，高于，超出，零度以上，高于，重于，甚于
recent	adj.最近的，不久前的，近来的，语体，past few weeks，months
park	n.公园，见图，城镇，自然保护区\nv.停放，把放在，坐在某处，停放车辆
stores	
side	adj.旁边的，侧面的，在边上的，从一侧的，从侧面来的\nn.区域的一部分，边，面，侧，右侧，左侧\nv.支持，站在…一边
act	n.行为，行为，行动，动作，举动，正在做某事的时候，语体\nv.做某事，行动，做事，语体，他们告诉她是做对了。
problem	n.困难，问题，难题，语体，疾病
red	adj.颜色，红色的，头发，红褐色的\nn.红色，红葡萄酒，负债，有赤字
give	n.伸展性，弹性\nv.礼物或钱，赠送，给予，捐赠，把某物放入某人手里，交给，递给，拿给
memory	n.记忆力，记忆力，记性，记得的某事，记忆，回忆
performance	n.表演，演出，演奏，表现
social	adj.社会，社会的，有关社会的，地位，社会地位的，社会阶层的\nadv.搭配\nn.社交聚会，联谊会，联欢会，社会保障
august	adj.威严的，尊严的，庄严的\nn.八月
quote	n.引文，引语，引用，在引号里，报价单\nv.引用，引述，引用，举例说明，报，开
language	n.英语，法语，阿拉伯语等，语言
story	n.供娱乐，故事，小说，新闻，报道
sell	n.滞销品，不容易被接受的事物\nv.售出某物，卖，售出，出售，赢利，亏本出售某物
options	
experience	n.知识，技能，经验，生活知识\nv.经历，体验，体会到，感受到
rates	
create	v.创造，创建，发明，创作
key	adj.至关重要的，必不可少的，关键的，关键的因素\nn.锁，钥匙，见图，重要的部分\nv.成为的关键，将…的表面处理好，输入，键入，使…适合于
body	n.人，动物，身体，躯体，尸体
young	adj.年幼的，幼小的，年轻的，新成立的，新兴的，小姐\nn.年轻人，幼小动物，崽，雏
America	
important	adj.重要的，重大的，有权力的，有影响力的，重要的，重大的
field	n.农场，田地，田野，见图，乡间\nv.使参加竞赛，处理，应付，担任防守队，截住，接住
few	adj.一些，几个，相当多，不少，只有少数例外。，很少，不多
east	adj.在东方的，东部的，向东的，来自东方的\nn.东，东方，东部，亚洲国家，东方国家，东欧和中亚国家\nv.向东方，朝东面，去 东方
paper	adj.纸制的，写在 纸上的，纸质资历，证书，纸上的，有名无实的\nn.用于书写，包裹，纸，见图\nv.用墙纸裱糊，隐瞒 分歧
single	adj.一，单一的，唯一的，仅一个的，每一个，一个也没有\nn.音乐，单曲唱片，单曲唱片的歌曲，体育运动\nv.挑出，选出
ii	
age	n.年龄，年代，存在时间，4岁\nv.变老，显老，老化，变陈旧，成熟，味道变醇厚
activities	
club	n.活动或体育的，俱乐部，俱乐部，会所，职业体育运动\nv.打，分担费用，凑钱
example	n.例子，例证，例如，举例来说，榜样，惩罚某人以儆戒他人，杀鸡儆猴
girls	
additional	adj.额外的，附加的，另外的，语体
password	n.密码，口令，暗号
latest	adj.最近的，最新的\nn.最新的东西，最新的…技术，设备，最迟，最晚
something	n.某物，某事，某种东西，吃的
road	n.路，道路，公路，乘车 旅行中，在巡回演出中，可以合法行驶
gift	n.礼物，语体，天赋，天才，才能，上帝赋予的能力
question	n.询问信息，问题，疑问，议题\nv.询问，盘问，审问，怀疑
changes	
night	n.天黑时，夜晚，夜间，傍晚，傍晚，黄昏
Ca	
hard	adj.坚硬的，硬的，坚固的，困难的，难做的\nn.硬的，坚固的，结实的，坚实的，不易弯曲的，不易变形的，坚固的，实心的\nv.用劲，努力，费劲地，费力地
Texas	
oct	
pay	n.工资，薪金，受雇于某人的，搭配，低的\nv.付钱，付款，付钱给，的宾语可以是支付的对象,或支付的数目
four	n.四，以双手双膝着地，趴着，四个一组，得四分的一击
poker	n.扑克牌戏，拨火棍，见图
status	n.法律地位，身份，状况，社会地位，职称
browse	v.随意翻阅，浏览，随便看看，浏览，吃草
issue	n.话题，问题，尤指社会或政治方面的〕议题，争论的问题\nv.发表，颁布，发出，发给，分发，正式发行
range	n.不同的物，人，一系列，范围\nv.包括，在某范围内变化，涉及大量话题，涉及，涵盖
building	n.建筑，楼房，房子，楼宇，建筑，建造，建筑业
seller	n.卖方，卖者，畅销品，滞销品等
court	n.判案，法院，法庭，全体审判人员，进行体育活动\nv.奉承，讨好，招致危险，死亡等，恋爱
February	n.二月
always	v.总是，一直，每次都，一直，长久以来，永远，经常，没完没了地，老是
result	interjection成功了！\nn.因为某事而发生，结果，后果，最终结果，体育运动\nv.产生，发生，造成，导致，造成
audio	adj.音频的，声频的\nn.音频，声音\nprefix听的，声的，音的
light	adj.颜色，淡色的，浅色的，白昼，天亮，天明\nn.自然光，人造光，光，光线，光\nv.燃烧，点燃，照亮，用灯给某人照路，拿灯给某人引路
write	v.书，文章，诗等，写
war	n.战争，斗争，斗争，竞争，身上有多处伤痛
nov	
offer	n.提议，提供，见图，出价，开价，报价\nv.提出，提供，自愿给，愿意，提供，给予，能 提供某物
blue	adj.蓝色的，蔚蓝色的，天蓝色的，忧郁的，沮丧的，悲观的，黄色的，色情的，费尽唇舌，嘴巴说干了都没用\nn.蓝色，布鲁斯音乐，蓝调音乐，忧郁，沮丧，出乎意料地，突如其来地
groups	
AL	
easy	adj.不困难的，容易的，不费力的，易如反掌，舒适的\nv.放松，悠着点，别烦恼，不要生气，再见
given	adj.指定的，特定的，事先安排好的，规定的，往往会做某事\nn.可以肯定的基本事实\nprep.考虑到，鉴于\nv.give的过去分词
files	
event	n.有趣的，令人兴奋的，事件，社会活动
release	n.从狱中，释放，唱片，电影\nv.让某人走，释放，放出，公布，公开发表，发布
analysis	n.分析，精神分析，总之，归根结底，搭配
request	n.要求，请求，应某人的要求，一经要求，点播的乐曲\nv.请求，要求
FAX	n.传真件，传真机，传真通信，传真\nv.传真
China	n.瓷，瓷料，瓷制品，瓷器
making	n.制造，制作，生产，决策，政策的制定，使某人更优秀
picture	n.绘画，画，图画，照片，电视\nv.想象，设想，拍摄，画，绘，描绘，描述
needs	
possible	adj.可能的，可能做到的，可能实现的，尽可能快，多等，可能的，合乎事实的，合理的\nn.可能适合的人
might	n.力量，威力，权力，强权就是公理\nv.可能性，也许，可能，大概，可能，可以，建议
professional	adj.工作，职业的，专业的，工作上的，受过良好训练的\nn.职业人士，职业选手，专业人士，专家，老手，内行，网球\nv.搭配
yet	conj.但是，可是，然而\nv.它还可以用于 don’t，do not，hasn’t，has not，isn’t，现在就
month	n.月，月份，一个月，长时间，一月又一月，每月
major	adj.重大的，严重的，大的，重要的，主要的，非常重要的，大音阶的，大调的\nn.少校，主修科目，专业，主修某科目的学生，某专业的学生，职业棒球大联盟，职业棒球联合总会\nv.主修，专门研究，着重于
star	n.在空中，星，恒星，星光下\nv.担任主角，主演，由…担任主角，由…主演，给…加上星号
areas	
future	adj.将来的，未来的，未来的妻子，丈夫，女婿等\nn.将来，未来，将来式，前途，前景
space	n.空地方，空间，空地方，空间宽大的感觉，有特定用途的地方\nv.将…均匀地隔开，间隔均匀，变得昏昏沉沉，瞪着眼发呆
committee	n.委员会，搭配，委员会举行会议，是委员会的成员
hand	n.人体部位，手，中指，食指\nv.传，递，交，给，你不得不佩服某人
sun	
cards	
problems	
London	
Washington	
meeting	n.会议，集会，所有参加会议的人，全体与会者，相遇
rss	n.丰富站点摘要
become	v.变成，变得，成为，变成，适合，…怎么样了？
interest	n.兴趣，兴趣，爱好，吸引力，趣味\nv.使感兴趣，使关注，对某事感兴趣，劝说买，你要喝一杯
id	n.伊德，本我，身份证明\nv.确认，认出
child	n.小孩，儿童，小孩，儿子，女儿
keep	n.某人的生活费用，挣生活费，永远，永久，主楼\nv.不改变，保持，处于，靠左侧，右侧
enter	v.进入，开始工作，开始从事，加入
California	
porn	n.色情作品
share	n.公司内，股，股份，某事物的一部分，一份\nv.合用，共享，共用，合用，让某人用某物
similar	adj.相似的，近似的，类似的，搭配，相似的,近似的,类似的，尤指人的外表或行为〕很相似的,相像的\nprep.像,类似
garden	n.花园，园子，后花园，前花园，独轮手推车\nv.做园艺工作
schools	
million	num.1,000,000 百万，极其庞大的数目，许多，无数，一百万年以后也不，永远也不
added	adj.额外的，附加的，增添的
reference	n.提及，谈到，查阅，查看，参照标准，参考依据，参照物\nv.查阅，参考
companies	
listed	adj.被列入文物保护范围的，上市的
baby	n.幼小的孩子，婴儿，幼小的动物，幼兽\nv.把…当婴儿般照顾
learning	n.知识，学问
energy	n.能源，力量，活力，见图，能量
run	n.徒步，跑的时间，跑的距离，见图\nv.奔跑，跑，奔跑，跑，赛跑
delivery	n.递送，交付，递送的物品，到货时，提取
net	adj.净得的，最后结果，净重\nn.因特网，发网，蚊帐，球网\nv.净获，净赚，成功获取，击入网，踢入网
popular	adj.受大众喜爱的，受欢迎的，由多数人做的，公众的，普遍的观念，民意
term	n.根据…来解释，笼统地讲，从实际意义上来讲，从财政方面等来讲\nv.把…称为，把…叫做
film	n.电影，影片，新闻片，电影制作，胶片，软片\nv.把…拍成电影，拍摄，变蒙眬
stories	
put	v.移到某处，放，放置，改变某人的境况，情绪
computers	
journal	n.期刊，杂志，日记，日志
reports	
Co	
try	n.尝试，见图，达阵，搭配\nv.试图，试，尝试，努力，极力
welcome	adj.不用谢！别客气！，受欢迎的，令人愉悦的，可随意拥有…\ninterjection欢迎\nn.欢迎，迎接，接受，反应方式，因做客时间太久而不再受欢迎，搭配\nv.迎接，欢迎，欢迎，乐于接受
central	adj.中间的，中心的，中部的，在中间的，中美洲，中亚\nn.搭配\nsuffix泛滥的，充斥的
images	
president	n.总统，董事长，行长，总裁
notice	n.注意，理会，在纸上，布告\nv.看到，听到，感觉到，注意
God	n.神，男神，上帝赐给某人，某物的礼物，备受崇拜的人，偶像
original	adj.原先的，最早的，最初的，新颖的，独特的，与众不同的，独创的，原作的，原稿的，真迹的\nn.原作，原稿，原件，以原著的语言，以原文，怪异滑稽的人，独特有趣的人
head	n.头部，头，头部，头脑，头脑，脑筋\nsuffix顶端，起源\nv.朝⋯行进，前进，去，未来，遭受，碰到，面临
radio	n.收音机，广播节目，见图，无线电收发设备\nprefix使用无线电波的\nv.用无线电发送
until	conj.直到…为止，直到，语体
cell	n.身体，细胞，监狱，牢房，小囚室
color	n.colour的美式拼法\nv.我感到很意外，困惑，尴尬等
self	n.自身，本身，自己，自我，复原，恢复老样子，某人真实的一面，某人的自我意识\nprefix由 自己的，独自的，自身的，为自己的
council	n.委员会，理事会，政务委员会，地方议会，地方议会领袖
away	adj.客场的，作客的\nv.离开，朝另一个方向，不在，离开，相距
includes	
track	n.小径，道路，小道，小路，小径，见图\nv.搜寻，追踪，找寻，进展，跟踪
Australia	
discussion	n.讨论，谈论，商讨，讨论中，论述，阐述
archive	n.档案馆，档案室，档案，存档文件\nv.把…存档，把存档
once	conj.一…便，一旦，一经\nv.一次，一回，每周一次，每三个月一次等，曾经，以前
others	
entertainment	n.娱乐节目，娱乐活动，喜剧，娱乐业
agreement	n.协议，协定，合约，一致，相合，同意，协议书，合同，契约
format	n.安排，形式，开本，版式，格式\nv.格式化，为安排版式，为…编排格式
least	n.不少于，至少，起码，最起码，至少，至少，起码\nv.最少，最小，最不…的，尤其不…的，尤其，特别
society	n.人的总称，社会，某一群体，社团
months	
log	n.大木头，原木，见图，正式记录\nv.正式记录，行驶，行进，伐木，砍伐，登录，登入，进入
safety	n.没有危险，安全，安全别针，安全带
friends	
sure	adj.确信自己知道某事，肯定的，确信的，有把握的，语体，弄清楚，查明\nn.搭配\nvphrase确信无疑\nv.肯定,确定，果真，果然，是的，当然，好的
FAQ	
trade	n.买，卖，买卖，交易，贸易，军火\nv.买卖，进行贸易，从事交易，做生意，开展业务，停业，从事
edition	n.版本，版次，初版，版
cars	
messages	
marketing	n.促销，营销，销售
tell	v.交流某事，告诉，告知，说，讲，直截了当地告诉某人
further	adj.更多的，附加的，直至另行通知\nv.更多地，进一步，在更大程度上，进一步做某事
updated	
association	n.协会，社团，关系，关联，交往，与某人，某机构等合伙
able	adj.有能力做某事，会做某事，可以去做某事，聪明能干的，能力出众的\nsuffix可以…的，具有…性质的，处于…状态的
having	
provides	
david	
fun	adj.有趣的，逗乐的，有趣的一天，晚上等，有趣的，令人快乐的\nn.娱乐，有趣的经历，乐趣，闹着玩地，为了好玩，某人有趣
already	v.已经
green	adj.颜色，绿色的，长满草的，长满绿色植物的，绿油油的\nn.绿色，绿叶蔬菜，草地，球洞区，果岭\nv.绿化，使重视环境问题
studies	
close	adj.靠近的，接近的，靠近的，时间上靠近的，接近的\nn.搭配，结束，末尾，死巷，死胡同，周围地区\nv.关，关，闭合，把各部分合起来，合上，合拢
common	adj.经常发生的，常见的，普遍的，大量的，大量的，常见的\nn.有共同之处，有相同的特点，与某人，某物一样
drive	n.在车上，驱车出行，自然需求，本能的需求，基本欲求\nv.车辆，开车，驾驶，行驶，开车去
specific	adj.具体的，特定的，特有的，详细的，明确的，确切的，仅限于某事物的，只对某事物有影响的\nn.细节，详情，特效药
several	adj.不同的，各自的，各别的\nn.几个，数个，一些
gold	adj.金质的，金表，金链，金戒指等\nn.金，9，18，22
feb	
living	adj.活的，活着的，活生生的证据，在人们尚存的记忆里，生不如死的生活\nn.生计，收入，勉强维持生活，生者，活着的人
Sep	
collection	n.套，组，收藏品，收集的东西
called	
short	adj.时间，短的，短期的，长度，距离\nn.时间短的,短暂的，短暂的,短时间的，很快的,快速的，短命的,短期的\nv.达不到，使用殆尽，即将用完，将要做某事时突然罢手，险些做某事，突然停下
arts	
lot	n.一批人，东西，一批 人，全部，全数\nv.大量，许多，很多，极多，语体，这不受欢迎有很多原因。
ask	n.难以取胜的局面\nv.问题，问，询问，打听，提问，到处打听，寻求帮助
display	n.物体，展览，陈列，展示，娱乐，表演\nv.展示，陈列，显示，显露，显示，炫耀，夸示
limited	adj.有限的，有限责任的
powered	adj.电动的，由…驱动的
solutions	
means	n.方法，手段，工具，钱
director	n.董事，理事，经理，负责人，主管，财务部，市场部
daily	adj.每日的，每天的，日常生活，一天的\nn.日报，日工，女佣，工作样片\nv.每日，天天
beach	n.海滩，沙滩，湖滨，见图，乡间\nv.把拖上岸，搁浅
past	adj.以前的，以前的，过去的，曾经的，最近的，刚过去的\nn.过去，以前，昔日，过去式，一切都已过去了，过去的经历\nv.晚于，在…之后，在…的更远处，经过，越过
natural	adj.自然，自然的，天然的，正常的，自然的\nn.搭配，是有天赋的人，是天才，见图
whether	conj.是否，不管，不论
due	adj.预期的，预定的，预期发生 的，欠下，欠下的，应给的\nn.某人应得的东西，会费\nv.正北，正南，正东，正西
Et	
electronics	n.电子学，电子工业，电子公司，工业
five	n.五，五美元钞票，五英镑钞票，与某人击掌
upon	prep.在…上面，即将来临，一层又一层，一英里又一英里等
period	adj.具有特定历史时期风格的服装，家具等\nn.时间长度，一段时间，时期，生活
planning	n.计划制订，规划过程，搭配
database	n.数据库，资料库，数据库系统，软件，应用程序等
says	
official	adj.正式的，官方的，公务上的，公职的，公布的，据官方的，公开宣称的\nn.官员，高级职员
weather	n.天气，气象，见图，天气预报\nv.平安地渡过，受风雨侵蚀，饱经风霜
mar	v.玷污，损坏，毁坏，March的书面缩写，三月
land	n.土地，非海洋，陆地，国土\nv.飞机，鸟，昆虫，着陆，降落
average	adj.平均的，中等的，适中的，平常的，普通的，不好不坏的，一般的\nn.平均数，平均来看，平均水平\nv.平均为，算出…的平均数
done	adj.完成的，完成的，终了的，某人完成，熟的\ninterjection好，行，成交\nv.do的过去分词
technical	adj.机器，技术的，技术上的，技术问题，语言
window	n.窗，窗户，橱窗，在窗子 里
France	
pro	adj.职业性的，专业的，职业的\nn.专业人士，职业人员，老手，利与弊，妓女\nprefix赞成，支持，亲，代，副\nprep.赞成的，支持的
region	n.地区，区域，地带，区域，部位
island	n.岛，岛屿，岛屿，群岛，半岛
record	n.信息，记录，记载，档案，最高\nv.记录，录制，录，显示，记录
direct	adj.没有涉及其他方面，直接的，从一个地方到另一个地方，笔直的，径直的\nv.瞄准，把对准，针对，负责
Microsoft	
conference	n.会议，商谈，讨论，会谈，体育联合会，体育协会，搭配
environment	n.自然环境，见图，环境问题，环保方法\nprefix搭配
records	
ST	suffix后缀 -est 的另一种形式，Street的书面缩写，街，saint的书面缩写，圣徒
district	n.地区，区域，区，行政区，搭配
calendar	n.日历，挂历，记事簿，日程表，历法
costs	
style	n.做某事的方式，风格，作风，某人的行为方式，方式，特点\nv.设计，把…制作成某种式样，称自己为…，自称为…，故作镇定
URL	n.统一资源定位地址，URL 地址
front	adj.前面的，前部的，前门，前花园\nn.最前部，最前部，最前面，朝前的一面，正面，前面\nv.领导，主持，面对，面向，正面饰有某物
statement	adj.引人注目的，抢眼的\nn.陈述，声明，结算表，财务报表，表现，反映，陈述，表述\nv.为提供额外教育经费
update	n.最新消息，更新\nv.为…增加最新信息，更新，使现代化，更新，向…提供最新信息
parts	
Aug	
ever	v.在任何时候，总是，几乎从不，从不
downloads	
early	adj.最初部分，早期的，初期的，通常时间之前，提早的，提前的\nv.提早，提前，在早期，在初期，在开展阶段，在初期，开始不久，搭配
miles	
sound	adj.判断正确的，明智的，合理的，正确的\nn.声，声音，声音，音量，嗓音，音乐风格\nv.好像，听起来，看起来，声响
resource	n.土地，石油，煤等，资源\nv.向…提供资源
present	adj.地方，出席的，到场的，存在的，记忆\nn.礼物，赠品，见图，现在，目前，现在式\nv.给予，颁发，授予，赠送，呈献，呈递
applications	
either	conj.或者…或者，要么…要么，非此即彼的情况，必须作出决定 的情况\nn.任何一个，都不，两边，两端\nv.也，我也是
ago	v.以前
document	n.文件，公文，文档，文件\nv.记录，记载，用文献支持
word	n.字母组合，字，词，单词，某人说的话，歌词\nv.用言语表达，给…措辞
works	
material	adj.物质上的，非精神上的，物质的，实体的，有形的，重要的，需予以考虑的，重大并有显著影响的\nn.料子，衣料，布料，镀铬烤面包机，金表，银手镯
bill	n.付款要求，账单，餐馆，法律\nv.给…开 账单，被宣传将会做某事，卿卿我我，把…宣传为…
APR	
written	adj.书面的，笔试，文字\nv.write的过去分词
talk	n.交谈，讨论，正式会谈，谈判，讲话\nv.谈话，谈话，交谈，严肃话题，讨论，商谈
federal	adj.联邦的，联邦政府的
hosting	
rules	
final	adj.最后的，最终的，最后偿付要求，最终催付通知，结果的，最终的，不可改变的，决定性的，最终的\nn.决赛，大学毕业考试，期终考试
adult	adj.发育成熟的，成年的，成人的，老成的，成熟的，仅限于成人的\nn.成人，成年人，成年动物
tickets	
thing	n.想法，行动，感觉，事实
centre	n.中间，中间，中心，建筑物，中心\nv.集中，使…处于中心位置，以…为中心，集中于，集中于…
requirements	
via	prep.经过，取道，通过传送，借助于
cheap	adj.低价，便宜的，不贵的，廉价的，价廉物美的，劣质\nn.便宜的，廉价的，低的，便宜的，不贵的，合理的，公道的\nv.便宜地，廉价地
nude	adj.赤裸的，裸体的，裸体者的\nn.裸体艺术品，裸体的 ，赤裸的
kids	
finance	n.财政，金融，财务情况，资金\nv.为…提供资金
true	adj.不假的，符合事实的，真的，真实的，真实的，真实的，实际的\nn.不直的，不平的，不正的\nv.端正地，笔直地，纯种地
minutes	
else	v.另外，其他，别的，另外的，否则，要不然，要不
mark	n.污物，污点，污迹，损坏的地方\nv.在某物上写，写 …做记号，在…上做记号，记某人出席，缺席
third	adj.第三的，第三次会交好运\nn.三分之一，第三等学位，三级荣誉学位
rock	n.石头，岩石，岩块，大石块，见图\nv.来回摆动，摇摆，使震惊，使震动，动摇，生事
gifts	
Europe	n.欧洲，欧盟，欧洲大陆
reading	n.活动，技能，读书，阅读
topics	
bad	adj.不好的，不好的，糟糕的，坏的，质量差，差的，拙劣的\nn.坏的，不好的，差的，不佳的，不怎么好，一般，让人失望的\nv.很，非常
individual	adj.单独的，个别的，个人的，供一个人的，独特的，与众不同的\nn.个人，个体，有某种特点的人，搭配
tips	
plus	adj.有利的，好的，多，余，在零以上的，正的\nconj.并且，而且\nn.有利因素，加号，正号\nprep.加，和，加上，左右，大约
auto	n.汽车\nprefix自己的，自动的
cover	n.保护，覆盖物，遮盖物，书，封面\nv.隐藏，保护，遮盖，遮蔽，见图
usually	v.通常地，惯常地，平常地
edit	v.编校，编辑，剪辑，剪接，主编
together	adj.思路清晰的，处事明智的，条理井然的\nv.一起，一起，共同，一齐，一块儿，合成一体，合在一起，结合起来
videos	
percent	n.5%，10%等\nv.5%，10%等，百分之百地，完全地
fast	adj.快地，快速地，快的，快速的，在短时间内，迅速做到的，立即发生的\nn.禁食期，斋戒期\nv.快速移动，快速移动的，在短时间内，不久，立即
function	n.功能，作用，职责，大型聚会\nv.起作用，正常运转，语体，运作，运转，起…作用，作…用
fact	n.真实信息，事实，真相，这
unit	n.团体，科，室，部门
getting	
global	adj.全球的，全世界的，全面的，整体的，影响整个计算机系统 的
tech	n.工学院
meet	adj.对的，适合的\nn.田径运动会，猎狐运动\nv.在事先约好的地方见某人，会面，碰头，偶遇某人，偶遇
far	adj.远处的，来自远处的，偏远的，偏僻闭塞的\nv.距离，远，更远，多远
economic	adj.经济 的，产生经济效益的，可赚钱的，搭配
en	
player	n.运动员，选手，球员，参与者，竞争者，CD，唱片
projects	
lyrics	
often	v.经常，时常，多次，往往，通常，有太多时候，太过频繁，有时，偶尔
subscribe	v.订阅，订购，定期缴纳会员费，定期捐款，认购股份
submit	v.呈送，提交，呈递，同意服从 ，顺从，建议，主张
Germany	
amount	n.数量，数额，程度，即使再多 …也毫无结果，很多，充足\nv.达到，总计，等于，相当于，没多少意义
watch	n.表，手表，怀表，带扣，表带\nv.看，观看，注视，观察
included	adj.包括在内的
feel	n.感觉，触觉，手感，对某事有天赋，培养做某事的技巧\nv.感觉，情感，感受到，觉得，体会到，注意到
though	conj.虽然，尽管，可是，不过，然而，好像，好像，仿佛\nv.可是，不过，然而
bank	n.存钱的地方，银行，河，湖\nv.钱，把存入银行，在存钱，飞机
risk	n.危险，风险，冒险行为，冒险，权衡过的风险\nv.使冒风险，担…风险，冒…的危险，冒险做
thanks	interjection感谢，谢谢，谢谢，不用，谢谢，谢谢你\nn.感谢，感激，谢意，归功于某人，某事物
everything	n.每件事物，所有事物，一切，是
deals	
various	adj.各种各样的，各种不同的，多种 的
words	
linux	n.Linux操作系统
Jul	
production	n.生产，正在生产，投产，停产
commercial	adj.商业的，商务的，能赚钱的，赢利的，商品化的\nn.商业广告，广告时间
james	
weight	n.某人，某物的重量，重量，分量，有多胖\nv.用重物固定，使负重，使倾向于…
town	n.地方，镇，城镇，市镇，主要中心，商业中心区，闹市区
heart	n.人体器官，心，见图，感情
advertising	n.广告
received	adj.被普遍接受的，公认的，普遍的意见等
choose	v.挑选，选择，选取，选中，情愿，宁愿
treatment	n.医学的，治疗，诊治，疗法，对待某人的行为
newsletter	n.通讯，简报
archives	
points	
knowledge	n.知识，学问，认识，语体
magazine	n.杂志，期刊，专题节目，子弹夹，弹匣，弹仓，胶卷盒，底片盒
error	n.错误，谬误，语体，错误，判断失误
camera	n.照相机，摄像机，在，不在拍摄中
Jun	
girl	n.孩子，女孩，小姑娘，女儿，女性
currently	v.现时，当前
construction	adj.搭配\nn.建造某物，建造，建筑，在建造中，使用许多部件制作某物
toys	
registered	
clear	adj.易懂的，清楚的，明确的，清晰的理解，无可置疑的\nn.搭配，清白的，无罪的\nv.表面，地方，清除，清理
golf	n.高尔夫球运动，轻击球，击球入洞，球童
receive	v.得到某物，得到，收到，语体，接到某物
domain	n.领域，范围，范畴，领地，领土，版图，定义域，域名
methods	
chapter	n.章节，一段时期，篇章，主教座堂的所有教士，主教座堂全体教士的会议
makes	
protection	n.保护，防护，防护物，保障
policies	
loan	n.贷款，借出，搭配，借款，贷款\nv.借给，把出借给
wide	adj.距离，宽的，宽阔的，…宽的，多样\nv.大开着的，完全醒着的，分得很开的，充分张开地
beauty	n.外表，美，美丽，漂亮，女性，美人
manager	n.经理，管理者，主教练，经纪人，经理人
India	
position	n.站姿，坐姿等，姿态，姿势，状况\nv.放置，安置，已准备好，境况很理想
taken	v.take的过去分词
sort	n.类型，种，类，各种各样的，某种…\nv.将…分类，整理，处理好，安排妥当，整理，使整齐，挑出，拣出
listings	
models	
michael	
known	adj.已知的，已发现的，已知的，出了名的，以某事知名，以某物闻名，知名的\nv.know的过去分词
half	adj.百分之五十，一半的，半，大部分，一大半\nn.百分之五十，一半，二分之一，一个半，两个半等\nv.部分地，不完全地，一半，极其，非常，一半多
cases	
step	n.移动，脚步，步，动作,行动，步骤\nprefix继的，后的\nv.跨步，迈步，踏，踩，激怒 某人，行为出轨
engineering	n.工程
Florida	
simple	adj.容易，简单的，简易的，容易的，朴素，简朴的，朴素的
quick	adj.短时间，快的，短时间的，速度快的，快速的，迅速的\ninterjection快，快点\nn.活肉，刺痛某人，深深伤害某人，所有人，生者与死者\nv.迅速地，快速地
none	n.全无，没有一点，坚决不允许某人 某事，不接受某人 某事，只有某人\nv.一点也没有变得更差，更好等，仍然不明白，一点也不
wireless	n.无线电收音机，无线电发射和接收系统，无线电报
license	v.批准，许可
paul	
Friday	n.星期五，下周五，某个周五
lake	n.湖，湖泊，见图，乡间，葡萄酒池
whole	adj.全部的，整个的，全校，全国，全村等的人\nn.整个事物，总的看来，总体而言，整个来看，整体
annual	adj.一年一度的，每年的，年度报告，年会，按年度计算的，一年的\nn.一年生植物，一季生植物，年刊，年报，年鉴
published	
later	adj.较晚时候的，以后的，更新近的，在晚年\nv.后来，随后，之后，过后，以后，将来，不得晚于某时，须早于某时
basic	adj.基础的，基本的，根本的，基本的，最简单的，最初级的，基本工资，底薪
sony	
shows	
corporate	adj.公司的，团体的，全体的，共同的\nv.搭配
google	v.用搜索引擎搜索，用谷歌搜索，谷歌
church	n.教堂，礼拜堂，见图，城镇，礼拜仪式
method	n.方法，办法，语体，条理，秩序，某人奇怪的行为是有道理的
purchase	n.购买，抓拿处，搭脚处，支点\nv.购买
customers	
active	adj.忙碌的，好动的，活跃的，参与的，积极的\nadv.搭配\nn.主动语态
response	n.反应，响应，回答，答复，搭配
practice	n.技能，练习，实际上，在实践中
hardware	n.硬件，金属器件，五金制品，装备，设备
figure	n.数字，数据，数字，数字符号，位数，四位数\nv.出现，认为，以为，在意料之中，早就料到了，这有道理，这合乎情理
materials	
fire	n.毁坏东西的火焰，火，失火，火灾，见图\nv.射击，开，开，发射，开枪，发射武器
holiday	n.假期，休假日，语体，出外度假时期，法定假日，公共假日\nv.度假
chat	n.闲谈，聊天，搭配\nv.闲聊，闲谈，聊天，聊天，与…搭讪，与…调情
enough	n.足够 ，充足 ，充分，足够所有人分，远远不够，够多\nv.足够，相当，尚，够糟糕
designed	
along	prep.顺着，沿着，沿着…的边缘，沿着…旁边，在沿…的某处，在…过程 中\nv.向前，一起去，来，带某人
among	prep.在…当中，为…所围绕，与在一起，在…群体中，在…中，是…之一
death	n.死，死亡，处死某人，判某人死刑，死亡事件
writing	n.文字，著作，作品，游记，女权主义作品
speed	n.运动的，速度，速率，语体，他当时有多快？\nv.快行，疾走，快速运送，超速驾驶，加快，促进
HTML	n.超文本置标语言
countries	
loss	n.失去，丧失，亏损，损失，亏本经营，死亡，去世
face	n.头部的正面，脸，面部，表情，面部表情\nv.困难的局面，面临，面对，面临指控，起诉
brand	n.品牌，牌子，领先品牌，品牌忠诚度，自有品牌，商店品牌\nv.给…加上恶名，给打烙印，给设计品牌
discount	n.减价，折扣，向某人提供折扣，折扣商店，折扣中心\nv.忽视，不重视，把…打折，减价出售
higher	
effects	
created	
remember	v.过去，记得，信息，事实
standards	
oil	n.地下的天然物质，石油，原油，燃料\nv.加油于…，给…加润滑油，涂油，抹油，使顺利进行
bit	n.略微，有点，稍微，有时，语体\nv.bite的过去式
yellow	adj.黄 的，黄皮肤的，胆小的，怯懦的，懦弱的\nn.黄\nv.变黄，发黄
political	adj.政府的，政治的，政权的，有关行政的
increase	adj.增加，提高，上涨，增加，提高，上升，增加，增长，提高\nn.增加，增多，增长，搭配\nv.增加，增大，提高，语体
advertise	v.做广告，征聘，公布，宣传
kingdom	n.王国，动物界，植物界，矿物界
base	adj.搭配，卑鄙的，下流的，无耻的\nn.最低的部分，底部，根基，基础\nv.把基地设于，以…为基地，以…为基础，以…为根据
near	adj.近的，接近的，险些发生的灾难，几乎崩溃等，几乎就是某事物，就像某事物一样\nprep.近距离，接近 ，靠近 ，离…很近，短时间以前，接近\nv.靠近，接近，临近
environmental	adj.自然环境的，生态环境的，环境的\nv.搭配
thought	n.你心里想的事，思想，想法，想法，观点\nthink 1的过去式和过去分词
stuff	n.事物，东西，物品，某人的物品，某人的所有物\nv.推，填，塞，装满，填满，装满
French	adj.法国的，法国人的，法语的\nn.法国人，法语，原谅我的粗话，请原谅我言辞不恭
storage	n.贮存，贮藏，贮存空间，容量，见图
oh	interjection噢，嘿，嗨，噢，嗯，嗯，噢，啊，哈，呀
Japan	
doing	n.是某人干的坏事，得费劲，得花功夫，参与的事，所做的事
loans	
shoes	
entry	n.进入的动作，进入，参与，加入，参与
stay	n.停留，逗留，暂住，延缓，延期，推迟，死刑的暂缓执行，支索\nv.在某处，停留，逗留，留下，语体，停留,留下
nature	n.植物，动物等，大自然，自然界，某人的性格
orders	
availability	
Africa	
summary	adj.立即的，速决的，总结性的，概括的，概要的\nn.总结，摘要，概要
turn	n.做某事的机会，轮到的机会，语体，轮流，依次\nv.人的身体，转身，转过，物体
mean	adj.残酷的，不善良的，刻薄的，吝啬的\nn.平均数，平均值，的中庸之道，…的折中办法\nv.有某种意思，意思是，表示…的意思，语体，打算说某事
growth	n.增加，增多，增长，增大
notes	
agency	n.代办处，代理处，经销处，中介处，机构，局，部，处，在某人的帮助下
king	n.统治者，国王，最佳者，某物之王
Monday	n.星期一，下周一，某个星期一
European	adj.欧洲的，欧洲人的\nn.欧洲人
activity	n.活动，活跃，热闹，搭配，参加活动
copy	n.复制件，副本，一份，一册，一张，原稿，稿件\nv.复制，复印，拷贝，抄写，模仿，仿效
although	conj.虽然，尽管，但是，然而
drug	n.毒品，药物，药材，运动禁药，提高成绩的药物\nv.使服用麻醉药，使服用兴奋剂，在中下麻醉药，投放麻药，已吸食大量毒品
PICS	
western	adj.在西部的，来自西部的，西方的，欧美的\nn.西部片，西部电影
income	n.收入，收益，搭配，有收入
force	n.军事的，武装部队，部队，武装力量，陆海空三军部队\nv.迫使某人做某事，强制，逼迫，迫使，使某人，某物移动
cash	n.现款，现金，钱，钱款，预付，货到付款，交货付现\nv.兑换支票，邮政汇票，汇票等，赚钱
employment	n.工作，就业，受雇，雇用
overall	adj.包括一切的，全部的\nn.宽大罩衫，粗布工装裤，工作服\nv.全部，总共，一般地，总体上
bay	adj.红棕色的，栗色的\nn.大海，湾，海湾，阻止某事发生，使某物不能接近\nv.狂吠，长嚎，强烈要求
river	n.江，河，见图，乡间，巨流
commission	n.调查团，考察团，委员会，佣金\nv.委托，被授予军官军衔
ad	n.广告，公元
package	n.包裹，见图，盒，包，一套，一揽子\nv.把…装箱，将…包装好，包装
contents	
seen	v.see的过去分词
players	
engine	n.发动机，引擎，见图，火车头，机车，原动力
port	n.轮船停泊的地方，港，港口，海港，城镇，港口城市，港市\nv.转移，移植
album	n.专辑，簿，册
regional	adj.地区的，区域的
stop	n.停了下来，翻滚着，猛地一颠，打着滑等停了下来\nv.不继续，停止，终止，停止，停下，停下，住手
supplies	
started	
administration	n.管理，行政，行政部门，政府，执行，施行
bar	n.饮酒场所，酒吧，酒吧间，包装纸\nprep.除了…以外，无人可比\nv.阻止，禁止，阻挡，阻拦，封，堵
institute	n.机构，学院，研究院\nv.制定，提出
views	
plans	
double	adj.有两部分的，成对的，成双的，双重用途，有两种用途的，双重的\ndet.是…两倍那么大\nn.两倍大，两倍，双倍，房间，双人房间\nv.加倍，把…对折，击出二垒安打，兼任，兼作
dog	n.动物，狗，雄性动物，公狗\nv.长期困扰，紧随，跟踪，紧跟
build	n.体格，体形，身材，搭配\nv.制造某物，建筑，建造，盖，造，见图
screen	n.电视机，计算机，屏幕，荧光屏，见图\nv.检查疾病，筛查，检查，隐藏某物，隐藏，遮蔽，隐蔽
exchange	n.给予，接受，交换，互换，争论\nv.交换，互换，兑换，更换，语体
types	
soon	v.不久，即刻，很快，很快，马上，一…就…，越快越好
sponsored	
lines	
electronic	adj.电子的，用电子操作的，电子器件的，使用电子设备的，由电子设备产生的
continue	v.继续，延续，持续不减，再继续
across	prep.从一边到另一边，穿过，越过，朝，向，从一边延伸到另一边
benefits	
needed	
season	n.一年中的季节，季节，某事通常发生的时期，在禁止时期\nv.给…调味，使风干
apply	v.请求，申请，影响，适用
someone	n.某人，有人，是个人物，感觉很重要
held	hold的过去式和过去分词
NY	
anything	n.任何事物，无论何事，某事物，任何事物都，决不，根本不
printer	n.打印机，见图，办公室里，印刷业从业人员，印刷工人
condition	n.条件，天气，天气情况，对形势产生影响的事情\nv.使习惯于，使适应，控制，制约，决定，保养，养护
effective	adj.有效的，产生预期效果的，语体，生效的\nn.搭配
believe	v.相信，认为，料想，猜想，认为是的
organization	adj.组织，团体，机构，机构，团体，协会，社团，政党\nn.组织，团体，机构，组织工作，筹备工作，结构，体制，配置
effect	n.改变，结果，效应，影响\nv.引起，使发生
asked	
eur	
mind	n.思考和想象的能力，头脑，思想，思维，改变主意\nv.感到不快，介意，在意，语体，not object
Sunday	n.星期日，星期天，下星期日，一个星期日，最好的衣服，盛装
selection	n.挑选，选择，选拔，各种供选择的干酪，挑选出来的东西
casino	n.赌场
pdf	n.可移植文件格式
lost	adj.找不到路，迷路的，找不到，丢失的，遗失的\nlose 的过去式和过去分词
tour	n.旅游，旅行，参观，游览，巡回演出，巡回比赛\nv.旅游，游历，观光，巡视，参观
menu	n.菜单，菜单，功能选择单，选项单，下拉式菜单，菜单驱动的
volume	n.声音，音量，响度，语体，某物的数量
cross	adj.生气的，恼怒的\nn.事物的混合，混合物，杂交，杂种\nprefix横穿，横跨，穿越，交叉，关联\nv.从一边到另一边，横跨，横渡，横穿，穿过界线等，穿过，越过，跑过
anyone	n.任何人，无论谁，有人，任何人，一个人，anyone后要用单数动词
mortgage	n.抵押贷款，按揭，抵押贷款额，搭配\nv.抵押，以将来，某人的前途作代价
hope	n.感觉，希望，期望，盼望，希望发生的事，可能性\nv.希望，期望，指望，希望如此，但愿不会，我非常希望
silver	adj.银制的，银质的，银色的，毫不费力，轻易得到，简捷办法，高招\nn.银，见图，银餐具，银色\nv.给…镀银，使发出银色光泽，使呈银色
corporation	n.大型公司，企业集团，公司税，法人，法人团体
wish	n.希望，愿望，默祷，祈求，许愿\nv.想做，想要，如你所愿，语体
inside	adj.里面的，内部的，朝里的，内部消息，内幕等\nn.里面，内部，里面朝外地，对房间，建筑物等进行彻底搜查\nprep.容器，在里面，往里面，建筑物
solution	n.解决，解决方法，解答，答案，溶液，搭配
mature	adj.理智的，成熟的，理智的，明白事理的，成年的，成熟的\nv.变成熟，完全长成，变理智，到期
role	n.作用，角色，主角，片 名角色
rather	v.相当，颇，宁愿，宁可，而不是
weeks	
addition	n.除此之外，此外，增添，添加，增加物，添加物，加法
came	v.come的过去式
supply	n.可用量，供应量，供给量，必需品，日用品\nv.供应，供给，提供，某物供应充分，不足，充足
nothing	n.没有任何东西，没有事，只有，只是\nv.一点都不像某人，某物，简直是，近乎
certain	adj.肯定的，确定的，毫无疑问的，语体，肯定会发生的，必然的，确实的，核实，把…弄清楚\nn.人，物中的某些
usr	
executive	adj.行政的，管理的，主管机构，委员会等，供主管人员使用的\nn.主管，经理，行政部门，领导层，执行委员会
running	adj.自来水，流水，流动的水，现场实况报道，现场描述，不断增加的总数\nn.跑，跑步，跑步运动，对…的管理，有\nv.连续三年，五次等
lower	adj.下面的，下方的，下肢，在底部的，接近底部的\nv.减少，减少，降低，语体，降下
necessary	adj.必要的，必需的，必不可少的，语体，医生说我可能必须得做手术。，必然的联系\nn.必需品，做必要的事
union	n.工会，协会，联合会，俱乐部
jewelry	
according	
DC	
clothing	n.服装，衣服，搭配，保暖衣物，薄的衣服
mon	
COM	
particular	adj.特定的，特指的，特殊的，特别的，不寻常的，讲究的\nn.尤其，特别，细节，详情，在每个，所有细节上
fine	adj.可接受的，令人满意的，可以接受的，我够了，我没问题，我不介意\nn.罚金，罚款，巨额罚金\nv.很好，能行，能令人满意，可以接受，做得不错
names	
Robert	
homepage	n.主页，首页
hour	n.六十分钟，小时，营业，工作等
gas	n.气，气体，气罐，气瓶，气体燃料\nv.用毒气毒害，空谈，闲聊，给加油
skills	
six	num.六，1,000,000 六位数，乱七八糟，杂乱无章，半斤八两
bush	n.灌木，见图，乡间，荒野
islands	
advice	n.意见，建议，忠告，劝告，搭配，给某人一些建议
career	n.职业，事业，职业军人，教师等，生涯\nv.猛冲，疾驶
military	adj.军用的，军事的，军队的，精确而有组织地\nn.武装力量，军队
rental	n.租金，租用费，电话线路租用费，出租，租赁
decision	n.决定，抉择，果断，决断力，决定，判决，裁决
leave	n.假期，假期，假日，休假，产假\nv.离开，出发，让某人清静，不打扰某人，停止
British	adj.英国的，英国人的\nn.英国人
teens	
pre	
huge	adj.巨大的，庞大的，极大量的，程度深的，很受欢迎的
sat	n.学业能力倾向测验，标准课业测评考试\nsit的过去式和过去分词，Saturday的书面缩写，星期六
woman	n.女性，成年女子，妇女，女牧师，女医生等
facilities	
zip	n.拉链，见图，速度，能量\nv.拉上…的拉链，见图，疾行前往，快速做事
bid	n.出价，投标，努力，叫牌\nv.出价，投标，叫，向某人道午安
kind	adj.体贴的，亲切的，和蔼的，感谢您的盛情邀请\nn.种，类，那一类，那种，某人通常喜欢的人，物
Sellers	
middle	adj.中央，居中的，中央的，中间的，时间，事件\nn.中部，中间，中央，中部，当中，时间，事件
move	n.决定，行动，行动，举措，有计划\nv.改变地方，改变位置，移动，搬动，新房子，新办公室
cable	n.电缆，见图，卧室，钢缆，钢索\nv.发电报
opportunities	
taking	
values	
division	n.分开，分开，分割，分歧，分歧，分裂
coming	adj.即将发生的，即将来临的\nn.某事物，某人的到来，来来往往，进进出出
Tuesday	n.星期二，下星期二，某个星期二
object	n.东西，实物，物体，目标，目的，目标\nv.反对，不赞成，我反对，提出…作为反对的理由，反对说
lesbian	n.女同性恋者
appropriate	adj.恰当的，合适的\nv.挪用，占用，盗用，拨
machine	n.机器，计算机，核心人物，领导核心，车辆\nv.用缝纫机缝，用机器制造
logo	n.标识，标志，徽标
length	n.尺寸，长，长度，见图，时间
actually	v.实际上，其实，说实在的，实际上，事实上
nice	adj.好的，令人愉快的，吸引人的，美好的，友好的，友好的，友善的，礼貌的\nn.友善的，友好的，礼貌的，友好的，讨人喜欢的，和蔼的，温柔的，讨人喜欢的
score	n.在比赛中，得分，比分，在考试或实验中，分数，成绩\nnum.20，20左右，人生 20年，很多，大量\nv.得分，得，见图，评分
statistics	
client	n.客户，客人，顾客，客户机，搭配
OK	interjection行，可以，好吗，行吗，好，好了，行了，得了\nn.同意，获得批准\nv.没病，安然无恙，没有不开心，可以 ，不错 ，可接受
returns	
capital	adj.大写的，资本的，资金的，死罪，麻烦透顶，快速之极等\nn.城市，首都，首府，省会
follow	v.在⋯之后去，跟着，跟随，追逐，跟随
sample	n.样本，样品，货样，试用产品，试样，样本，被抽选的一组人员，节录乐曲\nv.品尝，尝试，对…作抽样调查，体验，节录
investment	n.投资，投入，搭配，吸引投资
sent	send的过去式和过去分词
shown	v.show 的过去分词
Saturday	n.星期六，下星期六，某个星期六
Christmas	n.圣诞节，搭配
England	
culture	n.在社会中，文化，在一群人中，态度，信仰，习俗\nv.培养
band	n.乐队，乐团，一伙，一群，一帮，范围，段，圈，箍，带\nv.给…分级，团结起来，联手
flash	adj.突发的洪水，火灾，豪华的，阔气的，爱显摆的\nn.光，闪光，相机，闪光灯\nv.发光，闪光，闪亮，图片，闪现
MS	n.manuscript的书面缩写，手稿，手写本，女士，多发性硬化
lead	n.领先地位，超前量，领先程度，带头作用，榜样，带头\nv.把某人带到某处，带路，领路，引领，走在前面
george	
choice	adj.上等的，精选的，品质优良的，尖刻的话\nn.选择，选择权，选择范围，被选中的人
went	v.go的过去式
starting	
registration	n.登记，注册，车辆登记证
fri	
Thursday	n.星期四，下星期四，某个星期四
courses	
consumer	n.消费者，搭配
hi	interjection你好，喂，嗨，嘿
airport	n.机场，航空站
foreign	adj.外国的，国外的，对外的，涉外的，外事的，外交的，是某人不熟悉的，并非某人的本性
artist	n.画家，美术家，艺术家，表演艺术家，艺人
outside	adj.外面的，户外的，外面的，外部的，外部世界，外面的世界，业余爱好\nn.外面，外部，周围，周边地带，外围，局外 ，外界，表面上，由表面来看\nprep.在外面，在户外，在外面，超出界限，在外围
furniture	n.家具，表示一件或多件家具时用 piece，item of furniture
levels	
channel	n.电视，频道，为了得到信息，商品等\nv.把导向，引导，把…用于，输送，传送
letter	n.信，函，字母，丝毫不差，不折不扣，法律 的字面含义\nv.把字 写 于，获得校名首字母标志奖励
mode	n.方式，方法，做法，运行方式，状态，模式，处于工作气氛，休假气氛等
phones	
ideas	
Wednesday	n.星期三，下星期三，某个星期三
structure	n.结构，构造，组织，建筑物，结构体，周密安排，精心组织，搭配\nv.组织，安排
fund	n.基金，专款，养老，投资\nv.为提供资金，资助
summer	n.夏天，夏季，二十岁，五十岁等，二十个，五十个春秋等\nv.过夏天，度夏
allow	v.能做某事，允许，容许，准许，某事物是允许的，使某事成为可能
degree	n.度，度数，程度，数量，在某种程度上
contract	n.契约，合同，合约，以合同为准\nv.缩小，收缩，缩短，感染，患
button	n.纽扣，扣子，系上扣子，带扣，纽扣\nv.用纽扣扣住，扣上…的扣子，住嘴！闭嘴！
releases	
wed	v.娶，嫁，结婚，Wednesday的书面缩写，星期三
homes	
super	adj.极好的，了不起的\nn.看管人，管理员\nprefix极，超，超级\nv.十分，非常，极
male	adj.男性的，男的，雄的，公的，雄性的，只具雄蕊的\nn.雄性动物，男人，男子
matter	n.事情，情况，事情，问题，语体\nv.重要，要紧，有关系，没关系，无所谓，这有什么关系呢？
custom	adj.定制的，定做的\nn.风俗，习惯，传统，日常习惯，海关，惠顾，光顾\nprefix定做的，专门建造的，专门设计的等
Virginia	
almost	v.几乎，差不多，差不多，还没有，快到，接近
took	v.take的过去式
located	
multiple	adj.包括 多个人 的，多的，多种的\nn.倍数，连锁商店
Asian	adj.亚洲的\nn.亚洲人
distribution	n.分发，分配，分销，经销，分布
editor	n.主编，编辑，经济，体育，政治等栏目的编辑
inn	n.小旅馆，小酒馆，见图，住的地方
industrial	adj.工业的，产业工人的，劳资冲突，劳资纠纷
cause	n.原因，起因，理由，缘由，事业，理想，目标，携手合作\nv.导致，引起，使发生，语体，搭配，导致，造成
potential	adj.潜在的，可能的，搭配\nn.潜力，可能性，潜力，潜能，发挥你的潜力，电势，电位，电压
song	n.歌曲，鸟，鸣唱，鸣啭，极便宜地，以贱价
cnet	
Ltd	limited的书面缩写，有限公司
los	
HP	horsepower的缩写，马力
focus	n.焦点，重点，集中点，中心点，成为焦点，使某事成为焦点\nv.给予某物关注，集中，集中注意力，相机
late	adj.晚于预期时间，晚的，迟的，迟到的，将近末尾\nn.晚的，迟到的，不准时的，到期未付 的\nv.晚，迟，迟，晚，迟于安排 的时间，太晚
fall	n.向下的移动，下跌，跌落，跌倒，减少\nv.向下移动，落下，降落，跌落，停止站立，行走等
featured	
idea	n.计划，建议，想法，主意，认识
rooms	
female	adj.女的，雌的，母的，雌性的\nn.女性，雌性动物，女人，女孩
responsible	adj.有罪的，负有责任的，应承担责任的，负责，负责的
Inc	
communications	
win	n.胜利，赢，搭配\nv.竞争，比赛，获胜，赢，奖
associated	
Thomas	
primary	adj.首要的，主要的，小学教育的，初级教育的，原始的，最初的\nn.初选，小学
cancer	n.癌，弊病，社会恶习，巨蟹宫，巨蟹座，属巨蟹座的人
numbers	
reason	n.原因，原因，理由，没有理由惊慌。，因为某事\nv.论证，推断，推论，思考，判断，解释
tool	n.工具，螺丝刀，锤子，线锯\nv.开车，装备
browser	n.浏览器
spring	n.季节，春天，春季，弯曲的金属，弹簧\nv.突然移动，跳，跳跃，跳起，赶快去帮助某人，语体
foundation	n.建筑物，地基，基础，基本的思想，基础
answer	n.答复，回答，答复，测验，比赛等\nv.答复，回答，答复，测验，答
voice	n.说话，说话声，嗓音，发声能力，歌唱\nv.表达，吐露，把…发成浊音
eg	
friendly	adj.友好的，友善的，与某人很要好，友好的，非敌对的，增进友谊的\nn.友好的，友善的，热情的，亲切的，和蔼的,亲切的，和蔼可亲的
schedule	n.计划表，进度表，日程表，按预定时间，先于，迟于预定时间\nv.排定，把…安排在，预定，定期航班，服务
documents	
communication	n.信息交流，沟通，通信手段，交通
purpose	n.目的，意图，达到目的，计划，目的，在…情况下
feature	n.特点，特征，特色，特写，专题节目，面貌的一部分\nv.以…为特色，是…的特征，是…的重要组成，放映，上演
bed	n.睡眠，床，睡前，折叠床\nv.固定在…上，嵌入，埋置，和…上床
comes	
police	n.警察，警察部门，警方，搭配，报警\nv.对…实施管制，维持…的治安，控制，监督
everyone	n.每个人，人人，everyone后用单数动词，不要说 everyone of us，them，而要用 all。
independent	
IP	
approach	n.方法，方法，方式，请求，接洽，要求\nv.向…移动，走近，靠近，接近
cameras	
brown	adj.褐色的，棕色的，棕色的，被晒黑的，搭配\nn.褐色，棕色\nv.烧成褐色，变成褐 色，厌烦的，厌倦的
physical	adj.身体而非精神，身体的，肉体的，性，性欲的，肉欲的\nn.搭配，身体 检查
operating	
hill	n.小山，小丘，山冈，见图，乡间，斜坡
maps	
medicine	n.药，药物，药箱，药柜，医术
deal	n.协议，很多的，大量的，多得多，少得多等\nv.发，买卖毒品，造成伤害，经营，买卖
hold	n.拿住某物，抓住，拿住，握住，见图，找 来某物\nv.在手中，怀抱中，握住，抓住，抱住
ratings	
Chicago	
forms	
glass	n.透明材料，玻璃，玻璃板，啤酒杯\nv.用玻璃把罩住，围绕建起玻璃结构
happy	adj.高兴的，快乐的，工作如意的，快乐的佳偶，愉快的
tue	
smith	n.铁匠，锻工\nsuffix工匠，制作者
wanted	adj.被警方追捕的，被通缉的，受到关爱的
developed	adj.发达的，发达国家，成熟的，先进的
thank	v.感谢，向…表示谢意，感谢上帝，谢天谢地，多亏你的运气好，只能怪自己，是咎由自取
safe	adj.没有危险，安全的，没有危险的，绝对安全，没有受到伤害或丢失\ninterjection嗨，喂\nn.保险柜，保险箱
unique	adj.极好的，难得的，不同寻常的，特别的，独一无二的，独特的
survey	n.调查，进行调查，勘测，测量，测绘，房屋鉴定\nv.调查，审视，仔细考虑，鉴定，测量，勘测，勘定
prior	adj.先前的，较早的，事先安排的，预先警告\nn.小修道院男院长，大修道院副院长，犯罪前科
telephone	n.电话，语体，见图，办公室里\nv.打电话
sport	n.运动，体育运动，美国英语中用复数 sports，网球\nv.炫耀某物，卖弄某物，嬉戏，玩耍
ready	adj.准备好的，做好准备，你准备好了就开始，我准备好了，就等你了\nn.随时可用，现钱\nv.使…做好准备，已煮好的，准备好的等
feed	n.婴儿，一次喂奶，见图，动物的食物\nv.给予食物，喂养，饲养，给…食物，养活，植物
animal	adj.兽欲，动物本能等，动物产品，脂肪\nn.兽，动物，牲畜，动物，衣冠禽兽，残暴的人，畜生，非常不同
sources	
Mexico	
population	n.人口，全体居民，白人，法国
PA	n.爸爸，per annum的书面缩写，每年，有线广播系统，扩音系统
regular	adj.每小时，每天，每星期等，定期的，定时的\nn.常客，老主顾，经常参加…活动的人，正规兵，含铅汽油
secure	adj.永久的，确定的，稳固的，可靠的，稳定的，地方\nv.得到，获得，获得，得到，安全的
navigation	n.航行学，航海术，航空术，航行
operations	
therefore	v.因此，由此，所以，语体，因此，结果
ass	n.蠢驴，笨蛋，做傻事，出洋相，屁股，驴
simply	v.实在，根本，简直，仅仅，只是，只是，只要，简单易懂地
evidence	n.证据，证明，证据，证词，显眼，显而易见，搭配\nv.证明
station	n.火车，公共汽车，车站，火车站\nv.部署于，安置，使驻扎，站岗
Christian	adj.基督教的，信奉基督教的，属基督教教会的，仁慈的，慈悲的\nn.基督徒
round	adj.圆的，圆形的，球形的，圆鼓鼓的，整数的\nn.系列，轮，轮次，比赛，轮，局，场\nv.围绕，在…周围，朝反方向，转过来，到处，四处
paypal	
favorite	n.favourite的美式拼法
understand	v.意思，懂得，理解，明白
option	n.选择，可选择的东西，暂不作决定，留有选择余地，计算机
master	adj.原始版的，母版的，最重要的主要的，一流工匠，主厨\nn.有技能的人，大师，能手，擅长\nv.掌握，精通，控制住
valley	n.谷，山谷，见图，乡间
recently	v.最近，近来，不久前，最近，近来，最近，刚才，刚刚
probably	v.很可能，大概，句子副词
thu	
rentals	
sea	n.海，海洋，见图，内海，大量某物，一大片某物
built	adj.有…身材的\nbuild的过去式和过去分词
publications	
blood	n.血，血液，双手沾着某人的鲜血，冷酷地，残忍地，蓄意地\nv.使初次尝试
cut	n.减少，削减，缩减，裁减，皮肤的伤口，伤口\nv.减少，削减，裁减，减少，用刀、剪刀等分割某物，切，割，剪
worldwide	v.遍及全世界，在全世界
improve	v.改善，改进，变得更好，语体，改进，做得比…更好
connection	n.关系，联系，关联，连接，连接，接通
publisher	n.出版者，出版商，出版社
hall	n.入口，门厅，走廊，走廊，走廊，过道
larger	
anti	
networks	
earth	n.世界，地球，地轴，北极圈\nv.把接地
parents	
nokia	
impact	n.作用，影响，冲击力，撞击力，碰撞时\nv.产生影响
transfer	n.转移，调动，已调动的人，已转移的东西\nv.转移到不同的地方等，转移，调动，把某物放在不同地方
introduction	n.新制度，产品，初次采用，把某物带到某个地方
kitchen	n.厨房，见图，住的地方，几乎所有的东西
strong	adj.能够举起重物，干重活，强健的，健壮的，力气大的，坚固的，结实的，不易损坏的
tel	
Carolina	
wedding	n.婚礼，婚礼的钟声，好事近了，搭配，参加婚礼
properties	
hospital	n.医院，见图，城镇，搭配
ground	adj.磨细的，磨碎的，grind的过去式和过去分词\nn.地面，地，地面，土地，土壤，见图\nv.飞机，禁止飞行，使停飞，船，搁浅
overview	n.概述，概要，搭配
ship	n.大船，海轮，舰，宇宙飞船，飞船\nsuffix身份，职业，任期，拥有，技艺，技能\nv.运送，推出，上市，遣送，将送往
accommodation	n.住处，工作场所，语体，和解
owners	
disease	adj.搭配，生病，患病，染病\nn.疾病，病，严重弊病，病态，恶疾
TX	
excellent	adj.卓越的，极好的，太好了
paid	pay的过去式和过去分词
Italy	
perfect	adj.完美的，完好的，十全十美的，最佳的，理想的，正是时候，最适当的，完美的\nn.现在完成式\nv.使…完美，完善
hair	n.头发，hair表示这个意思时是不可数名词，头发，毛，汗毛，茸毛，毛
opportunity	n.机会，时机，机会，搭配，有机会
kit	n.成套工具，成套设备，成套的组合部件，套件\nv.向…提供必需的装备
classic	adj.典型的，受称赞的，经典的，很好的\nn.名著，经典作品，杰作，典范，经典
basis	n.基础，根据，基点，在某事的基础上
command	n.控制，指挥，管辖，开始指挥\nv.命令，命令，下令，率领军队，统率
cities	
william	
express	adj.特意的，明确的，特快列车，长途汽车\nn.快车，伦敦﹣盖特威克快车，东方快车，邮件快递\nv.感受，表达，表示，表现
anal	adj.肛门的，吹毛求疵的
award	n.奖，奖赏，奖品，奖金，报酬，薪水\nv.授予，给予，奖励，判给，裁定
distance	n.距离，距离，间距，语体，芝加哥离底特律有多远？\nv.使自己保持距离，撇清自己的关系
tree	n.树，乔木，橡树，橡实，树苗
peter	v.逐渐变小，逐渐减少，逐渐消失
assessment	n.评价，估计，估价，估计，搭配
ensure	v.确保，保证，语体，确保他们安全的规定
thus	v.因此，因而，从而，以此种方式，如此，这样，到此为止，迄今
wall	n.围绕一个区域，墙，围墙，在建筑物中\nv.用墙围住，用墙隔开，用砖石堵上，封死
IE	
involved	adj.参与，卷入，与…有关联，积极参与的
el	
extra	adj.额外的，另外的，额外付费的\nn.额外的东西，另外收费的事物，临时演员，群众演员\nprefix在…之外，超出，非常，格外\nv.额外，另外，特别地，非常
especially	v.尤其，特别，格外，专门，特地
interface	n.界面，接口，相互作用，相互影响\nv.联系，接合，相互联系，相互交流
pussy	n.猫咪，屄，脓包，懦夫
partners	
budget	adj.经济的，特价的，便宜的，低预算，高预算的\nn.预算，在预算内，低于预算，超出预算\nv.编制预算，把…编入预算，按计划花钱，作出安排
rated	
guides	
success	n.成功，胜利，成就，成功的事，达到目的的事，成功，做…很成功
maximum	adj.最大量的，最大限度的，最大值的\nn.最大量，最大值，搭配
MA	n.妈，妈妈，夫人，太太，文学硕士，文学硕士学位
operation	n.医疗的，手术，企业，机构
existing	adj.现存的，正在使用的
quite	v.非常，十分，很，较为，许多，大量，不少
selected	
boy	interjection好家伙，唉！\nn.男孩，少年，男人，儿子，办公室杂务员
amazon	n.高大强壮的女人
patients	
restaurants	
beautiful	adj.美丽的，美好的，优美的，极好的，妙极的\nv.美丽的，漂亮的，好看的，漂亮的，有吸引力的，有魅力的，漂亮的，好看的
warning	adj.表示警告的，不祥之兆，搭配\nn.警告，警示，告诫，警告，书面
wine	n.葡萄酒，见图，果酒，搭配\nv.宴请某人，以酒宴款待某人
locations	
horse	n.马，鬃，颈，背\nv.胡闹，哄闹
vote	n.投票作出选择，投票，投票选择，票数\nv.在选举中，支持，投票，表决，投票支持
forward	adj.向前的，预先计划，提前考虑，无进展\nn.前锋，见图\nv.向前，进展，发展，向将来，从那 天
flowers	
stars	
significant	adj.重要的，重大的，影响深远的，相当数量的，影响明显的，意味深长的，别有含义的
lists	
technologies	
owner	n.所有人，物主，业主，住宅拥有者，房主
retail	n.零售，零卖\nv.零售，零售，零卖，散播，以零买方式
animals	
useful	adj.有用的，有益的\nv.搭配，有用的，有益的，有用的，有帮助的
directly	conj.一…就…\nv.直接地，恰好，正好，坦率地 说，问
manufacturer	n.制造商，制造公司，制造厂
ways	
EST	
son	n.儿子，孩子，圣子，男士，人士
providing	conj.只要，如果…的话
rule	n.关于允许做的事，规则，章程，规定\nv.政府，统治，治理，控制，影响
mac	n.雨衣，苹果电脑，老兄，老弟
housing	n.住房，住房条件，居住环境，提供住房，外罩，外壳，护盖
takes	
iii	
GMT	n.格林尼治平时
bring	v.带来，拿来，领来，拿给，带给
catalog	
searches	
MAX	n.maximum的缩写，最大量，最大值，到最大量，到最大值，到最大限度\nv.用光，用尽，过多
trying	adj.令人难受的，恼人的，困难的
mother	n.母亲，妈妈，母兽，母畜，母禽，两个，三个等孩子的母亲\nv.像母亲般照管，溺爱
authority	n.权力，权力，当权，当权者，当局，官方，组织
considered	adj.经仔细考虑的，细想过的
told	tell的过去式和过去分词
xml	n.可扩展置标语言，可扩展标记语言
traffic	n.路上行驶的车辆，交通，往来，交通，交通运输，非法买卖，非法交易\nv.贩卖，贩卖，交易
programme	n.计划，计划，方案，电视，广播\nv.预调，设置，按某种方式行动，安排，计划
joined	
input	n.信息，投入，输入功率\nv.把输入
strategy	n.计谋，策略，行动计划，战略学，战略
feet	n.foot的复数形式
agent	n.代理人，代理商，经纪人，经理人，经纪人，特工，情报员，间谍
valid	adj.有效的，正式认可的，合理 的理由，论点\nn.搭配
bin	n.垃圾箱，垃圾桶，【英】脚踏式垃圾桶，废物回收箱，【英】\nv.扔掉
modern	adj.现代的，近代的，现代希腊语，希伯来语等，现代化的
senior	adj.较高的，高级的，年纪较大的，级别较高的，搭配\nn.最高年级的学生，毕业班学生，老年人，长者，比某人年长两岁，五岁
Ireland	
sexy	adj.引起情欲的，性感的，令人兴奋的，吸引人的
teaching	n.教学工作，教学事业，教师职业，教学方法
door	n.门，见图，汽车，门口，出入口，门道\nv.开车门撞到
grand	adj.宏伟的，壮丽的，隆重的，宏伟的，显赫的，富丽堂皇的，华贵的，极好的\nn.一千英镑，一千美元，大钢琴，三角钢琴，见图\nv.大
testing	adj.很难对付的，棘手的
trial	n.法庭，审判，审理，试验，试用某人\nv.测试，试验，试用
charge	n.价格，费用，价钱，控制，主管，负责\nv.钱，收费，开价，把某物记在某人的账上
units	
instead	v.代替…，而不是…，相反，而
Canadian	adj.加拿大的，加拿大人的\nn.加拿大人
cool	adj.温度，凉的，凉爽的，服装，凉爽的\nn.凉爽，清凉，保持冷静，失去冷静\nv.变凉，冷却，冷下来，冷却，变淡，要冷静，别冲动，沉住气
normal	adj.正常的，平常的，意料之中的，搭配\nn.正常
wrote	v.write的过去式
enterprise	n.公司，组织，企业，国有企业
ships	
entire	adj.全部的，整个的
educational	adj.教育的，有教育意义的
MD	n.医学博士
leading	adj.最好的，最重要的，最成功的，前缘\nn.铅片，铅框
metal	n.金属
positive	adj.态度，有信心的，积极乐观的，好的事情\nn.优势，优点
fl	
fitness	n.健壮，健康，适合，恰当，搭配
Chinese	adj.中国的，中国人的，汉语的\nn.汉语，中文，中国人，中国菜，中餐，中餐馆
opinion	n.意见，看法，主张，在我看来，语体，专家意见，专业意见
MB	
Asia	
football	n.足球，足球鞋，装备，衫
abstract	adj.纯理论的，纯概念的，抽象的，见图，抽象的，无形的，抽象的\nn.抽象画，抽象派作品，见图，摘要，概要\nv.写…的摘要，抽取，提取，使分离
uses	
output	n.产量，产品，输出信息，输出量，输出功率\nv.输出
funds	
Mr	先生，理想的丈夫，如意郎君，头儿，老大，清白先生，诚实守法的人
greater	
likely	adj.可能的，可能发生的，可能是真的，合适的，恰当的\nv.大概，很可能，很可能，才不呢！不可能！
develop	v.生长，成长，发展，新想法，新产品
employees	
artists	
alternative	adj.可替代的，另外的，两者择一的，非传统的，另类的\nn.可供选择的事物，搭配
processing	
responsibility	n.责任，职责，任务，义务
resolution	n.决定，决议，正式决定，解决，诺言
Java	n.咖啡，Java 语言
guest	adj.客人使用的，特邀的，客串的\nn.在某一场合，嘉宾，宾客，语体，在家里\nv.做特邀嘉宾，客串，担任特约演员
seems	
publication	n.出版，为了发表，书，刊物
pass	n.文件，出入证，通行证，乘车证，考试\nv.经过，经过，越过，移动，行进
relations	
trust	n.相信，信任，信赖，相信，机构，信托机构\nv.人们，信任，相信，一点都不信任某人，事实
van	n.小型货车，面包车，车厢，处于 前沿
contains	
session	n.一段时间，正式会议，开庭，会议
multi	
photography	n.摄影，摄影业，摄影术
republic	n.共和国，共和政体
fees	
components	
vacation	n.假期，休假，带薪假期，假期，圣诞节假期\nv.度假，休假
century	n.世纪，一百年，一百分，搭配
academic	adj.学术的，纯理论的，学术的，学业优秀的，不切实际的，空谈的\nn.大学教师\nv.搭配
assistance	n.帮助，援助，搭配，需要帮助，得到帮助
completed	
skin	n.身体，皮肤，皮，来自动物\nv.剥去…的皮，给…去皮，擦伤，严厉惩罚某人，活剥某人的皮，彻底击败
graphics	n.图形，图表
Indian	adj.印度的，印度人的，印第安人的\nn.印度人，印第安人，印度菜，印度餐馆
prev	
ADS	
mary	
IL	
expected	
ring	n.首饰，戒指，指环，见图，圆圈\nv.钟，铃，使钟 鸣响，敲钟
grade	n.标准，等级，品级，级别，学习成绩\nv.分级，分等，给评分，给评定级别和工资等级
dating	
pacific	adj.平静的，安宁的，爱好和平的
mountain	n.高山，山岳，见图，乡间，大堆某物
organizations	
pop	n.音乐，流行音乐，流行歌曲，声音，砰 的一声\nv.出来，突然 地从中出来，蹦出，离开，脱落，迅速去，匆匆 去
filter	n.过滤器，过滤器，过滤程序，分流转弯信号灯\nv.过滤，逐渐移动，逐渐走过，慢慢传开，走漏，泄漏，隐约地透过，隐约地传入
mailing	n.邮件，邮包，邮寄，邮递
vehicle	n.交通工具，车辆，媒介，手段，量身打造的电影
longer	
consider	v.考虑，考虑细想，考虑是否要辞职，观点
INT	
northern	adj.北部的，来自北部的
behind	n.屁股\nv.在 …后面，劣于，落后于，低于
panel	n.一组人，专家咨询组，答问小组，陪审团
floor	n.在建筑物中，地板，地面，汽车里，底板\nv.使惊讶得不知所措，难倒，把…打倒在地，踩足的油门，使全速行驶
German	adj.德国的，德国人的，德语的\nn.德国人，德语
buying	
match	n.比赛，体育比赛，竞赛，板球，足球\nv.互相匹配，相称，相配，看起来相同，成对
proposed	adj.提议的，建议的
default	n.因对手弃权 ，因无其他参赛者，由于没有采取行动，债务违约，拖欠，违约，未履行义务\nv.债务违约，拖欠，不履行义务，违约
require	v.需要，语体，要求，规定
Iraq	
boys	
outdoor	adj.户外的，用于户外的，见图，户外活动
deep	adj.往下很深，深的，有…深的，往里很深\nn.海洋\nv.在深处，深深地，心底，内心，本质上，实际上，二排
morning	interjection早上好，早\nn.早晨，上午，半夜至中午的时间，现在是早上四点。，明天早晨
otherwise	v.否则，要不然，并非如此说，认为，决定等
allows	
rest	n.放松，休息，剩余部分，余下的人\nv.放松，休息，歇息，支撑某物，支撑，倚靠
protein	n.蛋白质
plant	n.生物，植物，工厂，车间\nv.植物，种子，种植，栽种，播种
reported	
hit	n.成功的，风行一时的事物，是某人喜爱之物，击中某物\nv.使劲触碰某人，某物，打，击，撞上某物
transportation	n.交通运输系统，运输方式，运输，运送，流放，放逐
mm	嗯，呣
pool	n.用于游泳，游泳池，台面呢，台边\nv.合伙 使用，共用
mini	n.超短裙，迷你裙\nprefix极小的，微型的，极短的
politics	n.政治，政治活动，政治事业，争权活动
partner	n.婚姻等，配偶，伴侣，情人，生意\nv.做…的同伴
disclaimer	n.免责声明
authors	
boards	
faculty	n.系，部，院，全体教员，官能，天赋
parties	
fish	n.鱼，鳗鱼，鲭鱼，沙丁鱼\nv.捕鱼，钓鱼，摸找，在…中捕鱼，讨别人的恭维，故意要别人赞扬
membership	n.会员身份，成员资格，全体会员，会员人数，搭配
mission	n.空军，陆军等，任务，使命，工作
eye	n.供看东西用，眼睛，眉毛，眼睑\nv.端详，审视，细看，色迷迷地看，向…送秋波
string	n.线，细绳，带子，见图\nv.用穿起来，悬挂，沿某物排成一列，给装弦
sense	n.感觉，理解力，判断力，幽默感\nv.感觉到，意识到，检测并记录，搭配
modified	
pack	n.包在一起的东西，包，包裹，小容器，小盒，小包\nv.衣服，打包，装箱，商品
released	
stage	n.时间，状态，时期，阶段\nv.组织，筹划，开始复出，复苏等
internal	adj.国内的，内部的，体内的，内脏
goods	n.商品，动产，个人财物，货物，满足要求，不负所望
recommended	
born	adj.天生的领袖，音乐家，教师等，永远的失败者，天生的倒霉蛋\nv.出生，诞生，出生于某种境况，生来就有某种疾病，生来便盲
unless	conj.如果不…，除非…，只有…
richard	
detailed	adj.详细的，详尽的，精细的，细致的
Japanese	adj.日本的，日本人的，日语的\nn.日本人，日语
race	n.体育运动，赛跑，赛车，速度比赛\nv.体育运动，比赛，使参加比赛，快速移动
approved	adj.认可的，核准的
background	n.出身，个人背景，前景，背景，背景情况
target	n.目标，指标，有可能实现目标，攻击对象\nv.以…为目标，以…为对象，把…对准，把…瞄向，把…选为目标
except	prep.除…之外，要不是由于，只是，但是，where\nv.不包括，不计算，把…排除在外
character	n.某人所有的品质，个性，性格，符合，不符合…的个性
usb	n.通用串行总线
maintenance	n.维护，养护，保养，管理员，保持，维持，生活费，赡养费
ability	n.能力，能够，才能，本领，技能
maybe	v.也许，大概，可能，语体，也许吧，也许
functions	
ED	
moving	adj.动人的，感人的，活动的，移动的，活动靶子，发起人，策动者
brands	
places	
php	
pretty	adj.漂亮的，好看的，标致的，好看的，好听的，悦目的，悦耳的，不堪入目，不仅相貌好，不只脸蛋漂亮\nv.颇，相当，语体，很，非常，差不多，几乎
trademarks	
phentermine	
Spain	
southern	adj.南部的，来自南方的
yourself	n.你自己，您自己，你们自己，你自己，你本人
etc	
winter	n.冬季，冬天，搭配，寒冷的，严寒的\nv.过冬
rape	n.强奸，油菜，对某物的肆意破坏\nv.强奸
battery	n.电，电池，见图，一排，一组，一连串
youth	n.青年时期，青少年时期，语体，少年，小伙子
pressure	n.说服，压力，忧虑，工作过劳\nv.对…施加压力，强迫
submitted	
Boston	
incest	n.乱伦
debt	n.债务，欠款，欠债，负债，负债累累，影响
keywords	
medium	adj.中等的，中号的，半熟的，五分熟的，半干的\nn.传播媒介，方法，手段，艺术形式，教学媒介语言
television	n.电视，语体，电视节目，在电视上播放
interested	adj.感兴趣的，关心的，表现出兴趣的，有利害关系的一方，团体
CORE	adj.核心课程，基础科目，基本技能等，最主要的业务\nn.水果，果心，果核，见图，最重要的部分\nv.去掉果心
break	n.停止工作，休息，打碎，折断\nv.破碎，使破裂，使破碎，使断裂，破裂，破碎
purposes	
throughout	v.遍及，在…各处，在整个期间，自始至终
sets	
dance	n.舞蹈，舞步，舞会，舞蹈，跳舞，舞曲\nv.跳，跳华尔兹，伦巴，探戈等
wood	n.木头，木材，木料，见图，小树林，林地
msn	
itself	n.自己，自身，自身，本身，本身，本质上，独自
defined	
papers	
playing	
awards	
fee	n.工作酬金，服务费，搭配，少的，低的
studio	n.录音室，播音室，演播室，录音室，电影公司，摄影棚
reader	n.读者，阅读的人，读书快，慢的人
virtual	adj.几乎的，虚拟的，模拟的
device	n.设备，仪器，装置，特殊方法，手段，计谋，花招，诡计，炸弹，爆炸装置
established	adj.早已确立的，早已投入使用的，资深的，成为国教的教会
answers	
rent	n.房租，租金，租用费，出租，招租，破裂处，裂缝\nv.租房，租用，租借，出租，租用
las	
remote	adj.遥远的，偏僻的，偏远的，不可能的，渺茫的，微乎其微的\nn.遥控器
dark	adj.无光的，昏暗的，黑暗的，颜色\nn.黑暗，无光，天黑以后，天黑以前，直到天黑
programming	n.程序编写，程序设计，程序，节目，电视 节目策划，编排
external	adj.外部，外部的，外面的，仅供外用
apple	n.苹果，见图，是某人的心肝宝贝，是某人的掌上明珠，咬苹果
LE	
regarding	prep.关于
instructions	
min	
offered	
theory	n.学说，理论，理论，理论上，从理论上来说，猜想
enjoy	v.喜欢，享受…的乐趣，过得愉快，玩得痛快
remove	n.距离，差距，间距\nv.移走，搬走，去掉，排除
aid	n.援助，救援物资，帮助，为了帮助\nv.帮助，援助，促进，帮助和教唆
surface	adj.地面的，陆上的，海上的，表面的，外表的\nn.水，陆地，表面，面，外层\nv.显露，暴露，公开，露面，重新出现
minimum	adj.最小的，最少的，最低限度的\nn.最少量，最小数，最低限度，绝对，仅够的最少量
visual	adj.视觉的，视力的\nn.视觉资料，画面
host	n.在聚会上，主人，东道主，电视，电台上\nv.主办，做…的东道主，主持
variety	n.各种各样的某事物，多样化，变化，增添趣味，种类，品种
teachers	
ISBN	n.国际标准图书编号
Martin	n.圣马丁鸟，燕科小鸟
manual	adj.手工的，体力的，用手操作的，用手做的\nn.说明书，使用手册，用法指南，培训手册，参考手册等
block	n.固体物质，一块，【英】，【美】煤渣砖\nv.阻挡，堵塞，挡住某人的去路，路，出口
subjects	
agents	
increased	
repair	n.修理，修补，检修，维修，修缮，整修，翻新\nv.修理，修补，弥补，补救，去，赴
fair	adj.合理并可接受的，适当的，合理的，…才合理，恰当地说\nn.露天游乐场，集市，州，县集市\nv.正大光明地赢得，打败某人，公平办事，按规则做
civil	adj.公民的，国民的，内战，内乱，平民动乱等
steel	n.钢，钢铁，见图，钢铁工业，超人的胆量，巨大的勇气\nv.使自己准备应付
understanding	adj.能谅解的，宽容的\nn.了解，熟悉，协议，协定，达成协议
songs	
fixed	adj.固定的，确定的，不变的，有固执的想法，看法
wrong	adj.不正确的，不正确的，错误的，搞错，出错\nn.坏事，恶行，某人不会做错事，不公正的行为\nv.错误地，不正确地，出毛病，出故障，出错，弄错，出现问题
beginning	n.开始，开端，起点，先兆，起源，开端
hands	
associates	
finally	v.最后，终于，最后，彻底地，决定性地
az	
updates	
desktop	n.桌面，桌面，台面
classes	
Paris	
Ohio	
gets	
sector	n.部门，行业，公营，私营部门
capacity	n.容量，容积，容纳人数，能力，才能，职位
requires	
jersey	n.运动套衫，毛衣，套头毛衣，棉 质柔软织物，泽西种乳牛
UN	
fat	adj.肉，肥胖的，物品，厚的\nn.肥胖的，超重的，大的，病态肥胖的
fully	v.完全地，充分地，彻底地
father	n.家长，父亲，爸爸，两个，三个\nv.成为…的父亲，首先提出，创立，把误加于某人
electric	adj.用电的，电动的，带电的，电流
saw	n.锯，见图，格言，谚语\nv.see的过去式，锯，锯开，拉锯似的来回切，把…锯掉
instruments	
quotes	
officer	n.军官，陆军，海军，军队等的军官
driver	n.司机，驾驶员，开车的人，驱动程序，高尔夫球杆，发球杆，搭配
businesses	
dead	adj.不活的，死的，去世的，不工作的，已使用过的，用完了的\nn.搭配，死者，死人，深夜，隆冬\nv.完全地，坚决反对某事，非常，十分，筋疲力尽的
respect	n.钦佩，尊敬，敬重，考虑\nv.尊敬，敬佩，敬重，尊重，顾及，遵守，尊重
unknown	n.不出名的人，不明的情况，未知的因素，不为人知 的地方\nv.不知道的 ，未知的，不知名的，不出名的，不为某人所知的，未知的人
specified	
restaurant	n.饭店，餐馆，见图，吃东西的地方，搭配
mike	n.麦克风，话筒，传声器，扩音器\nv.给安麦克风
trip	n.旅游，旅行，出行，一日游，回程\nv.倒下，绊，绊倒，使某人倒下
PST	
worth	adj.值…钱，拥有…价值的财产，值得做某事，应该做某事\nn.价值 10英镑，500美元等的东西，可维持 十分钟，一星期等的某物
MI	n.全音阶的第三音
procedures	
poor	adj.没有钱，贫穷的，贫困的，穷人，贫民，不好的
teacher	n.教师，老师，教员，语言，历史，理科等老师
xxx	
eyes	
relationship	n.关系，联系，关联，爱情关系，性关系
workers	
farm	n.农场，养殖场，农场住宅，农舍，搭配\nv.种，养殖，养殖的鲑鱼，鱼
fucking	v.该死的，他妈的，他妈的
Georgia	
peace	n.没有战争，和平，没有噪音，干扰
traditional	adj.传统的，习俗的，惯例的，遵循传统的
campus	n.校园，园区
tom	n.雄猫，公猫
showing	n.放映，展览，成绩，表现
creative	adj.创造的，有创造力的\nn.搞创作的人，创作者
coast	n.海岸，海滨，沿海地区，没有危险，危险已经过去，搭配\nv.靠惯性滑行，得过且过，不费力地成功，沿海航行，近海航行
benefit	n.好处，好处，益处，裨益，政府拨款，补助金，救济金，津贴\nv.受益，得益，有益于，有利于
progress	n.进步，进展，缓慢行进，稳步前进\nv.进步，进展，继续，进展，逐渐过去
funding	n.专款，拨款
devices	
lord	n.贵族，勋爵，领主，庄园主，大人，阁下\nv.在某人面前逞威风，在某人面前摆架子
grant	n.补助金，拨款，搭配\nv.给予，准予，恩准，允许，语体，承认
sub	n.潜艇，替补队员，捐赠款，会费\nprefix在…下面的，次于…，低于…，分支，次于…的，低于…的\nv.代替，当替补队员，预支工资给…，预付，借钱给…
agree	v.同样看法，同意，意见一致，我完全同意，赞成
fiction	n.小说，虚构的事，想象的事
hear	v.听到声音，话语等，听到，听见，听某人
sometimes	v.有时，不时，间或，有时,不时，偶尔，时不时,有时
watches	
careers	
beyond	n.来世，再生\nv.在更远处，往更远处，在 …的那边，语体
goes	
families	
led	n.发光二极管\nsuffix以…为主导的，以…为重点的\nlead的过去式和过去分词
museum	n.博物馆，博物院，见图，城镇
themselves	n.他们自己，她们自己，它们自己，自己，自身
fan	n.狂热崇拜者，…迷，崇拜者的来信，扇子，电扇\nv.扇，见图，煽起，激起，扇 火
transport	n.交通运输系统，运输方式，运输，运送，运输船，运输机\nv.运输，运送，被带回到，被带入，欣喜若狂
interesting	adj.有趣的，吸引人的，有趣的,吸引人的，迷人的,引人入胜的，饶有趣味的,激发思考的
blogs	
wife	n.妻子，太太
evaluation	n.评估，评价
accepted	adj.公认可接受的，被认可的
former	adj.以前的，从前的，昔日的，前任的，从前，以前，某人\nn.前者，一年级，二年级，六年级等的学生
implementation	
ten	n.十，十之八九，十有八九，多半会，很普通，很平常，不稀罕，给打了满分
hits	
zone	n.地区，地带，区域，集中精力的，处于良好状态的，搭配，危险区域\nv.将…划作区域，走神，精神恍惚
complex	adj.复杂的，难以理解的，复合的\nn.综合楼群，综合大楼，复合体，集合体，综合体，情结，过度的情绪反应
Th	
cat	n.猫，斑猫，姜黄色猫，花斑家猫等
galleries	
references	
die	n.金属模具，铸模，压模，骰子，色子，事情已成定局，覆水难收\nv.死去，死去，死亡，为某事物献出生命，直到你死的时候
presented	
jack	n.起重器，千斤顶，J 牌，杰克，红桃杰克，梅花杰克等\nv.故意刁难以浪费其时间，停止做，手淫，顶 起
flat	adj.表面，平的，平坦的，见图，钱\nn.平的，水平的，光滑的，平整的﹝无凹凸﹞\nv.平直的姿势，平直地，平坦地，正好三分钟，十秒钟等
flow	n.液体，气体，电，流动，流\nv.液体，气体，电，流，流动
agencies	
literature	n.文学，文学作品，著述，文献资料
respective	adj.各自的
parent	n.父，母，亲体，亲本，母体，亲本，亲代
Spanish	adj.西班牙的，西班牙人的，西班牙语的\nn.西班牙语，西班牙人
Michigan	
Columbia	
setting	n.背景，环境，背景，设定位置，调节点，镶嵌底座
Dr	doctor的书面缩写，医生，博士，drive的书面缩写，路，道
scale	n.大小，程度，规模，范围，程度，范围\nv.攀登，登上事业的顶峰，改变的尺寸大小，缩放，缩减，缩小
stand	n.作支撑用，架，台，座\nv.站立，踮起脚尖站立，起立，站起来，起立
economy	adj.经济装，实惠装\nn.经济，经济制度，经济体，节约措施，省钱办法
highest	
helpful	adj.有用的，有帮助的，乐于助人的
monthly	adj.每月一次的，按月结算的，按月计算的，每月的\nn.月刊
critical	adj.批评，批评的，批判的，重要的，紧要的，关键性的
frame	n.边框，框架，边框，门框，窗框\nv.围住，框住，给装框，陷害，诬告，表达
musical	adj.音乐的，配乐的，擅长音乐的，对音乐感兴趣的\nn.音乐剧，音乐片，百老汇，伦敦西区音乐剧
definition	n.定义，释义，必然，清晰度，鲜明度，搭配
secretary	n.秘书，医务，法律秘书，大臣
angeles	
networking	n.建立人际关系网
path	n.小径，小径，小道，见图，乡间
Australian	adj.澳大利亚的，澳大利亚人的\nn.澳大利亚人
employee	n.受雇者，雇员，搭配
chief	adj.最高级别的，首席的，最重要的，主要的，事必躬亲的负责人，百管部长，当家的\nn.组织的领导人，首领，最高领导人，总指挥，总编辑等
gives	
KB	
bottom	adj.底下的，底部的，最不重要的，最末的，最差的，离得最远的，低速挡\nn.最底部，底部，基部，下端，末尾，在这一页的底部\nv.见底
magazines	
packages	
detail	n.细节，细微之处，全面详细地，详细情况，全部细节，善于捕捉细节\nv.详细说明，详述，指派某人做某事，彻底清洗
francisco	
laws	
changed	adj.有很大变化的人，发生变化的，与以前不同的
pet	adj.特别喜爱 的计划，理论，话题，特别讨厌的事物\nn.宠物，宝贝儿，搭配\nv.抚弄，抚摸
heard	
begin	v.开始做某事，开始，着手，开始发生
individuals	
Colorado	
royal	adj.国王的，女王的，王室的，皇家的\nn.王室成员
clean	adj.不脏的，清洁的，干净的，人，动物\nn.搭配，清洁的，干净的，纯净的，洁净的，无菌的，消毒过的\nv.弄干净，清洁，清理，打扫卫生，把…打扫干净，刷牙，给开膛取出内脏
switch	n.开，关，开关，电闸\nv.转换，转变，改变，转换立场，改变拥戴对象，交换
Russian	adj.俄罗斯 的，俄罗斯 人的，俄语的\nn.俄罗斯人，俄国人，俄语
largest	
African	adj.非洲的，非洲人的\nn.非洲人
guy	n.男人，家伙，盖伊·福克斯模拟像，固定拉绳，牵索，大家，各位
titles	
relevant	adj.有关的，切题的
guidelines	
justice	n.审判体系，司法制度，审判，法律制裁
connect	v.连接东西，联结，连接，关系，联系，关联
bible	
dev	
cup	n.用来喝水，杯子，柄，杯托\nv.捧，窝成杯状托住，用手作杯状
basket	n.篮子，篓子，筐子，洗衣篮
applied	adj.应用科学，物理学，语言学等
weekly	adj.一周一次的，每周的\nn.周刊
VOL	
installation	n.安装，装置，设备，设施，现代雕塑装置
described	
demand	n.需要，需求，被需要，要求，普遍要求，公众要求\nv.要求，需要
PP	
suite	n.房间，套房，家具，一套家具
vegas	
NA	
square	adj.形状，正方形的，四方形的，见图，角\nn.形状，正方形，四方形，在城镇里，广场\nv.乘，使自乘一次，使成平方，在比赛中
chris	
attention	n.认真地听，看，思考，注意，专心，留心
advance	adj.预先计划，警告，订购等，先遣队，先遣人员\nn.预先，提前，发生之前，超前于某人，某物\nv.向前移动，前进，推进，发展，进展
skip	n.蹦跳，废料桶\nv.不做某事，不做，不处理某事，略过，跳过
diet	adj.低糖的，低脂肪的\nn.节食，规定饮食，日常饮食，日常食物，多得令人生厌 的某物\nv.节食，限制饮食，按规定进食
army	n.陆军，陆军部队，组建陆军部队，大批，大群
auction	n.拍卖，把某物拿去拍卖，拍卖行\nv.拍卖
gear	n.汽车等的，排挡，挡位，精力，努力，加大力度\nv.适合某人，某事物，为…做好准备
lee	n.某物的背风 处，沉淀物，沉渣
os	
difference	n.差别，差异，有作用，有影响，我们的，你们的
allowed	
correct	adj.正确的，无误的，语体，恰当的，正确的，合乎礼节的，得体的\nn.搭配\nv.校正，矫正，语体，指出错误
charles	
nation	n.国家，民族，搭配
selling	n.推销
lots	
piece	n.量，片，块，段\nv.把拼凑起来，把拼合起来
sheet	n.床上用的，床单，被单，换床单，见图
firm	adj.结实的，坚实的，牢固的，稳固的，确定的，坚定的，坚决的，坚决的\nn.公司，商行，事务所，搭配\nv.夯实，压实，把确定下来，使结实
seven	num.七，七年之痒
older	
Illinois	
regulations	
elements	
species	n.物种，种，搭配
jump	n.向上，跳，跃，单腿跳，跳\nv.往上，跳，跃，跳离，跳过，跃过
cells	
module	n.单元，模块，功能块，程序块，分离舱，组件，模件，模块
resort	n.度假胜地，最后的办法，最先采取的手段，诉诸某事，求助于某事\nv.采取，诉诸
facility	n.设施，设备，特殊装置，特色功能，场所，建筑，天赋
random	adj.随意的，任意的，随机的，任意地，随便地\nn.搭配
pricing	n.定价，作价，计价
dvds	
certificate	n.证明书，证书，出生，死亡，结婚证书
minister	n.部长，大臣，牧师，公使，外交使节\nv.当牧师，照顾，服侍，帮助
motion	n.移动，动，运动，移动方式，动头或手\nv.做动作示意
looks	
fashion	n.风行一时的事物，时尚，流行款式，时新式样，时装业，时装学\nsuffix照…样子，按…方式\nv.使成形，制作，塑造
directions	
visitors	
documentation	n.文件资料，证明文件，记载，记录
monitor	n.屏幕，监视器，显示器，见图\nv.监视，监测，检测，监督，监听
trading	n.贸易，经商，营业，交易，星期日营业，交易，买卖，交投畅旺
forest	n.森林，林区，见图，搭配，森林
calls	
whose	n.谁的，他 的，她 的，它 的
coverage	n.新闻报道，保险范围，内容范围，信息范围，覆盖范围
couple	n.一对，一双，一些，几个，一对夫妇，一对情侣\nv.结合，连接，交配，交媾，加上
giving	adj.慷慨善良的
chance	adj.偶然的，意外的\nn.可能性，机会，可能性，机会，机会，机遇，有利时机\nv.冒险做，偶然 发生，偶然发现，偶然遇见
vision	n.视力，正常的视力，20，20的视力，夜视能力
ball	n.圆形物体，球，网球，高尔夫球\nv.把做成球状，和发生性关系
ending	n.结局，结尾，终结，结束，词尾
clients	
actions	
listen	n.听\nv.听，听着，听好，听从，听信，留心听
discuss	v.商讨，谈论，讨论，语体，详细阐述，论说
accept	v.礼物，提议，邀请，接受
automotive	adj.汽车的
naked	adj.裸体的，赤条条的，一丝不挂的，语体，肉眼
goal	n.目标，目的，语体，他的目标是自己开公司。，球门
successful	adj.成功的，如愿以偿的，达到目的的，成功的，利润丰厚的，非常赚钱的，有成就的，赚钱多的，出人头地的\nv.成功的，如愿以偿的，有效的，胜利的,得胜的
sold	sell的过去式和过去分词
wind	n.空气，风，听到某事的风声，获得某事的线索\nv.缠绕，卷绕，摇动，给上发条，蜿蜒，曲折前进
communities	
clinical	adj.临床的，临床医学，经验，培训等
situation	n.形势，情况，状况，局面，环境，位置，工作，职位，搭配
sciences	
markets	
lowest	
highly	v.非常，极，高度地，高水平地，身居高职的，紧张不安的，容易激动的，神经质的
publishing	n.出版业
appear	v.似乎，似乎，好像，看来，比 seem正式，看起来是这样，给人印象
emergency	n.紧急情况，不测事件，紧急出口，救援物资等，搭配
developing	adj.发展中的，生长的，变化的
lives	life的复数形式
currency	n.货币，通货，流传，通行，被接受，传播，搭配
leather	n.皮，皮革，见图，皮衣，皮夹克
determine	v.查明，测定，确定，决定，左右，直接影响，决定，确定
milf	
temperature	n.温度，气温，某人的体温，发烧，激烈程度
palm	n.手的一部分，手掌，掌部，见图，树\nv.把…藏在手心里，哄骗某人接受…，把…骗卖给，欺骗搪塞某人，骗过某人
announcements	
patient	adj.有耐心的，能忍耐的\nn.病人，患者，见图，搭配
actual	adj.实际的，真实的，真正的某事物，某事物本身
historical	adj.历史的，历史学的，史学证据，研究等
stone	n.岩石，石头，石料，卵石\nv.向…扔石头，用石头掷击，用石头砸死某人，去掉的核，哎呀！啊！
bob	n.齐短发，见图，点头，屈膝\nv.水中移动，上下移动，起伏，移往某处，快速移动
commerce	n.买卖，贸易，商务，商业
ringtones	
perhaps	v.可能，大概，也许，语体，she，they etc will
persons	
difficult	adj.困难的，不易解决的，有困难的，有问题的，有麻烦的，使某人日子难过，刁难某人
scientific	adj.科学的，精细的，系统的，有条理的，科学方法
satellite	n.人造卫星，通过人造卫星，碟形卫星天线，见图
fit	adj.强壮的，健壮的，健康的，十分健康的，合适的\nn.情感，冲动，一阵发作，失去知觉，昏厥抽搐\nv.服装，合身，试穿，试用
tests	
village	n.乡村，村庄，乡村学校，商店，教堂等
accounts	
amateur	n.业余爱好者，外行，生手
ex	n.前妻，前夫，前女友，前男友\nprefix以前的，前任的
met	meet的过去式和过去分词
pain	n.疼，痛，疼痛，痛苦，苦恼，烦恼\nv.某人因不得不做某事而感到苦恼
xbox	
particularly	v.特别，尤其，不太，不是非常，不特别…
factors	
coffee	n.咖啡，一杯咖啡，咖啡色，浅褐色，搭配
WWW	
settings	
cum	prep.兼，两用
buyer	n.买主，买方，买家，采购员
cultural	adj.文化的，文化上的，文化遗产，传统等
steve	
easily	v.容易地，轻易地，可能，极有可能，绝对是最好的
oral	adj.口头的，口述的，口的，口腔的\nn.口试
ford	n.可涉水而过之处，浅滩
poster	n.招贴，海报，广告，见图
edge	n.外围，边缘，饰边，页边\nv.移动，徐徐移动，加边于，给…加边
functional	adj.为实用而设计的，实用的，工作的，运转正常的，有关用途的，功能上的
root	n.植物，根，见图，问题的起因\nv.植物，生根，使牢牢扎根，起源于某事物
AU	
FI	
closed	adj.关闭的，关门的，不开放的，只限于特定人群的，闭关自守的，不受外来影响的
holidays	
ice	n.冰，冰块，冰桶，蛋卷筒\nv.在上加糖霜，冰敷，被冰覆盖，结冰
pink	adj.粉红色的，同性恋的\nn.粉红色，石竹，非常健康的
zealand	
balance	n.稳定的，平衡，相等的数量，均衡，均势，平衡\nv.平稳，保持平衡，均衡，相抵，相等，权衡，斟酌，比较，平衡预算，使收支平衡
monitoring	
graduate	adj.研究生的\nn.大学毕业生，毕业生\nv.大学毕业，中学毕业，升级到…，向授予学位
replies	
shot	adj.用坏的，耗尽的，破旧的，摆脱某人\nn.枪，开枪，枪声，枪法好
NC	
architecture	n.建筑风格，建筑设计，现代，古典，中世纪等的建筑风格
initial	adj.开始的，最初的\nn.名字的首字母，姓名的首字母\nv.在上签上姓名的首字母
label	n.标签，标记，地址标签，洗涤标签，条形码标签\nv.贴标签于，用标签标明，把…不公正地称为，给…扣帽子
thinking	adj.有思想的，认真思考的，有思想的男人，女人等所喜欢的人\nn.想法，看法，态度，思想，思考，思维，清晰的
scott	
LLC	
SEC	n.一小会儿，片刻，稍等一会儿，second的书面缩写，秒
recommend	v.劝告，建议，推荐，介绍，某物有很多
canon	n.咏礼司铎，准则，标准，规范，真作集，真品集，曲集
hardcore	
league	n.体育运动联合会，联赛，在联赛中排名最高，垫底，联盟，同盟
waste	adj.废弃的，无用的，荒芜的，荒废的\nn.使用不当，浪费，被浪费掉，是浪费时间\nv.不合理地使用，滥用，浪费，未充分使用，没有充分利用
minute	adj.极小的，非常仔细的，极详细的\nn.时间，分，分钟，最后一刻，每时每刻，越来越\nv.将…记入会议记录
bus	n.公共汽车，巴士，大客车，总线，母线，汇流排，搭配，乘公共汽车出行\nv.用公共汽车运送，收拾
provider	n.供应商，供应者，供养家庭的人
optional	adj.可选择的，非强制的，语体，领带不是非系不可。
dictionary	n.词典，字典，专业词典，搭配
cold	adj.物体，表面，液体，房间\nn.感冒，伤风，冷，寒冷，你会得重感冒的，被承认\nv.突然地，贸然地，完全地，彻底地，不省人事，无准备地
accounting	n.会计行业，会计工作
manufacturing	n.制造，制造业
sections	
chair	n.椅子，轻便扶手折椅，办公椅，见图\nv.担任的主席，主持
fishing	n.钓鱼，捕鱼，深海，淡水
effort	n.体力，精力，力气，努力
phase	n.阶段，时期，不协调，协调，相，相位\nv.使…逐步进行，使…分阶段进行，逐步采用，逐步停止使用，逐步淘汰
fields	
bag	n.容器，袋，包，囊\nv.把装进袋 里，占有，抢占，进球，得分，猎杀，猎捕
fantasy	n.幻想，想象，空想，幻想，幻想作品
PO	
letters	
motor	adj.汽车的，机动车辆的，有引擎的，机动的，运动神经的\nn.马达，发动机，电动机，汽车\nv.乘汽车旅行，驾车旅行
VA	
professor	n.教授，讲师，教员
context	n.场合，环境，周围情况，背景
install	v.安装，设置，给安装，任命，使就职，把自己安顿 在
shirt	n.衬衫，保持冷静，不要发火，把所有钱都押在某事物上
apparel	n.服装
generally	v.总体上来说，大致，句子副词，普遍地，广泛地，通常
continued	adj.继续的，连续的，反复的，频繁的
foot	n.身体部位，脚，足，尺寸，英尺\nv.付账
mass	adj.民众的，群众的，大量的\nn.大量，团，块，堆，大量，大宗，许多的某物，大量的人［物］\nv.聚集，集结，集中
crime	n.犯罪活动，罪，罪行，犯罪生涯，无懈可击的犯罪
count	n.合计，计算，总数，计量\nv.得出总数，计数，点数目，数数，得到许可
breast	n.女人的身体，乳房，裸胸的，乳房小的等\nv.登上，以胸部推...，挺胸顶着...
techniques	
IBM	
RD	
johnson	
SC	
quickly	v.快速地，语体，她跑去请医生。，很快，马上
dollars	
websites	
religion	n.宗教信仰，宗教，突然对宗教感兴趣，突然皈依
claim	n.事实，声称，指称，钱，要求，索赔\nv.事实，声称，断言，主张
driving	adj.暴雨，大雪，驱动力，推动力，强烈的抱负\nn.驾驶，搭配
permission	n.允许，许可，准许，搭配，获得许可做某事，请求许可
surgery	n.外科手术，手术室，诊所，门诊时间
patch	n.小块,小片，斑，小块，补丁，眼罩\nv.修补，缝补，仓促拼制，草草拼凑
heat	n.热，热，热量，酷暑，炎热的天气，高温\nv.加热，使变热，充分加热，变热，加热，激化，加剧，恶化
wild	adj.植物，动物，野生的，未经栽培的\nn.处于野生状态，非洲，阿拉斯加州等的偏僻地区\nv.无法无天，无人管束，不受控制，任意发展，疯长
measures	
generation	n.一代，年轻，年老一代，一代，一辈
Kansas	
miss	n.意大利，俄亥俄州，世界等小姐，年轻女子\nv.不做某事，错过，未击中，抓住
chemical	adj.化学的，化学上的，用化学方法制造的\nn.化学品，有毒，有害，危险化学品
doctor	n.医生，大夫，诊所，见图，博士\nv.窜改，伪造，在添加有害物质，阉割，给…治病
task	n.工作，任务，语体，严厉批评某人，搭配\nv.交给任务，派给工作
reduce	v.缩小，减少，降低，浓缩
brought	bring的过去式和过去分词
himself	n.他自己，自己，他自己，他本人，他
nor	v.既不…也不…，也不
component	adj.组成的，构成的\nn.零件，成分，组成部分
enable	v.使可能，使发生
exercise	n.为了健康，运动，锻炼，动作，动作，体操\nv.使用某物，运用，行使，锻炼身体，运动，锻炼
bug	n.小病，轻微的传染病，胃部不适，小虫子\nv.打扰，激怒，使厌烦，给…装窃听器
santa	
mid	prefix中部，中间，当中，上午九十点钟，下午三四点钟，一周中间等\nprep.在…中间
guarantee	n.保修单，质量保证书，保证，担保，担保\nv.保证，为提供保修，包换，为担保
leader	n.控制，领导者，领袖，首领，政党，工会
diamond	n.钻石，金刚钻，菱形，方块，方块牌
Israel	
SE	东南部的，来自东南方的
processes	
soft	adj.不硬，软的，松软的，软的，硬度低的，不粗糙的\nn.柔软的，嫩的,软的，湿软的，柔软的,易压扁的
servers	
alone	v.单独，独自，语体，孤身一人的，无伴的，孤独的，寂寞的
meetings	
seconds	
jones	
Arizona	
keyword	n.关键词
interests	
flight	n.旅行，飞行，航程，航班，班机，飞行
congress	adj.美国国会\nn.代表大会，国会，议会，国民大会
fuel	n.燃料，搭配，化石燃料，核燃料\nv.使恶化，使更强烈，加油，加燃料
username	
walk	n.步行，散步，徒步旅行，步行活动\nv.走，行走，只有几步路的距离，步速，护送
fuck	interjection他妈的，混账，见鬼\nn.他妈的，性交，操，毫不在乎\nv.去你妈的，去他妈的，见他们的鬼等，操，性交
produced	
Italian	adj.意大利的，意大利人的，意大利语的\nn.意大利人，意大利语
paperback	n.平装书，简装书
classifieds	
wait	n.等候 的时间\nv.不走，未开始某事，等，等候，使某人一直等候
supported	
pocket	adj.可放在衣袋内的，袖珍的\nn.衣服上的，衣袋，口袋，金钱，钱\nv.把…装入口袋 中，窃取，盗用，侵吞，捞取，赢得
Saint	n.圣徒，圣人，圣人，极大的耐心
rose	
freedom	n.自由，自由，自主，从某事物中摆脱，不受某事物之苦，选择的自由
argument	n.争论，争吵，争辩，论点，论据，异议，争议
competition	n.竞争，面对竞争，竞争对手，没有
creating	
jim	
drugs	
joint	adj.联合的，共同的，共有的，合营企业，合资企业，共同决议\nn.关节，一大块肉，接合处，接缝\nv.把切成大块
premium	adj.优质的，高价\nn.保险费，加付款，额外费用，奇缺，难以取得
providers	
fresh	adj.新的，新做的，新增的，新且有趣的\nv.新做的，新切的，现磨的等，刚用完某物
characters	
attorney	n.律师
upgrade	v.使升级，提高，改善，给升级
DI	
factor	n.原因，影响，因素，要素，决定性因素\nv.将…分解为因子，把…化为因数，将…计入，把…考虑在内，不将…计入
growing	
thousands	
km	
stream	n.小河，小河，小溪，见图，乡间\nv.倾注，奔流，涌流，流动
apartments	
pick	n.挑选，选择，某物中的精华，挑选出来的人，镐，鹤嘴锄\nv.选择某物，挑选，选择，花
hearing	n.听觉，审讯，聆讯，听证会
eastern	adj.在东部的，来自东部的，在东方国家的，来自东方国家的
auctions	
therapy	n.治疗，疗法，心理治疗
entries	
dates	
generated	
signed	
upper	adj.较上的，较高的，上面的，见图，靠近顶部的，在顶部的\nn.鞋面，鞋帮，兴奋剂，安非他明，手头拮据，困窘
administrative	adj.行政的，管理的
serious	adj.情况，问题，严重的，重要的
prime	adj.最重要的，首要的，质量最好的，第一流的，是首选／头号目标，非常典型的例子，有代表性的例证\nn.盛年，壮年时期\nv.使某人做好准备，使准备好，枪炮，为装火药
samsung	
limit	n.最大，最小的限度，限度，极限，可能的最大量\nv.限制，限定，限制，制约，局限于某处
began	v.begin的过去式
louis	
steps	
errors	
shops	
bondage	n.束缚，限制，奴役，性受虐癖
DEL	
efforts	
informed	adj.见多识广的，消息灵通的，有根据的决定，选择
Ga	
AC	
thoughts	
creek	n.小溪，小河，小海湾，小海港，陷入严重困境，倒了邪霉
ft	
worked	
quantity	n.数量，大量，大批，众多
urban	adj.城镇的，城市的，黑人音乐的
practices	
sorted	adj.安排妥当的，计划好的，已经有了的，已备好的
reporting	n.新闻报道
essential	adj.极其重要的，必不可少的，最基本的，本质的\nn.必需品，必不可少的东西，要点，要素
myself	n.我自己，我本人，我亲自，我自己，独自，单独，独力地，独自地
tours	
platform	n.火车，站台，月台，用于演讲，讲台
load	n.某物的量，负载物，很多，大量，满满一公共汽车\nv.把…装上，将…装进，装货，见图，将装入
affiliate	n.支会，分社，子公司，附属机构\nv.附属，加入，加盟，并入
labor	v.labour的美式拼法
immediately	conj.一…就…\nv.即刻，马上，语体，立即，能轻易看见的
ADMIN	n.行政，管理
nursing	n.护士 工作，护士 技巧
defense	n.defence的美式拼法，防守队员，后卫
machines	
designated	
tags	
heavy	adj.重量，重的，沉重的，数量，程度\nn.保镖，打手\nv.时间过得很慢，度日如年，沉溺于某事物
covered	adj.有顶的，覆盖有…的
recovery	n.康复，痊愈，恢复，复苏，复得
joe	n.普通人，平常人，典型的大学生，公民等
guys	
integrated	adj.相互协调的，综合的
configuration	n.构造，结构，布局，配置
cock	n.鸡，公鸡，雄鸟，雄鸟，雄禽\nv.竖起，翘起，将转向一边，扳上的扳机，歪戴
merchant	n.葡萄酒商，煤炭商，木材商等，商人
comprehensive	adj.详尽的，全面的，彻底的，综合保险\nn.搭配
expert	adj.内行的，专家的\nn.专家，行家，能手，搭配，专科医生，专家
universal	adj.全世界的，全体的，共同的，普遍正确的
protect	v.保护，防护，为…提供保险，提供保护
drop	n.液体，滴，少量，一点点，少量\nv.让某物掉落，让落下，空投，丢，扔，落下
solid	adj.坚实的，坚硬的，固体的，纯质的\nn.固体，固体食物，非流质食物，固形物，立体
cds	
presentation	n.颁发奖品，授予，颁发，见图
languages	
became	v.become的过去式
orange	n.橙，柑橘，见图，橘黄色，橙色
compliance	n.服从，听从，遵守
vehicles	
prevent	adj.语体，sth  doing sth\nv.阻止，阻挡，预防，防止
theme	n.主题，主题音乐，主题歌，主题曲
rich	adj.富有的，有钱的，富有的，富人，语体
IM	
campaign	n.运动，活动，战役，搭配\nv.发起运动，参加活动
marine	adj.海洋的，船舶的，海军的\nn.水兵，英国皇家海军陆战队士兵，美国海军陆战队士兵
improvement	n.改善，改进，提高，改进之处，搭配，有改进
vs	
guitar	n.吉他，原声吉他，电吉他，古典吉他
finding	n.研究的结果，发现，裁决，判决
Pennsylvania	
examples	
ipod	n.iPod
saying	n.格言，谚语，警句
spirit	n.性格，精神，心灵，独立，骄傲\nv.秘密地把…迅速带走
AR	
claims	
porno	
challenge	n.困难的事，挑战，具有挑战性的事物，面对，接受等挑战\nv.质疑某事，质疑，对…表示怀疑，竞争，向…挑战
motorola	
acceptance	n.正式接受，接受，赞同，赞成，认可，承受，接纳
strategies	
mo	n.一会儿，month的书面缩写，月，月份，典型的做事方式，一贯的做法，医官，军医
seem	v.看来，似乎，好像，他的故事好像是真的。，语体，似乎无法做某事
affairs	
touch	n.触碰某人，某物，触摸，碰，触觉\nv.触摸，触摸，碰，当中没有空间，触碰
intended	
towards	prep.方向，向，朝，产生某种结果，朝，向，接近
SA	
goals	
hire	n.租用，租借\nv.租用，雇用，雇用，聘任，出租
election	n.选举，当选，搭配，举行选举
suggest	v.建议，提议，我建议…好吗？，显示，表明，推荐
branch	n.树，树枝，见图，企业\nv.分支，分岔，分岔，分支，离开主路 ，走入岔道
charges	
serve	n.发球，见图\nv.食物，饮料，提供，端上，侍候
affiliates	
reasons	
magic	adj.有魔力的，神奇的，魔术的，奇妙的数字\nn.魔法，法术，巫术，魅力，魔力，魔术，戏法，像变魔术似的\nv.用魔法使…消失，使…突然出现，使…出人意料地出现
mount	n.乘骑用马，坐骑，衬纸板，载片，裱褙\nv.组织，准备，安排，开展
smart	adj.聪明的，聪颖的，机灵的，明智的，不恭敬的\nv.感到痛苦，感到刺痛，粗鲁地开玩笑
talking	
gave	v.give的过去式
ones	
Latin	adj.拉丁语的，拉丁美洲的，拉丁语系国家的\nn.拉丁语，拉丁美洲人，拉丁语系国家的人
multimedia	adj.多媒体的，使用多媒体的
xp	
tits	
avoid	v.避免，防止，躲避，避开，逃避，远离
certified	
manage	v.生意，负责，管理，做困难之事，设法做成，努力完成
corner	n.角，道路，街角，拐角，急转弯\nv.把困住，把…逼入困境，强求与…面谈，垄断市场，转弯
rank	adj.难闻的，臭的，十足的，完全的，过于茂盛的，蔓生的\nn.军队，组织中的职位，等级，军衔，军阶\nv.具有…等级，与…同样重要，与…品质相当，确定…的地位
computing	n.计算机应用
Oregon	
element	n.部分，基本部分，要素，几分惊奇
birth	n.生孩子，生下，出生，分娩
virus	n.病毒，短信病毒，搭配
abuse	n.虐待，滥用，酗酒，吸毒\nv.虐待，性虐待，滥用，妄用，辱骂，谩骂
interactive	adj.交互的，互动的，合作的，相互交流的
requests	
separate	adj.不同的，不相关的，不受影响的，独立的，分开的\nv.在…之间，把…隔开，分开，分成不同部分
quarter	n.数量，四分之一，四分之三，见图\nv.把…切成四部分，把…四等分，为提供食宿
procedure	n.程序，步骤，手续，治疗，手术，搭配
leadership	n.领导地位，领导权，领导才能，领导素质，领导层，领先地位
tables	
define	v.确定，说明，界定，给…下定义，解释，标明…的界限，明确显出…的轮廓
racing	adj.比赛用的\nn.赛马，赛车，自行车赛，赛灵★等
religious	adj.宗教的，笃信宗教的，虔诚的\nn.宗教的，精神的，心灵的，上帝的，神圣的
facts	
breakfast	n.早餐，早饭\nv.搭配
kong	
column	n.支柱，柱，圆柱，列，专栏，音乐
plants	
faith	n.信任，相信某人，某物，相信
chain	n.链条，链子，链条，冲马桶，自行车的链条\nv.拴住，束缚，受到某事的束缚
developer	n.开发商，开发公司，开发者，研制者，显影剂，显色剂
identify	v.认出，识别，确定，发现，表明…的身份
avenue	n.方法，途径，林荫道，街，大街
missing	adj.找不到的，丢失的，缺掉的，缺少的，缺损的，下落不明的，失踪的，漏掉的，遗漏的
died	
approximately	
domestic	adj.国内的，本国的，家庭的，家事的，家用的\nn.仆人，佣人，家庭纠纷，家庭矛盾\nv.搭配
sitemap	
recommendations	
moved	
Houston	休斯敦，休斯敦，我们遇到了麻烦
reach	n.伸手可及的距离，离某处很近，靠近某处，可及的范围，边缘地带\nv.发展，达到，语体，速度
comparison	n.比较，比得上，不亚于，经过比较之后，判断
mental	adj.精神健康的，精神状态的，思想的，精神的
viewed	
moment	n.时间点，某一时刻，就在这，那时候
extended	adj.延长了的，扩展了的，较长时间的，延期的，详尽的
sequence	n.顺序，次序，一连串相关事件，一段情节，片段
inch	n.英寸，很短的距离，完全地，不折不扣地\nv.缓慢移动
attack	n.攻击某人，某物的暴力，袭击，攻击，战争中\nv.使用暴力，袭击，殴打，破坏，在战争中
sorry	adj.对不起，很抱歉，很遗憾，对不起，对不起，应该是，不好意思，对不起
centers	
opening	adj.首先的，开始的\nn.落成，启用，开通，开幕式，洞，缺口，开始，开端
damage	n.对物体或身体的损害，破损，损害，损伤，有缺口的，有凹痕的\nv.损害，损坏，损伤，对有不良影响，伤害，损害
lab	n.实验室，Labour的书面缩写，工党
reserve	n.补给，储备，备用，个人素质\nv.预订，保留，留出，留出，留作，用于
recipes	
cvs	
gamma	n.伽马
plastic	adj.塑料制的，见图，可塑的，塑性的，人造的\nn.塑料，信用卡
produce	n.农产品，乳制品，搭配\nv.引起，造成，产生，制造
snow	n.雪，降雪，降雪期，下雪天，“雪花”\nv.下雪，被雪困住，被雪封住，蒙骗，使相信
placed	
truth	n.事实，事实，真相，实情，真实性，一点真实的成分
counter	n.柜台，操作台面，工作台，不用处方，秘密地，暗地里\nprefix相反，反，逆，对应，对等，相当\nv.反驳，反对，抵消，对抗，制止
failure	n.不成功，失败，失败的人，事
follows	
EU	
weekend	n.周末，上，下周末，周末我从不工作。\nv.度周末
dollar	n.元，圆，美元价值
camp	adj.扭捏作态的，娘娘腔的，稀奇古怪的\nn.在山上，森林里等，营地，搭帐篷\nv.扎营，宿营，露营，去露营，露营，勉强暂住
ontario	
automatically	v.必然，自动地，不假思索地，无意识地，自动地
DES	
Minnesota	
films	
bridge	n.在河，路等的上方，桥，桥梁，【英】\nv.弥合，消除，在…上架桥，横跨
native	adj.国家，出生地的，土生土长的纽约人，当地人口\nn.出生于某地的人，本地人，当地人，久居某地的人，土著人
fill	n.对某事受够了，装满，装车，硬塞\nv.变满，使充满，充满，装满
williams	
movement	n.一起工作的人，运动，位置，地点
printing	n.印刷，一次印刷，印刷体
baseball	n.棒球，传球，投手，跑垒员
owned	
approval	n.批准，认可，赞许，赞成，同意
draft	adj.提议的草案，草稿，草拟中的版本等，冷空气\nn.文字，草稿，草图，草案\nv.文字，起草，草拟，军事的，强制征召入伍
chart	n.图表，图，曲线图，条形图，饼分图\nv.记录，跟踪，制订，绘制…的地图，标出
played	
contacts	
CC	抄送，副本交
Jesus	interjection天啊，天哪\n耶稣，耶稣基督
readers	
clubs	
LCD	n.液晶显示器
wa	
jackson	
equal	adj.相同，相等的，相同的，大小，长度\nn.同等的人，比得上某人，某事，最杰出，首屈一指\nv.等于，与…相同，比得上，达到，某事物才能匹敌
adventure	n.历险，奇遇，冒险精神
matching	adj.相同的，相配的
offering	n.新近完成的作品，供品，祭品，礼品，礼物
shirts	
profit	n.利润，收益，盈利，益处，好处，搭配，巨额利润\nv.【正式】有益于，对有好处，获利
leaders	
posters	
institutions	
assistant	adj.经理，主任，厨师等助理\nn.助手，助理，副手，商店店员
variable	adj.易变的，多变的，时好时坏的，可变的\nn.易变的事，可变因素，变量，变数
ave	
DJ	n.音乐唱片节目主持人，舞曲唱片播放员
advertisement	n.广告，启事，是…的典范，搭配
expect	v.认为某事会发生，预料，预期，预计，按计划进行，不出所料
parking	n.停放，停车处，停车位
headlines	
yesterday	n.昨天，近来，最近，昨日新闻，旧闻\nv.在昨天，在昨日
compared	
determined	adj.有决心的，意志坚定的，坚决的，坚定的，固执的,顽固的,倔强的
wholesale	adj.批发的，整批卖的，大规模的\nn.批发，趸售
workshop	n.车间，工场，研讨会，研习班
Russia	
gone	adj.走了，不在了，不见了，死了\nprep.过了\nv.go的过去分词
codes	
kinds	
extension	n.使某物变大或变长，扩建，延长，增建部分
Seattle	
statements	
golden	adj.金色的，金黄色的，良机，绝好的机会，金童，玉女
completely	v.完全地，全部地，彻底地
teams	
fort	n.堡垒，城堡
CM	
wi	
lighting	n.照明设备，光线，灯光，柔和的灯光，人工
senate	n.参议院，元老院，大学理事会，大学评议会
forces	
funny	adj.逗人笑的，使人发笑的，有趣的，滑稽的，奇怪的\nn.喜剧
brother	interjection哇！呀！哎！\nn.兄弟，哥，弟，弟弟
gene	n.基因，搭配
turned	
portable	adj.手提式的，便携式的，轻便的，跨平台的，可转移的福利，可随带的福利\nn.便携式电器
tried	adj.经实践反复证明的，屡试不爽的\ntry的过去式和过去分词
electrical	adj.电的，与电有关的，用电的，电气设备，电气商品
applicable	adj.适合的，适用的
disc	n.圆盘形状，圆盘状物，激光唱片，光碟，光盘，唱片
returned	
pattern	n.模式，方式，形式，方格纹，花卉，佩斯利涡旋纹\nv.模仿某物，构成图案
CT	carat的书面缩写，开，克拉
Hentai	
boat	n.小船，小舟，小艇，轮船，处于相同的倒霉境地，面临同样的危险
named	
theatre	n.建筑物，剧场，戏院，舞台，乐池
laser	n.激光器，激光
earlier	
manufacturers	
sponsor	n.赞助者，赞助商，资助者，捐资者，捐款人，提案人，发起人，倡议者\nv.赞助，资助，资助，倡议，支持，帮助
classical	adj.经典的，古典的，传统的，古典芭蕾舞
icon	n.图标，光标，偶像，崇拜对象，圣像
warranty	n.保用证，保修单
dedicated	adj.满腔热忱的，有奉献精神的，专用的
Indiana	
direction	n.朝,向，方向，语体，他们往哪里走了？
harry	v.再三袭击，侵扰，缠住，不断骚扰
basketball	n.篮球，跳投，跳球，运球
objects	
ends	
delete	v.删除，删去
evening	interjection晚上好\nn.傍晚，晚上，晚会，晚上好
assembly	n.议会，立法机构，集会，组装，装配
nuclear	adj.核的，核能的，核武器的
taxes	
mouse	n.老鼠，耗子，鼠标，见图，办公室里
signal	adj.重要的\nn.信号，暗号，标志，预示\nv.发信号，打信号，示意，表明，表示，标志着，预示
criminal	adj.犯罪的，犯法的，与犯罪有关的，刑事的，罪过的\nn.搭配，罪犯
issued	
brain	n.器官，脑，大脑，右脑，左脑\nv.重击的头部
sexual	adj.性的，与性有关的，性别的，两性社会关系的
Wisconsin	
powerful	adj.重要的，权力强大的，有势力的，演讲，电影等\nv.有势力的，权力强大的，有影响力的，强大的
dream	n.睡着时，梦，愿望，梦想，愿望，理想\nv.希望，梦想，希望，睡着时，做梦，梦见
obtained	
false	adj.不真实的，假的，不真实的，语体，他的话不是真的。
DA	
cast	n.演员，演员阵容，全体演员，在手臂，腿上\nv.使了解某事，阐明 某事，使怀疑某事，使不确信某事，光和阴影
flower	n.花，花朵，铁线莲，兰花，百合花\nv.开花，繁荣，兴旺
felt	n.毛毡\nfeel的过去式和过去分词
personnel	n.人员，员工，职员，人事部，搭配
passed	
supplied	
identified	
falls	
pic	n.图片，电影
soul	n.某人的灵魂，灵魂，人，一个人也不，谁也不
AIDS	n.艾滋病，获得性免疫缺陷综合征
opinions	
promote	v.鼓励，促进，增进，更好的工作，擢升，提升，晋升
stated	
stats	n.统计数字，统计学
Hawaii	
professionals	
appears	
carry	n.掷 球距离，射程\nv.提，拿，抱，搬
flag	n.旗，旗帜，旗帜飘扬，信号旗，见图\nv.标示，标出，疲倦，变虚弱，挥手拦下
decided	adj.清楚的，明确的，明显的
nj	
covers	
hr	
EM	
advantage	n.有利条件，优势，好处，优点，利用某人，占某人的便宜，利用某物
hello	
designs	
maintain	v.使某事继续，保持,维持，水平，速度
tourism	n.旅游业，观光业
priority	adj.优先的\nn.优先处理的事，当务之急，优先权，分清楚事情的轻重缓急，搭配
newsletters	
adults	
clips	
savings	
iv	n.滴注器
graphic	adj.清楚详细的，细致的，绘画的，图样的，印刷的
atom	n.原子，中子，电子，质子
payments	
rw	
estimated	
binding	adj.具有约束力 的合同，承诺，协议等\nn.封面，镶边，滚边
brief	adj.短时间的，短暂的，简洁的，简明的，长话短说\nn.指令，案情摘要，辩护状，委托辩护\nv.为…提供信息
ended	
winning	adj.获胜的，赢的，使人成功的，可爱的
eight	n.八，八人划船队，八桨划船
anonymous	adj.无名的，不署名的，匿名的，匿名电话，信等
iron	adj.极坚强的，极坚定的\nn.金属，铁，见图，用于衣服\nv.熨平，消除，解决
straight	adj.不弯曲的，直的，见图，平正的\nn.直道，正的，歪的，循规蹈矩 的生活\nv.成直线地，笔直地，成直线地，位置，直
script	n.原稿，讲稿，剧本，全套字母，字母表，笔试答卷
served	
wants	
miscellaneous	adj.各种各样混在一起的，混杂的，多种多样的
prepared	adj.愿意做某事，准备应对某事，有准备的，准备好的，没有准备好的
void	adj.无效的，没有法律效力的，毫无…的，缺乏…的\nn.空虚感，孤寂感，空白，空处，空间\nv.使无效，使作废
dining	
alert	adj.警惕的，警觉的，机警的，机敏的，警觉某事\nn.警报，保持警惕，全面戒备\nv.使警觉，向…发出警报，提醒，使意识到
integration	n.结合，综合，集成，整合
atlanta	
dakota	
tag	n.小纸片等，标签，标牌，游戏，捉人游戏\nv.给…加上标签，给…挂上标牌，把…称为，给…起诨名，给加标记，涂写
interview	n.面试，面谈，见图，采访，访谈，报纸\nv.对进行面试，采访，访问，提问
mix	n.混合，混合体，混合配料，混录\nv.混合，拌和，结合，交往，相处，交际，不合，不相容
framework	n.体系，体制，框架，准则，社会
disk	n.磁盘，见图，卧室，disc的一般美式拼法
installed	
queen	n.统治者，女王，王后，纸牌\nv.使变后，盛气凌人地对待某人，大摆架子
vhs	
credits	
clearly	v.毫无疑问，显然，清楚地，明白地，明智地，清醒地
fix	n.解决方法，陷入困境，致瘾的东西，毒品，确定某人\nv.修理，限制，确定，决定，操纵
handle	n.把手，拉手，柄，门把手，提手\nv.工作，处理，处理情况，应付，处理
sweet	adj.味道，甜的，味甜的，性格，和蔼的\nn.糖果，甜食，甜点，亲爱的，甜心\nv.味甜的，含糖的,甜的，甜腻的，令人恶心的
desk	n.书桌，办公桌，写字台，见图，办公室里，服务台，问讯台
criteria	
pubmed	
dave	
Massachusetts	
diego	
hong	
vice	n.罪恶，罪行，恶习，邪恶，劣根性\nprefix副总统，主席等
associate	adj.准会员，副主任，副主管等\nn.同事，伙伴\nv.联想，联系，与有关，与有瓜葛，表示支持某人，某物
ne	东北的
truck	n.货车，卡车，小货车，叉车，送货车等\nv.用货 车装运，去，移动，行进，离开，上路，继续干，加油
behavior	
enlarge	v.增大，扩大，详述，细说
ray	n.光线，光束，射线，一线希望
frequently	v.经常地，频繁地，语体
revenue	n.收益，收入，税收
measure	n.行动，措施，办法，预防措施，度计\nv.量，测量，给某人量尺寸，量壶，量杯
changing	
votes	
du	
duty	n.应做的事情，义务，责任，工作，职责，义务
looked	
discussions	
bear	n.熊，熊猫，北极熊，见图\nv.应付某事，忍受，忍耐，经受住，语体，接受不了某事
gain	n.益处，好处，利益，改进，增加\nv.得到某物，获得，赢得，取得，语体，逐渐获得
festival	n.节，节庆，会演，节日，搭配，举办节庆活动
laboratory	n.实验室，实验大楼，实验室试验，研究
ocean	n.海洋，大海，…洋，大量 某物
flights	
experts	
signs	
lack	n.不足，缺乏，没有，搭配\nv.没有，缺乏，某物应有尽有，不乏某物
depth	n.深，深度，一米，一英尺等深，纵深，进深
Iowa	
whatever	n.任何…的事物，什么…都，无论什么，不管什么，无论如何\nv.丝毫，任何
logged	
laptop	n.笔记本电脑，便携式电脑，见图
vintage	adj.佳酿的，上等的，优质的，旧式的，老式的，最好的，最典型的\nn.特定酿造年份，酿制的酒，年代不久远的
train	n.铁路，火车，列车，系列，一系列，一连串\nv.训练某人，训练，培训，训练动物
exactly	v.精确地，确切地，恰好，正好，不完全如此，并不是，可不是
dry	adj.不湿的，干的，干燥的，天气，干旱的，干燥的\nn.搭配\nv.变干，把…弄干，盘子，碟子等，擦干
explore	v.探讨，探究，探险，考察，勘查
Maryland	
spa	n.矿泉疗养地，休闲健身中心，按摩浴缸，热水漩水式浴缸
concept	n.概念，观念，想法，搭配
nearly	v.几乎，差不多，将近，远非，绝不是
eligible	adj.合格的，有资格的，合意的，合适的
checkout	n.付款处，收银台，退房时间
reality	n.真实，现实，实际上，事实
forgot	v.forget的过去式
handling	n.处理 ，应付，触摸，拿 起，货物的买卖
origin	n.起源，起因，原产国，原产地
knew	v.know 的过去式
gaming	n.玩电脑游戏，赌钱，赌博
feeds	
billion	num.十亿，数以十亿计，大量，一万亿
destination	n.目的地，终点，搭配
Scotland	
faster	
intelligence	n.智力，智慧，悟性，理解力，聪颖
dallas	
bought	buy的过去式和过去分词
con	n.诈骗，骗局，囚犯，囚徒\nprefix与…一起，与…一道\nv.骗，诈骗，诱骗
UPS	
nations	
route	n.路线，走某条路线，固定路线，自行车道\nv.按特定路线运送
followed	
specifications	
broken	adj.设备，坏的，不能使用的，物体，破的\nv.break的过去分词
tripadvisor	
frank	adj.坦率的，坦诚的，直言不讳的，坦诚的讨论，访谈，意见交换等\nn.法兰克福熏肠\nv.在上盖邮资已付戳记
Alaska	
zoom	n.隆隆声，嗡嗡声\nv.疾行前往，快速做事，陡升，激增
blow	n.不好的效果，打击，重击，重击，击打\nv.风吹动，吹，刮，风吹动某物，吹动
battle	n.打仗，战斗，战役，竞争，争论\nv.斗争，搏斗，决一胜负，参战，作战
residential	adj.住宅区的，家庭的，住宅的，住校课程
anime	n.日本卡通片
speak	suffix行话，…术语，…语言\nv.在会话中，谈话，交谈，说话，说话，讲话
decisions	
industries	
protocol	n.礼节，礼仪，国际议定书，协议，文本，草案，协议
query	n.疑问，询问\nv.质疑，对…表示疑问，问，提问
clip	n.用于固定，回形针，夹子，见图\nv.固定，夹住，扣住，剪，修剪
partnership	n.合伙，合伙企业，合股公司，合作关系，伙伴关系，搭配
editorial	adj.编辑的，编者的，社论的\nn.社论，社评
Nt	
expression	n.强烈的感情，思想，表达，表示，表露，在某人脸上
ES	
equity	n.公平，公正，房产净值，股票
provisions	
speech	n.演说，演讲，说话的能力，口语，说话方式
wire	n.金属丝，电线，弄错别人的意思，误会，直到最后才见分晓\nv.给…接上电线，接通，用导线将连接到，电汇
principles	
suggestions	
rural	adj.农村的，乡村的，田园的，像乡村的，使人想起乡村的
shared	
sounds	
replacement	n.更换，替换，人工膝关节，人工髋骨
tape	n.用于录制，磁带，带子，录在带子上，磁带，录音带\nv.录制某物，录音，录像，录下，粘贴某物，用粘贴
strategic	adj.战略的，策略的，有用的，合适的，战略性的，战略上的
judge	n.法官，审判官，联邦法院，高等法院等法官\nv.观点，认为，判断，断定
spam	n.滥发的垃圾电子邮件，斯帕姆午餐肉\nv.滥发
economics	n.经济学，经济情况，经济因素，经济意义
acid	adj.酸的，酸味的，尖酸刻薄的话，评论，口吻等\nn.酸，迷幻药
bytes	
cent	n.分，发表意见
forced	adj.勉强的，不自然的，被迫的，应急的
compatible	adj.相容的，兼容的，可共存的，可兼用的，关系好的，和睦相处的，语体\nn.计算机兼容设备
fight	n.互相打斗，打斗，打架，取得某物，防止某事\nv.战争，打，与作战，战斗，打人，打斗，打架，斗殴
apartment	n.一套住房，公寓套房，房间，套房，搭配，一居室
height	n.有多高，身高，高，高度，见图
null	adj.无效的
zero	num.零，零点，零位，零度，毫无\nv.全力对付，全神贯注于，把瞄准
speaker	n.演讲者，发言者，席后演讲者，讲某种语言的人，讲法语
filed	
GB	
Netherlands	
obtain	v.获得，得到，语体，继续存在，通用
BC	公元前
consulting	adj.提供顾问服务的，咨询的\nn.咨询 服务
recreation	n.娱乐，消遣
offices	
designer	adj.由著名设计师设计的，名牌的，品牌的，名牌服装，牛仔裤\nn.设计师，设计者，服装，时装设计师，搭配
remain	v.继续，依然，语体，停留，留下，剩下
managed	
PR	n.公共关系
failed	adj.不成功 的演员，作家等
marriage	n.婚姻，已婚状态，语体，我认为他们还太年轻，不适合结婚。
roll	n.纸，胶卷，钱等，一卷\nv.圆形物体，滚动，见图，人
Korea	
banks	
Fr	Father的书面缩写，神父，French的书面缩写，法国的，法国人的，法语的
participants	
secret	adj.秘密的，隐秘的，不公开的，秘密武器，诡秘的，神秘的\nadv.秘密的,保密的，机密的,保密的，敏感的,保密的，隐蔽的,秘密的,暗地的\nn.秘密，秘密地，暗地里，秘诀，诀窍，对某事不加隐瞒
bath	n.洗澡，沐浴，你多久洗一次澡？，浴缸，澡盆，洗澡水\nv.给…洗澡，洗澡
AA	n.戒酒协会，嗜酒者互诫协会，汽车协会，准文学士
Kelly	
leads	
negative	adj.坏的，有害的，不良的，不喜欢某人\nn.底片，负片，否定，不，否定的回答\nv.否决，拒绝，否定，否认
austin	
favorites	
toronto	
theater	
springs	
Missouri	
andrew	
VAR	
perform	v.表演，演出，做，执行，履行
healthy	adj.人，动物，植物，健康的，健壮的\nn.健康的，很好，没病的，没受伤的
translation	n.翻译，翻译作品，译文，转化，搭配
estimates	
font	n.字体，字型，斜体，大号，粗体
assets	
injury	n.伤，损害，伤害，损害，搭配，严重的
Mt	
Joseph	
ministry	n.部，神职，牧师职位，牧师 所做的工作
drivers	
lawyer	n.律师，搭配
figures	
married	adj.已婚的，有配偶的，专心致志于某事，搭配，未婚的，单身的
protected	adj.受保护的
proposal	n.动议，建议，提议，求婚，搭配
sharing	
Philadelphia	
portal	n.门户网站，大门，正门
waiting	
birthday	n.生日，诞生日，开始的日子，光着身子，赤条条的，一丝不挂的
beta	n.希腊字母表的第二个字母
fail	n.必定，总是，务必，一定，不及格\nv.没有成功，失败，未做某事，未做到
gratis	v.免费的
banking	n.银行业
officials	
brian	
toward	
won	n.圆\nwin的过去式和过去分词
slightly	v.略微，稍微，身体瘦弱的
assist	n.助攻\nv.协助，帮助，使便利，语体
conduct	n.行为，举止，不恰当的，暴力的，无礼的等行为\nv.进行，实施，执行，语体
contained	
lingerie	n.女式内衣裤
shemale	
legislation	n.法规，法律，搭配
calling	n.使命感，责任感，职业，行业
parameters	
jazz	n.爵士乐，诸如此类的事情\nv.使更诱人，使更令人兴奋
serving	adj.分菜用的勺，盛食物的盘子等\nn.一份食物
bags	
profiles	
Miami	
comics	
matters	
houses	
DOC	n.医生，大夫
postal	adj.邮政的，邮政业务的，邮寄的，邮递的，暴跳如雷，动粗
relationships	
Tennessee	
wear	n.衣服，服装，磨损，损坏，使用量，耐用度\nv.在身上，穿，戴，系上安全带
controls	
breaking	
combined	adj.结合的，联合的，共同的，总和的，总计的
ultimate	adj.最终的，首要的，最后的，最终的，终极的，最终的，终极的\nn.最好的…，…的极品，…的精华
Wales	
representative	adj.典型的，有代表性的，代表各类事物的，代表制的，代议制的\nn.代表，代理人，众议院议员
frequency	n.发生的频率，发生率，频繁，频率
introduced	
minor	adj.小的，不很重要的，不很严重的，轻伤，小病，小手术等\nn.未成年人，辅修科目，小联盟\nv.辅修
finish	n.结尾，最后部分，不相上下，以微小差距分出高下，光洁\nv.停止做某事，完成，做完，结束，结束，终止
departments	
residents	
noted	adj.著名的，知名的
displayed	
mom	n.妈妈
reduced	
physics	n.物理学
rare	adj.稀有的，罕见的，不常发生的，煮得很嫩的，半熟的，极好的
spent	adj.用完的，失效的，不再有影响力的思想，已经失势的集团\nspend的过去式和过去分词
performed	
extreme	adj.极大的，极度的，异乎寻常的，极端的\nn.极端，极度，非常，至极端
samples	
davis	
daniel	
bars	
reviewed	
row	n.一排，一行，一列，一排座位，见图，连续的\nv.划，争吵，吵架
oz	n.Australia的一种简略说法
forecast	n.预测，预报，搭配\nv.预测，预报
removed	
helps	
singles	
administrator	n.管理人员，行政人员，主管
cycle	n.循环，自行车，摩托车，工作循环，运转周期\nv.骑自行车，循环
amounts	
contain	v.容器，地方，包含，容纳
accuracy	n.正确，准确，准确性，精确度
dual	adj.双的，双重的，两部分的
rise	n.增加，工资，加薪，成功\nv.增加，增加，增长，上升，语体，上升
usd	
sleep	n.睡觉，睡眠，睡觉，在睡眠中，睡眠时间\nv.睡，睡觉，露宿，留待第二天决定，睡个好觉
MG	
bird	n.鸟，禽，姑娘，妞，有关性的基本常识，性知识
pharmacy	n.药店，药品部，药房，配药室，药剂学
Brazil	n.巴西果，巴西栗
creation	n.创造，创建，创造物，作品
static	adj.不动的，不变化的，不发展的，静的\nn.天电，静电，抱怨，指责，反对
scene	n.戏剧，电影，一场，场景，场面
hunter	n.猎人，猎兽，搜集纪念品，搜集签名
addresses	
lady	n.女士，女子，年轻女子，上了年纪的女士，老妇人等
crystal	n.水晶玻璃，结晶，水晶，透明盖片
famous	adj.著名的，出名的，名人，讲得可真好听，著名的，广为人知的\nn名人，声名狼藉的，臭名昭著的
writer	n.作家，作者，写…的人，写字…的人
chairman	n.主席,主持人，负责人，董事长，理事长，总裁
violence	n.暴力行为，暴力，极大的力量，破坏某事物，对某事物造成损害，愤怒，激烈
fans	
Oklahoma	
speakers	
drink	n.一杯 饮料，饮，喝，见图，饮料\nv.喝，饮，喝酒，酗酒，纵酒，喝得晕头转向
academy	n.研究院，学会，专科学院，中等学校
dynamic	adj.精力充沛的，有创新思想的，志在成功的，不断移动的\nn.动态，相互作用的方式，力学，动力学，力度变化，动力，活力
gender	n.性别，男 性，性，搭配
eat	v.食物，吃，一餐，承认自己说错了话
permanent	adj.长久的，永久的，永恒的\nn.永久的,永恒的，持久的,耐久的，永无止境的，没完没了的
agriculture	n.农业，农学
dell	n.小山谷，幽谷
cleaning	n.清理，打扫，清洁女工
constitutes	
portfolio	n.公事包，文件夹，画夹，作品选集，有价证券组合，投资组合
practical	adj.真实的，实践的，实际的，有效的，有效的，切实可行的\nn.实验［实践］课，实验［实践］考试
delivered	
collectibles	
infrastructure	n.基础设施
exclusive	adj.独有的，独享的，专用的，高级的\nn.搭配，独家新闻，独家报道
seat	n.坐的地方，座，座位，见图，正式职位\nv.坐得下…人，能供给…人座位，使自己就座，安排就座
concerns	
colour	adj.彩色电视机，照片，打印机等\nn.红色，蓝色，绿色等，颜色\nv.给…着色，为…染色，涂色，着色，填色，脸红，使某人的判断
vendor	n.小贩，卖主，销售商
originally	v.原先，最初
intel	
utilities	
philosophy	n.哲学，思想体系，哲学体系，人生哲学
regulation	adj.符合规定的，正规的\nn.规则，条例，法令，控制
officers	
reduction	n.缩小，减少，下降，搭配
aim	n.目标，目的，意图，瞄准，向某人，某事开火，批评某人\nv.力求达到，使某物针对某人，瞄准，对准
bids	
referred	
supports	
nutrition	n.营养，滋养，营养学
recording	n.录制品，录制，录音室，设备等
regions	
junior	adj.级别低的，职位低的，初级的，青少年的，低年级的，三年级 的\nn.比某人小两岁，五岁，十岁等，青少年运动员
toll	n.死亡人数，伤亡人数，严重的不良影响，通行费\nv.敲，鸣
les	
cape	n.斗篷，披风，披肩，海角，岬
ann	
rings	
meaning	n.关于词，符号等的，意义，意思，含义，演讲
tip	n.末端，末端，末梢，尖端，见图\nv.倾斜，倾斜，侧倾，倾倒，倾倒，倒出
secondary	adj.中等教育，学校教育，教学等，次要的，从属的
wonderful	adj.令人高兴的，使人愉快的，令人惊叹的，奇妙的
mine	n.我的，矿井，矿，地雷，水雷\nv.挖掘矿井，采矿，开采，在…中布雷
Ladies	
henry	
ticket	n.电影院，公共汽车，火车等，票，入场券\nv.售票，给…出售门票，出票，给开罚单，被指定，被指派
announced	
guess	n.猜测，谁也不知道，谁也拿不准，我跟你一样不知道，搭配\nv.猜，猜测，猜对，猜中，猜出，让某人捉摸不定，我想，我认为
agreed	adj.商定的，一致同意的，达成一致，一致同意，好吗？，好的
prevention	n.预防，防止，阻止
whom	n.谁，什么人，语体
ski	n.滑雪板，滑水板，滑橇\nv.滑雪，滑水
soccer	n.足球
math	n.数学
import	n.进口商品，进口，输入物，引进物，重要性\nv.进口，输入，引进，导入，传输
posting	n.任命，派任，帖子，公告，招聘广告
presence	n.出席，到场，存在，在某人面前，当着某人的面，外貌
instant	adj.立刻的，马上的，即食的，食用 方便的\nn.片刻，顷刻，一…，立即，现在就
mentioned	
automatic	adj.自动的，自动化的，必然发生的，自动的，不自觉的，无意识的，不假思索的\nn.自动手枪，自动变速汽车，自动换挡汽车
healthcare	
viewing	
maintained	
CH	
increasing	
majority	n.大多数人或物，多数，大多数，某事物的绝大多数，占多数
connected	adj.连接的，相连的，相关的，关联的，有门路的，有人脉关系的
Christ	interjection天哪！\n基督，耶稣基督
dan	
dogs	
SD	
directors	
aspects	
Austria	
ahead	v.在前面，就在正前方，向前，在某人之前
moon	n.月亮，月球，见图，月亮，卫星\nv.躬身露出光屁股，闲荡，闲混，为出神，痴痴地想念
participation	n.参加，参与
scheme	n.计划，规划，方案，试验性计划，阴谋，诡计，系统，体系\nv.图谋，密谋，秘密策划
utility	n.公用事业，应用程序，实用程序，有用，实用性
preview	n.预演，预映，预告\nv.预看，为写预评，预展，预演
fly	adj.时髦漂亮的，机灵的，聪明的，不易上当受骗的\nn.昆虫，蝇，苍蝇，见图，裤子\nv.乘飞机旅行，乘飞机，在空中移动，飞行，航行
manner	n.方式，方法，语体，态度，举止
matrix	n.矩阵，发源地，摇篮，基质，床
containing	
combination	n.结合，联合，混合，号码组合，字码组合，成功的搭档
devel	
amendment	n.改动，修订，修正
despite	prep.尽管，虽然，任凭，不由自主，不禁
strength	n.体力上的，体力，力气，力量，意志力，意志力，毅力
guaranteed	
turkey	n.火鸡，火鸡肉，失败之作，认真地谈论
libraries	
proper	adj.正确的，合适的，适当的，恰当的，合适的\nv.完全地，彻底地，正确地，适当地
distributed	
degrees	
Singapore	
enterprises	
delta	n.德尔塔，三角洲
fear	n.害怕，恐惧，担忧，唯恐，生怕，当然不！决不！\nv.害怕，恐惧，担心，担心发生最坏的情况，畏惧，害怕
seeking	
inches	
phoenix	n.凤凰，如凤凰般重生，浴火重生
RS	
convention	n.大会，会议，集会，公约，协定，习俗，惯例，常规
shares	
principal	adj.最重要的，首要的，主要的\nn.学校，校长，大学，学院
daughter	n.女儿
standing	adj.永久的，长期有效的，常置的，长期有效的邀请\nn.地位，身份，声望，已经存在五年
voyeur	n.窥淫狂者，窥淫癖者，喜欢窥探别人隐私的人
comfort	n.身体的，舒适感，满足感，热得，高得\nv.安慰，抚慰
colors	
wars	
cisco	
ordering	n.次序，组合，排列
kept	keep的过去式和过去分词
alpha	n.阿尔法，首尾，始终，全部
appeal	n.要求，呼吁，恳求，对钱款的要求\nv.要求，呼吁，恳请，恳求，要求改变判决
cruise	n.游船度假，乘船游览，搭配\nv.乘船游览，以平稳的速度行驶，开车兜风，轻松完成
bonus	n.奖金，红利，意外收获，额外的好处，无索赔赠金
certification	n.证书，颁发证书
previously	v.以前，先前，两天，三年等以前
hey	interjection嘿，喂，嘿，喂，你好，但是，咳
bookmark	n.书签，网址书签，网页书签\nv.给添加书签
buildings	
specials	
beat	adj.累坏的\nn.跳动，敲击，有节奏的声音，节奏，负责的领域，辖区\nv.比赛，竞选，击败，打败，战胜，把某人打得落花流水
Disney	
household	adj.家庭的，家用的，家务的，家喻户晓的名字，词\nn.一家人，同住一幢房子的人
batteries	
adobe	n.土坯，砖坯
smoking	n.吸烟，抽烟
BBC	
becomes	
drives	
arms	
Alabama	
tea	n.饮料，茶叶，茶，一杯茶
improved	adj.已改善的，有改进的
trees	
AVG	
achieve	v.实现，取得，达到，语体，获得成功
positions	
dress	n.连衣裙，见图，服装，衣服，衣着要求\nv.穿上衣服，穿衣服，语体，穿着衣服
subscription	n.订阅，用户费，会费，会费的缴纳
dealer	n.商人，经销商，汽车，古董
contemporary	adj.当代的，发生 于同一时代的，搭配\nn.同时代的人，同辈
sky	n.天，天空，天空，没有上限，不可限量
Utah	
nearby	adj.附近的
ROM	n.只读存储器
carried	
happen	v.发生，某人，某事发生什么事情，碰巧 做某事
exposure	n.受危害，暴露，真相，揭发，揭露
panasonic	
hide	n.隐匿处，埋伏处，兽皮，剥了某人的皮，处于困境的某人\nv.把…藏起来，隐藏，遮住，遮挡，躲藏，藏身，把藏起来
permalink	
signature	n.签字，签名，签字，署名，签署，明显特征，鲜明特色
gambling	n.赌博
refer	v.提到，谈到，参考，查看，查阅，涉及，关于，把某人介绍给某人
miller	n.磨坊主，碾磨工
provision	n.提供，供给，预备，粮食，食物，规定，条款，条件\nv.给…提供所需品
outdoors	n.旷野，野外\nv.在户外，在野外
clothes	n.衣服，衣物，是复数名词，没有单数形式，搭配，穿衣服
caused	
luxury	n.奢华，奢侈，豪华的酒店，汽车，宅邸等
babes	
frames	
viagra	n.万艾可，伟哥
certainly	v.无疑，确定，当然，当然不，语体
indeed	v.当然，确实，甚至，其实，真正地
newspaper	n.报，语体，报纸，报社
toy	adj.体形非常小的\nn.玩具，玩具车，兵，枪等\nv.考虑，摆弄，拨弄，玩弄
circuit	n.环形道路，环行，赛车道，网球巡回赛
layer	n.表层，层，层次，阶层\nv.铺一层…，把…分层堆放，把分层剪短
printed	
slow	adj.慢的，慢的，缓慢的，耗时的，太慢的，费时太久的\nn.行动慢的,动作慢的，逐渐的，悠闲的,不慌不忙的，不慌不忙的,从容不迫的\nv.慢下来，减速，减少，放松，慢慢地，缓慢地
removal	n.移走，拿走，去掉，除去
easier	
SRC	
liability	n.责任，义务，负债，债务，惹麻烦的人，易受某事物影响的程度
trademark	n.商标，标记，特征
hip	adj.新潮的，时髦的，了解某事物\ninterjection加油！好哇！\nn.臀部，髋部，见图，蔷薇果
printers	
faqs	
nine	num.九，十之八九，几乎总是，几乎每次，轰动一时的事物，昙花一现的新鲜事
adding	
Kentucky	
mostly	v.大部分，主要地，多半，通常
eric	
spot	adj.现货的，现付的\nn.地方，地点，处所，面积，点，斑点\nv.发现，注意到，看出，认出，满是某物的斑点
taylor	
trackback	
prints	
spend	v.钱，用，花费，时间，度过，消磨，花
factory	n.工厂，制造厂，搭配
interior	adj.内部的，里面的，室内的\nn.内部，里面，内地，腹地，内政部长
revised	
grow	v.增加，增多，增大，增强，增长，加强，语体
Americans	
optical	adj.光学的，双筒望远镜，观剧镜，放大镜
promotion	n.擢升，提升，晋升，促销，推销，促销 的产品，提倡，倡导
relative	adj.比较的，相对的，与某事物有关的\nn.家人，亲属，亲戚，搭配，亲戚
amazing	adj.惊人的，了不起的，令人惊诧的，让人难以相信的
clock	n.钟，以门厅，厨房，教堂等的时钟显示的时间为准\nv.以…速度行驶，达到，测 …的速度，为…计时
dot	n.点，小圆点，在指定时间，准时，正好 3点，7点 30分等\nv.在加点，布满，星罗棋布于，点，点缀
hiv	n.人类免疫缺陷病毒，艾滋病病毒，艾滋病病毒检测呈阳性的，阴性的
identity	n.身份，特性，民族，文化
suites	
conversion	n.转变，改造，转换，换算
feeling	adj.动人的，多情的，表现强烈感情的\nn.愤怒，悲伤，快乐等，感觉，感触
hidden	adj.隐藏的，隐秘的，潜在的，隐含的，隐秘的动机，不可告人的目的\nv.hide的过去分词
reasonable	adj.有道理的，合情理的，还算好的，不错的，不少的，公道的\nn.搭配
victoria	
serial	adj.连环杀手，谋杀犯等，连环杀人，谋杀案等\nn.电视连续剧，连载小说
relief	n.安慰，宽慰，宽心，轻松，疼痛减轻
revision	n.修改，修正，修订，校订，修订稿，复习，温习
broadband	n.宽波段，宽带
influence	n.影响 ，作用，有影响的人，受到 影响，搭配\nv.影响，对…起作用，影响决定，结果，选择等
ratio	n.比，比例，比率
PDA	n.个人数字助理，掌上电脑，见图
importance	n.重要，搭配，认为某事物很重要，意识到某事物的重要性
rain	adj.搭配，大的，小的，倾盆而下的\nn.雨，雨季，雨点般降落的某物，在任何情况下\nv.下雨，下倾盆大雨，雨点般击打，祸不单行
onto	prep.到…上，向…上，朝…上，朝，向，通往，告诉某人
DSL	n.数字用户线路
planet	n.行星，某人是外星人，地球
webmaster	n.网站管理员
copies	
recipe	n.烹饪法，食谱，可能会造成某事
zum	
permit	n.许可证，搭配\nv.允许，准许，许可，语体，成为可能
seeing	conj.因为，由于
proof	adj.能抵抗某物，能对抗某物，能防御某物\nn.证据，证明，校样，数学\nsuffix耐…的，防…的，抗…的，不易受到…影响［破坏］的，防…，抗…，使不受…影响\nv.把作防水 处理，校对，校阅
DNA	n.脱氧核糖核酸
diff	
tennis	n.网球，正手，司线员，底线
bass	adj.低音的\nn.男低音，男低音部，低音部，低音吉他
prescription	n.处方，药方，按处方买药，处方药，治疗方法
bedroom	n.卧室，见图，媚眼，调情的目光，搭配
empty	adj.容器，空的，地方，无人的\nv.空的，空白的，无内容的，空 的，中空的
instance	n.例如，例子，实例，第一步，首先，应某人的愿望\nv.以…为例
hole	n.固体物中的空间，洞，孔，缺口，裂缝\nv.击入洞，见图，出现破洞，躲藏
PETS	
ride	n.汽车，火车等，旅行，旅程\nv.动物，骑，自行车，摩托车
licensed	adj.有售酒许可的，持有执照的，获准拥有的，获准执业的
orlando	
specifically	v.特定地，具体地，专门地，详尽地，明确地，说明确些，具体来说
tim	
bureau	n.办事处，机构，司，局，处，署，办事处，大书桌，大写字台
Maine	
SQL	
represent	v.代表某人说话，代表，在法庭上，为…代言
conservation	n.保护，保存，节约，搭配
pair	n.连接在一起的，一副，一把，一条，成双成对的，一双，一对\nv.结成一对，配成一对，配对，结成一对，结交，交往
ideal	adj.理想的，最好的，最合适的，完美的，理想中的\nn.理想，典范，完美的典型，搭配
specs	
recorded	
don	n.大学教师，老板，老大\nv.戴上，穿上
pieces	
finished	adj.结束了的，用完了的，完成了的，没有希望的，完蛋了的
parks	
dinner	n.正餐，主餐，晚宴，搭配，吃晚饭
lawyers	
sydney	
stress	n.忧虑，压力，紧张，力量\nv.强调，着重，重读，使极度焦虑，使非常紧张，使压力大，搭配
cream	adj.奶油色的，淡黄色的\nn.奶油，乳脂，奶油色，淡黄色，含奶油食品\nv.把…搅成糊状，彻底打败，猛击，痛击
SS	saints的书面缩写，圣徒
runs	
trends	
yeah	v.是，对
discover	v.发现，找到，发现，发觉，了解到，认识到，发掘
sexo	
AP	
patterns	
boxes	
Louisiana	
hills	
javascript	
fourth	adj.第四的\nn.第四个，四分之一，四分之三
NM	
advisor	
Mn	
marketplace	n.市场，集市，露天市场
ND	
evil	adj.坏的，邪恶的，危害他人的，错误的\nn.邪恶之事，祸害，邪恶，恶行
aware	adj.意识到的，明白的，知道的，注意到的，察觉到的，有…意识的，就我所知
wilson	
shape	n.圆形，正方形等，形，形状，外形，四边形\nv.形成，影响，使成为某种形状，使成形，改进，进展
evolution	n.进化，演变，逐步发展，搭配
Irish	adj.爱尔兰的，爱尔兰人的\nn.爱尔兰人
certificates	
objectives	
stations	
suggested	
gps	n.全球定位系统，见图
OP	n.手术
remains	n.剩余部分，遗迹，遗体
ACC	
greatest	
firms	
concerned	adj.有牵连的，有关的，有牵连的，忧虑的，焦急的，担忧的
euro	adj.欧洲的\nn.欧元\nprefix欧洲的，欧洲和…的
operator	n.电话接线员，操作者，操作员，机器，计算机
structures	
generic	adj.一般的，通用的，无商标的，没有商标的药物
encyclopedia	n.百科全书，专科全书，大全
usage	n.用法，用法，使用方法，使用量
cap	n.帽子，帽子，便帽，女帽，罩,盖\nv.覆盖，为某物所覆盖，限制，好
ink	n.墨水，油墨，墨汁\nv.涂墨水于，签订，签署，在用墨水加描
charts	
continuing	
mixed	adj.混合的，混杂的，复杂 的心情，多种不同的反应，回应
census	n.人口普查，统计，调查
interracial	adj.不同种族间的
peak	adj.最好［高］的，高峰时期的，巅峰状态的，高峰的\nn.时间，高峰，顶点，山，山顶，山峰\nv.达到顶峰，达到最高水平
TN	
competitive	adj.竞争性强的，有竞争力的，竞争的，竞争性的，有竞争力的
exist	v.发生，存在，实际上有，维持生存
wheel	n.车辆上的，车轮，见图，用于控制车船等\nv.推动，用轮椅 推动，盘旋，突然转身
transit	n.运输，交通运输系统，公共交通运输
dick	n.阴茎，笨蛋，讨厌鬼，私人侦探\nv.给…制造麻烦，对…出尔反尔，刁难
suppliers	
salt	adj.用盐腌制的，海水，咸水，盐水\nn.盐，食盐，世上的盐，地上的盐，对某事半信半疑，有保留地相信某事，盐\nv.给放盐，用盐腌制，腌制的猪肉，肉
compact	adj.小巧便携的，紧密的，密集的，矮小结实的，敦实的\nn.粉饼盒，袖珍照相机，小型汽车，协定\nv.压紧，压实
poetry	n.诗，诗歌，作诗的艺术，诗意，诗情，诗一般的美
lights	
tracking	n.图像跟踪
angel	n.天使，安琪儿，天使，大好人，天使投资者，投资天使
bell	n.铃，电铃，响铃，牛颈铃
keeping	n.与 一致，适合，与 不一致，不适合
preparation	n.预备，准备，为准备某事而做某事，准备工作，筹备工作，配制剂
attempt	n.努力，尝试，企图，第一次，第二次尝试，全无企图做某事\nv.试图，尝试，企图，谋杀，自杀，强奸未遂等
receiving	n.买卖赃物罪
matches	
accordance	n.按照某事物
width	n.宽度，见图，横跨某物整个宽度，池宽
noise	n.噪声，杂音，嘈杂声，喧闹声，鼓励，乐观等的话\nv.传播出去
engines	
forget	v.事实，信息，忘记，遗忘，我差点忘了…
array	n.大群，大堆，大量，排列，数列，阵列\nv.穿上，布置，排列，布阵，部署
discussed	
accurate	adj.资料，正确的，准确的，测量，精确的
stephen	
elizabeth	
climate	n.气候，气候变化，气候带，地带，风气，环境气氛
reservations	
pin	n.用于连接，固定，别针，大头针，钉，楔，销，栓\nv.把…别住，把…钉住，固定住，见图，按住，压住
playstation	
alcohol	n.含酒精饮品，酒，酒精，乙醇
Greek	adj.希腊的，希腊人的，希腊语的\nn.希腊人，希腊语，女生 联谊会会员，我对此完全不理解，一头雾水
instruction	n.用法说明，操作指南，命令，指示，按某人的指示
managing	
annotation	
sister	n.姐姐，妹妹，姊妹报，出版物
raw	adj.食物，生的，未煮过的，物质，未经加工的，自然状态的\nn.不加掩饰的，裸体的，触及某人的痛处
differences	
walking	adj.活字典，百科全书，倒霉鬼，活灾区\nn.徒步旅行，徒步靴，徒步鞋，徒步旅行假日
explain	v.解释，说明，说明 …的原因，解释自己的行为，把自己的意思说清楚
smaller	
newest	
establish	v.建立，设立，语体，建立，证实，确定
gnu	n.牛羚
happened	
expressed	
jeff	
extent	n.到…程度，在…程度上，在某种程度上，在较轻
sharp	adj.锋利的，锋利的，锐利的，尖的，见图\nn.锋利的,锐利的，尖的，参差不齐的,有尖突的，有许多尖刺的\nv.在十点三十分，两点整等，向左，向右急转弯
lesbians	
ben	
lane	n.小路，…巷，车道，三车道的高速公路
paragraph	n.段，段落
kill	n.杀死，捕杀，逐渐靠近以伺机杀死，累坏身体，使某事停止
mathematics	n.数学，见图
aol	
compensation	n.补偿费，赔偿金，补偿，作为补偿，弥补，补偿
CE	基督纪元，公元
export	n.出口，出口商品，搭配，出口市场\nv.出口，传播，输出，输出
managers	
aircraft	n.飞机，飞行器，航空器
modules	
Sweden	
conflict	n.抵触，冲突，矛盾，武装冲突，战斗，战争\nv.矛盾，冲突，抵触
conducted	
versions	
employer	n.雇用者，雇主
occur	v.发生，语体，发生，存在，浮现于脑中，被想起，被想到
percentage	n.百分比，百分率，利润分成，提成，做某事没有好处，搭配
knows	
Mississippi	
describe	v.描述，描写，叙述，形容，画出 一个圆形，一道弧线等，描述
concern	n.担忧，忧虑，担心，关切，担心的事，关切的事，重要的事\nv.与…有关，关于，语体，使忧虑，使担心，对…有影响
backup	n.备用品，后备，备份，后备人员，备用物品
requested	
citizens	
Connecticut	
heritage	adj.珍稀的，老品种的\nn.遗产，传统
personals	n.个人启事栏，私人广告栏
immediate	adj.立刻的，即时的，目前的，当下的，紧迫的
holding	n.财产
trouble	n.问题，麻烦，问题，困难，不好的方面，缺点，问题\nv.担忧，使忧虑，使苦恼，不方便，麻烦
spread	n.增长，传播，扩展，蔓延\nv.影响更多的人，地方，扩散，蔓延，信息
coach	n.体育运动，教练，帮助备考，私人教师，家庭教师\nv.当…的教练，训练，培训，指导，为…补习，辅导，指导
kevin	
agricultural	
expand	v.扩大，增加，扩展，变得更自信
supporting	adj.配角，承重墙，梁等
audience	n.观众，听众，见图，观众，听众
assigned	
jordan	
collections	
ages	
participate	v.参加，参与，语体，参加,参与，参加
plug	n.电，插头，插座，插脚\nv.把…塞住，堵塞，填塞，为…做广告，宣传，推销，填补空缺
specialist	n.专家，专科医生
cook	n.厨师，炊事员，是个好，出色，糟糕等的厨师\nv.烹调，煮，烧，烧，煮，做假账
affect	v.影响，使深有感触，打动，使感动，假装
virgin	adj.处女地，原始森林，未开垦地，初雪等\nn.处女，童男，圣母马利亚，童贞女马利亚，从未做过某事的人
experienced	adj.经验丰富的，有经验的
investigation	n.调查，侦查，调查，正在调查中
raised	adj.凸起的
hat	n.帽子，草帽，牛仔帽，常礼帽等
institution	n.机构，团体，制度，慈善机构，社会福利机构
directed	
dealers	
searching	adj.深挖细究的，仔细彻底的，探究的目光
sporting	adj.体育运动的，有运动家风度的，有体育精神的，相当大的成功 机会
helping	n.一份，一客
perl	
affected	adj.做作的，不自然的
lib	n.即兴讲话，妇女解放运动
bike	n.自行车，脚踏车，单车，摩托车，滚开！，搭配\nv.骑自行车，骑摩托车送
totally	v.完全地，彻底地
plate	n.食物，盘，碟，一盘 所盛之量，标牌\nv.用覆镀，镀上，用覆盖
expenses	
indicate	v.表明，显示，表明，指示，指出
blonde	adj.金色的，浅色的，金发的，有浅色头发的\nn.金发女子，浅色头发的女人
ab	n.AB型
proceedings	
favourite	adj.最喜欢的，故乡骄子\nn.特别喜爱的东西，受宠的人，宠儿，偏心，最有希望获胜者
transmission	n.传输，发送，传送，传递，传播，节目播送，传动装置，变速器
anderson	
utc	
characteristics	
der	
lose	v.不再有某种态度，品质等，丧失，失去，丢面子，出丑
organic	adj.农业，不使用化肥的，有机的，绿色的，见图，环保方法\nv.搭配
seek	v.寻求，谋求，吸引别人注意，寻求知名度
experiences	
albums	
cheats	
extremely	v.极度，极其
verzeichnis	
contracts	
guests	
hosted	
diseases	
concerning	prep.关于，有关，涉及，语体
developers	
equivalent	adj.等同的，等值的，相当的\nn.等同物，等价物，对应物，搭配
chemistry	n.化学，相互吸引，化学组成
tony	adj.时尚的，昂贵的
neighborhood	
Nevada	
kits	
Thailand	
variables	
agenda	n.待办事项，日程表，是最重要的待办事项，议题，议程，议事日程
anyway	v.尽管如此，反正，至少，总之
continues	
tracks	
advisory	adj.顾问的，咨询的\nn.警报
cam	n.凸轮，计算机辅助制造
curriculum	n.课程，搭配
logic	n.逻辑，道理，合理的想法，推理方法，搭配
template	n.模板，型板，样板，模板，范本，样板，标准
prince	n.王子，王孙，国君，亲王，大师，大家
circle	n.形状，圆，圆周，直径\nv.在…上画圈，圈出，盘旋
soil	n.土壤，土地，泥土，见图，在英国，法国\nv.弄脏，弄污，不玷污双手
grants	
anywhere	v.任何地方，无论何处，随便哪里，在 某处，哪儿，一点都不靠近
psychology	n.心理学，心理，心理过程，心理，思想，观念
responses	
Atlantic	
wet	adj.水，液体，湿的，潮的，潮湿的，湿透的\nn.搭配，湿的，潮的，潮湿的，潮润的，湿润的\nv.把弄湿，尿湿
circumstances	
edward	
investor	n.投资者
identification	n.身份证明，确认，识别，鉴定，确定，发现
ram	n.公羊，攻城槌，冲压机，撞锤，随机存储器\nv.猛撞，猛压，硬塞，压实，向某人反复灌输某事，一再强调某事，充分说明某事
leaving	
wildlife	n.野生动植物，野生生物
appliances	
matt	adj.表面无光泽的，亚光的
elementary	adj.简单的，基本的，基础的，初级的，小学的
cooking	adj.适合烹饪的，烹饪用的，烹调锅，用具\nn.做饭，饭菜，搭配
speaking	
sponsors	
fox	n.狐狸，狐狸，狡猾的人，狐皮，狐狸精，性感的人\nv.把…难住，使猜不透，使迷惑，欺骗
unlimited	adj.无界限的，无限制的，数量极大的，无数的
respond	v.作出反应，回应，答复，回答，回复，有良好反应
sizes	
plain	adj.清楚的，清楚的，明白的，显而易见的，明显的，把自己的话说得很明白，极为明显的，非常清楚的\nn.平原，平针，搭配\nv.简直，完全
exit	n.出口，通道，太平门，紧急出口\nv.离去，离开，退出，退场，下场
entered	
Iran	
arm	n.身体，手臂，上肢，抓住某人的胳膊\nv.以武器装备，武装，提供，配备，装备
keys	
launch	n.投放市场，发行，游艇，汽艇，发射\nv.开始做某事，发动，发起，开始从事，产品，把投放市场
wave	n.大海，海浪，波涛，增强，一阵\nv.手，挥手，招手，挥手道别
checking	
costa	
Belgium	
printable	adj.可以印刷出版的，适合大众阅读的
holy	adj.上帝 的，神圣的，虔诚的，笃信宗教的，天啊，上帝呀，捣蛋鬼，顽皮的小孩
acts	
guidance	n.指导，引导，制导，导航
mesh	n.网状物，网线，错综复杂的局面，罗网\nv.相合，相配，相互协调，啮合
trail	n.小路，小径，痕迹，一连串不愉快的情形，足迹，踪迹，臭迹\nv.拉，拖，拉，拖在后面，缓慢行走
enforcement	n.执行，强迫
symbol	n.象征，标志，符号，记号，标记，代表，代表性的人
crafts	
highway	n.公路，公用道路，敲竹杠，抢劫
buddy	n.朋友，伙伴，老兄
hardcover	n.硬皮书，精装书
observed	
dean	n.主任牧师，学院院长，系主任，学监，权威，泰斗
setup	
poll	n.民意调查，民意测验，民意调查结果，参加投票，投票\nv.对…进行民意测验，获得
booking	n.预订，预约，团体预订，演出预约，记名警告
glossary	n.词汇表
fiscal	adj.财政的
celebrity	n.名人，明星，名厨，名人园艺师等，著名
styles	
Denver	
UNIX	
filled	
bond	n.钱，债券，公债，见图\nv.黏合，培养一种特殊的关系，把存入关栈 中
channels	
ericsson	
appendix	n.阑尾，附录
notify	v.通知，告知
blues	
chocolate	n.巧克力，朱古力，见图，巧克力糖，朱古力糖，巧克力饮料
pub	n.酒馆，酒吧，见图，住的地方
portion	n.一部分，一份，一客，一份，一部分，搭配\nv.分配
scope	n.范围，机会，施展余地，领域，圈子，界，乐坛\nv.了解，查清，探明
hampshire	
supplier	n.供应商
cables	
cotton	n.棉布，棉纱，见图，棉株\nv.开始明白，领会，开始喜欢
bluetooth	n.蓝牙
controlled	adj.限制的，控制的，受法律制约的，受规则限制的，自制的，克制的
requirement	n.需要 的事物，符合，满足要求，超过需要
authorities	
biology	n.生物学，生活规律，生理习性
dental	adj.牙齿的，牙病，牙齿问题，蛀牙等
killed	
border	n.国界，边界，边境地区，边，边饰，见图\nv.与…接壤，与…毗邻，是…的边界，毗邻，近似，接近
ancient	adj.古代的，古老的，年代久远的，老的，老掉牙的，古代史\nn.古人
debate	n.讨论，辩论，尚待讨论，有待商榷，搭配\nv.讨论，辩论，反复考虑，斟酌
representatives	
starts	
pregnancy	n.怀孕，妊娠
causes	
Arkansas	
biography	n.传记，传记作品，传记文学
leisure	n.空闲，闲暇，业余时间，有空时，空闲时，有闲先生，女士
attractions	
learned	adj.有学问的，博学的，学术性书籍，著作等
transactions	
notebook	n.笔记本，见图，笔记本电脑，便携式电脑
explorer	n.探险者，勘查者
historic	adj.古老的，历史上重要的，将载入史册的，历史上的，有历史记载的，有史以来的
attached	
opened	
TM	trademark的书面缩写，商标
husband	n.丈夫，前夫，夫妻，夫妇\nv.节约使用
disabled	adj.残障的，残疾的，有学习障碍的，残疾人停车位，厕所，通道等
authorized	
crazy	adj.奇怪的，古怪的，疯狂的，不明智的\nn.疯子
upcoming	adj.即将来临的，即将发生的
Britain	
concert	n.音乐会，演唱会，一起，在音乐会上演出
retirement	n.退休，退职，退休期间，搭配
scores	
financing	
efficiency	n.效率，效能，功效，搭配
SP	
comedy	n.喜剧，喜剧作家，连续剧，节目
adopted	adj.领养的，收养的，选择定居的，移居的
efficient	adj.有效率的，高效能的\nv.搭配
weblog	n.网络日志，博客
linear	adj.线的，直线的，长度的，涉及一连串直接相关的事物的
commitment	n.承诺，投入，忠诚，奉献，承诺的事，需要定期支付的款项
specialty	n.特色食品，专业，专门研究，专长
bears	
jean	
hop	n.使某人措手不及，跳跃，跳跃，蹦跳，植物\nv.跳跃，单足蹦跳，见图，快速或突然去某处
carrier	n.运输公司，军车，运输舰，携带者
edited	
constant	adj.持续不断的，经常发生的，始终如一的，恒久不变的，忠实的，忠诚的\nn.常数，常量，恒量，不变的事，恒定的事物
visa	n.签证，入境，出境签证，搭配
mouth	n.脸，嘴，口，口腔，保守秘密，守口如瓶\nv.不出声地说，用口型默示，言不由衷地说，信口开河，愤怒而大声地抱怨
Jewish	adj.犹太人的，犹太教的
meter	n.计量器，计价器，水表，煤气表\nsuffix测量仪器\nv.用仪表计量，通过计量器计
linked	
Portland	
interviews	
concepts	
nh	
gun	n.枪，炮，用枪指着某人的头，逼某人，胁迫某人就范\nv.伺机批评 某人，力图获取某物，使加速，猛踩…的油门，开枪击伤
reflect	v.影像，反映，照出，是某事物的标志，显示
pure	adj.非混合的，纯的，纯净的，完全的，纯粹的
deliver	v.把某物带到某处，递送，传送，发表演讲，语体
wonder	adj.极好的，灵验的\nn.赞赏，惊叹，惊奇，奇事，奇迹，奇观\nv.感到疑惑，想要知道，我不知道是否，我想知道是否
hell	interjection见鬼，该死，见鬼，该死\nn.死后，地狱，痛苦，令人痛苦的地方
lessons	
fruit	n.水果，fruit一般不可数，作可数名词时主要指一种或多种水果，苹果\nv.结果实
begins	
qualified	adj.有资格的，合格的，胜任的，具备…的学历 的，有限度的，有保留的
reform	n.改进，改革，搭配\nv.改进，改革，改过自新
lens	n.镜头，见图，透镜，镜片
alerts	
treated	
discovery	n.被发现的事实，发现，搭配，有发现
draw	n.平局，和局，见图，抽彩，抽签\nv.图画，画，绘画，使注意，得出结论，下结论
mysql	
classified	adj.保密的，机密的
relating	
assume	v.假定，假设，认为，我们假设，开始掌管，承担责任等
confidence	n.认为某人，某物好，信心，信任，信赖，自信
alliance	n.联盟，结盟，结成联盟，结盟团体，同盟，联盟
FM	n.调频，调频广播系统
confirm	v.证实，证明，证实，肯定，确认，证实信念
warm	adj.暖和，暖和的，温暖的，温热的，感到暖和，暖和的，温暖的\nn.暖和的地方\nv.暖和，温暖，对开始有好感，对更加热心，使温暖
neither	conj.既不…也不…，不…也不…，…和…都不，一点都不重要，既不是…也不是，也不\nn.两者都不，两者中无一\nv.也不
lewis	
howard	
offline	v.未联网的，不在线的，脱机的，离线的
leaves	leaf的复数形式
engineer	n.工程师，设计师，机械，电气\nv.策划，谋划，改变的基因结构，设计
lifestyle	n.生活方式，搭配
consistent	adj.一贯的，一致的，稳定发展的，持续不变的，前后一致的，与某事物相一致，与某事物相吻合
replace	adj.语体\nv.接替，取代，以…替换，更换，更换
clearance	n.许可，批准，许可，准许，清除，清理，间距，间隙
connections	
inventory	n.详细目录，清单，存货，库存
converter	n.转换器
suck	n.吸，吮，啜\nv.吸，吮，啜，见图，含在嘴里吮，咂，抽，吸
organisation	
babe	n.婴儿，襁褓小儿，宝贝儿，小妞
checks	
reached	
becoming	adj.合适的，相配的，适当的，适宜的
blowjob	
safari	n.野外观兽 旅行，轻便猎装，猎装夹克
objective	adj.客观的，不带个人感情的，客观存在的，真实的\nn.目的，目标，攻击目标，搭配
indicated	
sugar	n.食糖，一茶匙的糖，糖，亲爱的，心肝，宝贝\nv.加糖于，裹糖于…上
crew	n.全体船员，全体机组人员，一队工作人员，全体划船队员\nv.当船员
legs	
SAM	
stick	n.树的组成部分，柴枝，枝条，工具，棍\nv.粘贴，粘，贴，插进，刺，戳，插
securities	
allen	
PDT	
relation	n.人与人之间，国家之间，关系，相对某事物而言
enabled	
genre	n.类型，体裁
slide	n.儿童用的，滑梯，下降，下降，跌落，减少\nv.滑行，滑动，见图，悄悄移到，悄悄移动
Montana	
volunteer	n.志愿者，义务工作者，自愿参加者，主动提供帮助的人，自告奋勇者，志愿兵\nv.自愿，自告奋勇，自愿效劳，主动说出，志愿服役，志愿参军
tested	
rear	adj.后面的，后部的\nn.后部，后面，屁股，臀部\nv.养育，抚养，饲养，用后腿直立起来，赫然耸立
democratic	adj.民主的，民主政体的，民主制的，决策民主的，按民主原则组织的，体现民主的，平等的，民主党的，支持民主党的
enhance	v.提高，改进，增强
Switzerland	
exact	adj.确切的，精确的，确切地说，一样的颜色，时刻\nn.搭配\nv.强要，勒索，实施报复，迫使付出昂贵，沉重的代价
bound	adj.可能的，很有可能，肯定会，当然，早应料到，语体\nn.界限，限度，极限，限制范围，有可能，没有可能，边缘\nv.跳跃，跳跃着前进，蹦蹦跳跳地跑，以某物为界\nbind的过去式和过去分词
parameter	n.限定因素，界限，范围
adapter	n.转接器，适配器，多头插头，见图
processor	n.处理器，加工机
node	n.茎节，结点，节点，淋巴结
formal	adj.官方的，正式的，行为，正式的，庄重的\nn.正式的舞会，正式礼服
dimensions	
contribute	v.捐献，捐助，捐赠，促成，造成，撰稿，投稿
lock	n.扣拴物，锁，自行车锁，密码锁\nv.拴住某物，把锁住，被锁住，见图
hockey	n.曲棍球，冰球，冰球，冰上曲棍球
storm	n.暴风雨，爆发，迸发，在某地大获成功，突袭攻占某处\nv.猛烈攻击，突然袭击，气冲冲地疾走，怒吼
micro	n.微型计算机\nprefix极小的，微小的
colleges	
laptops	
mile	n.英里，一英里赛跑，很长的距离，再加把劲
showed	
challenges	
editors	
mens	
threads	
bowl	n.容器，碗，钵，拌菜碗\nv.滚，投，投杀，迫使出局，见图
supreme	adj.最高的，至高无上的，最大的，极度的，为国捐躯，作出牺牲
brothers	
recognition	n.认识，承认，表彰，赞扬，认识，认出
presents	
ref	n.裁判员
tank	n.箱，罐，鱼缸，繁殖缸，油箱\nv.快速减少，衰落，乘车快速旅行，彻底失败
submission	n.屈服，屈从，顺从，提交，呈递，呈交，意见，建议，看法
dolls	
estimate	n.估计，估算，估价，报价，搭配，作估计\nv.估计，估算，语体
encourage	v.鼓励，激励，鼓动，劝告，激发，促进，助长
navy	n.海军，深蓝色的，藏青色的
kid	adj.妹妹，弟弟\nn.小孩，儿童，语体，年轻人，轻而易举的事情\nv.开玩笑，戏弄，取笑，不是开玩笑吧？
regulatory	adj.具有监管权的，监管的，管理的
inspection	n.视察，检查，巡察，巡视，仔细检查
consumers	
cancel	v.取消，语体，撤销，废除，抵消
limits	
territory	n.政府，军方，领土，版图，领地，某一类土地
transaction	n.交易，业务，买卖，办理，执行，讨论，议事，议事录，公报
Manchester	
weapons	
paint	n.油漆，涂料，起皮，剥落的油漆\nv.上油漆，涂颜料，画，绘，作画，画油画
delay	adj.推迟,延期，推迟，延期,推迟\nn.延误，耽搁，耽搁的时间，推迟，搭配\nv.推迟，延期，耽误，耽搁
pilot	n.驾驶员，飞行员，领航员，领港员，试验性研究，试点项目\nv.驾驶，给领航，试用，试行，引领，带领，指引
outlet	n.发泄途径，商店，商行，销售公司，廉价经销店，折扣店
contributions	
continuous	adj.持续的，不间断的，连续的，连续的，不断开的，连续性评估，持续评估，进行式的
DB	
Czech	
resulting	
Cambridge	
initiative	n.决定，自主决断的能力，主动性，计划
novel	adj.新的，新颖的，新奇的\nn.小说
pan	n.用于烹饪，锅，平底锅，铁锅，【美】\nprefix全，总，泛\nv.批评，严厉批评，摄影 机，摇摄，摇动拍摄
execution	n.处死，实施，执行，表演
disability	n.伤残，残障，障碍，缺陷，残障福利金
increases	
ultra	
winner	n.获胜者，获胜的人，成功的人，制胜的一球，赢得比赛的一分
Idaho	
contractor	n.承包者，承包商
pH	n.酸碱度，ph值
episode	n.一段经历，一段时期，一集
examination	n.考试，检查，审查，医学检查，询问
potter	n.陶工，制陶工人\nv.悠然地做些轻松的工作
dish	n.盘子，碟子，见图，待洗的餐具，语体\nv.揭隐私，说闲话，揭隐私，分发，提供，端上，从大盘里分
plays	
bulletin	n.新闻简报，公告，公报，告示
IA	
PT	
indicates	
modify	v.修改，更改，改进，改造，修饰
Oxford	n.牛津鞋，牛津衬衫
Adam	亚当，根本不认识某人
truly	v.真实地，确实地，诚挚地，真诚地，准确地，正确地，彻底地，完全地
epinions	
painting	n.绘画，抽象画，风景画，静物画
committed	adj.坚定的，尽心尽力的，搭配
extensive	adj.广阔的，大量的，大规模的，广泛的，全面的
affordable	
universe	n.宇宙，天地万物，万象，平行
candidate	n.候选人，申请者，应试者，考生，参加考试的人，有望体验 …的人
databases	
patent	adj.受专利保护的，专利的，明显的谎言，胡说\nn.专利证书\nv.获得…的专利权
slot	n.狭孔，狭缝，见图，一段时间\nv.插进窄孔，安排，安置，适应
psp	
outstanding	adj.杰出的，优秀的，出色的，尚未完成的，有待解决的，未付的
ha	interjection哈
eating	
perspective	n.角度，观点，想法，合理判断，正确认识，正确判断某事物的重要性，透视法
planned	
watching	
lodge	n.小屋，侧屋，门房，管理员室，小屋，小舍，地方分会\nv.进行投诉，提出抗议，提出上诉等，卡住
messenger	n.送信者，信使，通信员，责备，迁怒于送信人\nv.差送信人 传送
mirror	n.镜子，见图，后视镜，反映某事物的一面镜子\nv.与相似，反映
tournament	n.锦标赛，网球，国际象棋，羽毛球等锦标赛
consideration	n.考虑，斟酌，考虑到某事，把某事考虑进去，须考虑的因素，体贴，体谅
DS	
discounts	
sterling	adj.优秀的，出色的\nn.英镑，标准纯银
sessions	
kernel	n.仁，核仁，玉米粒，核心，中心，要点
boobs	
stocks	
buyers	
journals	
gray	adj.grey的一般美式拼法
catalogue	n.目录，一连串的错误，罪案，暴行等\nv.为…编目录，把…列入目录中，一一列出
EA	
jennifer	
antonio	
charged	adj.引起强烈感情的，紧张的
broad	adj.宽的，宽的，阔的，语体，包括很多\nn.婆娘，娘儿们
taiwan	
und	
chosen	adj.被选的少数人，一小部分\nchoose的过去分词
Demo	n.录音样带，试样唱片，游行，示威，示范，演示，样品\nv.示范，演示
Greece	
lg	
Swiss	adj.瑞士的，瑞士人的\nn.瑞士人
Sarah	
clark	
labour	n.工作，劳动，体力劳动，劳动者\nv.辛勤工作，苦干，有错觉，误解，一再阐述，反复解释，费力地行进
hate	n.憎恨，仇恨，搭配\nv.讨厌，不喜欢，憎恨，憎恶，仇恨，恨透某人，语体
terminal	adj.晚期的，不治的，越来越糟，奄奄一息\nn.集散站，终点站，渡船码头，公共汽车终点站，终端
publishers	
nights	
behalf	n.代表某人，因为某人，为了某人
Caribbean	adj.加勒比海的
liquid	adj.液体的，液态的，易变现的，流动的，饮料，清澈明亮的，晶莹剔透的\nn.液体，液态物
rice	n.米，米饭，稻
Nebraska	
loop	n.形状或线条，圈，环，皮带襻，见图\nv.成圈，把…绕成圈，成环形运动，翻筋斗飞行
salary	n.（通常按月发的〕薪金，工资，搭配，赚工资，赚…工资
reservation	n.预订，存疑，保留，居留地，保留地
foods	
gourmet	adj.制作 美食佳酿的\nn.美食家
guard	n.人，卫兵，警卫，门卫\nv.保卫，守卫，看守，捍卫，保守
properly	v.正确地，适当地，完全地，充分地
orleans	
saving	n.银行存款，储蓄金，积蓄，节省下来的钱，节省物
nfl	
remaining	adj.留下的，剩余的，其余的
empire	
resume	n.梗概，摘要，个人简历，见图，简历【英】\nv.继续，重新开始，回到原来的座位，原地
twenty	n.二十，二十年代，29在二十到二十九岁之间，是二十多岁，二十多度
newly	v.新当选的，新成立的，刚到的等
raise	n.加薪\nv.移向高处，举起，提起，抬起
prepare	v.做某事物，准备，拟定，制作
avatar	n.神的化身，化身，体现，头像，虚拟替身，图标
gary	
depending	
illegal	adj.非法的，违法的，语体\nn.搭配，完全非法的，完全不合法的，绝对非法的
expansion	n.扩大，增加，扩张，详述，展开，扩充
vary	v.相异，存在不同之处，多变，变化无常，改变，使多样化，搭配
hundreds	
Rome	
Arab	n.阿拉伯人
Lincoln	
helped	
premier	adj.最好的，最重要的\nn.总理，首相
tomorrow	n.明天，来日，未来，不考虑将来地做某事\nv.明天
purchased	
milk	n.奶，奶汁，母乳，汁液，椰汁\nv.榨取，勒索，挤的奶
decide	v.决定，决断，判断，自己作决定，决定，使决定，使下决心
consent	n.许可，允许，同意，赞同，搭配\nv.同意，允许
drama	n.戏剧，电视剧，广播剧，戏剧表演
visiting	
performing	
downtown	v.向 城镇商业中心区，向 巿中心
keyboard	n.键盘，计算机键盘，电子琴，见图\nv.用键盘 输入计算机
contest	n.比赛，竞赛，无竞争对手，无敌手，赢得很轻松，胜得不费力，提出不作抗辩\nv.对…提出质疑，抗辩，竞争，争夺，角逐
collected	adj.镇定的，泰然自若的，作品全集，诗作全集，散文全集
nw	西北的
bands	
boot	n.靴子，见图，行李箱，解雇，炒鱿鱼\nv.启动，猛踢，给加上夹锁，赶走
suitable	adj.合适的，适合的，适宜的，语体，搭配，适合的,适宜的
FF	及以后各页
absolutely	v.完全地，绝对地，确确实实地，绝对，绝对不行！当然不！
millions	
lunch	n.午餐，天底下没有免费的午餐，举止 有点失常，搭配\nv.吃午饭，用午餐
dildo	n.假阴茎，人造男性生殖器
audit	n.审计，内部审计，审查，检查\nv.查…的账目，审计，稽查，旁听
push	n.推的动作，推，按，按一下按钮就行了\nv.移动，推，推动，按钮
chamber	n.封闭的空间，室，腔，房间，作特殊用途的房间
guinea	n.几尼
findings	
muscle	n.肌肉，见图，一动不动，实力\nv.使劲挤出一条路，强行控制
featuring	
ISO	
implement	n.工具，用具，器具\nv.执行，贯彻，实施
clicking	
scheduled	
polls	
typical	adj.典型的，有代表性的，一贯的，平常的，不出所料的，经典的
tower	n.塔，塔楼，塔台，可依靠的人\nv.高出许多，高耸，屹立，胜过，超过
yours	n.你的，你们的，探囊可取，唾手可得，您忠诚的
sum	n.钱，金额，款项，和，总和，总数\nv.概括，总结，概述，概述，简而言之，说明某事物的典型特征
misc	
calculator	n.计算器，见图，搭配
significantly	v.重大地，显著地，值得注意的是，意味深长地，别有含义地
chicken	adj.没勇气的，胆小的\nn.鸡，鸡肉，胆小鬼，懦夫，比试胆量的游戏\nv.临阵退缩
temporary	adj.暂时的，临时的，短期的，短暂的
attend	v.参加，出席，到场，语体，经常去，定期去，伴随
shower	n.洗澡用，淋浴器，见图，体育运动中心\nv.洗淋浴，大量给予，洒落，掉落
alan	
sending	
jason	
tonight	n.今晚\nv.今晚
dear	adj.贵的，昂贵的，亲爱的，钟爱的，珍视某物，亲爱的…，可爱的…\ninterjection天哪，天啊\nn.亲爱的，亲爱的，乖乖，好人，可爱的人，老太婆\nv.使某人损失惨重，给某人带来许多麻烦和痛苦
sufficient	adj.足够的，充足的
holdem	
shell	n.壳，贝壳，炮弹，弹夹\nv.炮轰，剥去的壳，花大价钱，付大笔钱
province	n.省，外省，地方，范围，领域，职责范围
catholic	adj.广泛的，包罗万象的，天主教的
oak	n.栎树，橡树，栎木，橡木，见图
VAT	n.大缸，大桶，罐，增值税
awareness	n.认识，意识，环保，政治，社会意识
vancouver	
governor	n.州长，总督，董事，理事，管理者
beer	adj.搭配\nn.啤酒，见图，一杯 啤酒
seemed	
contribution	n.贡献，捐款，定期缴款，稿件，文稿，作品
measurement	n.尺寸，长度，高度，大小
swimming	n.游泳，见图
spyware	n.间谍软件
formula	n.准则，方案，公式，方程式
constitution	n.宪法，章程，法规，体质，组成
packaging	n.包装盒，包装材料，包装，包装，美化
solar	adj.太阳的，和太阳有关的，利用太阳光 的
jose	
catch	n.接球，陷阱，隐患，圈套，诡计，锁钩，挂钩，吊扣\nv.接住，突然抓住，抓住某人，抓住，捉住
jane	
Pakistan	
PS	n.附言，又及
reliable	adj.可信赖的，可靠的
consultation	n.商量，磋商，咨询，咨询文件，咨询会
northwest	adj.来自西北的，在西北部的\nn.西北，西北方，西北部
sir	n.先生，长官，敬启者，老师，绝不！
doubt	n.不确定，怀疑，无疑，很可能，如无把握，如有怀疑，不肯定，没把握\nv.怀疑，不确信，不信任，对没有信心
earn	v.报酬，挣，利润，获得
finder	n.寻得者，发现者，谁捡归谁
unable	adj.不能…的，不会…的，语体，在日常英语中，人们一般说 can’t
periods	
classroom	n.教室，课堂
tasks	
democracy	n.民主政体，民主制度，民主国家，民主，民主作风，搭配
attacks	
kim	
wallpaper	n.壁纸，墙纸，壁纸，背景\nv.给糊墙纸
merchandise	n.商品，货品\nv.推销
const	
resistance	n.反对变化，反对，抗拒，战斗，抵御，抵抗
doors	
symptoms	
resorts	
biggest	
memorial	adj.纪念的，追悼的\nn.纪念物，纪念碑，纪念物，纪念
visitor	n.观光者，参观者，访问者，探望者
twin	adj.双胞胎的，同时出现的，密切相关的，双人房间，卧室\nn.双胞胎中的一个，见图\nv.使结为姐妹城市，使紧密结合，使相连
forth	v.等等，向外，往外，往前
insert	n.插页广告，插入物\nv.插入，放进，加入，加进
Baltimore	
gateway	n.出入口，大门口，通向的门户，途径，手段，网关
KY	
dont	
alumni	n.校友
drawing	n.图画，素描，绘画，素描，制图，抽签，抽奖
candidates	
charlotte	
ordered	adj.有条理的，有秩序的
biological	adj.生物的，与生物有关的，生物武器，生物战，生物袭击等
fighting	n.战斗，打斗
transition	n.过渡，转变，变迁，搭配\nv.过渡，转变
happens	
preferences	
spy	n.间谍，间谍网，间谍飞机，卫星\nv.从事间谍活动，秘密收集情报，突然看见，突然发现，监视，窥探
romance	n.罗曼史，风流韵事，假日罗曼史，夏日罗曼史，爱情\nv.夸张，渲染，向…求爱，追求
instrument	n.工具，器械，器具，音乐，乐器
Bruce	
split	n.裂口，裂口，裂缝，意见不一，分裂，分歧\nv.不同意，产生分歧，分裂，分割成几部分
themes	
powers	
heaven	n.天堂，天堂，天国，极乐世界，极乐，极好的情况
BR	
bits	
pregnant	adj.怀孕的，妊娠的，耐人寻味 的停顿，沉默，蕴涵丰富的…，饱含…
twice	det.两次，一天，一周，一年等两次
classification	n.归类，分类，分级
focused	
Egypt	
physician	n.医生
Hollywood	好莱坞
bargain	n.便宜货，减价品，协议，交易，此外，外加，而且\nv.讲价钱，讨价还价，商谈条件，考虑到，估计到，预料到
wikipedia	
cellular	adj.由细胞组成的，细胞的，蜂窝状的，蜂窝式的
Norway	
Vermont	
asking	
blocks	
normally	v.通常，平常，正常地
lo	interjection看哪，瞧，你瞧
spiritual	adj.精神的，心灵的，宗教的，某人的精神家园，某人的精神归宿\nn.灵歌
hunting	n.打猎，狩猎，猎狐，找工作，房子
diabetes	n.糖尿病
suit	n.衣服，套装，一套衣服，游泳衣，慢跑服等\nv.适合，中…的意，对…方便，使显得漂亮
ML	
shift	n.改变，转变，当班时间，轮班工人，shift键，换挡键\nv.移动，移动，转移，搬动，转移注意力
chip	n.食物，炸马铃薯 条，炸薯 片，计算机\nv.不小心打碎，打破，弄缺，见图，移去某物
RES	
sit	v.在椅子等上，坐，坐在书桌，桌子等前面
bodies	
photographs	
cutting	adj.尖刻的，伤人感情的\nn.插枝，插条，剪报，剪下来的材料，通道
wow	interjection呀，哇\nn.极大的成功，令人叫好的因素\nv.使喝彩，博得…的称赞
simon	
writers	
marks	
flexible	adj.灵活的，可变通的，易弯曲的，有弹性的，柔韧的
loved	
favourites	
mapping	
numerous	adj.许多的，很多的，语体
relatively	v.比较而言，相对地，相对来说
birds	
satisfaction	n.满足，满意，称心，为了放心，使某人满意
represents	
char	n.清洁女工，茶\nv.烧焦，当清洁工
indexed	
Pittsburgh	
superior	adj.更好的，更强的，更有效的，有优越感的，高傲的，傲慢的\nn.上级，上司，长官
preferred	
saved	
paying	
cartoon	n.卡通，动画片，漫画，幽默画，连环漫画，草图，底图
shots	
intellectual	adj.智力的，脑力的，有知识的，高智力的，需用脑力 的\nn.知识分子
moore	
granted	v.的确，不错，诚然
choices	
carbon	n.碳，复写纸，复写本，副本
spending	n.支出，开销，花费，搭配
comfortable	adj.家具，地方，衣服等，舒适的，令人舒服的
magnetic	adj.磁的，磁性的，有磁力 的，具有吸引力的个性
interaction	n.相互影响，相互作用，交流
listening	
effectively	v.有效地，实际上，事实上
registry	n.登记处，注册处，档案处，登记
crisis	n.危机，紧要关头，危急关头，危难时刻，信任危机
outlook	n.看法，观点，态度，前景，远景，景色，风光，搭配
massive	adj.大而重的，厚重的，巨大的，强大的，强烈的，极具破坏力的
Denmark	
employed	
bright	adj.光，明亮的，光线充足的，阳光充足的\nn.明亮的，光线强烈的，明亮的，灿烂的，使人目眩的，令人眼花的
treat	n.特别待遇，款待，招待，意外的乐事，幸事，美味食物，我来付钱，我请客\nv.对待某人，某事物，对待，看待，把某人不当人看待
header	n.头球，页眉，标头
CS	
poverty	n.贫穷，贫困，贫困线，贫穷线，贫困陷阱，缺少，贫乏
formed	
piano	n.钢琴，琴弦，琴键，琴凳\nv.弱的
echo	n.回声，回音，十分相似的东西，如出一辙的事物\nv.回响，发出回声，充满回声，重复，附和
que	
grid	n.金属格栅，方格图案，坐标方格，电力网，输电网
sheets	
patrick	
experimental	adj.用于做实验的，实验 的，实验得出的，试验 的
Puerto	
revolution	n.彻底变革，革命，革命，旋转，旋转一周
consolidation	
displays	
plasma	n.血浆，原生质，等离体
allowing	
earnings	n.工资，收入，利润，收益，搭配
voip	n.IP电话
mystery	adj.神秘的\nn.神秘事物，难以理解的事物，谜，神秘，复杂难懂的领域，悬疑 故事
landscape	n.风景，景致，景色，乡村，工业，都市等景观\nv.给…作景观美化，给…作园林美化
dependent	adj.依赖的，依靠的，有…瘾的，依赖…的，取决于某物\nn.dependant的美式拼法
mechanical	adj.机械的，机械驱动的，机械的，不加思考的，有机械方面知识的
journey	n.旅行，旅程，历程，过程，搭配，旅行\nv.旅行
Delaware	
bidding	n.竞买，喊价，出价，按某人的要求，按某人的吩咐，服从某人的要求
consultants	
risks	
banner	n.横幅，横幅标语，旗帜，口号，打着，举起
applicant	n.申请人，被录用，未被录用 的申请人
charter	n.原则，章程，宪章，宣言，包租，包租的船，特许状，许可证\nv.包租，特许成立
fig	n.无花果，无花果树，见图，毫不在乎
barbara	
cooperation	n.合作，协作，配合，合作，搭配
counties	
acquisition	n.获得，习得，获得，得到，购置物，获得物
ports	
implemented	
SF	
directories	
recognized	
dreams	
blogger	
notification	n.通知，通告
kg	
licensing	
stands	
teach	v.中小学，大学等，教书，教授，讲授
occurred	
textbooks	
rapid	adj.快速的，迅速的\nn.搭配
pull	n.移动某物的动作，拉，拔，拖\nv.把某物拉过来，拉，扯，拖
hairy	adj.多毛的，惊险的，吓人的
diversity	n.多样性，多元化，各种各样的人，搭配
Cleveland	
UT	
reverse	adj.相反的顺序，局势，过程等，反面，背面\nn.相反，相反情况，正相反，反向\nv.相反，推翻，彻底改变，汽车，倒
deposit	n.订金，预付款，付订金，押金，保证金，存款\nv.放置，使沉积，将存入，语体
seminar	n.研讨班，研讨会，培训会
investments	
latina	n.拉丁美洲女子
NASA	n.美国航空航天局
wheels	
sexcam	
specify	v.具体指明，明确说明，详述
accessibility	
Dutch	adj.荷兰的，荷兰人的，荷兰语的，各自结账，平摊费用\nn.荷兰人，荷兰语
sensitive	adj.理解别人，善解人意的，体恤的，容易生气的，敏感的，容易生气的
templates	
formats	
tab	n.打字，制表键，跳格键，所欠的钱，账款\nv.按制表键，按跳格键
depends	
boots	
holds	
router	n.路由器
concrete	adj.混凝土的，具体的\nn.混凝土，见图\nv.搭配，用混凝土铺砌
SI	
editing	
Poland	
folder	n.文件夹，见图，办公室里
WOMENS	
CSS	
completion	n.完成，结束，完成，完结，销售完成
upload	n.上载 的信息，上载，上传\nv.上载，上传
pulse	n.心脏，脉搏，给某人把脉，找到脉搏\nv.搏动，跳动，震动，洋溢，充满
universities	
technique	n.技巧，手法，技术，技能
contractors	
milfhunter	
voting	
courts	
notices	
subscriptions	
calculate	v.计算，核算，语体，预测，估计，旨在做某事，用意在于某事
MC	n.典礼官，司仪，主唱，军功十字勋章
Detroit	
alexander	
broadcast	n.广播节目，电视节目，搭配\nv.广播，播送，使广为传播，散布
converted	
metro	n.地下铁道系统，地铁
toshiba	
anniversary	n.周年纪念
improvements	
strip	n.条，带，狭条，狭长地带，表演脱衣舞，商业街\nv.脱衣服，脱去衣服，表演脱衣舞，除去
specification	n.规格说明，明细规范，具体 说明，工作职责说明
pearl	n.首饰，珍珠，坚硬物质，珍珠母
accident	n.偶然，意外地，见图，交通事故，车祸
nick	n.在紧要关头，正是时候，状态良好，不好等\nv.偷，刻痕于，擦伤，抓获，逮捕，拘捕
accessible	adj.易到达的，易进入的，易得到的，易使用的
accessory	n.附件，配件，附属品，装饰物，小配件，同谋，帮凶，从犯，事前
resident	adj.居住的，居留的，居住 的，属于…的\nn.居民，住户，住院医生
plot	n.计划，密谋，阴谋，秘密计划，故事，电影\nv.密谋，秘密策划，图谋，绘制，标绘 的移动路线
qty	
possibly	v.可能，也许，或许，竟然，请你…可以吗？，尽可能
airline	n.航空公司
typically	v.一向如此，典型地，具有代表性地，一般，通常
representation	n.代理，代表，描绘，表现，代表，代理
regard	n.敬佩，尊敬，关注，考虑\nv.认为，看作，注视，打量，关于某事，至于某事
pump	n.泵，唧筒，抽水机，打气筒\nv.朝某方向移动，输送，抽运，从地下移动，从地下抽出
exists	
arrangements	
smooth	adj.表面，平滑的，光滑的，见图，顺利的\nv.捋平，抚平，使平滑，把弄平整，使光滑，轻轻地涂擦，为某事铺平道路
conferences	
uniprotkb	
beastiality	
strike	n.不工作，罢工，罢市，打击,攻击\nv.击,打，打，击，撞，语体，用手
consumption	n.消耗的量，消耗量，食物，饮料
Birmingham	
flashing	
LP	n.慢转 唱片
narrow	adj.不宽的，狭窄的，见图，死里逃生，险些遇险\nv.变窄，缩小，缩小…的范围
afternoon	interjection下午好\nn.下午，午后，下午，搭配
threat	n.威胁，恐吓，发生的可能，面临关闭，攻击等的威胁
surveys	
sitting	n.一批，一轮，在持续坐着的一段时间里，供人画像 的时间，开庭
putting	
consultant	n.顾问，高级顾问医生，会诊医生，搭配
controller	n.控制者，管理者，指挥者，财务主管
ownership	n.所有权
committees	
penis	n.阴茎
legislative	adj.立法的，立法议会，委员会，机构等
researchers	
Vietnam	
trailer	n.拖车，挂车，活动房屋，新片预告，预告片
anne	
castle	n.城堡，堡垒，见图，车，空中楼阁，异想天开，幻想
gardens	
missed	
Malaysia	
unsubscribe	v.取消订阅
antique	adj.古时制造的，古董的\nn.古董，古玩，古物
labels	
willing	adj.乐意 的，热心的帮手，志愿者，积极肯干的搭档等
bio	
molecular	
upskirt	
acting	adj.代理经理，校长，主管等\nn.表演，演技
heads	
stored	
exam	n.考试，试卷，医学检查，搭配
Logos	
residence	n.住宅，住所，宅邸，官邸，居住权，居留许可
attorneys	
milfs	
antiques	
density	n.密度
hundred	n.100，很多，百分之百，完全，健康的，完全复原的
ryan	
operators	
strange	adj.奇怪的，不寻常的，不可思议的，说来奇怪，陌生的，不熟悉的\nn.奇怪的,不寻常的,不可思议的，古怪的，神秘的,难以解释 的，怪异的,古怪的\nv.古怪地，异常地
sustainable	adj.可持续的，不破坏环境的，见图，环保方法，可持续的
Philippines	
statistical	
beds	
breasts	
mention	n.提及，说起，搭配\nv.提到，说起，谈到，你倒是提醒我了，没有提及某事，不用谢
innovation	n.新观念，新方法，新发明，革新，创新
PCS	
employers	
grey	adj.颜色，灰色的，头发，灰白头发的\nn.灰色\nv.变灰白，变花白
parallel	adj.平行的，相似的，同时发生的\nn.联系，相似，和某人，某物一起，某物同时\nv.与同时发生，与相似
honda	
amended	
operate	v.机器，使用，操作，操纵，运转，运作，企业
bills	
bold	adj.人，行为，果敢的，敢于冒险的，大胆的，举止\nn.搭配
bathroom	n.浴室，卫生间，卫生间，厕所，洗手间
stable	adj.稳定的，牢固的，不变的，见图\nn.马厩，见图，马场，一群赛马\nv.置于马厩
opera	n.歌剧，歌剧艺术
definitions	
Von	
doctors	
lesson	n.学习技能，课，课程，在学校
cinema	n.电影院，见图，城镇，电影院看电影
asset	n.资产，财产，有利条件，长处，有用的人
ag	
scan	n.扫描检查，浏览，快速查阅\nv.看，细看，审视，查找，读，粗略地看，浏览，快读
elections	
drinking	n.喝酒，饮酒，酒友，酒搭子，酒伴等
blowjobs	
reaction	n.对某一情形，事件，反应，快速行动
blank	adj.无字迹的，空白的，无表情的，木然的，突然一片空白\nn.空白处，空格，我的脑子一片空白，空弹，放空枪，放空炮\nv.突然记不起，突然一片空白，不理睬，涂掉，划掉，全部忘记
enhanced	adj.提高的，改进的，增强的
entitled	
severe	adj.非常严重的，很严重的，语体，天气\nn.搭配
generate	v.产生，创造，产生
stainless	
newspapers	
hospitals	
vi	
deluxe	adj.高级的，豪华的
humor	
aged	adj.5岁，25岁等，年老的，年迈的，老年人
monitors	
exception	n.例外，除外，某人，某事物是证明普遍性的例外，因某事而生气
lived	
duration	n.持续时间
bulk	adj.大批量购买，订购等，大批的，大量的，大宗邮件\nn.主要部分，大半，巨大的一团，巨大的形状，体积\nv.是…的主要 部分，使膨胀，使更大，增加肌肉，使肌肉发达
successfully	
Indonesia	
pursuant	adj.依照 某事物
SCI	
fabric	n.织物，衣料，结构，某建筑物的基本结构
EDT	
visits	
primarily	v.主要地
tight	adj.衣服，紧身的，贴身的，见图，拉紧\nv.紧紧地，牢牢地
domains	
capabilities	
pmid	
contrast	n.差异，差别，对照物，明显的对比物，对比度，反差，反差，对比\nv.形成对照，形成对比，与某物截然不同，使成对比，使成对照
recommendation	n.正式建议，提议，建议，推荐
flying	adj.能飞行的，出色地，很成功地，以优异成绩，闪电式访问，短暂访问，良好 的开端\nn.乘飞机旅行
recruitment	
sin	n.罪，罪恶，罪孽，七大罪，七宗罪，过错，罪过，同居，姘居\nv.犯罪，违反教规，人负己甚于己负人，过错无多而报应太重，sine的书面缩写，正弦
Berlin	
cute	adj.漂亮的，逗人喜爱的，性感迷人的，精明的
organized	adj.有序的，有组织 的，有组织的宗教信仰，组织良好的，很糟的
BA	n.文学士
para	n.伞兵\nprefix超，和…相似，辅助，降落伞的
siemens	
adoption	n.收养，领养，采用，采纳，提名
improving	
CR	
expensive	adj.昂贵的，花钱多的\nv.搭配，昂贵的，花钱多的，价格高的，贵的
meant	mean的过去式和过去分词
capture	n.捕获，俘虏，占领，攻占，夺取，抢占，转换，记录\nv.人，俘虏，逮捕，地方，东西
pounds	
buffalo	n.水牛，犎牛，北美野牛
organisations	
plane	adj.平的，平面的\nn.飞机，尾部，机身，方向舵\nv.用刨子刨平
PG	n.需在家长指导下观看，家长指导级
explained	
seed	n.植物，种子，籽，播种，种子\nv.给去籽，确定…为种子选手，在播种，结籽
programmes	
desire	n.渴望，欲望，不想做某事，强烈\nv.渴望，期望，语体，想和发生性关系
expertise	n.专门技能，搭配
mechanism	n.机械装置，机件，工作部件，机构，结构，机制
camping	n.露营活动，野营活动
EE	
jewellery	n.珠宝，首饰，多彩浮雕宝石，珠子，手链
meets	
welfare	n.幸福，健康，福祉，帮助，福利
peer	n.同龄人，社会地位相同的人，贵族\nv.盯着看，凝视
caught	catch的过去式和过去分词
eventually	v.终于，最终
marked	adj.显著的，明显的，处于险境的人，成为攻击目标的人
driven	adj.奋发努力的，发愤图强的\nv.drive的过去分词
measured	adj.慎重的，沉着的
MEDLINE	
bottle	n.瓶子，一个葡萄酒瓶，牛奶瓶，啤酒瓶等\nv.把装进瓶中，把装瓶保存，放弃，打退堂鼓，抑制，强忍住
agreements	
considering	conj.考虑到，鉴于\nv.从各方面考虑起来，通盘考虑起来
innovative	adj.新颖的，创新的，革新的，运用新观念和新方法的
Marshall	
massage	n.按摩，推拿，见图\nv.为…按摩，给…推拿，篡改，对某人讨好奉承，拍某人的马屁
rubber	n.橡胶，合成橡胶，见图，橡皮擦
conclusion	n.结论，结尾，末尾，最后，缔结，签订
closing	adj.结尾的，结束的\nn.关闭，歇业，倒闭
tampa	
thousand	num.一千，许许多多，数以千计
meat	n.肉，红色肉类，白色肉类，有趣 的内容
legend	n.传说，传奇，传奇人物，镌刻文字，铭文，文字说明，图例
grace	n.走路姿势，优美，优雅，行为举止，文雅，高雅\nv.赏光，为…增色，美化，使优美
susan	
ing	
ks	
ADAMS	
python	n.大蟒
monster	adj.异常大的，庞大的，巨大的\nn.在故事中，妖怪，怪兽，怪物，残忍的人
Alex	
bang	interjection砰\nn.砰，啪，猛击，猛撞，重打，刘海，极为成功，大受欢迎\nv.猛敲，砰然重击，猛摔，砰地关上
villa	n.度假别墅，乡间别墅，房子，庄园，宅邸
bone	n.骨头，骨，髋骨，腿骨，颧骨等\nv.剔掉…的骨头，去掉…的骨，钻研，苦读
columns	
disorders	
bugs	
collaboration	n.合作，协作，勾结，通敌
hamilton	
detection	n.察觉，发现，侦察
FTP	n.文件传送协议
cookies	
inner	adj.内部的，靠近中心的，未表达出来的，隐藏的，内心的
formation	n.构成，组成，形成，排列方式，编队，编队飞行
tutorial	adj.家庭教师的，助教的，大学导师的，辅导的，指导的\nn.导师辅导，软件教程
MEd	adj.medical的缩写，医学的\nn.地中海，地中海沿岸地区，教育学硕士
engineers	
entity	n.实体
cruises	
gate	n.大门，登机门，登机口，观众人数，门票收入\nsuffix门事件\nv.禁止…离校外出
holder	n.拥有人，持有人，支托物，烛台，香烟烟嘴
proposals	
moderator	n.仲裁人，调解人，审核人，教长
SW	西南部的，来自西南方的
tutorials	
settlement	n.正式协议，协议，和解，支付，清偿
Portugal	
lawrence	
Roman	adj.古罗马的，罗马帝国的，罗马城的\nn.罗马字体，正字体
duties	
valuable	adj.值钱的，贵重的，宝贵的，有价值的，有用的，珍贵的，宝贵的，无价的，极其贵重的
erotic	adj.色情的，性欲的
tone	n.声音，语气，口气，腔调，别用那种语气跟我说话，音调，音色，音质\nv.使更强健，使更结实，缓和…的语气，使暗淡，与…协调，与…和谐
collectables	
ethics	
forever	v.永远，长久地，老是做某事，不断做某事，永远，永久
dragon	n.龙，凶狠的妇女，悍妇
busy	adj.人，忙碌的，忙的，时间，繁忙的\nv.使自己忙于某事
captain	n.舰长，船长，机长，上尉，上校\nv.担任，率领，担任…的船长
fantastic	adj.极好的，吸引人的，有趣的，太好了，极大的，不现实的，异想天开的
imagine	v.想象，胡思乱想，误以为，猜想，猜测
brings	
heating	n.供暖系统，暖气设备，搭配
leg	n.身体部位，腿，见图，肉\nv.跑，逃脱
neck	n.身体部位，颈，脖子，圆领，汤匙领\nv.搂脖子深吻，拥吻
HD	adj.高清晰度的
wing	n.鸟，昆虫，翅膀，翼，翅膀\nv.飞行，飞，很快去，被送到，临时凑成
governments	
purchasing	
scripts	
ABC	n.英语字母，某学科的基本知识，美国广播公司，澳大利亚广播公司
stereo	adj.立体声的\nn.立体声音响，见图，卧室，用立体声播放的
appointed	
taste	n.食物，味道，滋味，味觉，品尝\nv.有…的味道，尝出…的味道，尝，品尝，尝到成功
dealing	n.商业活动，商业往来，买卖，交易，光明正大
commit	v.罪行，犯，自杀，通奸
tiny	adj.极小的，微小的
operational	adj.工作着的，即可使用的，运作的，操作上的，经营上的
rail	n.铁路系统，窗帘杆，毛巾杆，扶手\nv.用栏杆把…围起，把…隔开，怒斥，抱怨
airlines	
liberal	adj.思想开明的，开通的，开放的，支持 变革的，开明的，自由的，政治开明的国家\nn.开明人士，自由党支持者，自由党党员
livecam	
jay	n.松鸦，㭴鸟
TRIPS	
gap	n.间隔，缺口，开口，豁口，见图，差别
sides	
tube	n.液体输送管，圆管，管子，管状物，容器\nv.玩内胎漂流
turns	
corresponding	adj.相应的，由此引起的，相似的，对应的，相符合的
descriptions	
cache	n.隐藏物，隐藏处，高速缓冲存储器\nv.隐藏，秘藏，把…存入高速缓冲存储器，缓存
belt	n.腰带，皮带，见图，地区，地带\nv.击打，重击，狠揍，快速行走，快速行进
jacket	n.夹克，短上衣，西装上衣，护封，书套
determination	n.决心，坚韧，毅力，决定，确定，测定，确定，搭配
animation	n.动画制作，动画片，动画游戏，兴奋
oracle	n.宣示神谕的人，传神谕者，神谕，提供意见 的人
Er	interjection嗯，哦\nn.急诊室\nsuffix做某事的人，用于做某事的器械
Matthew	
lease	n.租约，租契，延续使用寿命，重获的健康，搭配\nv.租用，租借，出租
productions	
aviation	n.航空，航空学，飞行，航空工业，飞机工业
hobbies	
proud	adj.高兴的，自豪的，得意的，引以为荣的，有理由为某事物感到骄傲，最值得骄傲的时刻\nv.搭配，自豪的,骄傲的，得意扬扬的，傲慢的,目中无人的
excess	adj.过多的，多余的，超重行李\nn.过多，过量，超过 某事物，做某事过度，过分的行为
disaster	n.灾难，灾祸，灾难，不幸，彻底失败，搭配
console	n.操纵台盘，控制台盘，橱柜，见图，卧室\nv.安慰，慰藉，安抚
commands	
jr	
telecommunications	n.电信，电讯
instructor	n.指导员，教练，导师，大学讲师
giant	adj.巨大的，特大的\nn.巨人，巨头，大公司，巨兽，巨型植物
achieved	
injuries	
shipped	
bestiality	n.人兽交合，兽奸，兽行，残忍的行为
seats	
approaches	
biz	n.行业
alarm	n.警报器，烟雾报警器，闹钟，见图\nv.使不安，使恐慌
voltage	n.电压，伏特数，高，低电压
anthony	
Nintendo	
usual	adj.通常的，惯常的，平常的，像往常一样，照例
loading	
stamps	
appeared	
Franklin	
angle	n.角，直角，钝角，大于\nv.斜移，斜置，从报道，以提供信息
rob	v.抢劫，抢夺，打劫，拆东墙补西墙，剜肉补疮，把某人偷个精光
vinyl	n.乙烯基，黑胶唱片
highlights	
mining	n.采矿
designers	
Melbourne	
ongoing	adj.继续进行的，不断发展的
worst	adj.最坏的，最差的，最糟的，自讨苦吃\nn.最坏的人，某事物的大部分，某事物中最糟的一部分，预期\nv.最坏地，最糟地，最差地，最糟的是
imaging	n.成像
betting	n.打赌，赌钱，很可能
scientists	
liberty	n.自由，自由权，合法权利，未经许可
Wyoming	
blackjack	n.21点，金属短棍
Argentina	
era	n.时代，年代，搭配
convert	n.皈依宗教者，改变信仰者\nv.使转变，使转换，使改造，改建
possibility	n.可能，可能性，机会，可能的办法，有潜力，有发展的可能性
analyst	n.分析者，投资，金融，商业分析员
commissioner	n.部长，警察局局长，委员
dangerous	adj.危险的，有危害的，危险的，可能引起麻烦的，容易得罪人的处境，危险话题\nadv.危险的，有风险的，不安全的，充满危险的
garage	n.车库，停车房，停车场，车库，汽车修理厂，加油站\nv.将开进 车库
exciting	adj.令人兴奋的，使人激动的，刺激的\nv.搭配，令人激动的，扣人心弦的，引人入胜的，给人深刻印象的
reliability	
thongs	
gcc	
unfortunately	v.不幸地，令人遗憾地
respectively	v.各自地，依次地
volunteers	
attachment	n.喜爱，爱慕，依恋，附件，附属物，附加装置，信仰，忠诚，附件
ringtone	n.铃声
Finland	
Morgan	
derived	
pleasure	n.愉快，快乐，满足，愉快的活动 ，乐事，别客气，不用谢
honor	n.honour的美式拼法
asp	n.角蝰，应用服务提供商
oriented	adj.重视的，感兴趣的
eagle	n.鹰，见图，老鹰球，锐利的目光，敏锐的观察\nv.鹰击入
desktops	
pants	adj.极坏的，糟糕的\nn.裤子，短内裤，把某人烦死，吓死等
columbus	
nurse	n.护士，见图，保姆\nv.病人，护理，照顾，照料，当护士
prayer	n.祈祷文，祷辞，祈祷，愿望，希望，祷告会，祈祷式
appointment	n.约定，约会，预约，任命，委任
workshops	
hurricane	n.飓风
quiet	adj.不发出声音，轻声的，安静的，不说话的\nn.轻声的，低声的，轻柔的，不出声的
luck	n.成功，好运，幸运，厄运，噩运，机会\nv.走运，运气好
postage	n.邮资，邮费，邮资和包装费
producer	n.监制，制作人，制片人，电视，电影，戏剧监制
represented	
mortgages	
dial	n.钟面，表盘，仪表盘，刻度盘，调节盘，控制盘，拨号盘\nv.拨打，拨，见图
responsibilities	
cheese	n.干酪，奶酪，一片，一点，一薄片
comic	adj.滑稽的，好笑的，喜剧作家，女演员，演出者等\nn.连环漫画，连环漫画画册，喜剧演员
carefully	v.小心地，仔细地
jet	n.喷气式飞机，喷射流，喷射孔，煤玉，黑玉\nv.坐飞机旅行，喷射，喷出
productivity	n.生产率，生产效率，生产量，生产力
investors	
crown	n.王冠，王冠，冕，花冠，国君\nv.为…加冕，为…封冠，使圆满成功，完善
par	n.水平 相同，感觉有些不舒服，健康状况欠佳，没精神，在一般水平以下，达不到标准
underground	adj.地 下的，地下的，秘密的，不合法的，小众的，非主流的\nn.地下铁路，地铁，地下组织，秘密团体，见图，城镇\nv.在地 下，转入地下，隐匿
diagnosis	n.诊断，判断，搭配
maker	n.生产者，制造者，机器，设备，作出决定的人，制定政策的人
crack	adj.优秀的，经验丰富的，训练有素的，神枪手，神射手\nn.裂缝，裂缝，缝隙，见图，断裂\nv.断裂，破裂，裂开，见图，声音
principle	n.道德准则，道德原则，行为准则，某事物所依据的思想，原则，原理，基本的观念
picks	
vacations	
gang	n.一帮年轻人，帮派，一帮，一群，黑帮，一帮，一伙，一群朋友\nv.联合起来，合伙对付
semester	n.一学期，半学年
calculated	adj.蓄意的，精心策划的，处心积虑的，预料到的风险
cumshot	
fetish	n.恋物，迷恋的事
applies	
casinos	
appearance	n.外表，外观，某人参加公开活动，露面
smoke	n.烟，抽烟，彻底焚毁，烧光，化为泡影，化为乌有\nv.抽，吸烟，冒烟，用烟熏制
Apache	
filters	
incorporated	adj.股份有限的
nv	
craft	n.工艺，手艺，小船，飞机，飞行器\nsuffix运载工具，技艺\nv.精制，手工制作
cake	n.蛋糕，鱼肉饼，米饼，马铃薯饼等\nv.厚厚地涂上 某物，结成硬块
notebooks	
apart	adj.不靠近，接触，分开，相距，相隔，散开\nv.被摧毁，完全不同，截然相反，逐渐疏远，说正经的，不开玩笑
fellow	adj.某人的同事，人类\nn.男人，家伙，同事，同学
blind	adj.看不见，瞎的，盲的，失明的，盲人，看不清楚，像瞎子一样\nn.窗帘，卷帘，百叶帘，打开窗帘，放下卷帘\nv.使目眩，使眼花，使看不见，使失去判断力，使失明，使变瞎，用专业术语蒙骗某人
lounge	n.等候室，公共休息室，起居室，客厅，雅座酒吧\nv.懒洋洋地站 着，百无聊赖地消磨 时间
mad	adj.生气的，生气，光火，十分生气，十分生气的
algorithm	n.演算法，计算程序
semi	n.半独立式住宅，半决赛，铰接式重型卡车\nprefix半，部分，在一段时间内〕出现两次的
coins	
andy	
gross	adj.总共的，总的，毛的，毛重的，非常糟糕的\nn.罗\nv.税前收入两万英镑，三万美元等，获得…的总利润，使恶心，使作呕
strongly	v.坚定地，坚决地，强烈地，浓重地
cafe	
valentine	n.情人，圣瓦伦丁节贺卡，情人卡
hilton	
ken	n.超出了你的知识范围
proteins	
horror	n.惊恐，震惊，让某人大为惊恐，令人惊恐的事
SU	
exp	
familiar	adj.熟悉的，语体，我不知道那家餐厅的名字。，通晓某事物，熟悉某事物\nn.妖兽，妖精
capable	adj.有能力做某事，能力强的，能干的，能手，高手
douglas	
debian	
till	conj.直到\nn.现金出纳机，储备的，偷本单位的钱，监守自盗\nv.耕，犁，耕地
involving	
pen	n.笔，钢笔，见图，办公室里\nv.写，把关入围栏中，被约束，被束缚
investing	
christopher	
admission	n.承认，供认，允许进入，录取，录用
epson	
shoe	n.鞋，芭蕾舞鞋，【英】，【美】浅帮女鞋\nv.给钉蹄铁
elected	
carrying	
victory	n.胜利，成功，赢，搭配，重大胜利，轻而易举的胜利
sand	n.沙，沙子，沙滩，光阴，时光\nv.打磨，把…磨光
madison	
terrorism	n.恐怖主义，搭配
joy	n.欢欣，愉快，喜悦，语体，happy，使人高兴的事物 ，乐趣\nv.感到高兴，感到欣喜
editions	
CPU	n.中央处理器
mainly	v.主要地，大部分地，mainly不用于句首，语体
ethnic	adj.种族 的，具有种族 特色的，种族暴力，分裂\nn.少数民族的一员\nv.搭配
ran	v.run的过去式
parliament	n.议会，国会，一届议会，搭配，入选议会
actor	n.演员，性格演员，搭配，女演员
finds	
seal	n.海豹，见图，印记，图记，印章，图章\nv.把…封住，封闭，封闭，封锁，粘住，封住，封盖…的表面
situations	
fifth	adj.第五的，多余的人\nn.五分之一，五分之一加仑
allocated	
citizen	n.市民，城镇居民，公民，公民，国民，二等公民
vertical	adj.垂直的，直立的，垂直的悬崖，攀爬\nn.垂直方向
corrections	
structural	adj.结构的，构造的
municipal	adj.市政府的，市的，市办的
describes	
prize	adj.可获奖的，优等的，已获奖的，非常好的，特别重要的\nn.奖品，奖金，奖赏，见图，有价值的事物，宝贵的事物，某事一猜就知\nv.珍视，高度重视，prise的美式拼法
SR	señor的书面缩写，先生，Sister的书面缩写，修女
occurs	
jon	
absolute	adj.完全的，彻底的，十足的，绝对的\nn.绝对真理
disabilities	
consists	
anytime	v.任何时候
substance	n.物质，非法，违禁，管制品
prohibited	
addressed	
lies	
pipe	n.管子，管，管子，管道，烟斗，管道\nv.输送液体，气体，用管道输送，演奏音乐
soldiers	
nr	near的书面缩写，在…附近
guardian	n.监护人，维护者，保卫者
lecture	n.讲座，讲课，演讲，训斥，说教，搭配\nv.教训，训斥，说教，讲授，讲课，作讲座，演讲
simulation	n.模拟，仿真，模拟的环境
layout	n.布局，设计，版面编排，版面设计
initiatives	
ill	adj.有病的，不适的，坏的，有害的\nn.问题，困难，伤害，邪恶\nprefix坏，不足\nv.某人难以承担 某事的后果，对某人抱有恶感，说某人坏话，是不好的预兆
concentration	n.专心，专注，关注，重视，集中，聚集
classics	
lbs	
lay	adj.非专业的，外行的，非神职的，世俗的\nn.形势，情况，地形，地貌，某事物的外部情况，是个淫荡的人\nv.lie 1的过去式，把某人，某物放下，安放，放置
interpretation	n.解释，说明，理解，表演，演绎，处理方式
horses	
lol	大声笑，爱你的
dirty	adj.不干净，肮脏的，有灰尘的，色情，下流的，黄色的，色情的，猥亵的\nv.肮脏的，极脏的，沾满泥的,泥泞的，布满灰尘的
deck	n.在船上，甲板，一层，在公共汽车、飞机等上\nv.装饰，将击倒
wayne	
donate	v.捐赠，捐献，捐，献，捐献
taught	teach的过去式和过去分词
bankruptcy	n.破产，倒闭，欠缺，沦丧
MP	n.议员，宪兵队队员
worker	n.工作者，工作人员，工作人员，雇员，工作出色
optimization	
alive	adj.活的，仍然存在的，高兴的，活跃的，充满活力的
temple	n.庙宇，寺院，圣殿，太阳穴
substances	
prove	adj.搭配\nv.显示某事是真实的，证明，证实，是，证明是，被发现是，显示出是
discovered	
wings	
breaks	
genetic	adj.基因的，遗传学的
restrictions	
participating	
waters	
promise	n.保证，承诺，诺言，迹象，征兆，迹象，吉兆\nv.许诺，保证，答应，预示…可能发生，向某人夸下海口，我无法保证
thin	adj.薄，细，薄的，细的\nn.瘦的，苗条的，瘦而健康的，皮包骨的\nv.变稀少，散去，变薄，变稀
exhibition	n.展览，见图，展出，展览，表现，显露
prefer	v.更喜欢，语体，我更喜欢坐火车旅行。，我更愿意
ridge	n.山脊，见图，乡间，脊
cabinet	n.内阁，贮藏柜，陈列柜，见图，办公室里
modem	n.调制解调器
harris	
mph	英里，小时
bringing	
sick	adj.生病的，生病的，患病的，生病，患病，因病缺勤\nn.病人，呕吐物\nv.呕吐
dose	n.一剂，一服，一次服用量，一次，一番，一回，严重的\nv.给服药
evaluate	v.评估，评价
tiffany	
tropical	adj.来自热带的，产于热带的，热带疾病，医学
collect	n.短祷文\nv.集合到一起，收集，采集，使集中，保存物品
bet	n.打赌，赌金，赌注，最好的办法，保险 的做法\nv.下赌注，与…打赌，我敢肯定，我敢保证，我相信
composition	n.部分，成员，组成，构成，音乐
toyota	
streets	
nationwide	adj.全国性的，全国各地的
vector	n.矢量，向量，媒介，载体，克隆载体
definitely	v.确切地，肯定地
shaved	
turning	n.岔路口，拐弯处
buffer	n.保护，起缓冲作用的人，铁路，缓冲器，减震器\nv.缓冲，缓和，缓解，缓存
purple	adj.紫色的，气得脸色发紫，处于顺境的日子，辞藻堆砌的散文\nn.紫色
existence	n.存在，实有，生活，生活方式，搭配
commentary	n.现场解说，实况报道，连续的现场解说，评注性著作，评论文
Larry	
limousines	
developments	
DEF	
immigration	n.移民入境，移民人数，入境检查处
destinations	
lets	
mutual	adj.相互的，彼此的，相互意见一致，共同的朋友，兴趣
pipeline	n.管道，管线，在准备中，在进行中
necessarily	v.不一定，必然，必定
syntax	n.句法，句法结构
Li	
attribute	n.特性，特质，属性\nv.把…归因于…，认为…是…所说，认为…具有…的特性
prison	n.监狱，看守所，拘留所，监禁，监狱制度，难以脱身的地方
skill	n.技能，技巧，技艺，搭配，具备某种技能，学习 技能
chairs	
NL	
everyday	adj.日常的，平常的，每天的
apparently	v.据说，看来，似乎，好像
surrounding	adj.附近的，四周的
mountains	
moves	
popularity	n.流行，普及，受欢迎，声望，开始流行，搭配
inquiry	n.询问，打听，协助警方调查罪案，查问，探究
Ethernet	n.以太网
checked	adj.有不同颜色方格图案的，见图
exhibit	n.展品，展出物，证物，展览会\nv.展出，展览，展示，显示
throw	n.投，扔，抛，掷\nv.扔球，石头等，投，扔，抛，掷，见图
trend	n.趋势，趋向，倾向，动向，开创潮流，流行的，搭配
sierra	n.锯齿山脊，峰峦起伏的山脉
visible	adj.看得见的，可见的，明显的，显然的，可察觉的，引人注目的，搭配
cats	
desert	n.沙漠，荒漠，见图，冷清的地方，无趣的地方\nv.遗弃，抛弃，离弃，离开，舍弃，擅自离开军队，开小差，离开，丧失
postposted	
ya	n.你
oldest	
rhode	
nba	
busty	adj.胸部丰满的，丰乳的
coordinator	n.协调人，统筹者
obviously	v.明显地，显而易见地，明白地
mercury	n.汞，水星，见图
steven	
handbook	n.手册，便览，指南
greg	
navigate	v.导航，指引方向，理解，应付，在航行，浏览
worse	adj.更坏的，更糟的，更差的，病情更重的，更不舒服的\nn.更差 的事物，变糟，变差\nv.更严重地，更厉害地，句子副词
summit	n.首脑会议，最高级会议，峰会，山顶，某事物的顶峰，某事物的极点
victims	
Epa	
spaces	
fundamental	adj.根本的，基本的，基础的，必不可少的
burning	adj.燃烧着的，感到发烫的，勃勃的雄心，熊熊欲望\nv.滚烫的，酷热的
escape	n.逃离，逃脱，逃避，暂时解脱，泄漏\nv.人，地点，逃走，逃离，危险
coupons	
somewhat	v.有点，有几分
receiver	n.电话，听筒，放下，放回听筒
substantial	adj.大量的，多的，大而坚固的，大而结实的
TR	
progressive	adj.进步的，先进的，逐步发生的，逐步发展的，进行式的\nn.进步人士，革新派人士
cialis	
bb	
boats	
glance	n.一瞥，很快的一看，投去一瞥，看一眼便知道，便于浏览\nv.一瞥，看一眼，浏览，语体，through
Scottish	adj.苏格兰的，苏格兰人的
championship	n.锦标赛，冠军赛，冠军地位，冠军称号，称冠时期，捍卫，维护
arcade	n.拱廊，拱廊式街道，室内购物商场，电子游戏厅
richmond	
sacramento	
impossible	adj.不可能发生的，办不到的，无法处理的，极难对付的，不讲道理的，令人讨厌的\nn.搭配，不可能发生的，办不到的，不切实际的，不现实的
ron	
russell	
tells	
obvious	adj.显然的，明显的，易理解的，露骨的，不加掩饰的，当然的选择\nn.搭配，看上去明显，听上去明显，变得明显
fiber	n.fibre的美式拼法
depression	n.抑郁症，忧郁，沮丧，消沉，大萧条，经济萧条期，不景气时期
graph	n.图表，曲线图，见图，搭配
covering	n.覆盖物，覆盖层，一层覆盖物
platinum	n.铂，白金销量
judgment	n.观点，意见，看法，评价，发表批评意见，违心的，明知不对的
bedrooms	
talks	
filing	n.存档，归档，锉屑，存档档案
foster	adj.养母，养父，养父母，养子\nv.促进，培养，助长，抚育，代养
modeling	
passing	adj.经过的，通过的，流逝的一天天，一周周，一年年等\nn.时间，岁月的流逝，顺便说起某事，附带提及某事，终止
awarded	
testimonials	
trials	
tissue	n.纸巾，面巾纸，薄纸，绵纸，组织，肺
NZ	
memorabilia	n.纪念品，收藏品
clinton	
masters	
bonds	
cartridge	n.盒，卡，弹壳，弹夹，弹药筒
alberta	
explanation	n.解释，理由，解释性说法，说明性文字
folk	adj.民间的，民俗的，民间科学，心理学，智慧等\nn.人们，家人，家属，各位，大伙儿，乡下人
org	
commons	n.下议院
Cincinnati	
subsection	n.分款，分项
fraud	n.欺诈，诈骗，骗子，骗局
electricity	n.电，激情，强烈感情，搭配，发电
permitted	
spectrum	n.范围，幅度，光谱，频谱
arrival	n.到达，抵达，的到来，某事件 的开始，新来的人
okay	
pottery	n.陶器，陶，制陶，陶艺，见图
emphasis	n.重点，重要性，强调，重读，重音，搭配
roger	interjection已收到，明白\nv.与…性交
aspect	n.方面，朝向，方位，外表，外观，体
workplace	n.工作场所
awesome	adj.令人赞叹的，令人畏惧的，可怕的，很好的，了不起的
Mexican	adj.墨西哥的，墨西哥人的\nn.墨西哥人
confirmed	adj.誓不结婚的单身汉，坚定的无神论者，坚定的素食主义者等
counts	
priced	
wallpapers	
hist	
crash	n.撞车事故，坠毁，失事，致命事故，见图\nv.汽车，飞机等，车〕碰撞，坠毁
lift	n.在建筑物内，电梯，升降机，在汽车内，搭便车\nv.将某物上移，抬起，提起，举起
desired	
inter	prefix在…之间，互相\nv.埋葬
closer	
assumes	
heights	
shadow	adj.影子财政大臣，外交大臣等，影子内阁\nn.黑影，影子，黑暗，阴影，昏暗处，阴暗处\nv.跟踪，尾随，盯…的梢，投阴影于，遮蔽
riding	n.骑马，骑术学校
infection	n.感染，传染病，传染，搭配
firefox	
lisa	
expense	n.费用，花费，业务费用，以损害某人，某事物为代价
grove	n.小树林，路
eligibility	
venture	n.风险项目，风险投资，冒险事业，商业风投，合营，合资\nv.冒风险，小心地说，谨慎地做，不入虎穴，焉得虎子
clinic	n.诊所，门诊部，门诊时间，座谈会，咨询会
Korean	
healing	n.自然 疗法，痊愈，康复
princess	n.公主，国王 的女性近亲，王妃，亲王夫人
mall	n.购物中心
entering	
packet	n.小包，小盒，小袋，小袋，见图，小包裹
spray	n.从容器里出来的液体，喷雾，喷剂，容器，喷雾器\nv.喷，喷洒，给庄稼，植物等喷药，见图
studios	
involvement	n.参与，卷入，牵连，参与的事物
dad	n.爸爸，爹爹
buttons	
placement	n.安置，就业安排，实习工作，放置，布置，摆放
observations	
vbulletin	
funded	
thompson	
winners	
extend	v.时间，持续，延长，推延，范围
roads	
subsequent	adj.随后的，继…之后的
pat	adj.脱口而出的，预先准备好似的\nn.轻拍，轻抚，一小块黄油，称赞，赞扬\nv.轻拍，赞扬某人，自己，坚持自己的意见
Dublin	
rolling	adj.绵延起伏的，见图，定期的，周而复始的
fell	adj.一下子，一举\nn.山，山岗\nv.fall的过去式，砍伐，击倒
motorcycle	n.摩托车
yard	n.量度，码，封闭的区域，场所
disclosure	n.透露的信息，公开，透露，披露
establishment	n.机构，单位，统治集团，权势集团，建立，设立，搭配
memories	
nelson	
Te	
arrived	
creates	
faces	
tourist	n.游客，游人，观光客，搭配，游客，旅行者,旅客
cocks	
AV	audiovisual的缩写，视听的
mayor	n.市长，名誉市长
murder	n.谋杀，凶杀，谋杀罪，犯了大错而不受惩罚，为所欲为，很难办\nv.谋杀，杀害，糟蹋，某人会宰了你
sean	
adequate	adj.足够的，充分的，合乎需要的，尚可的，过得去的
senator	n.参议员
yield	n.产量，收益\nv.结果，产生，得出，作物，利润
presentations	
grades	
cartoons	
pour	v.液体，灌，注，倒，倒掉某物，倒
digest	n.摘要，概要，文摘\nv.消化，理解，领悟，消化
REG	
lodging	n.寄宿处，租住的房间
tion	
dust	n.灰尘，尘埃，积尘，见图，清洁\nv.擦灰尘，见图，掸，将撒于
hence	v.因此，由此，所以，十天，五个月等以后
wiki	n.维基
entirely	v.完全地，彻底地
replaced	
radar	n.雷达，受某人关注的，受关注的，没被某人注意
rescue	n.营救，解救，前来营救，挽救，拯救\nv.营救，解救，救援
undergraduate	n.大学 生，大学本科学生，课程，学位等
losses	
combat	n.战斗，殊死的战斗，短兵相接的战斗，战斗机\nv.防止，抑制
reducing	
stopped	
occupation	n.工作，职业，见图，占领，控制，消遣，业余活动
lakes	
butt	n.身体部位，屁股，香烟，烟蒂，烟头\nv.顶，撞，顶，插嘴，管闲事
donations	
associations	
citysearch	
closely	v.仔细地，严密地，密切地，在很大程度上，紧密相关的，紧跟地，拥挤地
radiation	n.辐射，核辐射，搭配
diary	n.日记，日志，日记簿，一则日记，日程簿，记事簿，搭配
seriously	v.严重地，非常，严肃地，认真地，说正经的，认真对待某人
kings	
shooting	n.枪击，枪杀，打猎，射猎，拍摄
Kent	
adds	
nsw	
ear	n.身体部位，耳，耳朵，谷物，穗
flags	
PCI	
baker	n.面包师，糕饼师，面包店，糕饼屋
launched	
elsewhere	v.在别处，去别处
pollution	n.污染，污染物，见图，环境问题
Conservative	adj.保守的，守旧的，不时兴的，传统的，保守的估计，猜测\nn.因循守旧者，保守者，英国保守党的支持者，保守党党员\nv.保守党的
guestbook	
shock	adj.令人震惊的，令人大感意外的，震惊战术，突击手段\nn.意外的事件，情况，令人震惊的事，意外的不愉快感觉\nv.使震惊，使惊愕，使难以置信
effectiveness	
walls	
abroad	v.在国外，到国外，广泛流传
ebony	adj.乌黑的\nn.乌木，黑檀
tie	n.男装，领带，联系，关系\nv.线，绳索，系，扎，拴，捆，把…系起来
ward	n.病房，产科，普通，老年科等病房\nsuffix朝…方向\nv.防止，抵挡
drawn	adj.脸色苍白的，形容枯槁的，憔悴的\nv.draw 的过去分词
arthur	
ian	
visited	
roof	n.顶，顶部，石板瓦，瓦片，茅草等屋顶\nv.给盖屋顶，给加顶
walker	n.步行者，走路快，慢等的人，有轮助行架
demonstrate	v.说明，证明，论证，证实，示范，演示，游行，示威
atmosphere	n.气氛，氛围，环境，魅力，情调，精彩
suggests	
kiss	n.吻，接吻，对某人做人工呼吸，破坏计划 的事，搭配\nv.吻，用唇轻触，承认会失去某事物，承认失去做某事物的机会
beast	n.野兽，性情凶残的人，畜生，禽兽，某种东西，具有某种特点的事物，某人的兽性
RA	
operated	
experiment	n.实验，试验，搭配，做\nv.试验，试用，做试验，进行实验，尝试
targets	
overseas	adj.来自海外的，外国来的\nv.向国外，在海外，在外国
purchases	
dodge	n.伎俩，诡计\nv.躲开，避开，闪开，避开，避免，逃避征兵
counsel	n.辩护律师，不透露自己的计划，忠告\nv.建议，给…提供咨询，辅导
federation	n.联合会，联盟，联邦，同盟
pizza	n.比萨饼，意大利薄饼，见图
invited	
yards	
assignment	n.任务，作业，分配，指派，分配到的东西
chemicals	
Gordon	
mod	n.摩登派成员
farmers	
RC	
queries	
bmw	
rush	n.快速移动，冲，奔，赶紧，匆忙，赶紧\nv.快速移动，急速行进，冲，奔，赶忙 做某事，仓促做某事
ukraine	
absence	n.不在，缺席，缺乏，没有，人不见，心更念
nearest	
cluster	n.串，束，簇，群，组，一群人，丛集，群集，集群\nv.聚集，集居
vendors	
MPEG	n.MPEG文件，运动图像专家组文件
whereas	conj.但是，却，尽管，鉴于
yoga	n.瑜伽，见图
serves	
woods	
surprise	n.事件，意想不到的事，不同寻常的事，感觉\nv.使惊奇，使诧异，使感到意外，出其不意地发现，突然袭击
lamp	n.灯，台灯，书桌灯，床头灯
rico	
partial	adj.部分的，不完全的，特别喜欢某物，偏爱某物，偏向一方的，偏袒的，不公平的
shoppers	
phil	
everybody	n.每个人，人人
couples	
nashville	纳什维尔
ranking	adj.地位高的，最出色的\nn.排行，排名，名次\nsuffix…级别的
jokes	
CST	
HTTP	超文本传送协议
ceo	n.总裁，首席执行官
simpson	
twiki	
sublime	adj.卓越的，超群的，令人赞叹的，极端的\nn.高尚，崇高，壮丽，宏伟，庄严，从高超到荒谬，从一个极端到另一个极端
counseling	
palace	n.王宫，宫殿，府邸，住在王宫里的人
acceptable	adj.可接受的，令人满意的，可接受的
satisfied	adj.满意的，满足的，语体，确信的，该满意了吧？
glad	adj.高兴的，开心的，为某事感激，庆幸有某物，很乐意，如果…我会非常感激
wins	
measurements	
verify	v.核对，核实，语体，证明，证实
globe	n.地球仪，见图，地球，世界，球体，球状物
trusted	
copper	n.铜，铜币，红棕色，紫铜色，警察
milwaukee	
rack	n.架子，搁物架，衣服架，调料架，拉肢刑架\nv.使遭受巨大痛苦，绞尽脑汁，冥思苦想，取得
medication	n.药物，药剂，搭配
warehouse	n.仓库，货栈
shareware	n.共享软件
EC	
rep	n.销售代表，销售员，代表，众议院议员，轮流演出选定的剧目
dicke	
kerry	
receipt	n.收据，收条，收到，某物收讫，已经收到某物，收款，进款
supposed	adj.据说的，所谓的
ordinary	adj.普通的，平常的，通常的，不寻常，出乎意料，一般，通常，某人
nobody	n.没有人，无人，谁也不，非常多，无名小卒，小人物，无足轻重的人
ghost	n.鬼魂，鬼，鬼魂，幽灵，记忆，效果\nv.代人写，为…代笔
violation	n.违背，违反，侵害，妨害，妨碍
configure	v.配置
stability	n.稳固，稳定，稳定性
mit	
applying	
southwest	adj.来自西南方的，西南部的\nn.西南，西南方，西南部
boss	adj.极好的，诱人的，时髦的\nn.老板，上司，领班，工头，老板，领导，头头，作主的人，控制局势的人\nv.对…发号施令，指挥
pride	n.愉快的感觉，自豪，骄傲，尊敬，自尊\nv.以某事而自豪，对某事物感到得意
institutional	adj.社会公共机构的，机构的，已形成制度的，惯例的
expectations	
independence	n.独立，独立，自主，搭配，完全独立
knowing	adj.会意的，心照不宣的
reporter	n.记者，搭配
metabolism	n.新陈代谢
keith	
champion	n.冠军，第一名，现任冠军，卫冕冠军，某事物\nv.捍卫，维护
cloudy	adj.多云的，阴天的，浑浊的，不透明的，模糊的，不清晰的
linda	
ross	
personally	v.就个人而言，就自己的看法而言，亲自地，亲身地，个别地
Chile	
anna	
plenty	n.丰富，充足，众多，大量，语体，places etc，富足\nv.够大，快，暖和等，很多
solo	adj.独自的，单独的，独奏的，独唱的\nn.独奏曲，独唱曲，单独飞行，单独表演\nv.独奏，独唱，单独飞行，单飞
sentence	n.句子，句，判决，判刑，搭配，获刑,被判刑\nv.判决，宣判，判刑
throat	n.喉咙，咽喉，见图，喉部，颈前部，清清嗓子
ignore	v.置之不理，不顾，忽视，不理
Maria	
uniform	adj.全部相同的，一致的\nn.制服，穿着制服，从军，当兵
excellence	n.卓越，杰出
wealth	n.财富，丰富的某物
tall	adj.高的，高大的，有…高的，身高…的，含少量酒精的
RM	
somewhere	v.在某处，到某处，大约…，在…之间等
vacuum	n.真空，见图，清洁，打扫\nv.用真空吸尘器打扫［清洁］，见图
dancing	
attributes	
recognize	v.认出，认识，辨认出，语体
brass	n.金属，黄铜，阀键，短号
writes	
plaza	n.广场，购物区，购物中心，商业区
Pdas	
outcomes	
survival	n.继续生存，幸存，适者生存，某事物的残存物
quest	n.寻求，探索，追求，寻找某物
publish	v.出版，刊登，登载，发表，公布，公开，宣布，发表
sri	
screening	n.放映，播映，播放，筛查，检查，甄别，审查
toe	n.脚趾，大脚趾，足尖部，见图\nv.听从命令，服从纪律，按规定行事
thumbnail	adj.简略的描述\nn.拇指甲，缩略图
trans	prefix在 …的另一边，横穿，横贯，在…之间的
jonathan	
whenever	conj.每当，任何时候，什么时间都行
nova	n.新星
lifetime	n.一生，终生，生存期，千载难逢 的机会，经历等
API	
pioneer	n.先驱，先锋，创始人，拓荒者，开拓者，开发者\nv.开创，开发，倡导
booty	n.赃物，战利品
forgotten	adj.被遗忘的\nv.forget的过去分词
acrobat	n.杂技演员
plates	
acres	
venue	n.举办地点，举行场所，会场，体育比赛场馆，会议地点，音乐会演出地点等
athletic	adj.强壮的，擅长运动的，运动的
thermal	adj.热的，热量的，由热引起的，保暖的\nn.上升热气流，保暖型衣服
essays	
behaviour	n.行为，举止，尽可能好地表现，尽量行为检点，表现方式，活动方式，特点\nv.搭配，好的，坏的，正常的
vital	adj.极其重要的，必不可少的，生气勃勃的，充满活力的，维持生命所必需的，生命体征
telling	adj.有力的，有效的，有重大影响的，说明问题的，显露真相的\nn.讲述，叙述，没法预料，无法知道
fairly	v.相当，颇，公平合理地，简直，竟然
coastal	adj.近海的，沿海的，海岸的
CONFIG	
CF	参照，比较
charity	n.慈善机构，慈善团体，慈善活动，步行，音乐会等
intelligent	adj.有智慧的，聪明的，悟性强的，机智的，有才智的，有智力的，智能的\nv.聪明的,有智慧的，聪明的，聪颖的,才华横溢的，天赋高的,天资聪慧的
Edinburgh	
VT	
excel	v.优于，擅长，胜过他人，胜过平时
modes	
obligation	n.义务，职责，责任，搭配
campbell	
wake	n.紧随某事而来，作为某事的后果，紧跟某人，某物后面\nv.睡醒，醒来，唤醒，弄醒，醒，叫醒
stupid	adj.愚蠢的，傻的，语体，笨的，头脑迟钝的，恼人的，讨厌的\nn.笨蛋，蠢货\nv.愚蠢的,傻的，没头脑的,傻的，傻的，愚蠢的
harbor	
Hungary	
traveler	
urw	
segment	n.部分，段，片，片，块，瓣，节，见图\nv.分割，划分
realize	v.明白，知道，认识到，顿悟
regardless	v.不管，不顾，不管怎样，无论如何，不管怎样都继续下去
LAN	n.局域网
enemy	n.敌人，仇敌，某人的死对头，反对者，敌国
puzzle	n.拼图游戏，拼图玩具，见图，益智游戏，难题，难解之事，谜\nv.使困惑，使迷惑，仔细考虑解决，仔细琢磨，冥思苦想
rising	adj.上升的，兴起的，即将成年的一代\nn.造反，起义
aluminum	
wells	
wishlist	
opens	
insight	n.顿悟，猛醒，洞察力，眼光
SMS	n.短信服务
shit	adj.极坏的，极差的\ninterjection呸，放屁，妈的\nn.身体排泄物，屎，粪，大便，拉屎，排便，拉屎\nv.吓得尿裤子，非常担，拉屎，排便，糊弄，胡说
restricted	adj.狭小的，有限的，受限制的，受约束的，有限的，受限制的
republican	adj.共和国的，拥护共和政体的\nn.拥护共和政体的人，共和主义者，共和党人，共和党支持者，北爱尔兰共和主义者
secrets	
lucky	adj.运气好的，幸运的，运气好，好运带来的，带来好运的，吉祥的
latter	adj.后者的，最后者的，末期的，后期的\nn.后者
merchants	
thick	adj.厚，粗，厚的，粗的\nn.在…的最繁忙 时刻，粗的手镯，鼓鼓的钱包，厚厚的书\nv.厚厚地，大量而急速地，频繁且迅猛地
trailers	
repeat	n.重演，重现，重播的节目，续订订单，相同处方\nv.重复说，重说，重写，重复自己说过的话
syndrome	n.综合征，一组典型特征
philips	
attendance	n.出席人数，出席，参加，照顾 某人
penalty	n.惩罚，处罚，不利，害处，判罚，处罚，点球
drum	n.鼓，见图，大桶，鼓状物\nv.击鼓，打鼓，有节奏地击打，重复某事以确保让人明白，向反复灌输
glasses	
enables	
NEC	
Iraqi	
builder	n.建筑工人，建筑商，建造者
vista	n.景色，景观，展望，前景
jessica	
chips	
terry	
flood	n.洪水，水灾，大量，泪如雨下，上涨，泛滥\nv.被水淹，淹没，河流，泛滥
foto	
ease	n.轻易，毫不费劲，不拘束，放松，使某人放松\nv.改善，减轻，缓解，使较容易
arguments	
Amsterdam	
orgy	n.狂欢宴会，纵酒宴乐，集体纵欲，群交，放纵，无节制
arena	n.场地，政治，国际，公众等舞台
adventures	
pupils	
stewart	
announcement	n.通告，公告，布告，发表，宣布，宣告，通告，启事，搭配
tabs	
outcome	n.结果，后果，语体，搭配
xx	
appreciate	v.理解，明白，感激，欣赏，赏识
expanded	
casual	adj.放松的，漫不经心的，随随便便的，不放在心上的，不正式的，非正式的，随便的
grown	adj.成年男子，女子，已经成年的子女，女儿\nv.grow的过去分词
Polish	adj.波兰的，波兰人的，波兰语的\nn.上光剂，擦光剂，上光蜡，亮漆\nv.擦亮，擦光，见图，清洁，打扫
lovely	adj.美丽的，可爱的，令人愉快 的，美好的
extras	
GM	adj.转基因的，基因改造的\ngram或 grams的书面缩写，克
centres	
jerry	
clause	n.条款，项目，分句，小句，从句
smile	n.微笑,笑容，搭配，给一个微笑，一笑\nv.微笑，微笑着说，以微笑表示，幸运之神
lands	
RI	
troops	
indoor	adj.室内的，户内的
Bulgaria	
armed	adj.武装的，持枪的，具备的
broker	n.经纪人，经纪人，掮客\nv.就交易，协议，条约等进行调停
charger	n.充电器，战马，军马
regularly	v.定期地，定时地，经常，匀称地，整齐地
believed	
pine	n.松树，松木\nv.悲伤，难过，萎靡不振，憔悴虚弱，怀念，思念
cooling	
tend	v.易于做某事，往往会发生某事，照顾，照料，有…的趋势，倾向于…
gulf	n.海湾，鸿沟，分歧，隔阂
RT	
rick	n.禾堆，干草堆\nv.扭伤背部，脖子
trucks	
CP	
mechanisms	
divorce	n.离婚，提出离婚申请，分离，脱离，搭配\nv.离婚，把…完全分开，彻底分割，脱离
laura	
shopper	n.顾客，购物者
Tokyo	
partly	v.在某种程度上，部分地
nikon	
customize	v.改制，定做，定制，使用户化
tradition	n.传统，沿袭某人，某事物的传统，搭配
candy	n.糖果，巧克力糖果
pills	
tiger	n.虎，老虎，见图
donald	
folks	
sensor	n.传感器，感应装置
exposed	adj.无遮蔽的，不遮挡风雨的，暴露的，无保护的，易受攻击的
telecom	
hunt	n.打猎，狩猎，猎狮，犀牛，雄鹿等\nv.猎取，猎杀，搜寻，寻找，搜捕，追捕，猎
angels	
deputy	n.代理人，副手，副职，县行政司法官助理，议员
indicators	
sealed	adj.密封的，封闭的，密封的，搭配
Thai	
emissions	
physicians	
loaded	adj.枪，相机，装了子弹的，装上胶卷的
fred	
complaint	n.投诉，投诉的事，不满的事，疾病，搭配
scenes	
experiments	
balls	interjection胡说八道\nv.把…弄得一团糟，弄得一塌糊涂
Afghanistan	
DD	
boost	n.激励，鼓舞，帮助，推起某人，托某人一把，动力增强，助推\nv.促进，推动，使兴旺，向上推起，托一把，助推，偷窃
spanking	adj.快速地\nn.打屁股\nv.崭新的，簇新的，非常干净
scholarship	n.奖学金，学问，学识，学术研究
governance	n.统治，管理，统治方式，管理方法
mill	n.谷物，磨坊，磨粉厂，棉，布\nv.将碾碎，把…磨细，碾，无目的地乱转，乱兜圈子
founded	
supplements	
chronic	adj.慢性的，长期的，长期的，长期酗酒，沉迷赌博等的人
icons	
tranny	n.两性特征兼具的人，双性人，有异性装扮癖的人，易装癖者
moral	adj.道德的，基于道德的，道义上的，道义上的支持，精神支持，道义上的胜利\nn.道德准则，寓意，道德上的教训，教育意义
den	n.穴，窝，窟，巢穴，窝点，隐秘玩耍处，休息室
catering	n.承办饮食服务，餐饮业，餐饮服务等
aud	
finger	n.手的一部分，手指，祈求心想事成，见图\nv.用手指触碰，拨弄，抚摸，触摸，告发
keeps	
pound	n.重量，磅，钱，英镑\nv.击打，连续重击，猛打，心脏，剧烈地跳动
locate	v.位于某处，位于某处附近等，找出…的准确位置，把…设置在
camcorder	n.便携式摄像机，见图，卧室
PL	
trained	
burn	n.烧伤，灼伤，烫伤，烧 伤的痕迹\nv.产生火和热，燃烧，烧毁某物，焚烧，烧毁
implementing	
roses	
labs	
ourselves	n.我们自己，我们自己，我们亲自，我们，我们独自
bread	n.面包，一条面包，面包圈，小圆面包
tobacco	n.烟叶，烟草，烟草属植物，烟草
wooden	adj.木制的，呆板的，木讷的，笨拙的
motors	
tough	adj.困难的，难办的，棘手的，费力的，日子很难过，使某人日子难过\nn.暴徒，恶棍\nv.闯过，从挺过来，坚强地，坚定地
roberts	
incident	n.事件，语体，冲突，严重摩擦，搭配
gonna	
dynamics	
lie	n.谎言，假话，揭穿某事物的谎言，形势的发展，情况的变化，地貌，地形\nv.水平位置，躺，平卧，躺下，平放
CRM	
RF	
conversation	n.谈话，交谈，会话
decrease	n.减少，减少的量\nv.变小，减少，搭配，减小，减少
cumshots	
chest	n.胸部，胸膛，箱，大箱子，见图，倾吐心中的烦恼
pension	n.养老金，退休金，搭配，廉价小旅馆\nv.使退休并发放养老金，丢弃
billy	n.铁皮罐
revenues	
emerging	adj.新兴的，发展初期的
worship	n.敬神活动，拜神，阁下\nv.敬奉，景仰，崇拜，十分喜爱，拜倒在某人脚下
bukkake	
capability	n.能力，才能，军事能力
AK	
Fe	
craig	
herself	n.她自己，她本人，独自，一个人，独力
producing	
churches	
precision	adj.精确的，精密的，精密工具，仪器\nn.精确，准确
damages	
reserves	
contributed	
solve	adj.搭配\nv.解决，解答，破解，解谜，猜谜
shorts	
reproduction	n.生殖，繁殖，复制，再版，翻印
minority	n.少数派，少数，少数派报告，少数民族，少数派
td	
diverse	adj.各种各样的，形形色色的，相异的
amp	n.安培，扬声器，扩音器
ingredients	
SB	
ah	interjection啊
johnny	n.避孕套，男人
sole	adj.唯一的，仅有的，见图，专有的，独占的，唯一的，搭配\nn.脚掌，脚底，鞋底，鳎\nv.给配新底，给换底，厚底的，皮底的等
franchise	n.特许经营权，获特许经营权的企业，职业运动队，选举权，投票权\nv.给予…特许经营权，向…出售特许经营权
recorder	n.盒式录音机，磁带录音机，录像机等，竖笛
complaints	
facing	n.饰面，面层，衬里，镶边，饰边，贴边
SM	
nancy	
promotions	
tones	
passion	
rehabilitation	
maintaining	
sight	n.视力，视力，视觉，看见，看到，看见\nv.看见，发现
laid	lay的过去式和过去分词
clay	n.黏土
defence	n.保护，保护，防护，防御物，军事的
patches	
weak	adj.身体上的，虚弱的，不强壮的，易破的，不牢固的，易破的，易损坏的\nv.虚弱的，瘦弱的，衰弱的，摇摇晃晃的，步履不稳的，瘦小的，孱弱的
refund	n.退款，退税\nv.退还
usc	
towns	
environments	
trembl	
divided	
blvd	
reception	n.欢迎，反响，欢迎，接待，酒店
amd	
wise	adj.决定，意见等，明智的，合理恰当的，人\nsuffix价格方面，时间方面等，横向地，纵向地等\nv.知道，了解
emails	
Cyprus	
wv	
odds	n.可能性，困难，困难，不利条件，意见不一致，有分歧
correctly	
insider	n.内部的人，圈内人，业内人士
seminars	
consequences	
makers	
hearts	
geography	n.地理，布局
appearing	
integrity	n.耿直，正直诚实，完整，完全
worry	n.令人忧心 的事，语体，担心，忧虑\nv.担忧，担心，发愁，别担心
ns	
discrimination	n.歧视，种族，性别，宗教信仰等歧视
eve	n.前夕，前一天，傍晚
carter	n.马车夫，赶车人
legacy	adj.遗留的，老旧的，遗留数据\nn.遗留的问题，后遗症，遗产，遗赠物
marc	
pleased	adj.快乐的，高兴的，满意的，幸会，很高兴见到 你，非常乐意帮忙
danger	n.危险，可能性，危险，有做某事的危险，威胁，危害
vitamin	n.维生素，维生素 A，B，C等
widely	v.广泛地，普遍地，很大地，读者众多的
processed	adj.经加工的，加工过的，加工过的干酪，肉，鱼等
phrase	n.成语，习语，警句，短语，词组，乐句\nv.表达，表述，分句，划分乐句
genuine	adj.真正的，真实的，真的，真正的，真心实意的，真诚的，真正的代表\nn.真正的，真实的，真的，真实的，正宗的，原汁原味的，真正的，名副其实的
raising	
implications	
functionality	n.功能
paradise	n.极乐，至美，至福，乐园，乐土，天堂，天国
hybrid	n.杂种动物，杂交植物，杂交而成的生物体，混合体
reads	
roles	
intermediate	adj.中级的，中等的，中级程度的，中等水平的，中间的，居中的\nn.中级学生
emotional	adj.情绪 的，情感 的，激起感情的，敏感的，情绪激动的
sons	
leaf	n.植物，叶，叶子，有叶子，开始长出叶子\nv.匆匆翻阅
pad	n.柔软的材料，垫，衬垫，护垫，护膝\nv.轻轻地走，放轻脚步走，给装衬垫，用软物覆盖，虚报，夸大
glory	n.光荣，荣誉，辉煌的成就，荣耀的事，值得骄傲的事，辉煌，灿烂，壮丽\nv.因而欣喜
platforms	
JA	
bigger	
billing	n.选定某人领衔主演
diesel	n.柴油，柴油汽车，卡车等，柴油车
versus	prep.对，诉，对抗，与…相对，与…相比
combine	n.联合收割机，联盟，联合，集团\nv.结合，组合，共同作用，效果
overnight	adj.夜间的，晚上的，只供一夜的，突然的，极快的\nv.夜里，在夜间，突然，一下子
geographic	
exceed	v.超过，超出，超越
BS	
rod	n.杆，竿，棒，钓竿
saudi	
fault	n.对错误负责，责任，过错，有过错，应当负责\nv.找…的缺点，挑剔，指责
Cuba	
hrs	
preliminary	adj.初步的，预备的\nn.初步行动，准备工作，预赛，预试
districts	
introduce	v.见面时，介绍，引见，使相互认识，自我介绍
silk	n.丝绸，见图，王室法律顾问，御用大律师，彩色丝绸赛马服
promotional	adj.广告宣传的
kate	
chevrolet	
babies	
BI	
karen	
compiled	
romantic	adj.表现爱情的，多情的，浪漫的，与爱情有关的，浪漫的\nn.浪漫的人，爱幻想的人，浪漫主义者，浪漫主义作家
revealed	
specialists	
generator	n.发电机，电力公司，产生者
albert	
examine	v.检查，审查，语体，见图，检查
jimmy	n.jemmy 的美语形式
graham	
suspension	n.停止某事，暂停，中止，让某人离开，暂时停学 ，暂时除名
Bristol	
margaret	
COMPAQ	
sad	adj.感到不愉快，不愉快的，伤心的，难过的，让人不开心，令人伤心的，使人难过的
correction	n.修改，纠正，更正一下，改正，纠正，处罚，惩罚
wolf	n.狼，披着羊皮的狼，勉强维持生计\nv.狼吞虎咽地吃
slowly	v.缓慢地，慢慢地，的确在慢慢发生，慢慢地，逐渐地,渐渐地
authentication	
communicate	v.交流信息，与交流信息，沟通，告诉别人某事，表达，传达
rugby	n.橄榄球
supplement	n.增补物，补充物，补给品，附录，补编，补遗\nv.补充，增补，增加
showtimes	
CAL	
portions	
infant	adj.儿童学校，教师，班级等，供婴 儿用的\nn.婴儿，幼儿，学童，搭配
promoting	
sectors	
samuel	
fluid	adj.不固定的，易变的，优美自然的，优雅的，流畅的，液体的，流体的\nn.液，流体
grounds	
fits	
kick	n.踢，蹬，见图，踢球\nv.踢，踢蹬，踢腿，责备自己，生自己的气，戒除恶习
regards	
meal	n.一餐，饭，粗磨粉，搭配
ta	interjection谢谢\nn.助教
hurt	adj.痛的，受伤的，受伤害的，痛苦的\nn.伤害，痛苦\nv.弄伤某人，弄伤，感觉疼痛，感到疼痛
machinery	n.机器，机械，农业，工业，工厂等机械
bandwidth	n.带宽
unlike	adj.不同的，不相似的\nprep.不像…，和…不同，不是…的特点，与…不同
equation	n.等式，方程式，影响因素，综合体，相似，联系
baskets	
probability	n.可能性，几率，概率，可能发生的事，可能存在的事
pot	n.烹饪，锅，茶壶，咖啡壶\nv.把栽入盆中，击入袋
dimension	n.方面，部分，纵深，长度，高度
wright	
img	
Barry	
proven	adj.被证实的，经验证的，prove的一个过去分词
schedules	
admissions	
cached	
warren	n.野兔窝，容易迷路的地方
slip	n.纸，小纸片，纸条，打滑\nv.摔倒或滑倒，滑倒，失足，去某处
studied	adj.刻意的，装模作样的
reviewer	n.评论家
involves	
quarterly	n.季刊\nv.一年四次的，每季度的
RPM	每分钟转数，转，分
profits	
devil	n.魔鬼，邪魔，邪灵，正说到某人他就来了，说曹操，曹操到
grass	n.在田野和花园里，草，青草，某种草，草地\nv.向警方告发，在上覆盖草皮
comply	v.服从，遵守
marie	
florist	n.花商，花店店主，见图，花店
illustrated	
cherry	n.樱桃，见图，樱桃树，樱桃木
continental	adj.美国大陆，美国本土，欧洲，亚洲大陆等，大陆的，大陆性的
alternate	adj.间隔的，语体，Friday，Fridays\nv.轮流，交替
deutsch	
achievement	n.成绩，成就，实现，完成
limitations	
Kenya	
webcam	n.网络摄像机
cuts	
funeral	n.葬礼，丧礼，丧葬费用，这是你自作自受
nutten	
earrings	
enjoyed	
automated	adj.自动化的
chapters	
pee	n.尿，撒尿，我们走之前有时间让我去撒个尿吗？\nv.撒尿
Charlie	n.笨蛋，蠢人，觉得自己很蠢
quebec	
nipples	
passenger	n.乘客，旅客，不做分内事的成员，搭配
convenient	adj.方便的，便利的，合宜的，语体，day等
dennis	
Mars	n.火星，见图
francis	
tvs	
sized	
manga	n.漫画书，连环画册，漫画
noticed	
socket	n.插座，见图，插口，插孔，窝，臼，槽，穴
silent	adj.不说话，不语的，缄默的，沉默的，沉默寡言的，坚强而沉默寡言的人
literary	adj.文学的，用于文学作品的，典雅的，爱好文学的
egg	n.鸟类，蛋，卵，煮蛋\nv.怂恿，鼓动
MHz	megahertz的书面缩写，兆赫
signals	
caps	
orientation	n.目标，方向，目的，兴趣，观点，取向，倾向，性取向
pill	n.药丸，药片，口服避孕药，给药丸加糖衣，把苦差事变得更容易接受，是令人讨厌的人\nv.起球，结绒
theft	n.盗窃罪，偷窃，偷盗，搭配
childhood	n.童年，儿童时代，儿时的家，朋友，经历等
swing	n.有绳子的座位，秋千，动作，挥动，挥舞\nv.从固定的点上移动，摆动，摇摆，摇荡，成弧线移动，旋转，转动
symbols	
lat	
meta	
humans	
analog	
facial	adj.脸上的，面部的，见图\nn.面部护理，美容
choosing	
talent	n.天资，天赋，才能，有才能的人，天才，人才，性感的人，搭配
dated	adj.过时的，老式的
flexibility	n.灵活性，弹性，柔韧性
seeker	n.找寻者，追求者
wisdom	n.智慧，才智，明断，智慧，知识，学问，普遍的看法
shoot	interjection呸，倒霉\nn.芽，苗，嫩枝，拍摄，打猎，狩猎\nv.杀死，伤害，射死，射伤，开枪等
boundary	n.分界线，边界，限度，界限，极限，扩大范围
mint	adj.崭新的，完好无损的，非常好的，很棒的\nn.薄荷，薄荷糖，一大笔钱，铸币厂\nv.铸造
packard	
offset	adj.胶印的，平版印刷的\nv.补偿，抵销，衬托出
payday	n.发放工资日，发薪日
philip	
elite	adj.出类拔萃的，精锐的\nn.精英，上层人士
gi	n.美国兵
spin	n.旋转，快速旋转，汽车，兜风\nv.旋转，快速旋转，某人头都晕了，某人感到天旋地转，情况
holders	
believes	
Swedish	adj.瑞典的，瑞典人的，瑞典语的\nn.瑞典人，瑞典语
poems	
deadline	n.截止时间，最后期限，紧迫，严格的期限
jurisdiction	n.司法权，审判权，管辖权，管辖区域
robot	n.机器人
displaying	
witness	n.罪案，意外事故，目击者，在法庭上\nv.罪案，意外事故，目击，亲眼看见，经历某事
collins	
equipped	
stages	
encouraged	
sur	
winds	
powder	n.粉，粉末，奶粉，吉士粉等，扑面粉\nv.给涂粉，补妆
broadway	
acquired	
assess	v.评价，评定，估价，估计
wash	n.洗，洗，清洗，冲洗，衣服\nv.洗某物，洗，洗涤，洗澡，洗
cartridges	
stones	
entrance	n.大门，入口，通道，前门\nv.使入迷
gnome	n.土地神，土地神石像
roots	
declaration	n.声明，宣告，宣言，申报
losing	
attempts	
gadgets	
noble	adj.高尚的，崇高的，贵族的，显贵的，宏伟的，堂皇的，壮丽的，惰性气体\nn.贵族
glasgow	
automation	n.自动化
impacts	
rev	n.旋转一周，牧师\nv.加快转速，更积极，更活跃
gospel	n.福音，传福音，信念，信仰，真理，绝对真理
advantages	
shore	n.岸，滨，岩岸，沙岸，这个国家\nv.支撑，帮助，支持
loves	
induced	
LL	
knight	n.骑士，武士，爵士，马，见图\nv.封为爵士
preparing	
loose	adj.固定得不牢的，松的，松动的，未固定住的，松开的，松脱的，零散的\nn.在逃，紧身的衣服，宽松的衣服，见图\nv.释放，发泄，释放，射出，使开始影响
AIMS	
recipient	n.接受者，领受者
linking	
extensions	
appeals	
CL	
earned	
illness	n.病，疾病，患病状态，搭配，生病
Islamic	
athletics	n.田径运动，体育运动
southeast	adj.来自东南方的，东南部的\nn.东南，东南方，东南部
IEEE	
HO	n.妓女，淫妇，荡妇
alternatives	
pending	adj.未定的，未决的，待定的，待决的，将要发生的，迫近的，待处理文件夹\nprep.在等待…之际，直到…时
parker	
determining	
Lebanon	
corp	
personalized	
kennedy	
GT	
sh	interjection嘘
conditioning	n.条件作用，形成条件反射的过程
teenage	adj.十几岁的，青少年的
soap	n.肥皂，见图，肥皂剧，搭配\nv.给…擦肥皂
AE	
triple	det.有三部分的，涉及三方的，三倍的，三重的\nn.三垒打，转体三周，空翻三周\nv.成为三倍，增加两倍
cooper	n.制桶工人
nyc	
Vincent	
jam	n.食物，果酱，汽车，人\nv.用力推，用力推挤，硬塞，机器
secured	
unusual	adj.异常的，不平常的，搭配，不寻常的
answered	
partnerships	
destruction	n.破坏，摧毁，毁坏，消灭，搭配
slots	
increasingly	v.不断增加地，越来越多地
migration	n.移居，迁移，迁徙，更新，转移
disorder	n.失调，紊乱，疾病，胃部，肺部，心脏等疾病
routine	adj.常规的，例行的，惯常的，一般的，平淡的，乏味的\nn.惯例，常规，例行公事，一套动作，一组笑话，例程\nv.搭配
toolbar	n.工具栏
basically	v.基本上，说白了，说穿了，本质上，基本上
rocks	
conventional	adj.传统的，常规的，守旧的，传统的，遵从习俗的，公众意见，普遍看法，常规的，非核子的
titans	
applicants	
wearing	adj.使人疲倦的，令人厌烦的
axis	n.轴，轴线，见图，对称轴，对称中心线，参考轴线，坐标轴
sought	seek的过去式和过去分词
genes	
mounted	adj.骑马的，安装在…上的
habitat	n.生活环境，栖息地，搭配
firewall	n.防火墙，隔火墙，防火墙
median	adj.中间值的，中位数的，中间的，中间的，穿过中点的\nn.中央分隔带，中央分道区，中位数，中线
guns	
scanner	n.扫描器，扫描仪，扫描装置，扫描仪，见图，办公室里
herein	v.在此处，在这种情况下，在本文中
occupational	adj.职业的，工作的，由职业引起的
animated	adj.生气勃勃的，活跃的，动画片，动画节目
horny	adj.性兴奋的，欲火中烧的，性感的，粗硬的，角制的，角质的
judicial	adj.法律的，法官的，裁决的，司法的
rio	
hs	
adjustment	n.调整，调节，调节，适应
hero	n.英雄，豪杰，勇士，男主角，男主人公，偶像，长面包三明治，潜艇三明治
integer	n.整数
treatments	
bachelor	n.未婚男子，单身汉，文学士，理学士，教育学士等
attitude	adj.搭配，良好的，恶劣的，积极的\nn.看法，态度，我行我素的作风
camcorders	
engaged	adj.已订婚的，电话占线的，忙音，使用中的
falling	
basics	n.基础，基本原则，基本需要，回归到基本的教育 ，返璞归真
montreal	
carpet	n.地毯，地上厚厚的一层东西，被上司叫去训斥，搭配\nv.在…上铺地毯，斥责，责备，责骂，厚厚地铺在
rv	n.野营车，活动房屋式旅游车，见图
struct	
lenses	
binary	adj.二进制，由两部分组成的，二元的，双重的
genetics	n.遗传学
attended	
difficulty	n.困难，费劲，难题，难事，困境，陷入困境
punk	n.朋克摇滚乐，朋克摇滚乐迷，追随朋克风格者，小流氓，阿飞
collective	adj.集体的，共同的，共有的\nn.集体企业 人员，集体经营的企业，集体农庄
coalition	n.联盟，联盟，同盟，联合，结盟，搭配
pi	n.圆周率
dropped	
enrollment	
duke	n.公爵
Walter	
AI	
pace	n.事件，变化的速度，速度，进度\nv.踱步，控制自己的速度，调整自己的生活 节奏，以脚步丈量，步测
besides	prep.除此之外，而且，语体，除…之外
wage	n.工资，薪金，工资水平，等级，维持基本生活的工资\nv.发动，进行
producers	
ot	
collector	n.收集者，收藏家，收税人，收票员
arc	n.弧，弧线，弧形，弧光，电弧
hosts	
interfaces	
advertisers	
moments	
atlas	n.地图集，地图册
strings	
dawn	n.黎明，破晓，见图，文明的开端，宇宙初开等\nv.破晓，天亮，开始，第一次有某种感觉，开始明白，醒悟
representing	
observation	adj.搭配\nn.观察，注意，监视，观察结果，评述，评论
feels	
torture	n.拷打，拷问，酷刑，折磨，煎熬\nv.拷打，拷问，对…施以酷刑，使受到折磨，使痛苦，使苦恼
Carl	
deleted	
coat	n.大衣，外套，短上衣，皮毛，覆盖物\nv.覆盖，盖，涂上
mitchell	
Mrs	夫人，太太，整洁夫人，高效夫人，爱打听夫人等
rica	
restoration	n.修复，整修，重新采用，恢复，王政复辟，王政复辟时期的喜剧
convenience	n.方便，便利，合宜，便利，自在，舒适
returning	
Ralph	
opposition	n.反对，反抗，对抗，反对党，在野党，在野的
container	n.容器，【英】，【美】一罐金枪鱼，【美】一罐豆子
YR	
defendant	n.被告
warner	
confirmation	n.证实，证明，确认函，坚信礼，坚振礼
APP	
embedded	
inkjet	
supervisor	n.监督人，指导人，主管人
wizard	n.男巫，术士，能手，奇才
corps	n.特种部队，特殊兵种，一群人，一组人，军
actors	
liver	n.肝脏，见图，肝
peripherals	
liable	adj.可能 做某事，负有偿付责任的，易受…影响的，易出问题的
brochure	n.小册子
morris	
bestsellers	
petition	n.请愿，诉状，正式请求，祈求\nv.请愿，请求，正式请求，祈求，祈祷
eminem	
recall	n.记忆，记忆力，记性，命令返回，召回\nv.记起某事，回想，回忆起，人，召回
antenna	n.触角，触须，见图，天线
picked	adj.经仔细挑选的，精选的
assumed	
departure	n.离开，起程，离开，离职，出发班次
Minneapolis	
belief	n.信心，信念，信任，信赖，信仰
killing	n.谋杀，发横财，获暴利
bikini	n.比基尼式游泳衣，三点式泳装
Memphis	
shoulder	n.身体的一部分，肩膀，衣服，衣服的肩部，衣肩\nv.承担责任，过失，费用，负担等
decor	n.装饰布局，装修风格
lookup	
texts	
Harvard	
brokers	
roy	
ion	n.离子\nsuffix行为，状态，结果
diameter	n.直径，见图
Ottawa	
doll	n.玩偶，玩具娃娃，俊妞，美人，大好人\nv.打扮起来
IC	
podcast	n.播客\nv.使可供播客下载
tit	n.乳房，奶子，烦扰某人，使某人厌烦，山雀
seasons	
Peru	
interactions	
refine	v.改进，完善，净化，提炼
bidder	n.出价者，投标者
singer	n.歌手，歌唱家
evans	
herald	n.传令官，某事的预兆\nv.预示…的发生，公开称赞
literacy	n.读写能力，识字
fails	
aging	adj.变老的，变旧的\nn.变老，变旧
Nike	
intervention	n.干涉，干预，介入
pissing	
fed	n.联邦调查局探员\nfeed的过去式和过去分词
plugin	
attraction	n.喜爱，喜欢，爱慕，吸引人之物，有魅力之物，诱惑物，旅游景点
diving	n.潜水，跳水
invite	n.邀请\nv.邀请，请求，招致，邀请同往
modification	n.修改，更改，改变，修改的行为，搭配
ALICE	
latinas	
suppose	v.我想,我认为，我想，我看，恐怕
customized	
reed	n.芦苇，簧舌，簧片
involve	v.包含，需要，涉及，影响
moderate	adj.中等的，适度的，不极端的，温和的，稳健的，有节制的，不过分的\nn.持温和观点的人，温和派人士\nv.和缓，减轻，节制，克制，审核
terror	n.恐惧，恐惧，惊恐，可怕的情况，可怕的事
younger	adj.小…
thirty	num.三十，三十年代，在三十到三十九岁之间，是三十多岁，（温度〕三十多度
mice	n.mouse的复数形式
opposite	adj.对立的，截然相反的，完全不同的，相反的，对面的，相对的，异性\nn.相反的人 ，对立物，不…，正好，完全相反，相异而相吸\nprep.在…的对面，和某人联袂主演，和某人演对手戏\nv.在对面
understood	understand的过去式和过去分词
rapidly	v.快速地，迅速地
dealtime	
ban	n.禁止，禁令，搭配，彻底禁止，完全禁止\nv.禁止，取缔，违禁药品
temp	n.临时雇员\nv.做临时雇员
intro	n.引子\nprefix向内
mercedes	
zus	
assurance	n.担保，保证，自信，镇定，保险，人寿保险
fisting	
clerk	n.办事员，文员，记账员，职员\nv.当职员
happening	adj.时兴的，流行的，刺激的\nn.发生的事
vast	adj.巨大的，广大的，广阔的，绝大多数
mills	
outline	n.纲要，梗概，要点，外形，轮廓，提纲，纲要，搭配\nv.概述，提出…的纲要，画…的轮廓，描…的外形
amendments	
tramadol	
Holland	
receives	
jeans	n.粗斜纹蓝布裤，牛仔裤
metropolitan	adj.大城市的，大都会的，法国本土的
compilation	n.辑，集，集子，激光唱片专辑，合辑，盒带专辑
verification	
fonts	
ent	
odd	adj.古怪的，奇特的，异常的，古怪的，偶尔的场合，日子
wrap	n.披肩，围巾，塑料保鲜薄膜，对某事保密，隐藏某事\nv.包，裹，围住，穿上暖和的衣服，完成，结束
refers	
mood	n.心情，心情，心境，情绪，情绪不好，有意做某事，有做某事的心情
favor	v.favour的美式拼法
veterans	
quiz	n.问答比赛，智力竞赛，小测验，小考\nv.查问，盘问
mx	
sigma	
GR	
attractive	adj.有吸引力的，有魅力的，好看的，漂亮的，美观的，有吸引力的，引人入胜的
xhtml	
occasion	n.时间，时刻，时候，时节，机会，时机\nv.引起，惹起
recordings	
jefferson	
victim	n.受害者，患者，被某人加害，罹患某疾病
demands	
sleeping	
careful	adj.当心！小心！，谨慎的，小心翼翼的，细心的，周密的，用钱谨慎\nn.小心的，仔细的，认真的，有条不紊的，彻底的，全面的，认真仔细的，一丝不苟的
ext	
beam	n.光束，光线，束，柱，梁，横梁，见图\nv.开怀大笑，眉开眼笑，发送，发，发射
gardening	n.园艺活，园艺手套，工具，设备等
obligations	
arrive	v.到某处，到达，抵达，送到，送达
orchestra	n.管弦乐队，正厅前排座位，见图
sunset	n.日落，薄暮，黄昏，日落，晚霞，落日余晖
tracked	
moreover	v.此外，而且，加之，再者，语体
minimal	adj.极小的，极少的，最小的，最少的
polyphonic	
lottery	n.抽彩给奖法，全国的，州的彩票抽奖，随机选择
tops	v.最多，充其量，最佳地，最受欢迎地
framed	
aside	n.旁白，窃语，小声说的话，题外话\nv.存，留，到旁边，在旁边，撇开
outsourcing	n.外包，外办
licence	n.文件，许可证，执照，证书，协议，许可
adjustable	adj.可调整的，可调节的
allocation	n.配给物，配给量，份额，拨给，分配，配给
Michelle	
essay	n.短文，论说文，小品文，散文，尝试，企图\nv.试图，企图
discipline	n.训练，管教，自制力，纪律，训练，专业，科目\nv.惩处，处罚，训练，管教，严格要求自己，约束自己
amy	
TS	
demonstrated	
dialogue	n.对话，对白，讨论，对话，意见交换
identifying	
alphabetical	adj.字母表的，按照字母顺序的
camps	
declared	adj.正式宣布的，公开声明的
dispatched	
aaron	
handheld	n.掌上电脑
trace	n.某事物的迹象，踪迹，痕迹，迹象，消失，隐没\nv.发现某人，某物，仔细找寻，来源
disposal	n.丢弃，处理，供某人使用，供某人支配，某人听候你调遣，垃圾处理器
shut	adj.关闭的，关上的，停止营业的，关门的，搭配\nv.关 上，关闭，闭嘴！住嘴！，关门，停止营业，对…视若无睹
florists	
packs	
GE	
installing	
switches	
Romania	
voluntary	adj.志愿组织，协会，机构等，志愿工作\nn.演奏曲
ncaa	
thou	n.汝，尔\nnum.一千，一千分之一
consult	v.咨询，请教，语体，商议，商量
phd	n.哲学博士学位，博士学位，攻读，开始
greatly	v.非常，十分，大大地
blogging	
mask	n.面具，面罩，口罩，外科手术口罩\nv.盖住，掩饰，隐瞒，掩盖，遮盖，遮住
cycling	n.骑自行车
midnight	n.子夜，午夜，半夜 12点整
NG	
commonly	v.通常，一般，经常地，广泛地，大量地
PE	n.体育教育，体育课
photographer	n.摄影者，见图
inform	v.通知，告知，影响，告发，检举
Turkish	adj.土耳其的，土耳其人的，土耳其语的\nn.土耳其语
coal	n.煤，煤块，木炭，煤块，多此一举
cry	n.表达情感的声音，叫喊声，喊叫，呼喊声\nv.流泪，哭，哭泣，眼睛都哭红了，哭得伤心欲绝
messaging	n.信息发送
pentium	
quantum	n.量子
murray	
intent	adj.执意做某事，专注的，专心致志的\nn.目的，意图，意图，实际上，差不多等于
TT	
zoo	n.动物园
largely	v.在很大程度上，主要地
pleasant	adj.令人愉快的，惬意的，舒适的，礼貌而友善的，和蔼可亲的\nv.语体
announce	v.宣布，宣告，公布，郑重地说，大声而肯定地说，广播通知，通报某人
constructed	
additions	
requiring	
spoke	n.轮辐，辐条，见图，阻挠某人的计划\nv.speak 的过去式
AKA	又名，亦称
arrow	n.箭，矢，箭号，箭头
engagement	n.婚前，婚约，订婚期间，订婚戒指
sampling	
rough	adj.不平的，粗糙的，不平的，不确切的，不确切的，粗略的，大致的\nn.搭配，粗糙的，不平的，不平坦的，高低不平的\nv.过艰苦的生活，勾勒，画…的轮廓，草拟，殴打，向…动粗
weird	adj.古怪的，奇异的\nv.古怪得令不安
tee	n.球座，见图，开球区，发球区\nv.开球，发球，使某人生气，激怒某人，见图
refinance	v.为…再筹措资金
lion	n.狮子，见图，最大的一份，龙潭虎穴
inspired	adj.卓越的，激动人心的，凭灵感 的正确猜测，选择等
holes	
weddings	
blade	n.刀刃，刀锋，刀片，桨叶
suddenly	v.突然，迅速而意外地，突如其来地，突然,迅速而意外地，突然，突然,没有警告
oxygen	n.氧
cookie	n.小甜饼，甜饼干，曲奇，厉害，精明能干的人，生米已煮成熟饭
meals	
canyon	n.峡谷，见图
goto	
meters	
merely	v.仅仅，只不过，只是，仅仅是，不仅仅
calendars	
arrangement	n.计划，安排，筹划，准备，协议，议定之事，协定
conclusions	
passes	
bibliography	n.参考书目，书目，文献目录
pointer	n.忠告，提示，点子，标志
compatibility	n.兼容性，相容，协调，和谐
stretch	adj.弹性的，可拉伸的\nn.一片地域，水域，一片地域，一片水域，时间\nv.使某物更大，更松，变大，变松
Durham	
furthermore	v.此外，而且，不仅如此，更有甚者
permits	
cooperative	adj.合作的，合作进行的，合作的，协作的\nn.合作性组织，合作企业，合作商店
Muslim	n.穆斯林，伊斯兰教徒
xl	特大号
neil	
sleeve	n.袖子，有后招，有锦囊妙计，唱片套
netscape	
cleaner	n.清洁工人，清洁器，清洁剂，干洗店
cricket	n.板球，蟋蟀，搭配
beef	n.牛肉，牢骚，怨言，葫芦里究竟卖什么药？\nv.老发牢骚，怨声不断，加强，改进，充实
feeding	
stroke	n.疾病，中风，卒中，脑卒中，游泳，划船\nv.轻抚，抚摸，见图，用手轻轻地移动，轻触，轻击
township	n.区，镇区
rankings	
measuring	
cad	n.粗野的男人，无赖汉，计算机辅助设计
hats	
robin	n.欧亚鸲，知更鸟，旅鸫
robinson	
jacksonville	
strap	n.带子，见图\nv.用带子束住，捆绑，系好安全带，包扎
headquarters	n.总部，总公司，总办事处，司令部，指挥部，大本营
sharon	
crowd	n.人群，见图，一群人，一伙人，一帮人，大众，百姓，凡夫俗子\nv.群集，聚集，拥挤，挤满，塞满，塞满
TCP	
transfers	
surf	n.拍岸的浪花\nv.冲浪，网上冲浪，浏览因特网
Olympic	adj.奥林匹克运动会的，奥运会的
transformation	n.改变，改观
remained	
attachments	
dv	
DIR	
entities	
customs	
administrators	
personality	n.个性，性格，名人，品质，个性，有突出个性的人
rainbow	n.彩虹，虹
hook	n.挂东西，挂钩，吊钩，钓鱼，鱼钩，钓钩\nv.鱼，钓，固定，把…固定在
roulette	n.轮盘赌
decline	n.衰落，没落，减少，削减，在下降，衰落\nv.减少，减少，降低，拒绝，拒绝，谢绝
gloves	
Israeli	adj.以色列的，以色列人的\nn.以色列人
medicare	n.老年人医疗保健制度
cord	adj.灯芯绒的\nn.粗线，细绳，索，带，见图
skiing	n.滑雪运动，滑水运动，越野，滑降滑雪
cloud	n.在天空中，云，在空中，云状物\nv.把…搞糊涂，显得阴沉，忧郁，使…蒙上阴影，使…不开心
facilitate	v.促进，使便利
subscriber	n.订阅者，订户，消费者，用户，会员，赞助者
valve	n.阀，活门，气嘴，瓣，见图
Val	
Hewlett	
explains	
proceed	v.继续进行，继续做，语体，继续，接着做，继而做
flickr	
feelings	
knife	n.刀，切肉刀，厨用刀，调色刀\nv.用刀刺
Jamaica	
priorities	
shelf	n.搁板，架子，搁板状岩石，暗礁，大陆架，不被考虑，搁置不用
bookstore	n.书店
timing	n.时机的掌握，火候的把握，时间，点火时间控制
liked	
parenting	n.养育，抚养
adopt	v.孩子，收养，领养，采用某种方法，政策
denied	
fotos	
incredible	adj.极好的，极大的，不可相信的，难以置信的
britney	
freeware	n.免费软件
fucked	adj.完全损坏的，状况极差的，完蛋
donation	n.捐赠物，捐助，献血，器官捐献
outer	adj.在外的，外面的，远离中心的，外部的，外面的
crop	n.庄稼，作物，一季的收成，收获，同时到达的某群人／同时发生的某些事\nv.剪短，裁切，啃吃，突然冒出来
deaths	
rivers	
commonwealth	
pharmaceutical	adj.制药的
Manhattan	
tales	
KATRINA	
workforce	n.全体从业人员，全体员工，劳动力，技术熟练的
Islam	n.伊斯兰教，伊斯兰教徒，伊斯兰教国家
nodes	
TU	
Fy	
thumbs	
seeds	
cited	
lite	adj.低热量的，低脂的，清淡的
GHz	
hub	n.中心，枢纽，毂，见图
targeted	
organizational	
skype	n.Skype软件
realized	
twelve	num.十二
founder	n.创立者，创办人，始创者\nv.失败，沉没
decade	n.十年，十年期
gamecube	
rr	乡村投递路线
dispute	n.争论，辩论，争端，纠纷，无可争辩，确定无疑，可商榷，有争议\nv.对表示异议，质疑，争辩，争论，争执，有分歧，争夺
Portuguese	adj.葡萄牙的，葡萄牙人的，葡萄牙语的\nn.葡萄牙人，葡萄牙语
tired	adj.困倦的，疲倦的，累的，对某事感到厌烦 的，老一套的，陈旧乏味的\nv.疲倦的，疲惫不堪的，累极了的，精疲力竭的
titten	
adverse	adj.不利的，有害的，反面的，不利条件
everywhere	v.在各个地方，到各个地方，处处，非常普遍，到处都是
excerpt	n.摘录，节录
ENG	
steam	n.气体，蒸汽，水蒸气，表面的雾气，水汽\nv.散发蒸汽，冒热气，蒸，乘汽船 旅行
discharge	n.准许离开，出院，退伍，排放\nv.让某人走，正式准许离开，通知出院，开除军籍
ef	
drinks	
ace	adj.王牌飞行员，顶尖运动员，滑雪高手等，极棒的，极好的\nn.扑克牌，A牌，技术好的人，一流高手，能手\nv.在…中取得好成绩，对…发球得分，对…发爱司球
voices	
acute	adj.问题，严重的，感觉，强烈的，剧烈的
Halloween	n.万圣节前夕
climbing	n.登山，攀岩，攀岩，登山
stood	stand的过去式和过去分词
sing	v.用你的嗓音，唱，歌唱，鸟，鸣，啼，啭
tons	v.大量，许多
perfume	adj.搭配\nn.香水，香味\nv.使充满香气，喷 香水于
carol	n.颂歌\nv.唱，说
honest	adj.品质，诚实的，正直的，讲话，回答等
Albany	
hazardous	adj.危险的，不安全的
restore	v.以前的状态，使恢复，恢复某人的视力，听力
stack	n.一叠，一堆，一摞，见图，大量 某物，烟囱\nv.整齐地堆起，摞起，把…成叠地放在，形势对某人不利
methodology	n.方法
somebody	n.某人，有人，是个人物，感觉很重要
sue	v.控告，起诉，告…的状，求和
ep	
housewares	n.家庭用品，家庭用品部
reputation	n.名誉，名望，搭配，有美名，恶名等
resistant	adj.有抵抗力的，抵抗…的，抵制的，反抗的，抗拒的
democrats	
recycling	n.回收利用，见图，环保方法，要回收利用的物品
hang	n.学会做某事，学会使用某物\nv.顶部固定，悬挂，吊，悬吊，图片等
gbp	
curve	n.曲线，弧线，曲线，弯曲处，曲线球\nv.弄弯，弯曲
Creator	n.创作者，创造者，上帝，造物主
amber	n.琥珀色，黄褐色，琥珀
qualifications	
museums	
coding	n.编码法，编码系统
slideshow	
tracker	n.追踪者，跟踪者
variation	n.差异，变化，变动，变化物，变体
passage	n.建筑物内，过道，走廊，来自书等，一段，一节
transferred	
trunk	n.树，树干，见图，汽车
hiking	n.徒步旅行，远足，见图
lb	
damn	adj.该死的，该死的，十足的，一点也没有，多得多\ninterjection该死，见鬼，天啊\nn.对毫不在乎，毫无价值\nv.非常，很，丝毫不，他妈的！，你这个混蛋！
pierre	
jelsoft	
headset	n.耳机，麦克风，见图
photograph	n.照片，相片，语体，搭配\nv.为…拍照，为…照相，语体，上镜，上相
oakland	
Colombia	
waves	
camel	n.骆驼
distributor	n.分销商，经销商，批发商，配电器，配电盘
lamps	
underlying	adj.根本的原因，原则，问题等，搭配
hood	n.风帽，兜帽，面罩，引擎盖，见图\nsuffix…时期，…状态
wrestling	n.摔跤
suicide	n.自杀，断送政治前程，经济发展之举，自杀性攻击
archived	
photoshop	
JP	
chi	
bt	
Arabia	
gathering	n.聚集，聚会，集会，情报
projection	n.计算，预测，估算，凸出的某物
juice	n.汁，水果 汁饮料，肉汁，胃液\nv.榨的汁，使有趣，使令人兴奋
chase	n.追逐，追赶，追捕，争取，努力获得\nv.跟随，追逐，追赶，追捕，见图
mathematical	adj.数学的，数学方程式，计算，公式等
logical	adj.合情合理的，合乎逻辑的
sauce	n.调味汁，酱汁，无礼的话，顶撞的话，应该一视同仁，适于此者亦应适于彼
fame	n.名声，名誉，名气，因…出名，搭配，赢得名气
extract	n.节录，选段，提炼物，提取物\nv.取出，拔出，提取，提炼
specialized	adj.专门的，专用的
diagnostic	adj.诊断的，判断的
Panama	
indianapolis	
AF	
payable	adj.应支付的，付给某人的
corporations	
courtesy	adj.免费提供的，礼节性拜访\nn.有礼的举止，礼貌，礼貌的行为，承蒙某人的允许，由于某人的好意
criticism	n.批评，批判，指责，评论，搭配
automobile	n.汽车
confidential	adj.机密的，机要的，神秘的，隐秘的
RFC	
statutory	adj.依照法令的，法定的
accommodations	
Athens	
northeast	adj.来自东北的，东北部的\nn.东北，东北方向
downloaded	
judges	
SL	
seo	
retired	adj.退休的
ISP	n.因特网服务提供商
remarks	
detected	
decades	
paintings	
walked	
arising	
nissan	
bracelet	n.手镯，臂镯，手链，见图
ins	
eggs	
juvenile	adj.少年的，幼稚的，年幼无知的，幼小的
injection	n.注射，资金注入，注入，搭配
Yorkshire	
populations	
protective	adj.保护的，防护的，关切保护的，爱护的，保护本国工业的，保护性的
afraid	adj.害怕的，恐惧的，语体，担心的，忧虑的，为某人
acoustic	adj.声音的，听觉的，原声吉他，扩音器
railway	n.铁路，铁道，铁路系统
cassette	n.卡式录音带，盒式磁带，暗盒，胶卷盒
initially	v.起初
indicator	n.指示物，指示者，转向指示灯，见图
pointed	adj.尖的，尖锐的问题，犀利的目光，刻薄的话
hb	
jpg	
causing	
mistake	n.错误，错误地，无意地，误以为是某物，某人\nv.弄错，误解，误会，你不会认错某人，某物，绝不可能搞错某人
norton	
locked	
eliminate	v.消除，根除，语体，淘汰，消灭，铲除
TC	
fusion	n.融合，合成，结合，混成音乐，合成音乐
mineral	n.矿物，矿产，矿物质
sunglasses	n.太阳镜，墨镜
ruby	n.红宝石，深红色
steering	n.转向装置，操纵装置
beads	
fortune	n.钱，大笔的钱，巨款，机遇，运气
preference	n.偏爱，偏好，而不是某事物，优待，优惠，优先，性取向，性偏好
canvas	n.帆布，油画，油画布，见图
threshold	n.门口，门槛，起始点，很高，低的忍痛力
parish	n.教区，行政小区
claimed	
screens	
cemetery	n.公墓，墓地
planner	n.策划者，设计者，规划者
Croatia	
flows	
stadium	n.体育场，运动场
Venezuela	
exploration	n.探索，探险，勘探，勘查
mins	
fewer	
sequences	
coupon	n.优惠券，折价券，赠券，订货单，参赛表格
nurses	
SSL	
stem	n.茎，梗，柄，见图，颈，柄，脚，烟斗柄\nv.阻止，遏制，封堵，阻止，堵住，止住，源于，来自，由…引起
proxy	adj.代理的，代表的，代替的\nn.由委托人代理，代理人，代表，指标
gangbang	
astronomy	n.天文学
lanka	
opt	v.选择，挑选，决定加入，选择参加，逃避职责，决定不参与
Edwards	
drew	v.draw的过去式
contests	
flu	n.流行性感冒，流感
translate	v.翻译，翻译，译，作为结果而发生，导致，造成
announces	
mlb	
costume	n.戏装，化装服，服装，装束，游泳衣，泳装
tagged	
berkeley	
voted	
killer	adj.危害极大的，极其危险的，极吸引人的，极其精彩的\nn.杀手，导致死亡的人，棘手的事［人］，极累人的事
bikes	
gates	
adjusted	
rap	n.音乐，说唱乐，敲，急敲\nv.击，笃笃地敲，急叩，音乐，表演说唱乐
tune	n.调子，曲调，旋律，以…的曲调，合调，走调\nv.为调音，调整，调节，调节，调，非常敏感的
bishop	n.主教，象，见图
pulled	
corn	n.谷物，谷粒，玉米，玉米粒
GP	n.全科医生，普通医师
shaped	
compression	
seasonal	adj.季节性的，时令的，当令的
establishing	
farmer	n.农场主，养殖场主
counters	
puts	
constitutional	adj.宪法 规定的，合乎宪法 的，宪法的，章程的，体质上的\nn.保健散步
grew	v.grow的过去式
perfectly	v.完全地，十足地，完美地，极佳地
tin	adj.锡制的\nn.锡，见图，罐头，罐
slave	n.奴隶，奴隶买卖，成为某事物的奴隶，完全受某物的控制\nv.拼命干，苦干，围着灶台转
instantly	v.立即，马上
cultures	
Norfolk	
coaching	n.指导，训练，执教网球，足球，橄榄球等
examined	
trek	n.艰苦长途旅行，一段路程\nv.长途跋涉，远足，徒步旅行
encoding	
litigation	n.诉讼，讼争
submissions	
OEM	
heroes	
painted	
lycos	
IR	
zdnet	
broadcasting	n.广播工作，广播业
horizontal	adj.水平的\nn.水平线，水平面，水平位置
artwork	n.插图，艺术作品
cosmetic	adj.装门面的，表面的，化妆用的，美容的
resulted	
portrait	adj.竖式的，纵向的\nn.人物画像，人物照片，肖像，见图
terrorist	n.恐怖分子，恐怖团体，组织，搭配
informational	
ethical	adj.关于伦理的，合乎道德的，道德上正确的
carriers	
ecommerce	
mobility	n.流动性，易变性，活动性，灵活性，出行津贴
floral	adj.花的，用花制作的，用花装饰的，见图
builders	
ties	
struggle	n.斗争，奋斗，奋斗，扭打，搏斗，挣扎脱身\nv.奋斗，拼搏，搏斗，争斗，争抢，艰难地行进
schemes	
suffering	n.痛苦，苦难，折磨
neutral	adj.在争吵中等，中立的，不偏不倚的，在战争中，中立的\nn.空挡位置，中立国，中立者，素净色
fisher	
rat	n.大老鼠，卑鄙小人，骗子，看上去像只落水老鼠，老鼠逃离沉船一样\nv.告发，告密，食言，背信弃义，出卖，告发
Spears	
prospective	adj.可能成为雇员的人，可能成功的候选人，潜在的客户等，很可能发生的
dildos	
bedding	n.床上用品，寝具，铺盖，垫草，花坛植物
ultimately	v.最后，最终
joining	
heading	n.标题，题目，类目
equally	v.相等地，相同地，均等地，平均地，同样 地
artificial	adj.人造的，人工的，见图，人为的，虚假的，不真挚的，矫揉造作的\nn.搭配，人造的，人工的，合成的
bearing	n.对某事有影响，有一些影响，没有影响等，迷失方向
spectacular	adj.壮观的，精彩的，令人印象深刻的，惊人的，突如其来的\nn.盛况，壮观的场面，盛大的演出
coordination	n.协调，协调，配合
connector	n.连接器，连接物
brad	n.圆形纸夹，角钉，无头钉，曲头钉
combo	n.小乐队，混合物，杂烩，混合食品
seniors	
worlds	
guilty	adj.羞愧的，羞愧的，内疚的，语体，犯罪的\nv.犯罪的，有罪的，负有责任的，应承担责任的，负有责任，有罪的，应受处罚的
affiliated	adj.隶属机构，俱乐部，成员等
activation	
naturally	v.当然，自然，当然了，那还用说，天生地
haven	n.安全地，避难所
tablet	n.药片，维生素片，安眠药片，消化片等
jury	n.陪审团，担任陪审员，裁判委员会，评审团
dos	n.磁盘操作系统
tail	n.动物，尾巴，见图，飞机\nv.跟踪，盯…的梢，变得越来越少，逐渐消失，形成塞车长龙
subscribers	
charm	n.魅力，魔力，吸引力，可爱之处，小装饰品，魔法\nv.迷住，吸引，吸引…的兴趣，迷住，向…施魔法，用魔法控制
lawn	n.草坪，草地，上等细棉布，上等细麻布
violent	adj.暴力的，强暴的，狂暴的，凶暴的，愤怒的，激烈的
Mitsubishi	
underwear	n.内衣，衬衣，平脚短裤，【英】，【美】女用内裤
basin	n.洗脸盆，盆，大碗，一盆 之量
soup	n.汤，陷入困境，搭配\nv.增大功率，升级，改装
potentially	v.潜在地，可能地
ranch	n.大牧场，平房，牧场主住宅
constraints	
crossing	n.人行横道，渡口，十字路口，交叉路口，横渡，横越
inclusive	adj.包括一切的，包容广阔的，范围广的，从 4月到 6月
dimensional	
cottage	n.乡村小屋，村舍，见图，搭配
drunk	adj.喝醉的，烂醉如泥，酒后滋事罪，因某事兴奋得忘乎所以\nn.醉鬼，酒鬼\nv.drink的过去分词
considerable	adj.相当大的
crimes	
resolved	
mozilla	
byte	n.字节，位组
toner	n.墨粉，色粉，润肤水
nose	n.在脸上，鼻子，在某人眼皮底下，当着某人的面，就在某人眼前\nv.缓慢地前行，将缓慢地向前开，探查，打探，搜寻，打听
latex	n.胶乳，橡浆，人工合成胶乳
branches	
anymore	v.不再
oclc	
delhi	
holdings	
alien	adj.陌生的，外国的，异域的，异族的，外星人 的\nn.外侨，外国人，语体，外星人
locator	
selecting	
processors	
pantyhose	n.连裤袜
plc	n.公开有限公司，股份有限公司
broke	adj.身无分文的，破产，孤注一掷，豁出去，如果还没坏就不要去修\nv.break的过去式
Nepal	
Zimbabwe	
difficulties	
juan	
complexity	n.复杂性，错综复杂，复杂之处
MSG	n.谷氨酸一钠，味精，短信，信息
constantly	v.持续不断地，经常地
browsing	
resolve	n.决心，决意\nv.解决，下决心，决意，作出决议，分解
Barcelona	
presidential	adj.与总统有关的
documentary	adj.纪录的，纪实的，文件的，文献的\nn.纪录片
cod	adj.假的，假冒的\nn.鳕鱼，鳕鱼肉，货到付款
territories	
melissa	
Moscow	
thesis	n.论文，毕业论文，学位论文，论点，主题
thru	prep.穿过，完成
jews	
nylon	n.尼龙，见图，尼龙长袜，连裤袜
Palestinian	
discs	
rocky	adj.岩石覆盖的，由岩石形成的，难以维持的，可能失败的
bargains	
frequent	adj.经常发生的，频繁的\nv.常去，常到
trim	adj.修长的，苗条健康的，整齐的，修剪齐整的\nn.修剪，处于良好状态，额外装饰\nv.剪，修剪，减少，削减
Nigeria	
ceiling	n.天花板，上限，最高限度，提高，下调上限
pixels	
ensuring	
Hispanic	adj.来自说西班牙语 国家的，与说西班牙语 国家有关的\nn.来自说西班牙语 国家的人
cv	n.简历，履历，见图，简历【英】，简历【美】
CB	n.民用波段
legislature	n.立法机关
hospitality	n.好客，殷勤，语体，us，饮食
gen	n.信息，情报\nv.了解，General的书面缩写，将军
anybody	n.任何人，一个人
procurement	
diamonds	
espn	
fleet	adj.快速的，迅捷的\nn.船队，舰队，车队
untitled	adj.无题的，没起名字的
bunch	n.一组事物，一束，一串，见图，一群人\nv.聚拢，簇拥，绷紧，起褶，将绑成一束
totals	
Marriott	
singing	n.唱，歌唱
theoretical	adj.理论的，理论上的，推想的，臆测的
afford	v.买得起，抽得出，承担得起，提供，给予
exercises	
starring	
referral	n.转送，介绍，提交
nhl	
surveillance	n.监视，盯梢，监视，侦察，监视，监察
optimal	adj.最佳的，最适宜的
quit	v.离开，离任，辍学，停止做，戒除
distinct	adj.明显不同的，截然不同的，不同种类的，完全不同于某事物，与某事物不同，清晰的，清楚的，明显的，确实存在的，确实的，不容忽视的
protocols	
lung	n.肺，见图
highlight	n.最突出 的部分，挑染的头发，强光部分，明亮部分\nv.使…突出，使注意力集中于，标出，突出显示，将染成浅色，挑染
substitute	n.代替者，替补队员，代课老师，代替物，替代品\nv.用代替，替代，顶替，替换，替代
inclusion	n.包含，包括，包括在整体中的某人
hopefully	v.有望，可望，怀有希望地，充满希望地
brilliant	adj.明亮的，明亮的，光辉夺目的，灿烂的，聪明的，聪颖的，才华横溢的
turner	n.车工，旋工
sucking	
cents	
Reuters	
TI	n.全音阶的第七音
FC	
gel	n.凝胶，冻胶，女孩\nv.成形，变明确，开始结为一体，开始联手，形成胶体，胶化，胶凝，给上发胶
todd	
spoken	adj.英语口语，口语等，口头话语，说话轻轻的\nv.speak 的过去分词
omega	n.奥米伽
evaluated	
stayed	
civic	adj.城镇的，城市的，市民的，公民的
assignments	
fw	
manuals	
doug	
sees	
termination	n.结束，终止，停止，终止妊娠
watched	
saver	n.储蓄者，储户
thereof	v.其，在其中
grill	n.烤架，栅状烤架，烧烤店，烧烤餐馆，门窗护栏\nv.烧烤，烤制，追问，审问，盘问
households	
GS	
redeem	v.改善某事物，补救，补偿，唯一可取之处，挽回影响，挽回声誉
rogers	
grain	n.食物，谷物，粮食，谷粒，木头等的纹理
AAA	
authentic	adj.正宗的，原汁原味的，原作的，真迹的，原创的，语体，可靠的，真实的
regime	n.政权，政府，军事，极权主义，法西斯政权
wanna	想要，想要个
wishes	
bull	interjection废话，胡说\nn.公牛，雄性动物，挺身面对困难，废话
montgomery	
architectural	
louisville	
depend	v.那得看情况，取决于，依靠，依赖，信赖，相信
differ	v.不同，不一样，有区别，有异议，有分歧，承认意见分歧，同意保留不同意见，恕我不同意
Macintosh	n.苹果电脑，麦金托什电脑
movements	
ranging	
Monica	
repairs	
breath	n.呼出的气，吸入的气，吸气量，一口气，一股新的气息，新的活力
amenities	
virtually	v.实际上，几乎，差不多，虚拟地，模拟地
cole	
mart	n.市场，集市，牲畜市场
candle	n.蜡烛，远逊于某人，某物，简直不能与某人，某物相比
hanging	n.绞刑，壁挂
colored	
authorization	n.授权，许可
tale	n.故事，陈述，传说，传闻，打小报告
verified	
lynn	
formerly	v.以前，从前
projector	n.电影放映机，投影仪
bp	
situated	adj.位于，坐落在
comparative	adj.相对的舒适，自由，富裕等，比较研究\nn.比较级形式
STD	n.性传播疾病
seeks	
herbal	adj.用香 草制成的
loving	adj.钟爱的，表示爱意的，热爱和平的，喜爱玩乐的，爱家的等
strictly	v.严格地，严厉地，完全地，确切地，严格地说
routing	
docs	
stanley	
psychological	adj.心理的，精神的，心理上的，心理战，最恰当时机
surprised	adj.吃惊的，惊奇的，惊讶的，诧异的，搭配，惊奇的,诧异的，极为惊讶的
retailer	n.零售商，零售商店
vitamins	
elegant	adj.高雅的，优美的，巧妙的，简洁的
gains	
renewal	n.恢复，重新开始，延长，展期
vid	
genealogy	n.家谱学，宗谱学，家谱，系谱图
opposed	adj.反对某事物，不赞成某事物，截然相反的，对立的，与某事物相反，而非某事物
deemed	
scoring	
expenditure	n.开支 ，支出，耗费，花费，搭配
panties	n.女式短裤，女式内裤，见图
Brooklyn	
Liverpool	
sisters	
critics	
connectivity	n.连接功能，连接性能
spots	
oo	
algorithms	
hacker	n.黑客
Madrid	
similarly	v.相似地，类似地
margin	n.页边的空白，页边，白边，见图，差数，利润，赚头
coin	n.硬币，抛硬币作选择，事情的另一面，同一事情密切相关的两个方面\nv.创造，杜撰，套句老话说，常言说得好，大发其财，暴富，铸
bbw	
solely	v.唯一地，仅仅，独一无二地
fake	adj.伪造的，冒充的，假的，假装的\nn.赝品，假货，见图，骗子，冒充者，假冒者\nv.仿造，伪造，假装，伪装，做假动作
salon	n.发廊，美发厅，美容院，高级服装店，时装店，客厅，会客室
collaborative	adj.合力，合作，协作项目等
norman	adj.诺曼式的，诺曼风格的，诺曼 的
fda	
excluding	prep.不包括，除去
turbo	n.涡轮增压发动机汽车
headed	adj.红头发的，鬈发的等，有两个头的，有三个头的等
voters	
cure	n.药剂，疗法，对策，措施，治愈，治疗\nv.治愈，治好，治愈，解决，改善
Madonna	n.圣母马利亚，圣母像
commander	n.指挥官，长官，海军中校军衔，海军中校，英国高级警官
arch	adj.淘气的，调皮的\nn.拱，见图，足弓，足背，弓状物\nprefix最高等级的，主要的\nv.拱起，成拱形
Ni	
murphy	
thinks	
thats	
suggestion	n.建议，提议，迹象，可能，微量的某事物
hdtv	
soldier	n.士兵，军人，见图\nv.继续干下去，坚持下去
phillips	
Asin	
aimed	
justin	
bomb	n.武器，炸弹，不好的表演，事件\nv.轰炸，向…投炸弹，炸毁，疾行，飞驶，快速前进，不及格，考砸，演砸
harm	n.损害，危害，伤害，没有受到伤害\nv.伤害，损害，语体，伤害，损害某人的形象
interval	n.间隔，间歇，短暂晴朗，每周，每 20分钟等
mirrors	
spotlight	n.聚光灯，见图，媒体的关注\nv.使显眼，使突出，使受注意，将聚光灯射向，聚光照明
tricks	
reset	adj.复位键\nv.校正，调整，重接，使复位，重新启动，重镶
brush	n.用于清洁，绘画的东西，刷子，毛刷\nv.清洁，使整齐，刷，扫
investigate	v.查明，调查，侦查，语体
thy	det.你的
expansys	
panels	
repeated	adj.反复的，再三的
assault	n.侵犯人身，殴击他人身体，袭击，攻击，抨击，闯关，冲击\nv.猛袭，攻击，袭击，使感到难受，困扰，抨击，攻击，严厉批评，攻克，解决
connecting	
spare	adj.备用的，备用钥匙，电池，衣服等\nn.备用品，备用轮胎，见图，零件，备件\nv.给予，拨出，抽出，腾出，多出的钱，时间等
logistics	n.统筹安排，后勤，物流
deer	n.鹿，见图
kodak	
tongue	n.嘴，舌，舌头，咂嘴，尖刻的嘴巴\nv.用运舌法吹奏，用舌头触碰，舔
bowling	n.保龄球，见图，投球
tri	
Danish	adj.丹麦的，丹麦人的，丹麦语的\nn.丹麦语，丹麦甜酥皮糕饼
pal	n.密友，好友，老兄，小子\nv.结伴，结成朋友
monkey	n.猴，顽皮儿童，淘气鬼，捣蛋鬼，恶作剧，骗人把戏，不轨行为\nv.胡闹，捣蛋，调皮
proportion	n.某物的部分，部分，份额，关系，比例\nv.使相称，使成比例
filename	n.文件名
skirt	n.裙子，下摆，森林，小山\nv.沿着…边缘走，围绕着，绕过，避开
Florence	
invest	v.投资，把投入，投资，语体，投入
honey	n.蜂蜜，亲爱的，宝贝，美女
um	interjection嗯
analyses	
drawings	
significance	n.重要性，意义，领会重要性，意思，含义，搭配
scenario	n.可能发生的事，可能出现的情况，可能出现的最坏，噩梦般的情况，剧情梗概
ye	n.汝等，尔辈，你们
FS	
lovers	
atomic	adj.原子能的，核能的，原子武器的，核武器的
approx	
symposium	n.专题研讨会，讨论会，专题论文集
Arabic	n.阿拉伯语
gauge	n.仪器，测量仪器，计量器，量规，【美】压力计，宽度\nv.判定，判断，测量，测出
essentials	
junction	n.连接点，汇合处，交叉口
protecting	
nn	
faced	
mat	adj.matt的另一种拼法\nn.地垫，地席，蒲席，小垫子
rachel	
solving	
transmitted	
weekends	
screenshots	
produces	
oven	n.烤箱，烤炉，很热的，炎热的
ted	
intensive	adj.强化的，加强的，密集的，集约式耕作，农业
chains	
kingston	
sixth	adj.第六的\nn.六分之一
engage	v.参加，参与，吸引，开始与某人攀谈，与某人
deviant	adj.反常的，变态的
noon	n.正午，中午
switching	
quoted	
adapters	
correspondence	n.信件，函件，通信，通信联系，关系，联系
farms	
imports	
supervision	n.监督，管理，指导，照看
cheat	n.骗子，作弊者，作弊，欺骗行为，不公平的事\nv.欺骗，作弊，见图，欺诈，欺骗，感觉不公平，感觉被骗
bronze	adj.青铜制的，青铜色的，古铜色的\nn.青铜，古铜，青铜色，古铜色，青铜艺术品，铜牌，铜章
expenditures	
sandy	adj.被沙覆盖的，多沙的，沙色的，浅黄褐色的，浅黄棕色的
separation	n.分开，分离，分离，离别，分居
testimony	n.证词，证据，证明
suspect	adj.骗人的，不诚实的，可疑的，不可信任的\nn.嫌疑人，可疑分子，通常涉及的人，常备物品，搭配\nv.猜想，怀疑，觉得，怀疑，怀疑有罪，认为有犯罪嫌疑，怀疑…的真实性
celebrities	
macro	n.宏指令\nprefix大的，巨型的，宏观的
sender	n.发送者，寄件人
mandatory	adj.依法必须做的，强制性的，义务的
boundaries	
crucial	adj.至关重要的，关键性的\nv.搭配
syndication	
gym	n.体育馆，健身房，健身房，体操，体育
celebration	n.庆祝会，庆祝活动，庆祝，祝贺，颂扬，搭配
kde	
adjacent	adj.邻近的，毗连的
filtering	
tuition	n.教学，讲课，学费
spouse	n.配偶
exotic	adj.异国风情的，外国情调的
viewer	n.电视观看者，电视观众，观看者，看片器
signup	
threats	
luxembourg	
puzzles	
reaching	
vb	
damaged	adj.被损坏的，受损伤的，情感受到伤害的，有心理创伤的
cams	
receptor	n.感受器，受体
piss	n.撒尿，尿，令生气，大量喝酒\nv.撒尿，费时间 做不可能的事，下大雨，笑破肚皮
laugh	n.笑，笑声，开心愉快的事，某人很有趣\nv.发出笑声，笑，开怀大笑，哄然大笑，歇斯底里地大笑等
Joel	
surgical	adj.外科的，外科手术用的，见图，外科用袜子
destroy	v.破坏，毁掉，摧毁，摧毁某人的信心，希望，信仰等
citation	n.表扬，表彰，传讯，传票，罚单，引文，引句，引语
pitch	n.运动场地，场地，参加比赛，强烈的感情\nv.扔,投,掷，用力投，球类运动，投
autos	
yo	interjection唷
premises	
perry	n.梨子酒
proved	
offensive	adj.无礼的，冒犯的，令人恼火的，令人不快 的，攻击的，进攻性的，进攻的，攻势的\nn.进攻，攻势，率先攻击，先发制人，魅力，外交攻势
imperial	adj.帝国的，皇帝的，英制的
dozen	num.一打，两打，三打，四打等
benjamin	
deployment	
teeth	tooth的复数形式
cloth	n.布料，一块布，牧师，教士
studying	
colleagues	
stamp	n.邮件，邮票，印记，印章，图章\nv.跺脚，跺，用力踩，踩某人
lotus	n.莲花，荷花，落拓枣，忘忧果
salmon	n.鲑鱼，三文鱼，大麻哈鱼，见图，鲑鱼肉，三文鱼肉，新鲜
Olympus	
separated	adj.分居的，不再同居的
PROC	
cargo	n.货物
tan	adj.棕黄色的，黄褐色的，晒黑的\nn.棕褐色肤色，棕黄色，黄褐色\nv.晒黑，鞣，硝
directive	adj.指示的，指导的\nn.正式命令，指示
fx	外汇
salem	
mate	n.同伴，同事，室友，朋友\nv.交配，使交配，把将死
DL	
starter	n.第一道菜，开胃小吃，参赛者，发令员，等待开始的号令，准备起跑
upgrades	
likes	
butter	adj.搭配\nn.黄油，牛油，某人装出一副老实样\nv.涂黄油于…，奉承，讨好
pepper	n.胡椒粉，甜椒，灯笼椒，柿子椒，见图\nv.在…上大量撒，使…布满，连续射击，连珠炮似的向某人提问
weapon	n.武器，兵器，凶器，武器，手段，工具，搭配
luggage	n.行李，见图，item  of luggage
burden	n.重担，负担，税务，财务，债务负担\nv.被某事所困扰，承受某事的负担，负载着某物，背负着某物
chef	n.厨师，主厨，厨师长，见图
tapes	
zones	
races	
isle	n.岛
stylish	adj.有风格的，时髦的
slim	adj.苗条的，修长的，微小的，不宽的，薄的\nv.减肥，减少，缩小，裁减，变苗条
maple	n.槭树，枫树，槭木，枫木
luke	
grocery	n.食品杂货，超级市场
offshore	adj.海上的，海底的，近海的，境外 的银行
governing	adj.统治的，执政的，管理的，指导原则
retailers	
depot	n.仓库，储存处，货场，公共汽车，有轨电车等车库，火车站，公共汽车站
kenneth	
comp	n.招待券，赠票，综合中学\nv.免费分发，赠送
alt	
pie	n.水果馅饼，派，见图，肉馅饼，蔬菜馅饼
blend	n.混合品，融合\nv.融合，糅合，混合，掺合，调和，混合调制，协调
Harrison	
ls	
julie	
occasionally	v.偶尔，偶然，间或，语体
cbs	
attending	
emission	n.排放物，散发物，散发，排放，搭配
Pete	
spec	n.规格说明，碰运气，眼镜
finest	
realty	n.房地产
JANET	
bow	n.鞠躬，鞠躬致谢，谢幕，船头，艏，弓\nv.鞠躬，见图，低头，俯，欠
penn	
recruiting	
apparent	adj.显而易见的，明白的，显得…的，表面上的
instructional	adj.提供指导的，教学用的
phpbb	
autumn	n.秋天，秋季
traveling	
probe	n.探针，航天探测器，太空探测器，深入调查，彻底调查\nv.调查，打探，探究，寻找，探测，探查
midi	adj.中长裙，连衣裙，外套\nn.乐器数字接口，MIDI接口
permissions	
biotechnology	n.生物技术
toilet	n.抽水马桶，坐便器，见图，体育运动中心，厕所，洗手间，卫生间
ranked	
jackets	
routes	
packed	adj.挤满人的，非常拥挤的，充满某物的，有大量某物的，收拾好行李的，紧密地
excited	adj.兴奋的，激动的，紧张不安的，性冲动的，有性欲的\nv.兴奋的，激动的，非常激动的，十分兴奋的，兴高采烈的，异常兴奋的，期待 某事
outreach	n.外展服务，扩大范围的服务
helen	
mounting	adj.越来越多的\nn.底座，座架
recover	adj.康复，恢复，好转，从恢复过来\nv.恢复健康，康复，语体，复原，恢复常态
tied	
lopez	
balanced	adj.客观公正的，不偏不倚的，均衡的，恰到好处的，镇静的
prescribed	adj.规定的
catherine	
timely	adj.适时的，及时的，及时，及时提醒
talked	
upskirts	
debug	v.排除的错误，从…拆除窃听器
delayed	
chuck	n.卡盘，夹盘，宝贝儿\nv.扔，抛，扔掉，丢弃，辞掉，放弃，终止，甩掉
reproduced	
HON	n.亲爱的，宝贝，honorary的书面缩写，荣誉的，名誉的
dale	n.山谷
explicit	adj.清楚明确的，直截了当的，清晰露骨的
calculation	n.计算，算计，自私的打算，估计，推断，预测，搭配
villas	
ebook	
consolidated	
boob	n.乳房，奶子，愚蠢的错误，傻瓜，笨蛋\nv.出错
exclude	v.不包括，把…排除在外，语体，someone
peeing	
occasions	
brooks	
equations	
newton	
oils	
sept	
exceptional	adj.非常好的，杰出的，罕见的，不寻常的，搭配
anxiety	n.焦虑，不安，担心，渴望，搭配
bingo	interjection好，妙\nn.宾戈游戏
whilst	conj.当…时，在…的过程中，虽然，尽管
spatial	adj.空间的
respondents	
unto	prep.对，向
Lt	
ceramic	
prompt	adj.迅速的，立刻的，及时的，准时的\nn.提词，提白，提示符\nv.促使，激励，引起，激起，为提示
precious	adj.宝贵的，珍稀的，贵重的，见图\nn.搭配\nv.非常少
minds	
annually	
considerations	
scanners	
ATM	n.自动取款机，自动柜员机，见图
xanax	
EQ	
pays	
cox	n.舵手
fingers	
sunny	adj.阳光充足的，开朗的，快乐的
ebooks	
delivers	
je	
Queensland	
necklace	n.项链，见图
musicians	
leeds	
composite	adj.合成的，复合的，合成的，拼成的\nn.复合物，混合物，合成照片
unavailable	adj.得不到的，不能接待的，不愿接待的
cedar	n.雪松，西洋杉，雪松木，杉木
arranged	
lang	
theaters	
advocacy	n.支持，拥护，提倡
raleigh	
stud	n.动物，种畜，种马，种畜场
fold	n.线条，褶，折痕，裥，折椅子，交叠双臂\nsuffix由…部分组成的，…倍\nv.折叠，折叠，对折，更小，更整齐
essentially	v.本质上，根本上
designing	
threaded	
uv	adj.紫外线的
qualify	v.有权，有资格，有权利，通过考试
fingering	n.指法
blair	
hopes	
assessments	
cms	
mason	n.石匠，石工，共济会会员
diagram	n.图解，示意图\nv.以图表示，用图显示
burns	
pumps	
slut	n.淫妇，荡妇
ejaculation	
footwear	n.鞋，鞋类，见图
SG	
vic	
Beijing	
peoples	
victor	n.得胜者，胜利者
mario	
POS	
attach	v.系，绑，贴，固定
licenses	
Utils	
removing	
advised	
Brunswick	
spider	n.蜘蛛，蜘蛛程序，搭配
phys	
ranges	
pairs	
sensitivity	n.理解别人，体贴，体恤，情况，话题
trails	
preservation	n.保存，保护，维护，保持，维持
Hudson	
isolated	adj.孤零零的，偏僻的，孤单的，孤独的，单独的，个别的
calgary	
interim	adj.过渡期间的，临时的，过渡期，期间\nn.在此期间
assisted	
divine	adj.神的，上帝的，天赐的，极好的，极妙的\nv.发现，猜出，探测地下水
streaming	n.串流，流式传播
approve	v.批准，认可，赞许，赞成，同意
chose	v.choose的过去式
compound	adj.复眼，复叶等，复合名词，形容词等\nn.化合物，混合体，复合物，四周有篱笆 的建筑群，复合词\nv.使恶化，加重，加剧，恶化，由某物混合而成，以复利计算支付
intensity	n.强烈，剧烈，强度
technological	adj.技术的，科技的，工艺的
syndicate	n.辛迪加，商业财团，企业联合组织\nv.安排出售给多家报刊发表
abortion	n.人工流产，堕胎
dialog	
venues	
blast	interjection真讨厌，真该死\nn.空气，风，一阵疾风，一股气流\nv.枪炮，炸弹，炸毁，炸伤，炸死，开枪打伤
wellness	n.健康
calcium	n.钙
newport	
antivirus	
addressing	
Pole	n.棒，杆，杆，柱，竿，地极\nv.用篙撑
discounted	
indians	
shield	n.盾，盾牌，防暴盾牌，盾形奖牌，盾形纹 章\nv.保护，保卫，语体
harvest	n.收获期，收获，收割，收成，收获量\nv.收获，收割
membrane	n.膜，薄膜，膜状物
Prague	
previews	
Bangladesh	
constitute	v.被视为，被算作，组成，构成，语体，成立，设立
locally	v.在本地，在当地，局部地
concluded	
pickup	
desperate	adj.不惜冒险的，拼命的，绝望的，非常需要…的，极其需要…的，危急的，严峻的，孤注一掷的
mothers	
nascar	
Iceland	
demonstration	n.示威，游行，见图，示范，演示，表示，表露
governmental	adj.政府的，与政府有关的，政府机构
manufactured	
candles	
graduation	n.毕业，毕业典礼，刻度
mega	adj.非常大的，给人深刻印象的，十分令人愉快的\nprefix百万，兆，非常，十分，巨大的，庞大的
bend	n.拐弯，弯道，鞠躬，俯身，弯曲\nv.倾侧，俯身，弯腰，压弯，弄弯
sailing	n.帆船运动，驾船航行，见图，起航时间
variations	
moms	
sacred	adj.上帝的，神的，宗教的，很重要的，神圣的，深受尊重的，怎么能这样呢？
addiction	n.瘾，毒瘾，海洛因瘾，酒瘾等
Morocco	n.摩洛哥革
chrome	n.铬合金，见图
tommy	
Springfield	
refused	
brake	n.刹车，制动器，车闸，后刹车，前刹车，见图\nv.刹车，急刹车
exterior	adj.外部的，外面的，室外的，外来的\nn.外部，外观，表面上镇定，冷漠等
greeting	n.问候，招呼，生日，圣诞等的贺词，你好！
ecology	n.生态，生态学，搭配
oliver	
Congo	
glen	n.峡谷，幽谷
botswana	
nav	
delays	
synthesis	n.综合物，综合体，综合，合成
olive	n.橄榄，黑橄榄，绿橄榄，见图
undefined	
unemployment	n.失业人数，失业，失业救济金，搭配
cyber	
verizon	
scored	
enhancement	
newcastle	
clone	n.克隆动物 ，无性繁殖的个体，仿制的计算机，极为相似的人\nv.克隆，使无性繁殖，盗用
dicks	
velocity	n.速度，高速
lambda	
relay	n.轮班，轮换，接力赛，中继设备，转播设备\nv.传达，传递，中继转发，转播，重铺，重新铺设
composed	adj.看起来平静的，镇定的，码放整齐的
tears	
performances	
oasis	n.绿洲，宁静宜人的地方
baseline	n.基线，准线，底线，见图，垒线
cab	n.出租车，的士，叫一辆出租车，司机室 ，驾驶室，出租马车
angry	adj.发怒的，生气的，气愤的，生自己的气，昏暗的，狂风暴雨的，黑压压的\nv.发怒的，生气的，气愤的，生气的，恼怒的，有点生气的
FA	n.全音阶的第四音，足球协会，足协，什么都没有，无
societies	
silicon	n.硅
Brazilian	adj.巴西的，巴西人的\nn.巴西人，巴西式除毛
identical	adj.完全相同的，非常相似的
petroleum	n.石油
compete	v.企业，竞争，无法竞争，人
ist	
Norwegian	
lover	n.情人，爱好者
belong	v.应在，适合，能适应，感到自在
Honolulu	
beatles	
lips	
escort	n.护卫者，护送车辆，陪伴某人参加正式社交活动的人，受雇陪同某人参加社交活动的人\nv.护送，护卫，陪同游览，给当导游，陪同参加社交活动
retention	n.保持，保留，潴留，滞留，记忆力
exchanges	
pond	n.池塘，在大西洋的另一边，搭配
rolls	
thomson	
barnes	
soundtrack	n.电影配乐
wondering	
Malta	
daddy	n.爸爸，爹爹，老大
LC	
ferry	n.渡船，摆渡\nv.摆渡，渡运
rabbit	n.兔，兔毛，兔肉\nv.唠叨，喋喋不休
profession	n.专业，行业，某职业的全体人员，同业，同行，公开表示，表白
seating	n.全部座位，座位安排，座位设置
dam	n.水坝，水堤，堤坝，见图，乡间，母兽\nv.筑坝拦，在…中筑堤，阻止，抑制
cnn	
separately	
physiology	n.生理学，生理机能，生理
lil	
collecting	
DAS	
exports	
omaha	
tire	n.tyre的美式拼法，见图，汽车\nv.感到累，感到疲劳，语体，对…感到厌烦，不厌其烦地做某事
participant	n.参加者，参与者
scholarships	
recreational	
dominican	n.多明我会修士
Chad	
electron	n.电子，见图
loads	
friendship	n.友谊，朋友关系，友情，友谊，友好，搭配
heather	n.欧石楠
passport	n.护照，获取成功，健康，爱情等的通行证
motel	n.汽车旅馆，见图，住的地方
unions	
treasury	n.财政部，金库，宝库
warrant	n.令状，许可，不是 某事的正当理由\nv.需要，值得，保证，我 保证
SYS	
Solaris	
frozen	adj.食物，冷冻的，冷藏的，冻僵，极冷，土地\nv.freeze的过去分词
occupied	adj.忙于…的，从事…的，已被占用的，有人使用的，被占领的，遭侵占的
josh	v.开玩笑，戏弄
royalty	n.王室 成员，版税，使用费
scales	
rally	n.大型公众集会，汽车拉力赛，公路汽车赛，止跌回升，连续对打，拉锯战\nv.集合，召集，复原，恢复
observer	n.观察者，观察员，观察员，旁听者，目击者
sunshine	n.阳光，日照，欢乐，幸福，带来欢乐的人，哥们，老兄
strain	n.焦虑，紧张，因压力大而崩溃，困难\nv.损伤，拉伤，扭伤，损伤，努力，使劲，竭力，用尽全力
drag	n.乏味无聊的事，令人讨厌且耗费时间的事，是某人，某物的累赘\nv.拖 某物，拖，拉，拖 某人，硬拉，硬拖，硬拽
ceremony	n.典礼，仪式，礼仪，礼节，随意地，不讲究礼节地，粗鲁无礼地，搭配
somehow	v.用某种方法，不知怎的，由于某种不明原因，不知为什么
arrested	
expanding	
provincial	adj.省的，外省的，地方的，偏狭的，守旧的\nn.首都以外的人，地方居民
investigations	
icq	
ripe	adj.成熟的，适宜做某事，做某事条件成熟，时机已经成熟，很大年纪
yamaha	
rely	v.信任，信赖，依赖
medications	
Hebrew	n.希伯来语，希伯来人
gained	
Rochester	
dying	adj.最后的时刻，几分钟，几秒钟，临终的，临死的\ndie的现在分词
laundry	n.待洗的衣物，刚洗过的衣物，洗衣房，洗衣店
stuck	adj.卡住的，无法移动的，动不了的，无法摆脱困境的，被难倒的，难住的，没法进行下去的\nstick 的过去式和过去分词
Solomon	所罗门
placing	n.名次，排名
stops	
homework	n.家庭作业，功课，准备工作，搭配，做家庭作业
adjust	v.适应，习惯，语体，你很快就会习惯的。
assessed	
advertiser	n.登广告者，广告商，《…广告报》
enabling	adj.使可能的，授予权力的
encryption	
filling	adj.使人感到饱的\nn.填料，馅，填充料
downloadable	adj.可下载的
sophisticated	adj.见多识广的，练达的，有鉴赏力的，复杂的，精密的，尖端的
imposed	
silence	n.没有响声，无声，寂静，不说话，沉默，缄默\nv.使安静，使缄默，使封口，压制
SCSI	n.小型计算机系统接口
focuses	
Soviet	adj.苏联的，苏联人民的\nn.苏维埃
possession	n.拥有某物，拥有，持有，占有，个人拥有的东西，所有物
CU	cubic的书面缩写，立方的
laboratories	
treaty	n.条约，搭配
vocal	adj.声音的，使用嗓音的，唱歌的\nn.歌唱部分，声乐部分
trainer	n.教练，驯兽师，运动鞋，跑鞋，见图
organ	n.身体部位，器官，阳物，阳具，音管
stronger	
volumes	
advances	
vegetables	
lemon	adj.淡黄色的，柠檬黄的\nn.柠檬，见图，柠檬饮料，淡黄色，柠檬黄
toxic	adj.有毒的，由有毒物质引起的
DNS	
thumbnails	
darkness	n.黑暗，漆黑，邪恶，魔鬼，邪恶力量
pty	proprietary的书面缩写，
WS	
nuts	adj.发疯的，发狂的，欣喜若狂，火冒三丈，对某人\ninterjection哎呀，坏了，去你的，混蛋
nail	n.钉子，指甲刀，钳，美甲用具\nv.钉，将…钉牢，封死，抓住，逮住，得到
bizrate	
Vienna	
implied	
span	n.时距，期间，持续时间，跨距，墩距，全长\nv.持续，贯穿，跨越，包括，跨越，横跨\nspin的过去式
stanford	
sox	n.短袜
stockings	
joke	n.笑话，玩笑，简直是在开玩笑，完全是一场闹剧\nv.说笑话，开玩笑，你 是在开玩笑吧，言归正传，说正经的
respondent	n.回答问题的人，被告
packing	n.包装，打包，装箱，收拾行李，包装材料
statute	n.法令，法规，成文法，条例，章程
rejected	
satisfy	v.使满意，满足，让某人吃饱，满足某人的胃口
destroyed	
shelter	n.栖身之地，住处，庇护，掩蔽，遮蔽，庇护所\nv.为…提供庇护处，收容，躲避，避难
chapel	n.小教堂，小礼拜堂，教堂，礼拜仪式
gamespot	
manufacture	n.生产，制造，商品\nv.生产，制造，编造，生成
layers	
wordpress	
guided	
vulnerability	
accountability	
celebrate	v.庆祝，赞扬，赞美，歌颂，主持
accredited	adj.鉴定合格的，达到标准的，被派驻国外的
appliance	n.家用电器，家用器具，电器，燃气用具
compressed	
Bahamas	
powell	
mixture	n.混合，混合体，混合液，混合料，混合物
zoophilia	
bench	n.户外座椅，长凳，长椅，在法庭，法官席\nv.不让…上场，罚…出场
univ	
tub	n.容器，小钵，盒，盆，缸，见图
rider	n.骑马者，骑师，骑车者，附文，附件，附加条款
scheduling	
radius	n.半径，见图，半径范围，周围
perspectives	
mortality	n.死亡率，死亡数，必死性，生命的有限性，死亡
logging	n.伐木
hampton	
christians	
borders	
therapeutic	adj.使人镇静的，使人放松的，治疗的
pads	
butts	
inns	
bobby	n.警察
impressive	adj.令人钦佩的，给人深刻印象的
sheep	n.羊，绵羊，羊群，盲从，不独立思考，用充满爱意的眼神看某人，向某人送秋波
accordingly	v.相应地，因此，所以
architect	n.建筑师，建筑设计师，某事物的创造者
railroad	n.铁路，铁路系统，见图\nv.迫使 仓促行事
lectures	
challenging	adj.富于挑战性的，困难而有趣的
wines	
nursery	n.托儿所，苗圃，幼儿园教育，幼儿园机构
harder	
cups	
ash	n.灰，灰烬，见图，骨灰，废墟，灰烬
microwave	n.微波炉，见图，吃东西的地方，微波\nv.用微波炉烹调
cheapest	
accidents	
travesti	
relocation	
stuart	
contributors	
Salvador	
ALI	
salad	n.色拉，拌色拉，凉拌菜，水果
Np	
monroe	
tender	adj.食物，嫩的，软的，身体的部位，一触即痛的\nn.投标，对某物进行招标，驳运船，补给船，交通艇，煤水车\nv.递呈，呈交，提出，投标
violations	
foam	n.泡沫橡胶，海绵橡胶，泡沫，剃须泡沫\nv.起泡沫，口吐白沫，大发雷霆
temperatures	
paste	n.肉酱，鱼酱，番茄酱等，糊状物\nv.粘贴
clouds	
competitions	
discretion	n.决断能力，处理权，酌情决定权，根据某人的决定
tft	
Tanzania	
preserve	n.果酱，腌菜，独有 的活动，私人渔猎区\nv.维护，保护，保存，保持，维持，腌制，保存
jvc	
poem	n.诗，韵文，搭配
vibrator	n.振动器，振动按摩器
unsigned	adj.没有署名 的，没有签约的
staying	
cosmetics	n.化妆品，美容品
Easter	n.复活节，复活节期间
theories	
repository	n.仓库，贮藏室，存放处，博学者
praise	n.赞扬，赞美，崇拜，赞颂，谢天谢地！感谢上帝！，搭配\nv.称赞，赞扬，表扬，对某人，某事赞叹不已，把某人，某事捧上天
jeremy	
Venice	
jo	
concentrations	
vibrators	
Estonia	
Christianity	n.基督教
veteran	n.老兵，退伍军人，老手，经验丰富的人，资深记者，资深演员
streams	
landing	n.着陆，降落，摔机，紧急着陆
signing	n.签字，签署，签约受聘者，签约受雇者，签约聘用，签约雇用，手语的使用
executed	
katie	
negotiations	
realistic	adj.现实的，实际的，实事求是的，能够实现的
dT	
CGI	n.计算机成像
showcase	n.显示优点的场合，玻璃陈列柜
integral	adj.必需的，不可缺少的，作为组成部分的，内置的
asks	
relax	v.休息，放松，见图，变得平静
Namibia	
generating	
christina	
congressional	
synopsis	n.提要，概要，梗概
hardly	v.几乎不，几乎没有，几乎每天，每周
prairie	n.大草原
reunion	n.聚会，重聚联欢会，团圆，团聚
composer	n.作曲家
bean	n.豆，豆荚，见图，豆科植物\nv.打的头部
sword	n.剑，刀，达摩克利斯之剑，用剑刺死某人
absent	adj.缺席的，不在的，语体，she is away，缺乏的，不在场的\nv.缺席，不参加
photographic	adj.照片的，摄影的，摄制的
sells	
Ecuador	
hoping	
accessed	
spirits	
modifications	
coral	adj.珊瑚色的，粉红色的，橘红色的\nn.珊瑚
pixel	n.像素
float	n.车辆，彩车，花车，饮料，浮有冰激凌的饮料\nv.在水上，浮，漂，使浮起，在空中
colin	
bias	n.偏见，成见，偏心，天赋，偏爱\nv.使有偏见，使倾向一方
imported	
paths	
bubble	n.气泡，泡沫，气泡，略微的某种感情，话框\nv.起泡，冒泡，沸腾，发出噗噗声，激动，兴奋
por	
acquire	v.购得，得到，取得，获得，语体，学到，获得
contrary	adj.相反的，相对的，与普遍的看法，观点相反，逆向的\nn.正相反，恰恰相反，相反的证据，陈述等
millennium	n.一千年，千年期，新千年开始的时刻，新千年开始之际
tribune	n.护民官，保民官
vessel	n.船，舰，血管，容器，器皿
acids	
focusing	
viruses	
cheaper	
admitted	
dairy	n.牛奶场，乳品场，牛奶公司，乳品公司
admit	v.接受事实，承认，直率地，公开
MEM	
fancy	adj.昂贵的，豪华的，十分昂贵的价格，花哨的，别致的\nn.喜欢，希望，喜爱，想要\nv.喜欢，想要，喜欢，想要，性吸引
equality	n.平等，搭配
samoa	
GC	
achieving	
tap	n.水，煤气，龙头，阀门，冷水\nv.轻拍，轻拍，轻叩，轻敲，音乐，用打节拍
stickers	
fisheries	
exceptions	
reactions	
leasing	
lauren	
beliefs	
CI	
macromedia	
companion	n.伴侣，同伴，饭友，酒友，成对物品中的一件
squad	n.运动队，球队，特别行动小组，班，小队
analyze	v.analyse的美式拼法
ashley	
scroll	n.纸卷，卷轴，涡卷形装饰\nv.上下滚动，滚屏
relate	v.相联系，有关联，语体，证明…有联系，把…联系起来，讲述
divisions	
swim	n.游泳，蛙泳，仰泳，自由泳\nv.在水中移动，游水，游泳，水中的动物，游动
wages	
additionally	v.除此之外，此外
suffer	v.疼痛，受苦，遭受，语体
forests	
fellowship	n.友情，友谊，团体，团契，研究员职位
nano	
invalid	adj.无效的，作废的，站不住脚的，不能识别的，不接受的\nn.病弱者，年迈者，伤残者\nv.退役
concerts	
martial	adj.军事的，战争的
males	
Victorian	adj.英国维多利亚 时代的，维多利亚 时代特有的\nn.维多利亚 时代的英国人
retain	v.保留，保有，继续拥有，语体，保存，储存
colours	
execute	v.杀死某人，将…处死，做某事，实行
tunnel	n.隧道，洞穴通道，搭配\nv.挖掘，掘，凿，挖
genres	
Cambodia	
patents	
copyrights	
yn	
chaos	n.大混乱，紊乱，无秩序状态，宇宙的混沌状态
lithuania	
mastercard	
wheat	n.小麦，分清好坏，去芜存菁
chronicles	
obtaining	
beaver	n.河狸，海狸\nv.卖力地干，努力工作
updating	
distribute	v.分发，分配，分送，分销，经销，散布，分布，撒，播，分布，分散
readings	
decorative	adj.装饰的，装饰用的
kijiji	
confused	adj.困惑的，糊涂的，不清楚的，混乱的，难懂的\nv.困惑的，糊涂的，困惑的，迷惑的，非常困惑的，困惑的，迷惑而惊讶的
compiler	n.编著者，编纂者，编译程序，编译器
enlargement	n.放大的照片，扩大，增大
eagles	
bases	basis的复数形式
vii	
accused	n.被告
bee	n.蜜蜂，见图，一心想着，念念不忘，缝纫会
campaigns	
unity	n.团结，联合，一致，整体
loud	adj.大声的，喧闹的，过于自信而说话声过大的，大嗓门的，花哨的，扎眼的，竭力赞扬\nn.大声的，喧闹的，吵闹的，聒噪的，嘈杂的，喧闹的，吵闹的，粗野的\nv.响亮地，大声地，容易理解，清楚明白，出声地
conjunction	n.与某人，某物共同，连同某人，某物，巧合
bride	n.新娘
rats	interjection讨厌
defines	
airports	
instances	
indigenous	adj.土生土长的，本地的
begun	v.begin的过去分词
cfr	
brunette	n.深褐色头发的女子
packets	
anchor	n.锚，见图，新闻节目主持人，主播，支柱\nv.抛，停，使稳固，使固定，扎根于，支持，保护，帮助
socks	
validation	
parade	n.游行，列队行进，阅兵式，在接受检阅\nv.抗议，庆祝，游行，列队行进
corruption	n.贪污，受贿，腐败，贿赂，政治腐败，官员腐败
stat	
trigger	n.扳机，成为引发的因素\nv.引发，激发，触发回忆，使爆炸，启动，引发
incentives	
cholesterol	n.胆固醇
gathered	
Essex	
Slovenia	
notified	
differential	adj.基于差别的，依差别而定的\nn.差别，工资级差，工资差别，差速器，差动齿轮
beaches	
folders	
dramatic	adj.巨大而突然的，急剧的，激动人心的，给人深刻印象的，表演的\nadv.搭配
surfaces	
terrible	adj.剧烈的，厉害的，非常严重的，很糟的，极差的
routers	
cruz	
pendant	n.垂饰，挂件，吊坠，见图
dresses	
Baptist	n.浸礼会教徒
scientist	n.科学家
starsmerchant	
hiring	
clocks	
arthritis	n.关节炎
BIOS	
females	
wallace	
nevertheless	v.然而，不过，尽管如此
reflects	
taxation	n.征税，课税，税收，直接税，间接税，税收，税款
fever	n.发烧，发热，语体，高度兴奋，狂热，极端活跃，选举
pmc	
cuisine	n.烹饪，特制饭菜，菜肴
surely	v.想必，谅必，绝不可能，绝对不会，必定，无疑，当然
practitioners	
transcript	n.抄本，副本，转录本，学生成绩单
myspace	聚友网
theorem	n.定理
inflation	n.物价上涨 ，通货膨胀，充气，搭配，低的
thee	n.汝，尔
NB	
ruth	
pray	v.祈祷，祷告，强烈地希望，祈望，祈求，请，恳请
stylus	n.唱针，尖笔，铁笔，触笔
compounds	
pope	n.教皇，教宗，教皇是天主教徒吗？这还用问？
drums	
contracting	
topless	adj.不穿上装的，上身裸露的，无上装酒吧，表演
arnold	
structured	adj.有组织的，有条理的，精心安排的
reasonably	v.尚可，还可以，合理地，公平地，理智地，明智地
jeep	n.吉普
chicks	
bare	adj.未穿衣服，赤裸的，裸露的，光着头的，裸着胸的\nv.使暴露，使赤裸，露出，敞开心扉，诉说衷肠，非常，许多
hung	hang的过去式和过去分词
cattle	n.牛，奶牛，菜牛，20
mba	n.工商管理学硕士，攻读，拥有工商管理学硕士学位
radical	adj.变革，差异，重大的，根本的，观点\nadv.搭配\nn.激进分子
graduates	
rover	
recommends	
controlling	adj.控制欲强的，有控制欲的
treasure	n.金银财宝，埋在地下的，被藏起来的，沉在海底的财宝\nv.珍藏，珍惜，珍视
reload	v.再装填，重新载入
distributors	
flame	n.火焰，熊熊燃烧，突然着火，失火\nv.变成火红色，燃烧，发送愤怒 的电子邮件
Levitra	
tanks	
assuming	conj.假定，假设
monetary	adj.货币的，金融的
elderly	adj.年老的，渐老的，老人，上了年纪的人
pit	n.洞，坑，采石坑，矿坑\nv.使留下疤痕，使有凹陷，除去…的核，停车加油，停车检修
arlington	
mono	adj.单声道的\nn.传染性单核细胞增多症，单声道录 音系统\nprefix一个，单一
particles	
floating	adj.不固定的，浮动的\nn.坐浮箱
extraordinary	adj.异乎寻常的，令人惊奇的，太奇怪了！，非凡的，出色的
tile	n.瓷砖，墙砖，地砖，见图\nv.铺瓦于，贴地砖于
indicating	
Bolivia	
spell	n.魔法，符咒，咒语，对某人施魔法，一段时间\nv.拼写，拼出，拼成，招致 麻烦，灾难
hottest	
stevens	
coordinate	adj.同等的，并列的，坐标的\nn.坐标，配套服装，配套物件\nv.协调，协调，协同，搭配，协调
Kuwait	
exclusively	v.仅仅，唯独
emily	
alleged	adj.被指称的，涉嫌的
limitation	n.限制，制约，局限性，不足之处，规定，限制
widescreen	adj.宽屏的，宽银幕的，宽屏幕的\nn.宽屏显示
compile	v.编写，编纂，编制，汇编，编译
squirting	
Webster	
struck	adj.对某人，某物印象很好\nstrike的过去式和过去分词
rx	
illustration	n.插图，图解，实例，例证，说明，图解，图示
plymouth	
warnings	
construct	n.构想，概念，建造物，构成物\nv.建造，建筑，构筑，见图，组成，构成，绘制，作
apps	
inquiries	
bridal	adj.婚礼的，新娘的
annex	v.并吞，兼并，霸占
MAG	n.杂志
gsm	
inspiration	n.灵感，给人以灵感的人物，给某人以鼓舞，在某人的鼓舞下
tribal	adj.部落的
curious	adj.好奇的，好打听的，稀奇古怪的
affecting	adj.使人感动的
freight	n.货物，货运，货运列车\nv.运送，托运
rebate	n.退款
meetup	
eclipse	n.日食，月食，黯然失色，被埋没，湮没无闻\nv.遮住的光，出现，使失色，盖过
Sudan	
DDR	
downloading	
REC	
shuttle	n.航天飞机，短程穿梭航班，梭子\nv.穿梭往返，短程往返运送
aggregate	adj.总计的\nn.总数，合计，总分，合计比分，粒料，骨料\nv.总计达到，合计为，聚集，收集，合计
stunning	adj.极具吸引力的，极漂亮的，令人惊奇的，令人震惊的
cycles	
affects	
forecasts	
detect	v.发现，察觉，很难，不可能，容易
sluts	
actively	
ciao	再见
ampland	
knee	n.膝，膝盖，膝关节，跪下，膝部，在某人膝上\nv.用膝盖顶
prep	n.家庭作业\nv.为做手术准备，使做考试准备，为做好准备，做好准备
PB	
complicated	adj.难懂的，难处理的，语体，结构复杂的
chem	
fastest	
butler	n.男管家，仆役长
shopzilla	
injured	adj.受伤的，见图，伤者，委屈的样子
decorating	
payroll	n.被雇用的，薪资管理，工资总支出
cookbook	n.烹饪书，食谱
expressions	
ton	n.英吨，美吨，大量的某事物，非常重
courier	n.信使，快递员，快递公司，见图，销售员\nv.由信使 递送
uploaded	
Shakespeare	
hints	
collapse	n.业务，系统，想法等，突然失败\nv.结构，倒坍，塌下，病
AMERICAS	
connectors	
twinks	
unlikely	adj.未必会发生的，不大可能的，万一，非想象中的，不大可能是真的，靠不住的
OE	
GIF	n.GIF文件，图形交换格式文件
pros	
conflicts	
techno	n.泰克诺音乐，高科技舞曲\nprefix技术的
beverage	n.饮料
tribute	n.致敬，颂词，礼品，是某人
wired	adj.极其兴奋的，联网的，连线的，含有金属丝的，夹丝的
elvis	
immune	adj.有免疫力的，免疫反应，不受影响的，豁免的，可免于…的
Latvia	
travelers	
forestry	n.林学，林业
barriers	
cant	n.伪善的话，行话，切口，黑话\nv.倾斜
JD	
rarely	v.很少，难得，Rarely 通常位于动词之前：，很少：，不常：
gpl	
infected	adj.受感染的，受细菌污染的，受病毒感染的
offerings	
Martha	
genesis	n.起源，开始，开端
barrier	n.障碍，壁垒，见图，障碍物，栅栏
argue	v.争论，争吵，论证，争辩，说服某人做某事
incorrect	adj.不正确的，不真实的，不恰当的，不合礼节的
trains	
metals	
bicycle	n.自行车，脚踏车，单车，车座，把手，【英】\nv.骑自行车
furnishings	n.家具，室内陈设
letting	n.可租用的房屋，房屋租赁代理人，中介
arise	v.出现，发生，语体，引起，产生
Guatemala	
Celtic	adj.凯尔特人的，凯尔特语的
thereby	v.因此，由此
IRC	
jamie	
particle	n.微粒，没有一点真实性，证据等，粒子，质点
perception	n.认识，观念，看法，感觉，感知方式，洞察力
minerals	
advise	v.劝告，忠告，建议，建议小心，有耐心
humidity	n.湿度，湿气，湿热
bottles	
boxing	n.拳击，见图
wy	
DM	
Bangkok	
renaissance	n.复兴，文艺复兴时期，文艺复兴时期的艺术，家具
pathology	n.病理学
Sara	
bra	n.胸罩，乳罩，文胸，见图
ordinance	n.法规，条例，法令，法规
Hughes	
photographers	
bitch	n.母狗，泼妇，婆娘，讨厌的事，棘手的事\nv.说坏话，没完没了地发牢骚，不停地埋怨
infections	
jeffrey	
chess	n.国际象棋，一副国际象棋，国际象棋棋盘，卒
operates	
brisbane	
configured	
survive	v.活下来，幸存，从中挺过来，艰难渡过，继续维持生活
Oscar	n.奥斯卡金像奖
festivals	
menus	
joan	
possibilities	
duck	n.鸭，弯腰躲闪，母鸭，鸭肉\nv.低下，弯，躲避，逃避，把按入水中
reveal	v.揭示，揭露，透露，展现，显露
canal	n.运河
amino	
phi	
contributing	
herbs	
clinics	
mls	
cow	n.母牛，奶牛，牛，大型雌性动物，蠢女人\nv.恐吓，威胁
manitoba	
analytical	adj.头脑周密的，条分缕析的，分析的
missions	
Watson	
lying	lie 的现在分词
costumes	
strict	adj.严格的，严厉的，必须严格遵守的，严谨的，精确的，确凿的\nn.搭配，严格的,严厉的，坚决的，严厉的,强硬的
dive	n.突然的动作，冲，扑，突降，突降，暴跌\nv.跳入水中，跳水，潜水，下潜
saddam	
circulation	n.血液循环，流通，发行量，销售量，流通，环流，循环
drill	n.钻，钻床，钻机，见图，练习，训练\nv.钻，打，教反复练习，操练，条播
offense	n.offence的一般美式拼法，进攻，攻势，进攻队员，锋线队员
threesome	n.三人一组，三件一套
bryan	
cet	
protest	n.抗议，反对，表示不满后勉强做某事，搭配\nv.反对，抗议，表示异议 ，反对，抗议，坚持声称，力言
handjob	
assumption	n.假定，假设，取得，承担，就任，搭配
Jerusalem	
hobby	n.业余爱好，嗜好，语体
tries	
transexuales	
invention	n.发明，发明，创造，虚构的故事，编造的解释
nickname	n.绰号，外号，诨名
Fiji	
technician	n.技师，技术人员，精于技巧者，巧匠
inline	
executives	
enquiries	
washing	n.待洗 的衣服
audi	
staffing	
cognitive	adj.认知的，认知过程的
exploring	
trick	adj.特技摄影，容易使人上当的问题，有毛病的膝关节，脚踝\nn.骗人的花招，花招，骗局，诡计，玩笑，恶作剧\nv.欺骗，诱骗，哄骗，用某物装饰，以某物打扮
enquiry	n.inquiry的另一种拼法
closure	n.关闭，倒闭，歇业，暂时封闭，了结，了断，解脱感
raid	n.突袭，袭击，突击搜查，抢劫，打劫\nv.突然搜查，突然袭击，偷袭，突击小分队，抢劫，劫掠
PPC	
timber	n.木材，原木，树木，林木，栋木，大梁，大树要倒啦！
volt	n.伏特，伏
intense	adj.强烈的，剧烈的，紧张的，认真的，激烈的，极为强烈的，极为严肃的\nv.搭配
div	
playlist	n.歌曲播放列表，播放清单
registrar	n.户籍管理员，教务长，教务主任，注册主任，住院医生
showers	
supporters	
ruling	adj.执政的，统治的，支配的，居支配地位的\nn.裁决，裁定
steady	adj.持续的，平稳进行的，逐渐的，不移动的\ninterjection当心，稳一点，说话当心点，注意点\nn.搭配，关系确定的男 朋友\nv.拿稳，扶稳，使稳定，恢复平稳，稳定下来，镇定，变平静
dirt	n.灰尘，尘土，污物，土，丑事，丑行，下流话
statutes	
withdrawal	n.军队，撤军，撤退，撤回
myers	
drops	
predicted	
wider	
Saskatchewan	
jc	
cancellation	n.取消，取消，撤销
plugins	
enrolled	
sensors	
screw	n.螺丝，螺钉，钉子，螺丝，螺栓\nv.固定，用螺丝固定，拧紧，拧紧，旋紧
ministers	
publicly	v.公开地，当众地，由政府进行 地，对外出售股份地
hourly	adj.每一小时的，每小时一次的，小时工资，收入
blame	n.责任，搭配，受指责，承担责任\nv.责怪，指责，把…归咎于，某人，某事物负有责任
Geneva	
freebsd	
veterinary	adj.兽医的
acer	
prostores	
reseller	
dist	
handed	
suffered	
intake	n.摄入量，摄取量，吸入量，加入人数，管道，进口，倒吸一口气
informal	adj.轻松友好的，不拘礼节的，非正式的，日常使用的，适用于朋友间的，在家穿的，日常穿的
relevance	
incentive	n.刺激，动力，鼓励，搭配
butterfly	n.蝴蝶，见图，情绪紧张，心里发慌，蝶泳
tucson	
mechanics	
heavily	v.很多地，大量地，非常，严重地，睡得沉
swingers	
fifty	n.五十，五十年代，在五十到五十九岁之间，是五十多岁，五十多度
headers	
mistakes	
numerical	adj.用数字表示的，数字的，数值的
ons	
geek	n.落伍的人，怪人
uncle	n.伯 父，姑 丈，叔叔，伯伯，叫叔叔
defining	
Xnxx	
counting	
reflection	n.映像，倒影，深思，仔细考虑，想法，见解
sink	adj.垃圾住宅区，学校，见图，吃东西的地方\nn.洗脸盆，洗涤槽，洗碗池\nv.在水里，下沉，沉没，船只，使沉没
accompanied	
assure	v.向…保证，使确信，确保，保证，弄清，查明，人寿保险额
invitation	n.邀请，受邀，请柬，鼓动
devoted	adj.挚爱的，投入的，关于…的，专用于…的
Princeton	
jacob	
sodium	n.钠
randy	adj.性欲冲动的
spirituality	n.灵性，对宗教的热衷
hormone	n.激素，荷尔蒙
meanwhile	v.与此同时，在此期间，在这期间，与此同时
proprietary	adj.专营的，专利的，所有的，所有权的，像所有者那样的
timothy	
childrens	
brick	n.砖，砖块，房产，积木，可以依靠的人\nv.极不自在，非常害怕，用砖墙隔开，用砖堵住
grip	n.紧握，紧握，紧抓，握力，见图\nv.紧紧抓住，紧握，紧抓，有很大的影响，对…具有强烈影响
naval	adj.海军 的
thumbzilla	
medieval	adj.中世纪的，中古时期的，古老的，旧式的，过时的
porcelain	n.瓷，瓷器
avi	
bridges	
pichunter	
captured	
watt	n.瓦
thehun	
decent	adj.可接受的，相当好的，像样的，正派的，规矩的，宽容的，和气的，穿好衣服的，雅观的
casting	n.挑选演员，分派角色，铸造品，铸件，以肉体换角色
dayton	
translated	
shortly	v.不久，很快，立刻，不耐烦地，不友善地
cameron	
columnists	
pins	
carlos	
reno	
donna	
Andreas	
warrior	n.武士，战士，勇士
diploma	n.结业证书，考试证书，毕业文凭，学位证书，高中，大学毕业文凭
cabin	n.小木屋，舱，客舱，驾驶舱
innocent	adj.清白的，无罪的，无辜的受害者，旁观者，人们等\nn.涉世不深的人
bdsm	
scanning	
IDE	
consensus	n.共同意见，一致看法，共识，搭配
polo	n.马球
valium	n.安定
copying	
RPG	
delivering	
cordless	adj.无线的
patricia	
horn	n.动物，角，角质，触角\nv.强行参加，闯入，插手
eddie	
Uganda	
fired	
journalism	n.新闻业，新闻工作
Pd	
prot	
trivia	n.详细知识，细节，琐事，微不足道的细节
adidas	
perth	
frog	n.蛙，青蛙，说话困难，法国佬
grammar	
intention	n.意图，目的，打算，良好的意向
Syria	
disagree	v.不同意，反对，有分歧，不一致，不相符，对有不良影响，使身体不适，不同意,有分歧
klein	
harvey	
tires	
logs	
undertaken	
tgp	
hazard	n.危险，隐患，风险，职业风险\nv.冒昧提出，大胆猜测，冒…的风险
retro	adj.复旧的，重新流行的，回归的\nn.回顾展\nprefix追溯的，回归的
Leo	n.狮子宫，狮子座，属狮子座的人
livesex	
statewide	v.影响全州的，全州范围的
semiconductor	n.半导体
gregory	
episodes	
Boolean	adj.布尔的
circular	adj.圆形的，环形的，循环的，环行的，循环论证\nn.广告印刷品，通告
anger	n.愤怒，怒火，怒气，第一次做某事，真的用某物，搭配\nv.使生气，激怒，语体，我不想惹他生气。
DIY	n.自己动手
mainland	n.大陆，本土
illustrations	
suits	
chances	
interact	v.交流，交往，互相来往，相互作用，相互影响
snap	adj.仓促的判断，匆忙的决定，突然宣布的大选，临时选举\ninterjection真巧啊，一模一样，“对儿”\nn.声音，啪嗒一声，打响指，照片\nv.折断，啪的一声折断，使啪嗒作响，把折成两半
happiness	n.快乐，幸福，搭配
Arg	
substantially	v.大量地，可观地，主要地，大体上，基本上
bizarre	adj.古怪的，奇异的
glenn	
UR	
Auckland	
olympics	
fruits	
identifier	
geo	
worldsex	
ribbon	n.布条，丝带，绸带，【美】，【英】花结
calculations	
doe	n.雌兔，雌鹿，美丽的大眼睛
jpeg	n.联合图像专家组
conducting	
startup	
suzuki	
trinidad	
ati	
kissing	
wal	
handy	adj.有用的，手边的，附近的，手巧的，灵活的，善用的
swap	n.交换，交易，交换工作\nv.交换，换用，调换…的位置，互换位置
exempt	adj.被免除 的，获豁免的\nv.免除，豁免，语体
crops	
reduces	
accomplished	adj.有才华的，造诣高的，确凿的事实
calculators	
geometry	n.几何学
impression	n.印象，感想，原以为，误以为，滑稽模仿，印象画
ABS	n.腹肌，防抱死制动装置，防抱死剎车装置
Slovakia	
flip	adj.轻率的，轻浮的\nn.轻抛，筋斗，空翻，浏览\nv.移动，快速翻转，在空中翻转，抛掷
guild	n.行会，同业公会，协会
correlation	n.相互关系，关联，因果关系，搭配
gorgeous	adj.极其漂亮的，极其吸引人的，令人十分愉快的
Capitol	
sim	
dishes	
RNA	n.核糖核酸
Barbados	
Chrysler	
nervous	adj.神经紧张的，焦虑不安的，害怕的，胆怯的，神经脆弱的，神经质的\nn.搭配，紧张焦虑的，紧张易怒的，紧张不安的
refuse	n.垃圾，废弃物，家庭，生活垃圾\nv.拒绝，回绝，断然拒绝，不接受，拒绝﹝别人给的东西﹞，见图
extends	
fragrance	n.香气，香味，芳香，香水
mcdonald	
replica	n.仿制品，复制品
plumbing	n.管道系统，管道安装与维修工作
Brussels	
tribe	n.部落，一批，一伙，族，大家庭，一大家子
neighbors	
trades	
superb	adj.极好的，出色的，卓越的
buzz	n.嗡嗡声，蜂鸣声，闹哄哄，喧闹，兴奋之感\nv.发出声音，发出嗡嗡声，到处移动，嗡嗡地飞
transparent	adj.透明的，清楚易懂的，易看穿的，易识破的
nuke	n.核武器\nv.用核武器攻击，用微波炉烹饪
rid	adj.丢弃某物，毁掉某物，摆脱某物，除去某物，赶走某人\nv.使摆脱，使除掉
trinity	n.三位一体
Charleston	n.查尔斯顿舞
handled	
legends	
boom	n.业务增加，繁荣，兴旺，激增，某事物的流行，流行，风靡\nv.繁荣，迅速发展，用洪亮而低沉的声音说，发出低沉的声音，隆隆作响
calm	adj.镇静的，沉着的，心平气和的，平静的，稳定的，平静的，风平浪静的\nn.平静的，镇静的，放松的，轻松的，从容的，放松的，冷静的，自在的,不在乎的\nv.平静，镇定，恢复平静，恢复正常
champions	
floors	
selections	
projectors	
inappropriate	adj.不合适的，不恰当的，不恰当的行为，反应，语言等
exhaust	n.排气管，见图，废气\nv.使精疲力竭，用完，耗尽，见图，汽车
comparing	
Shanghai	v.诱骗，强迫
speaks	
burton	n.遗失了，损坏了，死了
vocational	adj.职业的
davidson	
copied	
scotia	
farming	n.农场经营，农场业，耕种，养殖
Gibson	
pharmacies	
fork	n.餐叉，叉子，园艺叉，餐叉，叉状闪电\nv.分岔，岔开，在岔口往左拐，往右拐，叉起
troy	
ln	
roller	n.碾子，滚筒，滚轴，滚棒，滚杆，滚柱
introducing	
batch	n.一批，一组，一批生产量，批
organize	v.组织，筹划，安排，组织，安排，管理，安排，排列，编组
appreciated	
alter	v.变化，改变，修改
nicole	
Latino	n.拉丁美洲男子
Ghana	
edges	
UC	
mixing	
handles	
skilled	adj.有技能的，熟练的，需要特殊技能的，需受过专门训练的
fitted	adj.装有某物，配备某物，定做的，定做的，合身的，适合的，称职的，胜任的
albuquerque	
harmony	n.和声，融洽相处，融洽地生活，工作等
distinguished	adj.卓越的，杰出的，衣着高雅的，气度不凡的
asthma	n.气喘，哮喘
projected	
assumptions	
shareholders	
Twins	
developmental	adj.发育的，成长的，发展的
rip	n.长的裂口\nv.撕，扯，被撕裂，被扯开，猛力扯去，把某物撕得粉碎
zope	
regulated	
triangle	n.三角形，等边的，不等边的，等腰的
amend	v.修改，修订
anticipated	
oriental	adj.东方的\nn.东方人，亚洲人
reward	n.回报，报酬，奖赏，赏金，悬赏金\nv.酬谢，报答，奖赏，得到回报，获得奖励
windsor	
Zambia	
completing	
gmbh	
BUF	
LD	
hydrogen	n.氢
webshots	
sprint	n.短距离速度比赛，短跑比赛，快速奔跑\nv.快速奔跑，冲刺，冲刺
comparable	adj.类似的，相当的，可相比的，同等的，可相提并论的
chick	n.雏鸟，雏鸡，小鸡，小妞儿，小姐
advocate	n.提倡者，拥护者，鼓吹者，出庭律师\nv.主张，拥护，鼓吹
sims	
confusion	n.困惑，不确定，混乱，辨别不清，混淆，错认，慌乱
copyrighted	
tray	n.盘，托盘，收件盘，油漆盘，冰格
inputs	
warranties	
genome	n.基因组
escorts	
documented	
thong	n.皮条，平底人字拖鞋，见图，丁字裤
medal	n.奖牌，勋章，见图，搭配\nv.赢得奖牌
paperbacks	
coaches	
vessels	
harbour	n.港口，港湾，海港，见图\nv.怀有，心存，包含，藏有，窝藏，包庇
walks	
sucks	
Sol	n.全音阶的第五音
keyboards	
sage	adj.睿智的，贤明的\nn.鼠尾草，洋苏草，贤人，哲人
knives	knife1的复数形式
eco	
vulnerable	adj.感情脆弱的，易受伤的，易受攻击的，易受责难的
arrange	v.安排，筹划，安排，准备，整理，排列，布置，编曲，改编
artistic	adj.美术的，艺术的，艺术精湛的，有艺术才华的，有艺术技巧的，有创意的
bat	n.蝙蝠，球棒，球拍，球板\nv.用球板 击，眼睛，眼皮都不眨一下，泰然不动，面不改色
honors	
booth	n.小间，售货棚，摊位，摊档，雅座，火车座
indie	adj.由新出道的乐队 演奏 的，由独立的小公司制作的\nn.小型独立公司
reflected	
unified	adj.统一的
bones	
breed	n.品种，类型，种类\nv.交配繁殖，饲养，培育，引起，酿成，招致
detector	n.探测器，检测器
ignored	
polar	adj.地极的，近地极的，极地的，完全相反，正好相反
fallen	adj.倒下的，落下的，倒在地上的，失身的女子，堕落的妇女，阵亡士兵\nv.fall的过去分词
precise	adj.精确的，准确的，恰好的，确切的，周密的，细心的，一丝不苟的
sussex	
respiratory	adj.与呼吸有关的，与肺有关的
notifications	
msgid	
transexual	
mainstream	adj.主流的，主要的\nn.主流\nv.把安排到普通班级中，使纳入主流教育
invoice	n.发票，发货清单，已完成工作的清单\nv.寄送发票给
evaluating	
lip	n.嘴唇，薄嘴唇的，厚嘴唇的，嘴唇丰满的
subcommittee	n.专门小组
sap	n.液，汁，傻瓜，容易上当的人\nv.削弱，消耗
gather	n.褶裥\nv.聚集，聚集，集合，了解，思考
suse	
maternity	adj.孕妇的，产妇的，产期津贴，工资等\nn.母性，母亲身份
backed	
alfred	
colonial	adj.殖民地的，殖民地时期制造的，仿殖民地时期式样的，受英国殖民统治时期的\nn.殖民地居民
MF	
carey	
motels	
forming	
embassy	n.大使馆全体外交官员，大使馆
cave	n.洞穴，山洞，岩洞，窑洞\nv.塌落，坍塌，陷下，让步，屈服
journalists	
Danny	
rebecca	
slight	adj.轻微的，微小的，没有一点机会，怀疑，差别等\nv.侮慢，轻视，冷落
proceeds	n.收入，收益
indirect	adj.间接引起的，迂回的，绕道的，间接的，不直截了当的
amongst	
wool	n.羊毛，毛织物，见图，毛线，绒线
foundations	
msgstr	
arrest	n.逮捕，拘捕，逮捕某人，见图\nv.逮捕，拘捕，抑制，阻止，引起…的注意，吸引
volleyball	n.排球
mw	
adipex	
horizon	n.地平线，范围，界限，眼界，将要发生
nu	adj.新的
deeply	v.非常，很深地，真诚地，认真地，仔细地，深深地
toolbox	n.工具箱，见图
ict	n.信息与计算机技术
marina	n.小港湾
liabilities	
prizes	
bosnia	
browsers	
decreased	
patio	n.露台，平台
DP	
tolerance	n.忍受，容忍，宽容，忍受程度，忍耐力
surfing	n.冲浪，见图，网上冲浪，浏览因特网
creativity	n.独创性，创造性，创造力
lloyd	
describing	
optics	n.光学
pursue	v.追求，继续进行，追究某件事，继续争论，深究某问题等
lightning	adj.闪电般的，很快的，以闪电般的速度\nn.闪电，见图，迅如闪电，闪电般地，闪电不在一处打两次
overcome	v.控制，克服，被熏得失去知觉，被呛晕
eyed	
ou	
quotations	
grab	n.抓取某物，等待你去争取，夺取，抢夺\nv.用手，攫取，抓住，食品，睡觉
inspector	n.检查员，督察员，督察，巡官
attract	v.吸引，引起…的兴趣，爱慕某人，为某人所吸引，吸引，引诱
brighton	
beans	
bookmarks	
ellis	
disable	v.使伤残，使残废，破坏，使瘫痪
snake	n.蛇，一条毒蛇，见图，阴险小人，不可信的人\nv.使）蜿蜒前进
succeed	v.成功，达成，语体，达到目的，取得预期效果，取得成功，功成名就
leonard	
lending	
oops	interjection哎哟，啊呀
reminder	n.起提醒作用的东西，提示信，通知单，搭配
nipple	n.乳头，橡皮奶嘴，注油口，加油嘴
xi	
searched	
behavioral	
riverside	n.河边，河畔
bathrooms	
plains	
sku	
HT	
raymond	
insights	
abilities	
initiated	
sullivan	
za	
Midwest	n.中西部
karaoke	n.卡拉 OK
trap	n.用于动物，夹子，罗网，陷阱，见图，聪明的计策\nv.在危险的地点，困住，使陷于危险中，在恶劣的处境中
lonely	adj.孤单的，寂寞的，在孤单中进行的，孤独的，孤独的人，荒凉的，荒无人烟的\nn.孤单的，寂寞的，孤独的，孤单的，不合群的，被疏远的，思乡的，想家的
fool	adj.愚蠢的，傻的\nn.蠢人，蠢人，傻子，笨蛋，使自己出丑，愚弄某人，使某人显得愚蠢\nv.欺骗，愚弄，你那老一套的借口是骗不了我的。，欺骗自己，你别骗我了，我才不信你呢
ve	
nonprofit	
lancaster	
suspended	
hereby	v.特此，兹
observe	v.看到，注意到，观察到，语体，观察，监视，观测，说，评论
julia	
containers	
attitudes	
karl	
berry	n.浆果，莓
collar	n.衣服，衣领，领子，猫，狗\nv.抓住，逮捕，找到谈话，高领的
simultaneously	
racial	adj.种族的，种族之间的，人种的，种族的\nv.搭配
integrate	v.使）合并，结合，使）融入，成为一体，取消种族隔离
Bermuda	
amanda	
sociology	n.社会学
mobiles	
screenshot	n.屏幕截图，屏幕抓图
exhibitions	
kelkoo	
confident	adj.确信的，有把握的，有信心的，自信的，肯定的，确信的\nn.性格外向的人，缺乏自信，腼腆的，害羞的，缺乏自信心的\nv.有信心的，有把握的，自信的
retrieved	
exhibits	
officially	v.官方地，正式地，根据官方的说法，据公布
consortium	n.财团，联合企业
dies	
terrace	n.房屋，一排房屋，排屋，街道，可以坐的地方
bacteria	n.细菌
PTS	
replied	
seafood	n.海产品，海味，海鲜，见图
novels	
RH	
RRP	
recipients	
playboy	n.花花公子，只会吃喝玩乐的有钱男子
ought	
delicious	adj.美味的，可口的，芳香的，宜人的，令人愉快的
traditions	
fg	
jail	n.监狱，看守所，搭配，进监狱\nv.监禁，拘留
safely	v.安全地，无危害地
finite	adj.有限的，有限度的，限定的
kidney	n.肾，肾脏，见图，腰子
periodically	
fixes	
sends	
durable	adj.耐用的，持久的
mazda	
allied	adj.协约国的，同盟国的，与某事物有关联，相关的工业
throws	
moisture	n.水分，水汽，湿气
Hungarian	
roster	n.人员名单，值勤表，勤务表\nv.把列入人员名单 中
referring	
symantec	
spencer	
Wichita	
nasdaq	
Uruguay	
ooo	
Hz	hertz的书面缩写，赫
transform	v.使改观，使变形，使转化
timer	n.定时器，见图，吃东西的地方，兼职人员
tablets	
tuning	
gotten	v.get的过去分词
educators	
tyler	
futures	
vegetable	adj.植物的\nn.蔬菜，做色拉的蔬菜，西蓝花，卷心菜
verse	n.一节，诗，诗体，韵文
highs	
humanities	
independently	
wanting	adj.有欠缺的
custody	n.监护权，拘押，拘留，羁押，把某人还押候审，保管
scratch	adj.仓促拼凑的，匆匆组成的，无让杆的，无让步优待的\nn.划伤，划痕，划伤，划痕，刮痕，划痕\nv.挠皮肤，挠，搔，轻抓，割破某人的皮肤，抓破，抓伤
launches	
ipaq	
alignment	n.排成直线，平行的排列，联盟，结盟
masturbating	
henderson	
Bk	
britannica	
comm	
ellen	
competitors	
NHS	
rocket	n.火箭，火箭弹，火箭式烟火，大蒜芥\nv.迅速上升，猛涨，急速移动，迅速取得成功，一举成名
aye	v.赞成，赞成者占多数，是，对，同意
bullet	n.枪弹，子弹，弹头，搭配
towers	
racks	
lace	n.蕾丝，网眼织物，见图，鞋带\nv.用带子将…系紧，给掺入，把交织在一起，在中掺入，加进
nasty	adj.行为，不友善的，不好的，恶毒的
visibility	n.能见度，能见距离，引人注目，关注程度，可见性
latitude	n.纬度，见图，纬度地区，自由度，选择的余地
consciousness	n.神志清醒，思想，意识，观念，看法，感知，察觉，意识
STE	
tumor	
ugly	adj.丑陋的，难看的，糟糕的，恐怖的，令人不愉快的，讨厌的，丑恶的，丑小鸭\nn.丑陋的，难看的，无吸引力的，不漂亮的，不悦目的，不雅观的，极丑的
deposits	
beverly	
mistress	n.情妇，女教师，女主人，控制着某事物，是某事的能手
encounter	n.相遇，邂逅，遭遇，经历\nv.遇到，遭遇，语体，difficulties，resistance
trustees	
watts	
duncan	
reprints	
hart	n.公鹿
bernard	
resolutions	
ment	
accessing	
forty	num.四十，四十年代，在四十到四十九岁之间，是四十多岁，四十多度
tubes	
attempted	
col	n.山口，山坳，column的书面缩写，栏，colonel的书面缩写，上校
Midlands	n.英格兰中部地区
priest	n.牧师，神父，教士，祭司，神职人员
Floyd	
ronald	
analysts	
queue	n.队，行列，见图，等待的人群，队列\nv.排队，竞相，抢着
dx	
SK	
trance	n.半睡半醒，蒙眬，恍惚，心神恍惚，出神，发呆，迷幻电子乐
locale	n.地点，现场
nicholas	
biol	
yu	
bundle	n.捆，把，扎，束，见图，一批，软件包\nv.匆匆打发，把…乱塞，快速赶往，搭售，捆绑销售
hammer	n.工具，榔头，锤子，木槌，见图\nv.用锤击打，锤击，锤打，把…锤进，反复敲打
invasion	n.侵犯，入侵，侵略，涌入，蜂拥而来，对隐私的侵犯
witnesses	
runner	n.赛跑运动员，跑步者，赛马，迅速逃离，溜掉
rows	
administered	
notion	n.概念，观点，看法，小件缝纫用品
sq	
skins	
mailed	
OC	
Fujitsu	
spelling	n.拼写，拼写能力，拼法
arctic	adj.北极的，见图，极冷的，严寒的
exams	
rewards	
beneath	prep.在…之下，在…正下方，往…下面，语体，在…的覆盖之下
strengthen	v.感情，信仰，关系，变强
defend	v.保护，保卫，为…辩护，为…辩白，为…辩解，语体，捍卫，维护
aj	
frederick	
medicaid	n.医疗补助制度
treo	
infrared	
seventh	adj.第七的，非常快活，极为幸福\nn.七分之一
gods	
une	
Welsh	adj.威尔士的，威尔士人的，威尔士语的\nn.威尔士人，威尔士语\nv.说话不算数，食言，赖账，耍赖皮
belly	n.胃，肚子，腹部，腹部，肚子，见图\nv.鼓起，张满
aggressive	adj.好斗的，挑衅的，有进取心的，有冲劲的，汲汲于成功的，侵袭性的
tex	
advertisements	
quarters	
stolen	adj.被盗的，遭窃的\nv.steal 的过去分词
CIA	
sublimedirectory	
soonest	
Haiti	
disturbed	adj.精神失常的，有精神病的，不安的，烦恼的，非常，深感
determines	
sculpture	n.雕像，雕刻品，雕塑作品，雕刻艺术，雕塑艺术，搭配
poly	n.理工学院\nprefix多
ears	
dod	
WP	
fist	n.拳，拳头，做成，做不成某事
naturals	
neo	
motivation	n.动力，积极性，动机，原因
lenders	
pharmacology	n.药理学，药物学
fitting	adj.合适的，恰当的\nn.可拆移设备，附加设备，配件，附件，试穿，试衣
fixtures	
bloggers	
mere	adj.仅仅，只不过，极小的，极不重要的\nn.湖
agrees	
passengers	
quantities	
petersburg	
consistently	
powerpoint	
CONS	
surplus	adj.过剩的，剩余的，多余的，不再被需要\nn.剩余，过剩，剩余额，多余的量，盈余，顺差
elder	adj.年纪较长的\nn.比某人年长，某人的长辈，长者，长辈，长老
sonic	adj.声音的，声波的，声速的
obituaries	
cheers	interjection干杯，谢谢，再见
dig	n.挖苦，嘲讽，挖，发掘，见图\nv.挖，掘，把手伸入，翻找，搜寻，坚持己见，拒不让步
taxi	n.出租车，计程车，的士，搭配，乘出租车，乘出租车去\nv.滑行
punishment	n.惩罚手段，处罚，粗暴对待，糟蹋
appreciation	n.欣赏，赏识，感激，理解，明白
subsequently	v.后来，随后，接着
om	n.功绩勋章
Belarus	
nat	
zoning	n.区域规划
gravity	n.重力，引力，严重性，严肃
providence	n.天意，天命
thumb	n.拇指，见图，拇指部分，笨手笨脚\nv.伸出拇指请求搭车，伸出拇指拦车，蔑视，不在乎，匆匆翻阅，浏览
restriction	n.限制，规定，约束，贸易，旅行限制，限制
incorporate	v.把并入，包含
backgrounds	
treasurer	n.司库，财务主管
guitars	
essence	n.本质，实质，要素，本质上，实质上，香精，精油
flooring	n.铺地面的材料
lightweight	adj.比通常重量轻的，轻量的，薄的，思想肤浅的，浅薄的\nn.微不足道的人，无足轻重的人，思想浅薄的人，轻量级拳击手，比通常重量轻的人
Ethiopia	
TP	
mighty	adj.强有力的，强大的，巨大的，雄伟的\nv.非常，很
athletes	
humanity	n.人，人类，仁慈，博爱，同情心，人性，人文学科
transcription	n.抄写，记录，转录，标音
jm	
holmes	
complications	
scholars	
DPI	每英寸点数
scripting	
GIS	
remembered	
galaxy	n.星系，银河，银河系，一大批
chester	
snapshot	n.快照，简要描述，简介
caring	adj.关心他人的，乐于助人的，护理的，照料人的
LOC	
worn	adj.用旧的，用坏的，又旧又破的，疲倦的，筋疲力尽的\nv.wear的过去分词
synthetic	adj.合成的，人造的，合成纤维，材料，织物
shaw	
VP	n.副总裁
segments	
testament	n.是…的证据，是…的证明，遗嘱
expo	n.展览会，博览会
dominant	adj.强大的，占优势的，突出的，专横的，盛气凌人的，显性的\nn.全音阶的第五音
twist	n.意外转折，扭，拧，捻，搓，曲折处，弯子，转弯处，卷曲物\nv.移动，扭动，歪起嘴苦笑，扭歪着脸笑，弯曲
specifics	
itunes	
stomach	n.胃，见图，腹部，空腹做某事\nv.承受，容忍，忍耐，吃得下，能够吃
partially	v.不完全地，部分地
buried	
CN	
newbie	n.新手
minimize	v.把…减至最小量，使显得不重要，轻视，将最小化
Darwin	
ranks	
wilderness	n.荒野，不毛之地，荒芜的地方，无人照管的地方，在野
debut	n.首次登台，初次亮相，问世\nv.首次演出，问世，面世，首次推出
generations	
tournaments	
bradley	
deny	v.否认，否认，否定，不允许，拒绝，不允许
anatomy	n.解剖学，解剖构造，人体，对某事物的剖析
Bali	
Judy	
sponsorship	n.赞助，资助，资助，倡议
headphones	n.耳机，见图
fraction	n.少量，一点，分数
trio	n.三人一组，三件一套，三重唱，三重奏
proceeding	n.事件，发生的事，诉讼，记录，搭配
cube	n.立方形物，立方体，见图，三次方，立方\nv.使自乘两次，求…的立方，将切成小方块［丁］
defects	
volkswagen	
uncertainty	n.犹豫，迟疑，无把握，令人无把握的局面
breakdown	n.破裂，崩溃，失败，精神崩溃，故障
milton	
marker	n.标志，标示物，标志，记号笔，见图
reconstruction	n.修复，重建，再现，重现
subsidiary	adj.附带的，附属的，次要的\nn.子公司，附属公司
strengths	
clarity	n.清楚，清晰，明确，清晰的思维 能力，清晰，清楚
rugs	
sandra	
adelaide	
encouraging	adj.令人鼓舞的，振奋人心的
furnished	
Monaco	
settled	adj.不大可能改变的，固定的，感到自在的，习惯的，持续晴好的
folding	adj.可折叠的，折叠式的，见图
Emirates	
terrorists	
airfare	n.飞机票价
comparisons	
beneficial	adj.有利的，有帮助的，有用的
distributions	
vaccine	n.疫苗
belize	
crap	adj.极糟的\nn.瞎话，胡扯，别胡说了，蹩脚货，质量很差的东西\nv.拉屎
fate	n.命中注定的事，命运的安排，天命，命运，运数，命运的奇特安排，比死还糟糕的事情，极可怕的事
viewpicture	
promised	
volvo	
penny	n.便士，一便士硬币，一分钱硬币，一个便士也没有，一文不名
robust	adj.强健的，健壮的，强大的，稳固的，结实的，坚固的，坚定的
bookings	
threatened	
minolta	
Republicans	
discusses	
GUI	n.图形用户界面
porter	n.行李员，搬运工，脚夫，门房，守门人，搬运工，服务员
gras	
jungle	n.丛林，竞争激烈的情形，杂乱无章的一堆，乱七八糟的一丛，丛林音乐
VER	
RN	Royal Navy的缩写，皇家海军
responded	
rim	n.外缘，边缘，边，见图，金框的，红框的等\nv.环绕…的边缘
abstracts	
Zen	n.禅宗
ivory	n.象牙，象牙色，乳白色，象牙制品
alpine	adj.阿尔卑斯山的，高山的
Dis	v.diss的另一种拼法
prediction	n.预言，预测，搭配
pharmaceuticals	n.药物，药品
andale	
fabulous	adj.极好的，绝妙的，巨额的，巨大的
remix	n.混音版歌曲
alias	n.假名，化名\nprep.又名，化名
thesaurus	n.同义词词典
individually	v.分别地，各自地
battlefield	n.战场，沙场，战地，斗争的主题，争论的问题，争论 激烈的地方
literally	v.按照原义，根据字面意思，仅仅从字面上理解某人，某事物，的确，确实
newer	
kay	
ecological	adj.生态的，主张生态保护的
spice	n.香料，趣味，情趣，风味\nv.使增添趣味，给加香料
oval	n.卵形，椭圆形
implies	
CG	
soma	
ser	
cooler	n.冷却器，冰桶，冰盒，冰袋
appraisal	n.评价，估计，鉴定，员工工作评估，工作表现评估
consisting	
maritime	adj.海上的，海事的，与船舶有关的，近海的，沿海的
periodic	adj.周期的，定期的
submitting	
overhead	n.经常性支出，运营费用，透明胶片\nv.在头顶上方，在空中
ASCII	n.美国信息交换标准代码
prospect	n.可能性，希望，很可能发生的事情，必定发生的事情\nv.勘探，勘察，寻找
shipment	n.货物，装运，运送
breeding	n.繁殖，生育，培育，育种，教养
citations	
geographical	adj.地理的，地理位置的，地理的，地理学的
donor	n.捐赠者，献血者，捐献器官者，搭配
Mozambique	
tension	n.紧张的感觉，紧张，焦虑，焦急
href	
Benz	
trash	n.废物，垃圾，质量粗劣的东西，垃圾，瘪三\nv.捣毁，破坏，严厉批评，抨击
shapes	
wifi	
tier	n.一排，一层，双层，三层等的
fwd	forward的书面缩写，向前，转寄
earl	n.伯爵
manor	n.庄园大宅，采邑，领地，庄园，管辖区
envelope	n.信封，外裹物，外层，超出正常限度
diane	
homeland	n.祖国，家乡，定居点，聚居地
disclaimers	
championships	
excluded	
andrea	
breeds	
rapids	n.急流，湍流
disco	n.迪斯科舞厅，迪斯科舞会，迪斯科舞曲
sheffield	
bailey	n.城堡内之庭院，城堡外庭
Aus	
endif	
finishing	
emotions	
wellington	n.长筒橡胶雨靴，防水橡胶靴
incoming	adj.正到达的，正来临的，进来的，新当选的
prospects	
lexmark	
cleaners	
bulgarian	
hwy	
eternal	adj.永远的，永恒的，似乎无休止的，没完没了的
cashiers	
Guam	
cite	v.引证，援引，引用，引述，传召，传讯，提及
aboriginal	adj.澳大利亚土著的，土著的，土生的\nn.澳大利亚土著居民
remarkable	adj.非凡的，不寻常的，显著的
rotation	n.旋转，一周，一圈，轮换，交替，轮岗，换岗
NAM	
preventing	
productive	adj.多产的，丰饶的，富有成效的，生产的，生产性的
boulevard	n.林荫大道，大道，大街
eugene	
ix	
GDP	n.国内生产总值
pig	n.动物，猪，人，贪吃的人\nv.大吃大喝，狼吞虎咽
metric	adj.公制的，米制的，用诗体写的，格律诗的
compliant	adj.顺从的，听从的，服从的，符合的，一致的
minus	adj.负面的，使显得有缺陷的，零下的，A减\nn.不利条件，不足，缺点，减号\nprep.减，减去，没有，缺少
penalties	
bennett	
imagination	n.想象力，是某人的幻想，只存在 于某人的想象之中，使某人出神，使某人入迷
hotmail	
refurbished	
Joshua	
Armenia	
varied	adj.各种各样的，形形色色的
grande	
closest	
activated	
actress	n.女演员
mess	n.脏的，凌乱的，脏乱，凌乱\nv.把…搞乱，把…弄脏，便溺于，随地便溺
conferencing	
assign	v.分配，分派，指派，确定，分配，分派
Armstrong	
politicians	
trackbacks	
lit	light的过去式和过去分词，文学的
accommodate	v.容纳，为…提供住处，迎合，迁就
tigers	
aurora	
una	
slides	
Milan	
premiere	n.首映，首演
lender	n.放款人，贷方
villages	
shade	n.避开阳光，背阴处，阴凉处，用于遮光，遮光物\nv.为…遮阳 ，遮蔽，给…加深颜色，画阴影于，渐渐与…分辨不清，逐渐变成
chorus	n.副歌，叠句，合唱团，歌咏队，合唱曲，歌舞队\nv.同时说，齐声说
christine	
rhythm	n.节律，节奏，律动，规则变化，节奏
digit	n.数字，手指，脚趾
argued	
dietary	adj.与饮食有关的
symphony	n.交响乐，交响曲，交响乐团
clarke	
sudden	adj.突然的，忽然的，迅速而意外的，突然，突如其来地，猛然
accepting	
precipitation	n.降水，降水量，沉淀，仓促，鲁莽，轻率
marilyn	
lions	
findlaw	
ADA	
pools	
TB	n.结核
lyric	adj.抒情的\nn.歌词，抒情诗
claire	
isolation	n.隔绝，孤立，分离，孤独，孤单
speeds	
sustained	adj.持续的，持久的
matched	
approximate	adj.大致的，大约的，大概的，语体，词语辨析，大致，大约，大概\nv.接近，类似，接近
rope	n.绳，粗绳，绳索，缆，粗绳，细绳，线\nv.捆，绑，用绳套捕捉，劝说帮忙，用绳把围起来，用绳分隔
Carroll	
rational	adj.合理的，基于理性的，有理性的，理智的，能作出理智决定的，理性的\nn.搭配
programmer	n.程序员，编程人员
fighters	
Chambers	
dump	n.废品，垃圾场，废品堆，武器，军需品仓库\nv.将某物放置在某处，乱放，乱堆，乱扔，丢弃某物，丢弃，扔掉
greetings	
inherited	
warming	adj.使人感到温暖的\nn.变暖，升温，升温，缓和
incomplete	adj.不完全的，不完整的，未完成的，未结束的\nn.未修毕，未完成
vocals	
chronicle	n.编年史，年代记\nv.将载入编年史中，按时序记载
fountain	n.喷泉，喷水池，喷射，喷涌，某物的来源
chubby	adj.胖嘟嘟的，丰满的
grave	adj.严重的，重大的，严峻的，语体，严肃的，凝重的，有沉 音符的\nn.坟墓，墓穴，死亡，某人于九泉之下难以安息，搭配
legitimate	adj.公正的，正当的，合理的，合法的，法律许可的，依法的，合法婚姻所生的，婚生的\nv.legitimize的一般美语形式
biographies	
burner	n.燃烧器，煤气头，炉头，推迟做某事，把某事往后搁
yrs	
foo	
investigator	n.调查员，调查者
gba	
plaintiff	n.起诉人，原告
Finnish	
gentle	adj.和蔼友善的，温和的，温柔的，轻柔的，和缓的，轻柔的，不陡的，平缓的
BM	
prisoners	
deeper	
Muslims	
hose	n.软管，胶管，水龙带，见图，连裤袜，长筒袜\nv.用软管浇水，欺骗，哄骗
Mediterranean	adj.地中海的，地中海地区的，地中海地区特有的\nn.地中海，地中海地区
nightlife	n.夜生活，夜间娱乐活动
footage	n.影片，影片片段
howto	
worthy	adj.值得尊敬的，值得赞赏的，值得…的，可与某人相媲美\nn.知名人士，杰出人物
reveals	
architects	
saints	
entrepreneur	n.企业家
carries	
SIG	
freelance	v.从事自由职业的，自由新闻工作者，撰稿人，摄影师等
duo	n.一对艺人，搭档，形影不离的两个人，二重奏，二重唱
excessive	adj.过度的，过多的\nv.搭配
devon	
screensaver	
helena	
saves	
regarded	
valuation	n.估价，估值，评价，评估
unexpected	adj.想不到的，意外的，突然的
cigarette	n.香烟，搭配
fog	n.雾，困惑，迷惘，搭配\nv.起雾变得模糊，使模糊不清
characteristic	adj.典型的，独特的\nn.特征，特性，特色，鲜明的，与众不同的特征，搭配\nv.语体
marion	
lobby	n.门廊，前厅，大厅，见图，住的地方，民众接待厅\nv.游说，进行疏通
Egyptian	adj.埃及的，埃及人的\nn.埃及人
Tunisia	
metallica	
outlined	
consequently	v.结果，因此，所以
headline	n.标题，大字标题，新闻提要，成了报纸 上的新闻，搭配\nv.扮演主角，成为…的主要表演者，给…加标题
treating	
punch	n.用拳打，力量，感染力，宾治，潘趣酒，打孔器\nv.击打，用拳猛击，打孔，在上打孔
appointments	
STR	
gotta	必须，得
cowboy	n.骑马牧人，牛仔，奸商，低劣产品的制造商，牛仔与印第安人
narrative	n.叙述，记叙，叙事过程
Bahrain	
enormous	adj.巨大的，庞大的
karma	n.羯磨，业，气氛，感觉
consist	v.在于，取决于，由…构成，由…组成，由…组成，包含
betty	
queens	
academics	
pubs	
quantitative	adj.量的，与数量有关的，定量的
shemales	
lucas	
screensavers	
subdivision	n.再分，细分，进一步分成的部分，一块土地
tribes	
VIP	n.要人，贵宾
defeat	n.失败，战胜，击败，搭配，遭遇失败\nv.战胜，打败，语体，把难住，使…失败
clicks	
distinction	n.差别，差别，区别，不同，语体，卓越
Honduras	
naughty	adj.淘气的，顽皮的，没有规矩的，不听话的，不妥当的，黄色笑话，杂志
hazards	
insured	adj.已保险的，被保险人，受保人
Harper	
livestock	n.牲畜，家畜
mardi	
exemption	n.免税额，可免税部分，免除，豁免
tenant	n.房客，租户
sustainability	
cabinets	
tattoo	n.文身，见图，军操表演，快速的击鼓\nv.在上刺花纹，给…文身
shake	n.摇动，摇晃，奶昔，哆嗦，一刹那，立刻，马上\nv.移动，摇动，摇撼，颤动，身体
algebra	n.代数
shadows	
holly	n.冬青树，冬青树叶及浆果，见图
formatting	
silly	adj.愚蠢的，没头脑的，傻的，可笑的，荒唐的，随便的，不切实际的\nn.傻瓜，笨蛋
nutritional	adj.营养的
yea	n.赞成票，赞成者\nv.是，对
mercy	n.仁慈，宽恕，任凭某人，某物的摆布
hartford	
freely	v.自由地，不受限制地，无阻碍地，畅通地，唾手可得的
Marcus	
sunrise	n.日出，黎明，拂晓，晨曦，朝霞
wrapping	n.包装布，包装纸，包装塑料
mild	adj.天气，温和的，暖和的，疾病，不严重的，轻微的\nn.清淡黑啤酒
fur	n.软毛，毛皮，裘皮，见图，毛皮大衣\nv.积垢，生苔
Nicaragua	
weblogs	
timeline	n.时间表，大事记，年代表
tar	n.柏油，沥青，焦油\nv.用沥青覆盖，被认为有同样缺点，被看成一路货色，给涂柏油粘羽毛
belongs	
rj	
readily	v.快速地，便利地，乐意地，爽快地
affiliation	n.联系，从属关系，加盟，加入
SOC	
fence	n.栅栏，围栏，篱笆，带刺铁丝网，电围栏，【美】尖桩篱栅\nv.用栅栏 围起，击剑，巧妙回答，搪塞
nudist	n.裸体主义者
infinite	adj.极大的，无限的，无穷无尽的
Diana	
ensures	
relatives	
lindsay	
clan	n.家族，宗族，氏族，大家族，大家庭
legally	v.依据法律，法律上，合法地
shame	n.真遗憾，多可惜啊，语体，羞愧，羞耻，惭愧，惭愧地低下头\nv.使羞愧，使惭愧，使某人羞愧而不得不做某事，使黯然失色，使相形见绌，使蒙羞，使丢脸
satisfactory	adj.令人满意的，够好的，合适的，令人满意的结果，结局，解决方法\nv.搭配，令人满意的,还算可以的，不错的,还行的，还算好的,过得去的
revolutionary	adj.革命性的，突破性的，创新的，革命的\nn.革命者，革命家
bracelets	
sync	n.同步的，协调的，一致的，不同步的，不协调的，不一致的\nv.同时发生，同步
civilian	n.平民，老百姓
telephony	n.电话
mesa	n.平顶山，方山
fatal	adj.致命的，灾难性的，毁灭性的
remedy	n.补救，药物，感冒药，咳嗽药\nv.补救，纠正，改善
realtors	
breathing	n.呼吸
briefly	v.短暂地，短时间地，概括地，简洁地，简要地
thickness	n.厚度，层
adjustments	
graphical	adj.图形的，图像的，图示的
genius	n.天才，天赋，神来之笔，有天才的人，天才人物，音乐
discussing	
aerospace	n.航空航天工业，宇航工业
fighter	n.战斗机，歼击机，拳击手，战士，士兵，战斗者
meaningful	adj.有意义的，浅显易懂的，意味深长的眼神，一瞥
flesh	n.肉，皮肤，果肉，蔬菜的可食部分\nv.使充实，使具体
retreat	n.军队的，撤退，后退，离开\nv.军队，撤退，后退，离开
adapted	
barely	v.勉强才能，几乎不，刚刚，只有，仅仅
wherever	v.无论去哪里，无论在哪里，无论什么情况下，…或其他任何地方
estates	
rug	n.小地毯，见图，大毛毯，突然停止对某人的支持
democrat	n.民主主义者，民主人士，民主党党员，民主党支持者
borough	n.自治市，城市的行政区
maintains	
failing	n.缺点，弱点\nprep.如果不行
shortcuts	
ka	
retained	
voyeurweb	
pamela	
andrews	
marble	n.大理石，玻璃弹子，弹子游戏，举止开始失常
extending	
Jesse	
specifies	
hull	n.船体，船身，木质的，钢质的，外皮，外壳\nv.除去…的外皮
logitech	
surrey	n.双座轻便马车
briefing	n.简要指示，情况简介
belkin	
DEM	
accreditation	
wav	n.波形音频文件，WAV音频文件
blackberry	n.黑莓，见图，“黑莓”，黑莓手机
highland	adj.苏格兰高地的，苏格兰高地人的，高地的，高原的
meditation	n.默想，冥想，沉思，深思，思考，感想，沉思
modular	adj.分单元的，组合式的，模块化的
microphone	n.麦克风，话筒，传声器，扩音器，喇叭筒，麦克风，见图
Macedonia	
combining	
brandon	
instrumental	adj.对 某事起重要作用，器乐的，用乐器演奏的\nn.器乐曲
giants	
organizing	
shed	n.棚屋，小屋，货棚，工棚，厂房，库房\nv.去除，去除，摆脱，语体，使清楚些
balloon	n.气球，吊舱，热气球，见图\nv.突然增加，激增，突然长胖，膨胀，鼓起来
moderators	
winston	
memo	n.公务便条，备忘录
ham	n.火腿，火腿肉，业余无线电爱好者，演技做作的演员，表演过火的演员\nv.做作地表演，表演过火
solved	
tide	n.海潮，潮汐，潮涨，潮落，潮水\nv.帮助…渡过难关
Kazakhstan	
Hawaiian	
standings	
partition	n.隔墙，隔板，分裂，分割\nv.分割，把…分成部分，分隔，将…隔开，分隔
invisible	adj.看不见的，几乎看不到，未意识到的，避而不谈的
gratuit	
consoles	
funk	n.乡土爵士乐，放克乐，沮丧，焦虑，惊恐\nv.逃避，畏缩
FBI	
Qatar	
magnet	n.磁铁，磁石，吸铁石，见图，有吸引力的事物
translations	
porsche	
cayman	n.短吻鳄
jaguar	n.美洲豹，美洲虎，见图
reel	n.卷轴，卷筒，卷盘，绕线轮，一卷\nv.迷惑，震惊，见图，踉跄着后退
sheer	adj.之重，之大等，纯粹的运气，快乐\nv.陡峭地，近乎垂直地，突然转向
commodity	n.商品，有用的性质，有用的东西，搭配
posing	
wang	
kilometers	
RP	n.英语标准发音
bind	n.窘境，困境\nv.束，缚，捆，绑，被捆起来封住嘴
thanksgiving	n.感恩，感恩节
rand	n.兰特
hopkins	
urgent	adj.紧急的，急迫的，需迅速处理的，急切的\nv.搭配
guarantees	
infants	
gothic	adj.哥特式的，哥特风格的，哥特派的，哥特体的
cylinder	n.圆柱体，圆筒，见图，汽缸
witch	n.女巫，巫婆，丑老太婆，老巫婆
buck	n.元，美元，加元，澳元\nv.马，弓背跃起，腾跃，突然移动，猛烈颠簸，剧烈震荡
indication	n.迹象，标示
eh	interjection嗯，啊，是吗，好吗，啊，嗯
congratulations	
TBA	待宣布，待决定
cohen	
sie	
usgs	
puppy	n.小狗，幼犬，这，那东西
kathy	
acre	n.英亩，大量的空间
graphs	
surround	n.围饰，缘饰\nv.环绕，围绕，被某类人，某事物围住，包围，围困
cigarettes	
revenge	adj.搭配，报复，报仇，伺机报仇\nn.报复，报仇，雪耻\nv.为…报仇
expires	
enemies	
lows	
controllers	
aqua	
chen	
emma	
consultancy	n.咨询公司，顾问公司，咨询，咨询意见
finances	
accepts	
enjoying	
conventions	
eva	
patrol	n.巡逻，巡查，巡警队，巡逻车队，巡逻机队\nv.巡逻，巡查，气势汹汹地在驾车游荡
smell	n.气味，难闻的气味，臭味，嗅觉，闻，嗅\nv.注意到有气味，闻出，闻到，嗅到，有某种气味，有…气味，发出…气味
pest	n.有害小动物，害虫，令人讨厌的人
HC	
italiano	
coordinates	
rca	
FP	
carnival	n.狂欢，嘉年华会，游乐场，流动游艺场，游园会，嘉年华会
roughly	v.粗略地，大致上，粗略地说，粗暴地，粗野地，粗鲁地
sticker	n.粘贴标签，贴纸，保险杠贴纸
promises	
responding	
reef	n.礁，礁脉\nv.缩，收
physically	v.身体上，体格上，可能的，不可能的，搭配
divide	n.差异，差别，分水岭，分水线\nv.分开，分成，隔开，把隔开
stakeholders	
hydrocodone	
gst	
consecutive	adj.连续的，不间断的
cornell	
satin	adj.缎子般光滑的\nn.缎子
bon	
deserve	v.应得，应受到，罪有应得，值得考虑，注意等
attempting	
mailto	
promo	n.广告短片
JJ	
representations	
chan	
worried	adj.担心的，焦虑的，你让我虚惊一场\nv.搭配，担心的,焦虑的，焦虑的,担忧的，紧张不安的
tunes	
garbage	n.垃圾，蠢话，废话，愚蠢的想法，无用输入，无用输出.
competing	adj.互相矛盾的，相互抵触的，相互竞争的产品，品牌，公司等
combines	
MAS	
Beth	
bradford	
len	
phrases	
kai	
peninsula	adj.见图\nn.半岛
chelsea	
boring	adj.无趣的，无聊的，乏味的，令人生厌的，无聊透顶的，无趣的，无聊的，乏味的，不大有趣的，不太有意思的
reynolds	
dom	
Jill	
accurately	
speeches	
reaches	
schema	n.略图，纲要，概要，提要
considers	
sofa	n.长沙发，见图
catalogs	
ministries	
vacancies	
quizzes	
parliamentary	adj.议会的，国会的，由议会 支配的
obj	
prefix	n.前缀，前置代码，称谓\nv.在…前加前缀，加…作为前言
lucia	
savannah	
barrel	n.桶，见图，枪管，炮管\nv.高速行驶，飞奔，飞驰
typing	n.打字
nerve	n.担心的情绪，焦虑，恐惧，某人非常焦虑\nv.鼓起勇气做某事
dans	
planets	
deficit	n.逆差，亏损，赤字，不足额，搭配
boulder	n.巨石，巨砾
pointing	n.灰泥，抹缝
renew	v.延长的期限，使续期，重新开始，继续，恢复友谊，交情等
coupled	
viii	
Myanmar	
metadata	n.元数据，诠释资料
harold	
circuits	
floppy	adj.松软的，下垂的，松垂的
texture	n.手感，质感，质地，口感，神韵\nv.搭配
handbags	
jar	n.罐子，广口瓶，一罐 之量，见图，罐，坛，缸\nv.感到不快，吃惊，撞坏，震松
ev	
somerset	
incurred	
acknowledge	v.承认，承认某事物的重要性，承认某人的权威，感谢
thoroughly	v.完全地，极度地，彻底地，仔细地
Antigua	
Nottingham	
thunder	n.雷声，雷鸣般的响声，轰隆声，满面怒容的脸，雷公脸，搭配\nv.打雷，轰隆隆地快速移动，发出轰隆隆的响声，愤怒地大叫，怒吼
tent	n.帐篷，圆顶帐篷，【英】，【美】
caution	n.小心，谨慎，慎重，谨慎地对待，看待某事，警示，警告\nv.警告，告诫，提醒，警告，告诫
identifies	
questionnaire	n.问卷，调查表，填写，完成调查表
qualification	n.资格，学历，技能条件，资格，资历
locks	
modelling	n.模特的职业，模型化，模式的建立，模型制作
namely	v.即，也就是
miniature	adj.很小的，微型的\nn.缩影的，微小模型的，微型画，小画像，小瓶装酒，酒版
dept	
hack	n.蹩脚文人，雇佣文人，写手，二流政客，政治仆从，侵入，出租车\nv.砍，劈，侵入，不愿继续做某事，骑马
dare	n.激将，挑战，受到激将\nv.胆敢，敢于，你竟敢，你怎么敢，你敢！，激将，激
euros	
interstate	adj.州际的\nn.州际公路
pirates	
aerial	adj.从飞机上的，见图，汽车，空中的\nn.天线，见图，空中技巧
hawk	n.鹰，见图，鹰派人物，主战派人物，仔细打量某人\nv.叫卖，兜售，咳出
consequence	n.后果，因此，因为，不重要的，无足轻重的
rebel	n.造反者，反叛者，叛军，叛兵\nv.造反，反抗，反叛，不听使唤
systematic	adj.系统化的，有条理的，细致周到的
perceived	
origins	
hired	
makeup	
textile	n.纺织品，纺织业
lamb	n.羔羊，小羊，羔羊肉，羊排，炖羊肉等\nv.生产羊羔，产羔
Madagascar	
nathan	
tobago	
presenting	
cos	conj.因为\nn.直立莴苣，长叶莴苣，cosine的书面缩写，余弦
troubleshooting	
Uzbekistan	
indexes	
PAC	
RL	
erp	
centuries	
Gl	
magnitude	n.巨大，庞大，重要性，星等，震级
UI	
richardson	
Hindu	n.印度教徒
DH	
fragrances	
vocabulary	n.词汇量，语汇，词汇，词汇量，专业词汇，术语，表达手段
licking	n.失败，挫折，狠揍，痛打
earthquake	n.地震，搭配
VPN	
fundraising	n.募捐，筹款
FCC	
markers	
weights	
Albania	
geological	
assessing	
lasting	adj.持久的，耐久的
wicked	adj.邪恶的，缺德的，淘气的，恶作剧的
eds	
introduces	
kills	
roommate	n.室友，同住一套公寓 的人
webcams	
pushed	adj.时间，金钱等不足，太忙的，做某事有很多困难
webmasters	
RO	
DF	
computational	
acdbentity	
participated	
junk	n.废旧杂物，垃圾食品，中国式帆船\nv.丢掉
handhelds	
wax	n.蜡，耳垢\nv.给…打蜡，伤感，滔滔不绝，热情奔放地说
lucy	
answering	
hans	
impressed	
slope	n.斜坡，斜面，滑雪斜坡，斜度，坡度，搭配\nv.倾斜，成斜坡，悄悄离开，溜掉
reggae	n.雷鬼乐
failures	
poet	n.诗人
conspiracy	n.密谋，阴谋，缄默不谈的密约，搭配
surname	n.姓
theology	n.神学，宗教信仰体系
nails	
evident	adj.明显的，明白的
whats	
rides	
rehab	n.康复治疗
epic	adj.英雄的，英勇的，史诗般的，漫长而艰难的，壮观的\nn.长篇敍事性小说，史诗般的作品
Saturn	n.土星，见图
organizer	n.组织者，安排者
nut	n.食物，坚果，腰果，开心果\nv.用头撞
allergy	n.过敏性反应，过敏症
sake	n.为了某人，某事的缘故，看在上帝的份上，天哪
twisted	adj.扭曲的，变形的，见图，反常的，变态的
combinations	
preceding	adj.在前的，在先的，前面的
merit	n.长处，优点，语体，优秀品质，有可称道之处\nv.应得到，值得
enzyme	n.酶
cumulative	adj.积累的，渐增的
zshops	
planes	
edmonton	
tackle	n.搭配，抢断球，抢截得球，拦截，擒抱，见图\nv.处理，对付，抢断，抢截，铲断，拦截，擒抱，见图
disks	
condo	n.公寓，公寓楼
pokemon	
amplifier	n.扬声器，扩音器，见图
ambien	
arbitrary	adj.任意的，专横的，武断的
prominent	adj.重要的，著名的，卓越的，杰出的，突出的，显著的，显眼的
retrieve	v.找回，收回，取回，检索，挽回局面
lexington	
vernon	
sans	prep.无，没有
worldcat	
titanium	n.钛
irs	
fairy	n.仙子，小精灵，相公，兔子
builds	
contacted	
shaft	n.通道，竖井，柄，长柄\nv.不公正地对待
lean	adj.苗条的，瘦而健美的，瘦的，脂肪少的，节俭的，精简的，收益差的\nv.屈身，倾斜身体，倚靠，见图
bye	interjection再见，拜拜，一会儿见\nn.轮空\nprefixby-的另一种拼法
cdt	n.工艺、设计和技术课
recorders	
occasional	adj.偶尔的，不经常的
leslie	
casio	
deutsche	
ana	
postings	
innovations	
kitty	n.筹集的钱款，赌注，小猫，猫咪
postcards	
dude	n.男人，城里男人
drain	n.下水管，下水道，排 水管，下水道箅子，排水孔，大量耗费某物的事物\nv.液体，使流走，使排出，流走，流光，流干，沥干
Monte	
fires	
Algeria	
blessed	adj.该死的，倒霉的，令人愉快的，可喜的，快乐的，神圣的
luis	
reviewing	
cardiff	
cornwall	
favors	
potato	n.马铃薯，土豆，烤土豆，炸土豆，煮土豆
panic	n.惶恐，惊恐，惊慌，人心惶惶的局面，忙乱，慌乱的状态，忙乱\nv.恐慌，惊慌失措
explicitly	
sticks	
Leone	
transsexual	n.变性人，变性男
ez	
citizenship	n.公民权利，公民身份，国籍，公民义务，公民责任
excuse	n.理由，虚假的理由，托词，借口\nv.劳驾，对不起，借光，借过，抱歉
reforms	
basement	n.地下室，地库
onion	n.洋葱，见图
strand	n.股，缕，部分
pf	
sandwich	n.三明治，夹心面包，见图，果酱奶油夹心蛋糕\nv.被夹在…中间
uw	
lawsuit	n.诉讼，搭配
alto	adj.中音的\nn.中音，中音歌手，中音部
informative	adj.资料丰富的，增进知识的
girlfriend	n.女朋友，女情人，和女友分手，女伴，女友
bloomberg	
cheque	n.支票，兑现支票，搭配
hierarchy	n.等级制度，最高层，统治集团
influenced	
banners	
reject	n.次品，废品，不合格者，被排斥者，被拒收者\nv.提议，建议，观点，拒绝接受
eau	
abandoned	adj.废弃的，被丢弃的，被抛弃的，被遗弃的，无约束的，无度的，放荡的
BD	
circles	
italic	
beats	
merry	adj.圣诞快乐！，快乐的，越多越好，微醉的
mil	
scuba	
gore	n.浓黑的血，凝血\nv.顶伤
complement	n.补足物，补充，使完备之物，足数，足额\nv.补充，使相配，使完美，语体
cult	adj.在某圈子内受狂热喜爱的电影，乐队，人物等\nn.异教，邪教，风尚，热潮，崇拜者，信徒，宗教信仰体系
dash	n.少量，少许，少量，一点点，少量，快跑\nv.猛冲，急奔，使某人的希望破灭，让某人失望，得赶紧走了，猛掷，猛击
passive	adj.被动的，消极的，顺从的\nn.被动式，被动语态
Mauritius	
valued	
cage	n.笼子\nv.把…放 进笼中
checklist	n.清单，检查单，搭配
bangbus	
requesting	
courage	n.勇气，胆量，勇敢，鼓起勇气，有勇气去说 自己认为正确的事，搭配
verde	
Lauderdale	
scenarios	
gazette	n.公报，报
Hitachi	
divx	
extraction	n.取出，提炼，矿物，石油等的提炼
batman	n.勤务兵
elevation	n.海拔，提升，晋升，增加，升高，立面
hearings	
coleman	
hugh	
lap	n.大腿部，香农坐在她妈妈的腿上。，一圈，绕场一周\nv.轻轻拍打，冲刷，舔饮，领先一圈，欣然接受
utilization	
beverages	
calibration	n.校准，刻度，准确标示
jake	
eval	
efficiently	
anaheim	
ping	n.砰，乒，当\nv.发出砰 的一声，给某人发邮件，打电话等，向计算机发送指令
textbook	adj.规范的，标准的\nn.教科书，教材，课本
dried	adj.干的，除去水分的，脱水的
entertaining	adj.使人愉快的，有趣的\nn.宴请，招待客户
prerequisite	n.先决条件，前提，必备条件
luther	
frontier	n.国界，边境，边陲小镇，边疆地区，边防站等
settle	v.结束争论，和解，结束，解决
stopping	
refugees	
knights	
hypothesis	n.假设，假说，猜想
palmer	
medicines	
flux	n.不断的变化
derby	n.德比大赛，常礼帽，圆顶高帽，见图，速度比赛，竞赛
sao	
peaceful	adj.平静的，安宁的，宁静的，和平的，没有暴力的，爱好和平的\nn.搭配
altered	
Pontiac	
regression	n.退步，倒退，退化，退行
doctrine	adj.正式声明\nn.信条，教义，主义，学说
scenic	adj.景色优美的，景色优美的路线
trainers	
muze	
enhancements	
renewable	adj.可延期的，可续期的，可更新的，可再生的，可恢复的，见图，环保方法
intersection	n.交叉口，十字路口，交叉点，横断，交叉
passwords	
sewing	n.缝纫，见图，缝制品
consistency	n.连贯性，前后一致，密实度，平滑度，黏稠度
collectors	
conclude	v.作出…结论，推断出，完成，结束，结束，终止，达成协议
recognised	
Munich	
Oman	
celebs	
GMC	
propose	v.建议，提议，建议，语体，会议
hh	
Azerbaijan	
lighter	n.点火器，打火机，驳船
rage	n.盛怒，狂怒，怒不可遏，流行，风靡一时，某事物的流行\nsuffix公路，空中等暴怒\nv.发怒，怒斥，激烈进行，肆虐
adsl	n.不对称数字用户线
uh	
prix	
astrology	n.占星术
advisors	
pavilion	n.临时建筑物，大帐篷，运动员更衣室，休息室，看台，大型文体馆
tactics	
trusts	
occurring	
supplemental	
travelling	adj.差旅费，旅伴，巡回演出的音乐家，巡回演出的马戏团\nn.旅行，走步
talented	adj.有天资的，有才能的
annie	
pillow	n.枕头，见图，枕头战，枕边话\nv.把枕在
induction	n.就职，入门，就职仪式，引产，催生
derek	
precisely	v.精确地，确切地，准确地，恰好，正是，对，确实如此
shorter	
harley	
spreading	
provinces	
relying	
finals	
Paraguay	
steal	n.非常便宜，断球，偷垒\nv.拿走某物，偷，窃取，使用观点，剽窃，窃取
parcel	n.包裹，邮包，见图，一块，一片\nv.把…分成小份，把…分配，把…包起来，把…打包
refined	adj.精炼的，精制的，精制糖，精炼油
FD	
bo	n.体臭，体味
fifteen	n.十五，十五人橄榄球队
widespread	adj.分布广的，广泛流传的
incidence	n.发生率
fears	
predict	v.预言，预料，预测，预测,预言，预报,预测，推断,预计
boutique	n.时装店，精品店
acrylic	adj.丙烯酸的
rolled	
tuner	n.调谐器，钢琴调音师，调音器
avon	
incidents	
Peterson	
rays	
Asn	
Shannon	
toddler	n.学步的儿童，刚学走路的小孩
enhancing	
flavor	
alike	adj.十分相似的，相像的\nv.相似地，相像地，同样都
Walt	
homeless	adj.无家可归的，无家可归者，流浪街头者
horrible	adj.糟糕的，令人不快的，极讨厌的，可怕的，吓人的，令人恐惧的，粗鲁的，不友好的\nv.糟糕的，令人不快的，恶心的，使人反感的，令人极为不快的，令人恶心 的
hungry	adj.饥饿的，挨饿的，吃不饱，挨饿，渴望得到…的
metallic	adj.似金属撞击的，尖利刺耳的，似金属的，像金属般闪烁的，金属味的
acne	n.痤疮，粉刺
blocked	
interference	n.干涉，干预，介入，干扰
warriors	
Palestine	
listprice	
libs	
undo	v.解开，打开，松开，解开你的夹克，衬衫，胸罩等
Cadillac	n.凯迪拉克轿车，精品，一流名牌产品
atmospheric	adj.大气的，有关大气的，有神秘感 的，富有情调的
Malawi	
wm	
pk	park的书面缩写，公园
sagem	
knowledgestorm	
dana	
halo	n.光轮，光环，晕，晕圈
ppm	
curtis	
parental	adj.父亲的，母亲的，父母的
referenced	
strikes	
lesser	adj.更小的，次要的，更少的，两害之较轻者
publicity	n.关注，报道，宣传，推广，搭配
marathon	adj.马拉松式的，持久的，需要很大精力 的\nn.马拉松赛跑，持久活动，马拉松式的活动
ant	n.蚂蚁，见图，坐立不安，躁动不安\nsuffix做…的人，用作…的东西，处于…的状态
proposition	adj.搭配\nn.声明，主张，观点，见解，建议，提议，建议\nv.提出与发生性关系，向求欢
gays	
pressing	adj.紧迫的，迫切的\nn.压制品，一批压制品，按，压，挤，推，压平
gasoline	n.汽油
apt	adj.倾向于做某事，易于做某事，适当的，恰当的，聪明的学生
dressed	adj.穿好衣服，穿好衣服的，穿着服装的，穿得引人注目的，打扮得非常漂亮的
scout	n.男童子军，女童子军，侦察兵，侦察机\nv.寻找，对进行侦察，物色，发掘
Belfast	
exec	n.executive 的非正式说法
dealt	deal的过去式和过去分词
Niagara	
inf	
Eos	
warcraft	
charms	
catalyst	n.催化剂，触媒，导致重大变化的事物，促进因素
trader	n.商人，买卖人，经商者
bucks	
allowance	n.一笔钱，津贴，补助，允许量，限额，免税额
VCR	n.录像机
denial	n.否认，否定，剥夺，拒绝给予，拒绝承认，不肯相信，搭配
uri	
designation	n.任命，选定，指派，标明，表示，名称，称号
thrown	
prepaid	adj.预付的，预先付款的
raises	
gem	n.宝石，见图，精品，难能可贵的人
duplicate	adj.完全一样的，复制的，副本的\nn.完全一样的东西，复制品，副本，一式两份\nv.复制，重复
electro	prefix电的，与电有关的，用电的，电与…的
criterion	n.标准，准则，搭配
badge	n.徽章，标记，见图，徽章，证章，徽牌，荣誉
wrist	n.腕，见图
civilization	n.文明，文明世界，现代生活环境，文明的环境，搭配
analyzed	
vietnamese	
heath	n.荒野，荒地
tremendous	adj.巨大的，极快的，强有力的，极好的，特棒的
ballot	n.无记名投票，投票用纸，选票，投票总数\nv.要求投票，投票
lexus	
varying	
remedies	
validity	
trustee	n.受托人，理事，董事
Maui	
handjobs	
weighted	adj.有利 的
Angola	
squirt	n.喷射的液体，细的喷流，喷洒，喷射，小矮子，小东西\nv.使喷出，射出，喷射，向…喷射
performs	
plastics	
realm	n.领域，范围，可能的，在可能的范围内，王国
corrected	
jenny	
helmet	n.头盔，钢盔，安全帽，见图
salaries	
postcard	n.明信片
elephant	n.象，众所周知却被刻意回避的问题
Yemen	
encountered	
tsunami	n.海啸
scholar	n.有学问的人，学者，奖学金获得者
nickel	n.镍，五分硬币
internationally	v.世界地，国际性地
surrounded	
psi	
buses	
expedia	
geology	n.地质学
PCT	
WB	
creatures	
coating	n.涂层，外层，覆盖层
commented	
wallet	n.钱包，皮夹子，见图，皮夹，塑料夹
cleared	
smilies	
vids	
accomplish	v.完成，实现
boating	n.划船，乘游艇
drainage	n.排水
shakira	
corners	
broader	
vegetarian	n.素食主义者
rouge	n.胭脂
yeast	n.酵母
Yale	
Newfoundland	
SN	
qld	
pas	
clearing	n.小块空地
investigated	
dk	
ambassador	n.大使，代表人物
coated	
intend	v.计划，打算，想要，语体，是为某人，某事物而提供 的
stephanie	
contacting	
vegetation	n.植物，草木
doom	n.厄运，劫数，在劫难逃的感觉，某事物意味着毁灭，无望，悲观失望\nv.注定
findarticles	
louise	
kenny	
specially	v.特地，特意，专门地，特别，尤其
owen	
routines	
hitting	
yukon	
beings	
bite	n.用牙齿，咬，见图，伤口\nv.牙齿，咬，咬指甲，咬着嘴唇
ISSN	
aquatic	adj.水栖的，水生的，水中的，水上的
reliance	n.依靠，依赖
habits	
striking	adj.惊人的，显著的，吸引人的，惹人注目的，罢工的
myth	n.错误观念，荒诞说法，神话，搭配
infectious	adj.传染性的，有传染性的，有感染力的
podcasts	
Singh	
gig	n.演奏会，滑稽表演，工作，千兆字节，十亿字节，吉字节\nv.演奏现代流行音乐
Gilbert	
SAS	n.特种航空队，空军特种部队
Ferrari	
continuity	n.连续，持续，连贯，镜头的连续，衔接
brook	n.小河，溪流\nv.不能容忍某事
FU	
outputs	
phenomenon	n.现象，非凡的人，奇才，奇事
ensemble	n.乐团，剧团，舞剧团，器乐，弦乐器，铜管乐器等演奏组
insulin	n.胰岛素
assured	adj.自信的，肯定得到某物，确定的，必然的，人寿保险的受保人
biblical	adj.有关《圣经》的，《圣经》中的，大规模的，非常严重的
weed	n.野草，杂草，莠草，海藻，水草，懦弱的人，孱弱的人\nv.除去杂草，除去，淘汰
conscious	adj.意识到的，注意到的，清醒的，清醒的，有知觉的，神志清醒的\nadv.搭配
accent	n.口音，重点在…上，强调…，重音，变音符号\nv.显出，突出，强调，重读
mysimon	
eleven	n.十一，十一人足球 队
wives	wife的复数形式
ambient	adj.环境温度，光线等，背景音乐，音效
utilize	n.语体\nv.利用，使用
mileage	n.行驶里程，英里数，利益，好处，用处
Oecd	n.经济合作与发展组织
prostate	n.前列腺
adaptor	
auburn	adj.红褐色的，茶色的
unlock	v.开…的锁，揭开某事的秘密
Hyundai	
pledge	n.保证,诺言，誓言，誓约，保证，金钱\nv.发誓，发誓，保证，许诺，使某人保证，使发誓
vampire	n.吸血鬼
angela	
relates	
nitrogen	n.氮
xerox	
dice	n.骰子，色子，见图，掷骰子游戏，成败已安排好\nv.把切成小方块，冒生命危险，玩命
merger	n.合并
softball	n.垒球
referrals	
quad	n.方形中庭，四方院子，四胞胎之一，四头肌
dock	n.码头，船坞，码头区，港区，突堤，栈桥\nv.船舶，进港，停靠码头，扣某人的工资，薪酬
differently	
firewire	
mods	
Nextel	
framing	
organised	
musician	n.音乐家，乐师
blocking	
rwanda	
sorts	
integrating	
vsnet	
limiting	adj.限制性的，制约的，限制的，局限的
dispatch	n.公文，信件，报道，电讯，派遣，发送，利落地，迅速地\nv.派遣，发送，迅速处理，快速办妥，故意杀死
revisions	
Papua	
restored	adj.精神 恢复的
hint	n.暗示，少许，微量，细微的迹象，有益的建议\nv.暗示，示意
armor	
riders	
chargers	
remark	n.言论，意见，评论，搭配，发表意见\nv.评论，谈到，说起
dozens	
varies	
msie	
reasoning	n.推理，推论，科学，逻辑，法律推理
wn	
liz	
rendered	
picking	
charitable	adj.慈善的，仁慈的，宽容的，具有同情心的
guards	
annotated	
ccd	
SV	
convinced	adj.确信的，信服的，信仰坚定的穆斯林，基督徒等
openings	
buys	
Burlington	
replacing	
researcher	
watershed	n.转折点，重要关头，分水线，分水岭，分水线
councils	
occupations	
acknowledged	
nudity	n.裸体，赤裸，裸露
kruger	
pockets	
granny	adj.老太太式样的\nn.奶奶，外婆
pork	n.猪肉，政治恩惠
zu	
equilibrium	n.平衡，均衡，均势，平静，安宁，心理平衡
viral	adj.病毒 的，病毒引起的，广为传播的\nn.病毒视频，病毒广告
inquire	v.询问，打听，问候，问好，查问，查究，调查
pipes	
characterized	
laden	adj.装满的，满载的，充满的
aruba	
cottages	
realtor	n.房地产经纪人
merge	v.合并，融合，相融，融入
privilege	n.特权，特殊待遇，荣幸，幸运，权势\nv.给予…特权，特别优待
edgar	
develops	
qualifying	
chassis	n.底盘，车架，机架，起落架
dubai	
estimation	n.判断，评价，看法，在某人心目中的地位提高，降低，估计
barn	n.谷仓，粮秣房，仓库，牲口棚，见图，乡间
pushing	prep.将近 40，60岁等
llp	
fleece	n.羊毛，绒头织物，绒头织物短上衣\nv.敲…的竹杠
pediatric	
BOC	
fare	n.票价，饭菜，出租车乘客，供大众使用的东西\nv.成功，失败，更成功等
dG	
asus	
pierce	v.刺入，刺穿，刺破，让人给耳朵，鼻子等穿孔，穿过，透入
allan	
dressing	n.调料，调味酱，调味馅料，填料，敷料，绷带
techrepublic	
sperm	n.精子，精液，精子数
vg	
bald	adj.秃的，见图，光秃的，磨光的，掉光的，不加修饰 的声明
filme	
craps	
Fuji	
frost	n.严寒天气，霜冻，酷寒，霜，搭配\nv.在上撒糖霜，布满霜，结霜
leon	
institutes	
mold	v.mould的美式拼法
dame	n.女人，滑稽女人，女爵士
FO	
sally	n.突击，出击，俏皮话，戏谑话\nv.出发，出去
yacht	n.大游艇，大型帆船，见图
tracy	
prefers	
drilling	
brochures	
herb	n.香草，药草
TMP	
alot	
ate	suffix充满…的，有…特点的，使具有某种性质，具有…职责的人，职务，身份，学位\nv.eat的过去式
breach	n.违背，违反，破裂，中断，泄密，失信\nv.违背，违反，攻破，在…上造成缺口
whale	n.鲸，玩得非常愉快，搭配\nv.开始攻击某人，某物
traveller	n.旅客，旅行者，经常旅行的人，坐旅行拖车过漂泊生活的人
appropriations	
suspected	adj.被疑为入室盗窃，恐怖分子，间谍等的人，疑似…的
tomatoes	
benchmark	n.基准，规范\nv.把作为衡量标准
beginners	
instructors	
highlighted	
bedford	
stationery	n.信纸，信笺，卷笔刀，记号笔，剪刀
idle	adj.不工作的，闲置的，不认真的，漫无目的的\nv.空转，无所事事，闲混，使闲置，使闲着
mustang	n.北美野马
unauthorized	adj.未经授权 的
clusters	
antibody	n.抗体
competent	adj.合格的，能干的，胜任的，合格的，过得去的，精神正常的，智力无缺陷的
momentum	n.动力，势头，加速，冲力，推力，动力，动量
fin	n.鱼鳍，见图，垂直尾翼，鳍状稳定板
wiring	n.电线线路，线路系统
IO	
pastor	n.牧师
mud	n.泥，烂泥，祝您好运，干杯
calvin	
uni	n.大学\nprefix单，一
shark	n.鲨，大批鲨鱼出没的水域，见图，诈骗者
contributor	n.捐款人，捐助人，作出贡献的人，撰稿人
demonstrates	
phases	
grateful	adj.感谢的，感激的，语体，谢谢，我真的十分感谢。，十分感谢你所做的一切。
emerald	n.翡翠，绿宝石，翠绿色
gradually	v.逐渐地，逐步地
laughing	
grows	
cliff	n.悬崖，峭壁，见图，乡间，搭配
desirable	adj.理想的，值得拥有的，值得做的，性感的
tract	n.消化道，生殖道，尿道等，一大片
ul	
ballet	n.芭蕾舞剧，芭蕾舞表演，见图，芭蕾舞
Ol	
journalist	n.新闻工作者，新闻记者
abraham	
js	
bumper	adj.特大的，丰盛的，大丰收\nn.保险杠，见图，汽车，一辆紧跟一辆
afterwards	v.随后，以后，后来
webpage	n.网页
religions	
garlic	adj.见图\nn.蒜，见图
hostels	
shine	n.光泽，光亮，一眼就喜欢上某人\nv.发光，发亮，把…照向，照射，闪光，发亮，擦亮，擦光
Senegal	
explosion	n.爆炸，炸弹，气体，核爆炸
PN	
banned	adj.被禁止的，被取缔的
wendy	
briefs	
signatures	
diffs	
cove	n.小海湾，汉子，家伙
mumbai	
ozone	n.臭氧，清新空气
disciplines	
casa	
mu	
daughters	
conversations	
radios	
tariff	n.关税，收费表，价目表，资费表，资费机制
nvidia	
opponent	n.对手，敌手，反对者，搭配
pasta	n.意大利面食，见图
simplified	
muscles	
serum	n.免疫血清，血清，浆液，树液
wrapped	
swift	adj.迅速的，立刻的，迅速移动的，速度非常快的\nn.雨燕
motherboard	n.母板，主板
runtime	
inbox	n.收件箱，收件盘，收文匣，见图
focal	adj.焦点的，受关注的
bibliographic	
vagina	n.阴道
Eden	n.伊甸园
distant	adj.远处的，遥远的，远处的，久远的，不友好的\nv.搭配
incl	
champagne	n.香槟酒
ala	
decimal	adj.十进制的，小数的\nn.小数
HQ	
deviation	n.偏离，背离，越轨，偏差
superintendent	n.警司，地区教育主管，主管人，负责人
propecia	
dip	n.游泳，游一会儿泳，下降，减少，下降\nv.将某物放入液体中，蘸，浸，向下移动，下降，下落
NBC	n.全国广播公司
samba	n.桑巴舞，桑巴舞曲
hostel	n.旅舍，招待所，青年旅舍，无家可归者收容所
housewives	
employ	n.受雇于某人，为某人工作\nv.雇用，语体，使用，运用，花时间做
Mongolia	
penguin	n.企鹅，见图
magical	adj.奇异的，美妙的，迷人的，魔法的，能变魔术的
influences	
inspections	
irrigation	
miracle	n.意外的幸运事，不可思议的事，奇迹，幸事，小奇迹，奇迹，神迹
manually	
reprint	n.重印，再版，重印本，再版本\nv.重印，再版
reid	
WT	
hydraulic	adj.水压的，液压的
centered	
robertson	
flex	n.花线，皮线\nv.收紧，屈曲，展示自己的才能
yearly	adj.每年的，一年一次 的，每三年的，五年的等
penetration	n.穿透，渗透，进入，占有率
wound	n.伤口，创伤，伤痛，伤害，揭旧创伤，搭配\nv.伤害，受致命伤，使不高兴，搭配
belle	n.美女，美人，佳丽，舞会之花，舞会上最美的女子
rosa	
conviction	n.坚定的信仰，深信，坚信，肯定
hash	n.把某事弄糟，哈希什，大麻麻醉剂，肉丁马铃薯，井号，#号\nv.充分讨论
omissions	
writings	
hamburg	
lazy	adj.懒惰的，不努力的，懒洋洋度过的
MV	
mpg	每加仑汽油所行英里数，英里，加仑
retrieval	n.检索，找回，取回，无可挽回，无可补救
qualities	
cindy	
lolita	n.洛丽塔式的少女，早熟的性感少女
fathers	
carb	n.汽化器，化油器，含碳水化合物的食物
charging	
cas	
marvel	n.十分有用 的物\nv.感到惊讶，钦佩，赞美
lined	adj.有衬里的，印 有横线的，有皱纹的
cio	
dow	
prototype	n.原型，雏形，典型，样板
importantly	v.重要的是，煞有介事地，自以为了不起地
RB	
petite	adj.娇小的
apparatus	n.设备，仪器，装置，器械，机构，组织
UPC	
terrain	n.地形，地势
dui	n.醉酒驾车
pens	
explaining	
yen	n.日元，日元比价，渴望，热望
strips	
gossip	n.流言蜚语，闲言碎语，传闻，闲聊，闲话，爱说长道短的人，搭配\nv.说闲话，说长道短
rangers	
nomination	n.提名，任命，指定，搭配
empirical	adj.以实验 为依据的，经验主义的
mh	
rotary	adj.旋转的，转动的，有旋转部件的\nn.环岛
worm	n.蠕虫，幼虫，长有寄生虫，可鄙的人\nv.缓慢 地进入，穿过等，逐渐获得某人的喜爱，欢心
dependence	n.依赖，依靠，药物，酒精依赖，相关，相依
discrete	adj.分开的，分离的，离散的
beginner	n.新手，生手，初学者，新手的好运
boxed	adj.盒装的
lid	n.盖子，见图，吃东西的地方，眼睛
sexuality	n.性欲，性能力，性行为
polyester	n.聚酯纤维，涤纶
cubic	adj.立方的
deaf	adj.耳聋的，失聪的，完全耳聋的，耳聋的人，不愿听某事，不肯听取某事\nn.搭配
commitments	
suggesting	
sapphire	n.蓝宝石
kinase	
skirts	
mats	
remainder	n.剩余物，剩余部分，差数，余数
crawford	
labeled	
privileges	
televisions	
specializing	
marking	n.标志，标识，记号，斑纹，斑点，批改学生作业
commodities	
PVC	n.聚氯乙烯
serbia	
sheriff	n.县治安官，郡长，区 法官
griffin	n.狮身鹰首兽
declined	
Guyana	
spies	
blah	adj.味道不好的，枯燥的，单调的，乏味的\nn.什么什么的，诸如此类的，废话，乏味的话语，困乏，无聊，没精神
mime	n.比画，哑剧表演，哑剧\nv.以哑剧形式表演，比画着表达，模拟演奏 的动作
neighbor	
motorcycles	
elect	adj.候任 总统，州长，首相等\nv.选举，推选，选择做某事
highways	
thinkpad	
concentrate	n.浓缩物，浓缩液\nv.专注，专心，集中注意力，集中于，汇集于
intimate	adj.饭店，餐饮，地方，幽静舒适的，温馨的\nn.知己，密友，至交\nv.暗示，提示
reproductive	adj.生殖的，繁殖的，翻印的，复制的
preston	
deadly	adj.非常危险的，致命的，致命疾病，病毒\nv.非常严肃，沉闷，乏味等
cunt	n.笨蛋，讨厌鬼，忌语勿用。，屄，阴部，忌语勿用。
feof	
bunny	n.兔子
chevy	
molecules	
rounds	
longest	
refrigerator	n.冰箱，见图
tions	
intervals	
sentences	
dentists	
Usda	
exclusion	n.排斥，排除在外，开除学籍，专注于做某事而排斥 其他事情
workstation	n.工作站，办公桌
holocaust	n.大灾难，浩劫，大屠杀
keen	adj.想要某物，热衷的，渴望的，热切的，喜欢，喜欢某人\nv.哀歌，唱挽歌
flyer	n.传单，飞行员，飞机乘客
peas	
dosage	n.剂量，服用量，大，小剂量，增加
receivers	
urls	
customise	
disposition	n.性情，性格，性格焦虑，合群，敏感等的
variance	n.有分歧，有冲突，差异，不一致，变化幅度，豁免，特免
navigator	n.领航员
investigators	
Cameroon	
baking	adj.很热的，灼热的\nn.烘烤，烘焙
marijuana	n.大麻，大麻毒品
adaptive	
computed	
needle	n.缝纫，缝衣针，编织针，皮下注射针头\nv.刺激，激怒
baths	
enb	
gg	
cathedral	n.大教堂，主教座堂，教区总教堂，有主教座堂的城市
brakes	
og	
nirvana	n.涅槃，极乐世界，无忧无虑的境界
KO	v.把击昏\nknockout的缩写，击倒对手
Fairfield	
owns	
til	till的缩略式,直到
invision	
sticky	adj.黏性的，黏的，黏胶带，黏性标签等，闷热的，湿热的
destiny	n.命运，天命，定数，天意，命运之神
generous	adj.慷慨的，大方的，大量的，丰富的，宽宏大量的
madness	n.愚蠢行为，疯狂，精神病，精神错乱，一时糊涂
EMACS	
climb	n.向上的运动，攀登，增加，增值\nv.向上，下移动，攀登，爬，气温
blowing	
fascinating	adj.有极大吸引力的，迷人的
landscapes	
heated	adj.加热的，有暖气的，激烈的争论，辩论
lafayette	
jackie	
WTO	
computation	n.计算，计算的结果
hay	n.干草，饲草，晒草要趁太阳好，抓紧时机，上床睡觉
cardiovascular	adj.心血管的
ww	
sparc	
cardiac	adj.心脏的，心脏停搏，心力衰竭
salvation	n.解救物，救星，救助者，灵魂的拯救，救赎
Dover	
adrian	
predictions	
accompanying	
Vatican	n.梵蒂冈
brutal	adj.无情的，残酷的，野蛮的，凶残的，伤人的，不顾他人感受的
learners	
GD	
selective	adj.认真选择 的，有选择的，选择性的，择优的
arbitration	n.仲裁，公断
configuring	
token	adj.装样子的，装模作样的，象征性女性，黑人等，象征性的\nn.金属代币，象征，标志，购书礼券，唱片礼券
editorials	
zinc	n.锌
sacrifice	n.牺牲，献祭，祭品，供品，牺牲生命，捐躯\nv.牺牲，献出，语体，献祭，以…作祭品
seekers	
guru	n.专家，权威，古鲁
ISA	
removable	adj.可移动的，可拆装的
convergence	
yields	
Gibraltar	
levy	n.税款，税额\nv.征收，收取
suited	
numeric	
anthropology	n.人类学
skating	n.滑冰，溜冰
kinda	
aberdeen	
emperor	n.皇帝
grad	n.毕业生
malpractice	n.玩忽职守，渎职
dylan	
bras	
belts	
blacks	
educated	adj.有教养的，有学问的，受过大学教育的，受过良好教育的
rebates	
reporters	
burke	
proudly	
pix	n.图片，照片
necessity	n.必需品，必要，需要，经济
rendering	n.表演，演奏，翻译，描述
MIC	
inserted	
pulling	
basename	
kyle	
obesity	n.肥胖
curves	
suburban	adj.郊区的，市郊的，乏味的，古板的，有郊区人特点的
touring	
clara	
vertex	n.交点，顶点
BW	
hepatitis	n.肝炎
nationally	v.全国性地，全民地
tomato	n.番茄，西红柿，见图
andorra	
waterproof	adj.防水的，不透水的\nn.防水衣物，雨衣，雨衣裤
expired	
mj	
travels	
flush	adj.在同一平面上的，齐平的，很有钱的，富有的\nn.脸红，脸红，潮红，情感，一阵愤怒\nv.变红，脸红，抽水马桶，冲洗
waiver	n.弃权声明书
pale	adj.苍白的，浅的，淡的，微弱的，暗淡的，不如某物的类似物品\nn.越轨的，不可容忍的\nv.变苍白，相形见绌，小巫见大巫，相比之下微不足道，相形失色
specialties	
hayes	
humanitarian	adj.博爱的，人道主义的
invitations	
functioning	
delight	n.高兴，快乐，使人高兴 的事，以某事为乐，搭配\nv.使愉快，使高兴，以…为乐，喜欢，语体
survivor	n.生还者，幸存者，生存者，还活着的人，幸存者
garcia	
cingular	
economies	
alexandria	
bacterial	
Moses	
counted	
undertake	v.承担，着手做，承诺做某事，答应做某事，搭配
declare	v.正式宣布，宣布，声明，说出所想的，声称，宣称
continuously	
johns	
valves	
gaps	
impaired	adj.受损的，变差的，视力，听力
achievements	
donors	
tear	n.眼泪，泪水，见图，不会有好结果的，不会有好下场的，搭配\nv.纸，布，撕破，扯破
jewel	n.宝石，宝石饰物，珠宝首饰，宝石轴承，钻，宝贵的物品
teddy	
LF	
convertible	adj.可转换的，可改变的，可兑换的\nn.折篷车，敞篷车
ata	
teaches	
ventures	
nil	n.无，零
bufing	
stranger	n.陌生人，完全陌生的人，有过很多某事的经历，对某事并不陌生，异乡人
tragedy	n.悲剧性事件，惨剧，惨案，不幸，遗憾，悲剧，搭配
Julian	
nest	n.鸟，鸟巢，鸟窝，鸟巢，见图\nv.筑巢，巢居，嵌入
PAM	
dryer	n.烘干机，干燥机，干衣机
painful	adj.疼痛的，令人痛苦 的，困难的，令人不快的，引起疼痛的
velvet	n.天鹅绒，丝绒
tribunal	n.特别法庭，审理委员会
ruled	adj.印有平行线的
NATO	n.北大西洋公约组织
pensions	
prayers	
funky	adj.时尚的，时髦的，简单而节奏强烈的，发臭的，肮脏的
secretariat	n.秘书处，书记处
nowhere	v.什么地方都不，无处，没有结果，没有进展，哪儿也见不到
cop	n.警察，不大好，不怎么样，抓得好\nv.受罚，受责骂，被杀死，遭受，蒙受
paragraphs	
gale	n.大风，风很大，一阵，阵阵爆笑
joins	
adolescent	n.青少年
nominations	
wesley	
dim	adj.暗的，阴暗的，昏暗的，形状，朦胧的，隐约的\nv.变暗淡，变昏暗，变弱，下降，把汽车前灯调为近光
lately	v.近来，最近
cancelled	
scary	adj.可怕的，骇人的，恐怖的
mattress	n.床垫，褥垫
mpegs	
Brunei	
likewise	v.同样地，相似地，也一样
banana	n.香蕉，见图
introductory	adj.序言的，引导的，介绍的，入门的，初步的
Slovak	
cakes	
stan	
reservoir	n.水库，蓄水池，见图，乡间，储藏，积蓄
occurrence	n.发生的事，事件，发生，出现
idol	n.偶像，神像
bloody	adj.血淋淋的，染满血的，流血的，血腥的，伤亡惨重的\nv.很，太，十分，非常，使流血，使沾上鲜血
mixer	n.食品搅拌器，搅拌机，见图，吃东西的地方
remind	v.使想起，提醒，那倒提醒了我，使想起，别跟我提这事
WC	n.厕所
Worcester	
sbjct	
demographic	n.人口统计数据，人口统计资料，群体，人群
charming	adj.迷人的，有魅力的，有吸引力的
mai	
tooth	n.在嘴里，牙，牙齿，在工具等上面，齿
disciplinary	adj.有关纪律的，执行纪律的，惩处的，纪律处罚聆讯会，委员会
annoying	adj.讨厌的，令人气恼的
respected	adj.受尊敬的，受敬重的，搭配
stays	
disclose	v.透露，揭露，泄露，公开，使显露，使暴露
affair	n.公共，政治活动，事务，个人事务，私事
drove	n.人群，成群的人，畜群\nv.drive的过去式
washer	n.垫圈，洗衣机
upset	adj.不快的，心烦意乱的，烦恼的，生某人的气，对某人感到不快，肠胃不适\nn.忧虑，烦闷，苦恼，意外的结果，爆冷门\nv.使某人生气，使生气，使心烦意乱，改变某事
restrict	v.限制，控制，约束，限制，限制自己，某人只做某事
springer	
beside	prep.在…旁边，在…近旁，和…相比，失去控制，忘形
mines	
portraits	
rebound	n.处于情绪波动的状态，在回弹中，在反弹，在回升\nv.弹回，反弹，跳回，回升，反弹，抢，使自食恶果，使自作自受
logan	
mentor	n.导师，指导者\nv.当的导师
interpreted	
evaluations	
fought	fight的过去式和过去分词
Baghdad	
elimination	n.除掉某物，消除，根除，失败，淘汰
metres	
hypothetical	adj.假设的，假定的
immigrants	
complimentary	adj.免费赠送的，赞美的，钦佩的
helicopter	n.直升机，见图
pencil	n.铅笔，见图，办公室里\nv.用铅笔写，暂定，暂时安排
freeze	n.冻结，价格，工资冻结，停止\nv.液体，结冰，冻结，食品，冷藏
hk	
performer	n.表演者，演奏者，演员，表现良好
abu	
titled	adj.有贵族头衔的，有爵位的
commissions	
sphere	n.球，球形，球体，见图，范围，领域，某人\nsuffix层
powerseller	
moss	n.藓，苔藓
ratios	
concord	n.一致，和谐，协调
graduated	adj.分级的，标有刻度的
endorsed	
ty	
surprising	adj.令人惊奇的，使人吃惊的，出人意料的，令人惊讶的,出人意料的，令人惊讶的，异乎寻常的,令人惊讶的
walnut	n.胡桃，核桃，见图，胡桃树，胡桃木
lance	n.长矛\nv.把…切开
ladder	n.梯子，活梯，见图，阶梯，途径\nv.抽丝
italia	
unnecessary	adj.不必要的，多余的\nv.搭配
dramatically	
Liberia	
sherman	
cork	n.栓皮，软木，瓶塞钻，软木塞，见图\nv.塞住，封住
maximize	v.使增加到最大限度，使最大化，使最大化，最大限度地利用，充分利用
CJ	
hansen	
senators	
workout	n.体育锻炼，训练
Mali	
Yugoslavia	
bleeding	adj.讨厌的，他妈的，该死的\nn.流血，失血，严重，大量出血
characterization	n.人物塑造，角色刻画，描述，刻画，表现
colon	n.结肠，冒号
likelihood	n.可能，几乎肯定地，极可能地
lanes	
purse	n.钱包，小钱包，零钱包，【英】，【美】手提包\nv.噘起
fundamentals	n.基本原理，基本法则，基础
contamination	
mtv	n.音乐电视
endangered	
compromise	n.折中，妥协，折中办法，搭配\nv.妥协，让步，放弃，在…方面妥协，搭配
masturbation	
optimize	v.使最优化，使尽可能完善，使尽量有效
stating	
dome	n.穹顶，圆屋顶，半球形，半球形建筑
caroline	
leu	
expiration	n.到期，期满，expiry date 的美语形式
namespace	
align	v.公开支持，与…结盟，排成一直线，使平行
peripheral	adj.次要的，非主要的，外围的，周边的，边缘的，周边视觉，外围的，周边的\nn.计算机外围 设备
bless	v.长命百岁！，愿上帝保佑你！，愿上帝保佑，有幸拥有某物，被赋予某物
engaging	adj.动人的，迷人的
negotiation	n.谈判，协商，搭配，长久的，历时很久的
crest	n.顶峰，饰章，徽饰，校徽，族徽\nv.到达
opponents	
triumph	n.胜利，成功，成就，胜利 的喜悦，杰出的模范，榜样\nv.战胜，获胜
nominated	
confidentiality	n.机密，秘密，保密，违反保密原则
electoral	adj.选举的，与选举有关的
changelog	
welding	
orgasm	n.性高潮
deferred	
alternatively	
heel	n.脚的，脚后跟，鞋的，后跟，鞋跟\nv.给钉后跟，倾斜，跟上！
alloy	n.合金\nv.将铸成合金
condos	
plots	
polished	adj.擦亮的，磨光的，精湛的，完美的，优雅的
yang	n.阳
gently	v.轻柔地，温和地，平缓地，小心点！
greensboro	
tulsa	
locking	
casey	
controversial	adj.引起争论的，有争议的\nv.搭配
draws	
fridge	n.冰箱，冰柜，见图，吃东西的地方
blanket	adj.全面 的陈述，规定，禁令等\nn.毯子，毛毯，厚层，厚厚的一层雾，云\nv.覆盖，笼罩
bloom	n.花，盛开，怒放，健康的气色\nv.开花，盛开，精神焕发，兴旺
QC	n.王室法律顾问
simpsons	
lou	
Elliott	
recovered	
fraser	
justify	v.证明有道理，为…辩护，为自己辩解，是…的正当理由
upgrading	
blades	
pgp	
loops	
surge	n.突发，涌现，急剧增加，激增，蜂拥\nv.迅速涌动，蜂拥向前，涌起，涌现，汹涌，浪涌
frontpage	
trauma	n.痛苦，创伤，精神创伤，外伤
aw	
tahoe	
advert	n.广告\nv.提及
possess	v.拥有，具有，语体，拥有，持有，是什么驱使某人？
demanding	adj.要求高的，需要技能的，费力的，要求严格的
defensive	adj.防御用的，防御性的，戒备的，自卫的，有戒心的，防守的，防御的\nn.处于戒备状态，存有戒心，迫使某人处于守势
sip	n.一小口，一啜之量，见图\nv.小口地喝，抿，呷
flashers	
subaru	
forbidden	adj.被禁止的，禁止入内的，禁止做 的，禁果
TF	
vanilla	adj.香草味的，寻常的，无特色的，乏味的\nn.香草精，香子兰精
programmers	
pj	
monitored	
installations	
Deutschland	
picnic	n.野餐，野餐地点，野餐提篮，见图\nv.野餐
souls	
arrivals	
spank	v.打的屁股
CW	
practitioner	n.执业医师，执业律师，执业医生，律师
motivated	adj.积极的，主动的，受政治，经济，财政等方面原因驱使的
WR	
dumb	adj.愚蠢的，说不出话的，哑的，纯粹是运气\nv.降低的标准，使简单化
Smithsonian	
hollow	adj.空心的，空的，中空的，凹陷的双眼，脸颊等\nn.浅坑，凹陷处\nv.使凹陷，把…挖空 ，使成中空
vault	n.保管库，保险库，金库，墓穴，墓室，跳跃，腾跃\nv.跳过，跃过，蹿升，跃升
securely	v.牢靠地，紧紧地，安全地，可靠地，牢固地，稳固地
examining	
fioricet	
groove	n.凹槽，墨守成规，一成不变，节奏
revelation	n.被揭露 的真相，揭露，披露，出乎意料的好东西，启示
rg	
pursuit	n.追求，寻找，追赶，追踪，消遣
delegation	n.代表团，授权，委派，委托
wires	
bl	
dictionaries	
mails	
backing	n.支持，帮助，资助，衬垫物，背衬，伴奏音乐，伴奏
greenhouse	n.温室，暖房
sleeps	
VC	
blake	
transparency	n.幻灯片，透明正片，透明，易懂
dee	
travis	
wx	
endless	adj.无止境的，无数的，无限的，无休止的
figured	adj.饰有小图案的，有花纹的
orbit	n.轨道，势力范围\nv.沿轨道运行，环绕…运行
currencies	
Niger	
bacon	n.咸猪肉，熏猪肉，熏肉片，挣钱养家
survivors	
positioning	
heater	n.加热器，暖气机，暖炉
colony	n.殖民地，北美十三州之一，聚集人群，聚居地
cannon	n.大炮，加农炮\nv.猛撞，碰撞
circus	n.马戏团，马戏表演，马戏表演场，乱哄哄的聚会，热闹的场面
promoted	
forbes	
mae	
Moldova	
mel	
descending	
paxil	
spine	n.脊柱，脊椎，见图，刺，刺毛，书脊
trout	n.鳟鱼，鳟鱼肉，见图，老家伙，老东西
enclosed	
feat	n.业绩，功绩，壮举，不是一般的成就
temporarily	
Ntsc	
cooked	
thriller	n.惊险小说，惊险电影
transmit	v.传输，发送，传送，传递，传播，传播
apnic	
fatty	adj.富含脂肪的\nn.胖子
gerald	
pressed	adj.时间紧迫，缺钱等
frequencies	
scanned	
reflections	
hunger	n.饥饿，饥荒，饥饿感，突如其来的饥饿感\nv.渴求，渴望
mariah	
sic	v.原文如此，嗾使去攻击，咬他！追他！，告发
municipality	n.市，自治市，市政当局
usps	
joyce	
detective	n.侦探，警探，私人侦探，私家侦探，调查工作，研究工作，侦探故事
surgeon	n.外科医生
cement	n.水泥，胶接剂，接合剂，黏固剂\nv.在…上抹水泥，加强，巩固
experiencing	
fireplace	n.壁炉，见图
endorsement	
BG	
planners	
disputes	
textiles	
missile	n.导弹，飞弹，投掷物
intranet	n.内联网
closes	
seq	
psychiatry	n.精神病学，精神病治疗学
persistent	adj.持续存在 的，坚持的，执意的
deborah	
conf	
marco	
assists	
summaries	
glow	n.光亮，光辉，红润光泽，红晕，强烈的愉快\nv.发出柔和稳定的光，发红，发热，由于自豪，愉快
Gabriel	
auditor	n.审计员，稽核员，查账员
wma	
aquarium	n.养鱼缸，水族箱，见图，水族馆
violin	n.小提琴，见图
prophet	n.先知，穆罕默德，犹太教诸先知，先知书
cir	
bracket	n.圆括弧，圆括号，收入等级，税级，年龄组别等\nv.把…视为同类，将…相提并论，用括弧括起
looksmart	
isaac	
oxide	n.氧化物
oaks	
magnificent	adj.宏伟的，壮丽的，华丽的，富丽堂皇的
erik	
colleague	n.同事，同僚
Naples	
promptly	v.准时地，守时地，立即，马上，迅速地，立即
modems	
adaptation	n.改编版，适应
hu	
harmful	adj.有害的，可致伤害的，对某人，某物有害
paintball	n.彩弹游戏
prozac	
sexually	
enclosure	n.围地，围场，围住，圈起来，附件
ACM	
dividend	n.股息，红利，彩金，被除数，有好结果，有回报
newark	
kw	
paso	
glucose	n.葡萄糖
phantom	adj.幽灵似的，如梦如幻的，虚幻的，幻觉的，虚假的\nn.鬼魂，幽灵，幻象，幻影，幻觉
norm	n.常态，标准，准则，规范
playback	n.一般用单数, U，重放，回放，【英】，重放，重播
supervisors	
Westminster	英国议会
turtle	n.海龟，见图，龟，陆龟
IPS	
distances	
absorption	n.吸收，并入，吸纳，同化，专注
treasures	
DSC	
warned	
neural	adj.神经的，神经系统的
ware	
fossil	n.化石，见图，老古董
mia	n.战斗中失踪人员
hometown	
badly	v.不好地，拙劣地，大大地，非常，严重地，厉害地，对某人
transcripts	
Apollo	
wan	adj.苍白的，虚弱的，倦怠的
disappointed	adj.失望的，沮丧的，失望的,沮丧的，感到失望，理想破灭的,幻灭的
Persian	adj.波斯的，波斯人的，波斯语的\nn.波斯人，波斯语
continually	
communist	adj.共产主义的\nn.共产党员，共产主义者
collectible	
handmade	adj.手工做的，见图
greene	
entrepreneurs	
robots	
Grenada	
creations	
jade	n.碧玉，翡翠，翡翠色，绿玉色
scoop	n.独家新闻，勺，勺，球形勺，一勺之量\nv.舀出，捧起，掬起，抢先…报道，赢取，捧走
acquisitions	
foul	adj.气味，味道，难闻的，恶臭的，难吃的\nn.犯规，违例，界外球\nv.对…犯规，击出界外球，弄脏，玷污，污染
keno	n.基诺
gtk	
earning	
mailman	n.邮递员
sanyo	
nested	
biodiversity	n.生物多样性
excitement	n.兴奋，激动，令人兴奋的事，搭配
Somalia	
movers	
verbal	adj.口头的，非书面的，口头协议，指示等，与言辞有关的，用言辞的\nn.动词性单词，动词的非限定形式，不良言语
blink	n.失灵，出毛病，一眨眼工夫，转眼之间，眨眼\nv.眨，时闪时灭，闪烁，丝毫不惊奇，一眨眼，霎时间
presently	v.马上，一会儿，不久，很快，现在，目前，此刻
seas	
carlo	
workflow	n.工作流程
mysterious	adj.神秘的，难以解释 的，神秘的，神秘的，诡秘的
novelty	n.新颖，新奇性，新奇的事物，新颖小巧而廉价的物品
bryant	
tiles	
voyuer	
librarian	n.图书馆管理员，图书馆馆长
subsidiaries	
switched	
Stockholm	
Tamil	
garmin	
RU	
pose	n.姿势，姿态，做作，装腔作势的举止\nv.引起问题，造成，引起，产生，图片，摆好姿势
fuzzy	adj.模糊的，糊涂的，不明确的，毛茸茸的，卷曲的
Indonesian	
grams	
therapist	n.治疗专家
richards	
mRNA	
budgets	
toolkit	
promising	adj.大有希望的，很有前途的
relaxation	n.放松，消遣，放宽，放松
goat	n.山羊，角，公山羊，使某人十分恼怒
render	v.使成为，使变得，使处于，给予，提供
carmen	
ira	n.爱尔兰共和军，个人退休账户
SEN	
thereafter	v.其后，此后
hardwood	n.硬木
erotica	n.色情书画，色情电影，色情 作品
temporal	adj.关于时间的，受时间限制的，短暂的，尘世的，世俗的
sail	n.帆，升，降帆，起航\nv.航行，起航，驾驶，飘过
forge	n.锻造车间，铁匠铺，锻铁炉\nv.形成，缔造，伪造，假冒，稳步前进，坚定地继续
commissioners	
dense	adj.茂密的，密集的，稠密的，浓密的，不易看透 的，迟钝的，愚蠢的，难懂的\nn.搭配
DTS	
brave	adj.勇敢的，无畏的，勇敢的人，非常好的，极好的，强颜欢笑\nn.印第安武士\nv.勇敢的，无畏的，勇敢的，大胆的，敢冒风险的，果敢的，大胆的
forwarding	
qt	n.秘密地，悄悄地
awful	adj.糟糕的，恶劣的，讨厌的，非常的，极好的\nv.非常
nightmare	adj.搭配\nn.噩梦，梦魇，见图，棘手的 经历，可能发生的恐怖事件
airplane	n.飞机
reductions	
southampton	
Istanbul	
impose	v.强制推行，强制实行，将强加于，打扰，麻烦
organisms	
sega	
telescope	n.望远镜，见图\nv.使缩短，叠套缩短，叠缩
viewers	
asbestos	n.石棉
portsmouth	
cDNA	
meyer	
enters	
pod	n.豆荚，分离舱，吊舱，一群
savage	adj.残暴的，凶猛的，残暴的，批评，猛烈的，恶狠狠的\nn.未开化的人，野蛮人\nv.乱咬，凶猛地攻击，激烈地批评
advancement	n.进步，进展
wu	
harassment	n.骚扰，性，种族骚扰
willow	n.柳树，柳木
resumes	
bolt	n.锁，金属插销，闩，见图，螺钉\nv.奔，窜，狼吞虎咽，用螺栓扣住，见图
gage	n.gauge的美式拼法
throwing	
existed	
whore	n.淫妇，荡妇，妓女，娼妓
generators	
LU	
wagon	n.四轮运货车，铁路货车车厢，车皮，戒酒，开酒戒，又喝起酒来
Barbie	n.烧烤野餐，烤架
DAT	n.数字录音带
favour	n.帮助，恩惠，善意的行为，支持\nv.更喜欢，较喜欢，给予好处，优惠
soa	
knock	n.敲击声，碰撞声，撞击，倒霉，遇到麻烦\nv.门，敲门，碰撞并移动某物，碰撞
urge	n.强烈的欲望，迫切的要求，冲动，搭配\nv.竭力主张，强烈要求，敦促，推进
SMTP	
generates	
potatoes	
thorough	adj.彻底的，全面的，详尽的，仔细的
replication	
inexpensive	adj.不昂贵的，价钱公道的
kurt	
receptors	
peers	
roland	
optimum	adj.最优的，最适宜的
neon	n.氖，霓虹灯，霓虹灯广告牌
interventions	
quilt	n.被子，被褥，见图
huntington	
creature	n.生物，动物，海洋生物，想象的或奇异的
ours	n.我们的
mounts	
syracuse	
internship	n.实习期的工作，实习医生 的工作
lone	adj.孤零零的，单独的，独自的，单身母亲，单身父亲
refresh	v.使恢复精力，使提神，使清凉，使某人想起，唤起某人的记忆，给某人添酒
aluminium	n.铝
snowboard	n.滑雪板
beastality	
webcast	n.网络直播\nv.直播
michel	
evanescence	
subtle	adj.难以察觉 的，微妙的，细微的，含蓄的，隐晦的，敏感的，敏锐的
coordinated	
notre	
shipments	
Maldives	
stripes	
firmware	n.固件
Antarctica	
cope	n.长袍，法衣\nv.应付，对付，能处理，能应付，搭配
shepherd	n.牧羊人，羊倌\nv.带领，引导
lm	
Canberra	
cradle	n.摇篮，某事物的发源地，某事物的策源地，一辈子，从生到死\nv.轻轻地抱着，夹住
chancellor	n.财政大臣，名誉校长，校长，总理，首相
mambo	n.曼波舞，曼波舞曲
lime	n.来檬，见图，椴树，石灰\nv.撒石灰于
kirk	n.教堂，苏格兰教会
flour	n.面粉，谷物磨成的粉，精白面粉，全麦面粉\nv.在…上撒面粉
controversy	n.争论，辩论，争议，搭配
legendary	adj.非常有名的，大名鼎鼎的，传奇式的，传说 的
BOOL	
sympathy	n.同情，同情心，赞同，支持，同感，共鸣
choir	n.唱诗班，合唱团，唱诗班席
avoiding	
beautifully	
blond	adj.blonde的另一种拼法，金发的，有浅色头发的
expects	
cho	
jumping	
fabrics	
antibodies	
polymer	n.聚合物
hygiene	n.卫生，保健，口腔卫生
wit	n.娱人的，机智风趣，说话风趣的人，机智
poultry	n.家禽，家禽肉
virtue	n.善，美德，美德，优秀品质，优点，长处
burst	n.破裂，爆炸，喷出，裂口，突然用力\nv.裂开，破裂，爆裂，胀破
examinations	
surgeons	
bouquet	n.花束，丝带，一束玫瑰，见图
immunology	n.免疫学
promotes	
mandate	n.授权，授权令，命令，训令，委任统治权，托管权，搭配\nv.命令，指示，授权，委任
Wiley	
departmental	
BBS	
spas	
ind	
corpus	n.总集，全集，语料库，语料汇编
johnston	
terminology	n.术语，专门用语
gentleman	n.先生，绅士，君子，有身份的人，富绅，绅士
fibre	n.纤维素，食物纤维，纤维，神经，肌纤维
reproduce	v.生殖，繁殖，复制，翻印，使再次发生
convicted	
shades	
jets	
indices	index的一种复数形式
roommates	
adware	
qui	
intl	
threatening	adj.带有威胁的，阴沉沉的
spokesman	n.发言人，代言人
zoloft	
activists	
frankfurt	
prisoner	n.犯人，囚犯，在押候审犯人，被拘押的人，俘虏
daisy	n.雏菊，见图，死
halifax	
encourages	
ultram	
cursor	n.光标
assembled	
earliest	n.最早，至早
donated	
stuffed	adj.吃饱了的
restructuring	
insects	
terminals	
crude	adj.粗略的，大概的，粗制的，粗糙的，粗俗的，粗鄙的，下流的\nn.原油
morrison	
maiden	adj.首次飞行，首次航行，首次演说\nn.少女，姑娘，未得分的一轮投球
simulations	
cz	
sufficiently	
examines	
viking	n.北欧海盗，维京人
myrtle	n.香桃木，爱神木
bored	adj.厌烦的，不感兴趣的，烦闷的，感到极度厌烦，极其厌倦，烦得要命，搭配
cleanup	
yarn	n.纱，线，毛线，见图
knit	v.编织，针织，织平针，用平针织，紧密结合
conditional	adj.有条件的，条件的\nn.条件句，条件从句
mug	n.大杯，马克杯，见图，大玻璃杯，一大杯某物\nv.对⋯行凶抢劫，做鬼脸，扮傻相，临时用功，恶补
crossword	n.纵横字谜，纵横填字
bother	interjection讨厌，坏了\nn.麻烦，不便，困难，某事太麻烦不值得做，难对付的人\nv.作出努力，费心，麻烦，因…操心，担心，担心，生气，苦恼
Budapest	
conceptual	adj.概念的
knitting	n.编织物，针织品，编织，针织
attacked	
hl	
Bhutan	
Liechtenstein	
mating	n.交配，交尾
compute	v.计算
redhead	n.红头发的人
arrives	
translator	n.翻译，译员
automobiles	
tractor	n.拖拉机
Allah	真主，安拉
continent	adj.有排便节制力的，禁欲的，节制性欲的\nn.洲，大洲，大陆，西欧大陆
ob	
unwrap	v.拆开，打开，见图
fares	
longitude	n.经度，见图
resist	v.忍住，按捺，抗拒，对抗，反抗，抵御，抵抗，抵挡
challenged	adj.盲人，残疾人士，智障者等
telecharger	
hoped	
pike	n.狗鱼，见图，长矛，长枪，发生
safer	
insertion	n.放入，插入，插入物，插入内容
instrumentation	n.器乐曲的谱写，仪表
ids	
hugo	
wagner	
constraint	n.限制，束缚，约束，行为约束，搭配
groundwater	n.地下水
touched	adj.高兴的，感激的，受感动的，有点疯狂的
strengthening	
Cologne	n.科隆香水，古龙水
gzip	
wishing	
ranger	n.园林管理员，护林员，女童子军队员
smallest	
insulation	n.隔绝，隔热，隔音，绝缘
Newman	
marsh	n.沼泽，湿地
ricky	
ctrl	
scared	adj.害怕…的，对…感到惊慌 的，被吓呆了的，被吓得要死的
theta	
infringement	
bent	adj.弯曲的，见图，一心想做某事，执意要做某事，不诚实的，营私舞弊的\nn.天赋，特长，特别的爱好\nbend的过去式和过去分词，见图
Laos	
subjective	adj.主观的，主观想象的，只存在于想象之中的，主语的
monsters	
asylum	n.避难，庇护，疯人院，精神病院
lightbox	
robbie	
stake	n.有风险，成败难料，公司，企业，股份，股本\nv.以…打赌，拿…冒险，我敢以性命打赌，用桩支撑，用标桩标出
cocktail	n.鸡尾酒，凉拌海鲜，对虾，龙虾
outlets	
Swaziland	
varieties	
arbor	
mediawiki	
configurations	
poison	n.毒素，毒物，毒药，使人不愉快的情绪，有害的思想\nv.毒害，毒杀，毒害，毒死，尤指有害化学物〕污染
stare	n.盯视，凝视，搭配\nv.凝视，盯着看，就在某人眼前，看来某人无法避免，盯得不敢再对视
troop	n.部队，军队，部队调动，撤离等\nv.成群地走
emerge	v.出现，浮现，显露，暴露，摆脱出来，出头，开始为人所知
marry	v.结婚，娶，嫁，语体
critic	n.评论家，批评家，批评者，空头批评家，闭门造车的批评家，搭配
insist	v.坚称，坚决认为，坚持主张，坚决要求，如果你一定要这样，坚持做某事
threaten	v.威胁，恐吓，威胁到，危及，可能发生
voter	n.选举人，投票人，选民，有投票权的人，选民的冷漠
nod	n.点头，同意某人，得到某人的许可，一致同意\nv.点，点头表示赞成，同意等，点头
disappear	v.消失，不见，失踪，丢失，找不到，消失得无影无踪，消亡，不复存在
athlete	n.运动员，田径运动员，擅长运动的人
warn	v.警告，告诫，提醒，预先通知，语体
circumstance	n.情况，情形，决不，无论如何都不，在这种情况下，情形既然如此，命运
politician	n.政治家，善于玩弄权术者，搭配
Jew	n.犹太人，犹太教徒
complain	v.抱怨，不满，发牢骚，还算满意，没什么可抱怨的
expectation	n.预料，预期，期待，期望，指望，预期寿命
stir	n.激动，愤怒，搅拌，搅动，监牢\nv.混合，搅，搅拌，搅动，微动，轻轻地移动
oppose	v.反对，阻碍，与…对抗，与…较量
emphasize	v.强调，着重，重读，使明显，使突出，使突出，使注意力集中于
expose	n.揭露性报道\nv.显示，显露，露出，遇到危险之物，使暴露，使置身当中
accuse	n.控告，指责，断言，声称，指控，起诉\nv.控告，指责
convince	v.使确信，使信服，说服，劝服
immigrant	n.移民，搭配
emotion	n.强烈的情感，激情，搭配
scream	n.尖叫声，响而尖的声音，尖锐刺耳的声音，非常滑稽的人，搭配\nv.尖声大叫，高声喊，大声叫，发出尖锐的响声，搭配
prosecutor	n.控方律师
shout	n.喊叫，呼叫，告诉某人一声，给某人的留言，轮到某人请喝饮料\nv.大声说，喊叫，呼喊，疼痛，气愤，沮丧得大叫
perceive	v.看待，理解，察觉，注意到，发觉
abandon	n.尽情，放任\nv.抛弃，遗弃，离弃，逃离，放弃，中止，放弃
symptom	n.症状，征兆，征候，搭配
breathe	v.空气，呼吸，吹，呼气
inspire	v.鼓舞，激励，使产生，激起，唤起，让人信任，给创作灵感
retire	v.工作，退休，退职，使退职
habit	n.通常的，惯常的，习惯，出于习惯
dominate	v.支配，控制，主宰，耸立于，比…高，俯视
illustrate	v.说明，阐明，说明，给加插图
tablespoon	n.汤匙，大调羹，一汤匙之量，一大调羹之量
toss	n.抛硬币决定，甩头，猛一仰头，抛，扔，投，根本不在乎\nv.扔，掷，抛，动来动去，翻转不停，翻来覆去
bury	v.死人，埋葬，安葬，物体，埋藏
ally	n.同盟国，协约国，盟友，支持者，辅助物\nv.与…结盟
confront	v.使遇到，使面对，勇敢地面对，正视，对峙，对抗，对质，当面对证
educator	n.教师，教育工作者，教育家，教育学家
teaspoon	n.茶匙，一茶匙之量
implication	n.可能的影响，实际，财政，政治等影响
supporter	n.支持者，拥护者，支持者，球迷，搭配
accompany	v.陪伴，陪同，语体，为…伴奏，伴随
teenager	n.青少年，十几岁的孩子
whisper	n.低语，耳语，见图，传闻，谣言\nv.悄声说，低语，耳语，私下说 ，传说
embrace	n.拥抱\nv.抱，拥抱，欣然接受，乐意采纳，包括，涉及
grandmother	n.祖母，外祖母，语体
weigh	v.有多重，重，重量是…，测出重量，称…的重量
negotiate	v.谈判，协商，顺利通过
historian	n.历史学家，史学工作者
criticize	v.批评，指责，评论，搭配
quietly	v.轻声地，悄声地，静静地，悄悄地，不张扬地，安静地
ingredient	n.成分，食材，要素，因素，有效成分，搭配
activist	n.积极分子，活动家，政治活动家，积极支持同性恋的人
refugee	n.难民，避难者
yell	n.叫喊，助威口号\nv.叫喊，大嚷大叫，大声呼救
sweep	n.挥动，打扫，清扫，长而弯曲的地带，连绵弯曲的土地\nv.把某物弄干净，扫，打扫，清扫，见图，把某物推到某处
react	v.行为，情感，反应，化学品
cheek	n.面颊，脸颊，无礼 的行为，厚颜无耻，紧挨着\nv.对无礼地说话
pant	v.气喘，喘息，喘着气说，渴望，迫切想要
occupy	v.住在某处，占据，居住，占用时间，占用，占去
wipe	n.擦，拭，揩，湿巾，湿纸巾\nv.清洁，擦，擦，拭，揩，擦干净
cousin	n.堂 兄弟，堂 姐妹，同源物，同类物，相似的人
adviser	n.顾问
interpret	v.口译，把…理解 为，解释，阐释，表演，演绎
pause	n.暂停，停顿，暂停键，延长记号，使某人停下来\nv.暂停，停顿，暂停播放，搭配
withdraw	v.不参加，退出，语体，停止支持
testify	v.作证，证明，证实，作见证
imply	v.暗示，暗指，意味着，必然包含
dismiss	v.拒绝考虑，否定，解雇，开除，语体，让…离开，解散
bake	v.烘，烤，焙，烘硬，烧硬
evolve	v.进化，进化形成，逐步发展，逐渐演变
politically	v.政治上
characterize	v.描述…的特性，描绘，以…为特征，以…为典型
stair	n.楼梯，见图，梯级，在佣人住的地方
rub	n.把某物擦一擦，给某人揉一揉，困难在于那里，这里\nv.擦，摩擦，使…相互摩擦，揉，搓，磨，蹭，磨损
fade	v.逐渐消失，褪色，失去光泽，变得虚弱
squeeze	n.拥挤，塞满，见图，紧捏\nv.挤压，压，挤，捏
pretend	adj.假装的，想象的，假想的\nv.假装，装作，声称，假装,假扮，假装,假称
violate	v.违背，违反，侵犯，打扰，侵犯，侵害，打开
adapt	v.适应，适合，改造，改装，改编，改写
correspondent	n.通讯员，记者，通信者，搭配
flee	v.逃离，逃走
grandfather	n.祖父，外祖父，语体
gesture	adj.搭配\nn.手势，姿势，表示，姿态\nv.做手势，用动作示意
counselor	
owe	v.钱，欠，负债，该做
sustain	v.使某事继续，保持，维持，使持续，遭受，遭受，经受
economist	n.经济学家
pile	n.物品的归置，堆，叠，摞\nv.堆放，摞起，把…堆积 起来，拥进，挤进，蜂拥进入
consume	v.消耗，消费，吃，喝
psychologist	n.心理学家
wealthy	adj.富有的，有钱的，富裕的，有钱人，富人
educate	v.教育，教导，指导
aide	n.助手，助理
tendency	n.倾向，趋势，趋向，暴力倾向，自杀倾向
porch	n.入口处，门廊，游廊，走廊，阳台
derive	v.得到，获得，源自，源于，语体，提取
scandal	n.丑闻，丑事，关于丑闻的言谈，令人震惊，不能接受
impress	v.使钦佩，使留下深刻印象，使了解，把压入
resemble	v.像，与…类似，与…相似，搭配
guideline	n.指导方针，指导原则，指导原则，参考
rifle	n.来复枪，步枪\nv.迅速翻找
asleep	adj.睡着的，睡得很熟的，入睡，长眠
bombing	n.炮轰，轰炸，炸弹袭击
glove	n.手套，橡胶手套，皮手套等，皮手套
modest	adj.不骄傲的，谦虚的，谦逊的，谦恭的，不大的，不太大的
explode	v.爆炸，语体，突然增加，急剧增长
handful	n.一把，几个人 ，少数人，是难管教 的人
absorb	v.液体，气体，吸收，信息
taxpayer	n.纳税人
eager	adj.热切的，渴望的，过分热心的人，过于勤奋的人
overlook	v.忽视，忽略，不计较，宽恕，俯视，俯瞰
undergo	v.经历，经受，遭受，搭配
assert	v.主张，断言，坚持自己的权利，独立
appoint	v.任命，委派，约定，确定
wander	n.漫步，闲逛\nv.无方向地，徘徊，闲逛，漫步于，离开
anticipate	v.预期，预料，期待，先于…之前
shrug	n.耸肩，女式紧身短套衫，女式带袖短披肩\nv.耸，对…满不在乎，对…不屑一顾
depict	v.描写，描述，描绘
borrow	v.借，借用，借用，引用，自寻烦恼
sanction	n.制裁，正式许可，批准，接受，处罚，惩罚，搭配\nv.批准，准许，为某事物所认可
devote	v.致力，献身，倾注，语体，把…用于
seize	v.抓取，攫取，语体，夺取，占领，抢去，没收，收缴
gifted	adj.有天赋的，有才华的，天才儿童
frustration	n.懊丧，懊恼，沮丧，受挫，受阻，挫败
repeatedly	v.一再，多次
distinguish	v.区分，辨别，语体，sth 或 tell sb，sth from sb
discourse	n.演讲，论述，著述，谈话，交谈，话语，语篇\nv.讲述，论说
competitor	n.竞争者，选手，参赛者，搭配
portray	v.把某人，某物描写成某种样子，描写，描绘，扮演
persuade	v.说服，劝服，使相信，使信服，劝说,说服，说服某人做某事
admire	v.钦佩，赞美，羡慕，欣赏，观赏，暗恋某人，暗自仰慕某人
tactic	n.手法，策略，战术，兵法，搭配
nonetheless	v.然而，但是，尽管如此，虽然如此
quarterback	n.四分卫，枢纽前卫，见图，放马后炮的人，事后诸葛亮\nv.担任四分卫，组织，指挥
recruit	n.新兵，未经任何训练的新兵，新成员\nv.招聘，吸收，招收，招募﹝新兵﹞，劝说
painter	n.画家，油漆工，油漆装修工
gaze	n.凝视，注视，迎着某人的目光，搭配\nv.凝视，盯着看
reinforce	v.加强，强化，加强，加固，使更结实，增援，使更强大，加强的力量
swear	v.冒犯的语言，诅咒，咒骂，说脏话，允诺，起誓保证
clue	n.线索，提示，线索，提示，一无所知，毫无头绪\nv.给提供线索，告知
slice	n.片，薄片，切片，见图，份儿，部分，锅铲\nv.把…切成薄片，切开，割破，轻松迅速地划过，轻快地穿过
sigh	n.叹气，叹息，搭配\nv.叹气，叹息，呼啸，呜咽，为悲叹
surprisingly	v.惊人地，使人吃惊地，出人意料地
couch	n.长沙发，见图，诊察台，长榻\nv.以表达，用…措辞
boyfriend	n.男朋友
compose	v.由某物组成，构成，作，写信
regulate	v.控制，管理，调整，校准，调节
resign	v.辞职，放弃，使自己顺从于某事，安于
lightly	v.轻轻地，轻微地，少许，少量，轻率对待某事，逃脱重罚，获得轻判
laughter	n.笑，笑声，发出哄笑，狂笑
invent	v.发明，创造，捏造，虚构，发明,创造，创造,设计
ritual	adj.作为仪式一部分的，例行的\nn.仪式，典礼，惯例，老规矩，例行公事
insect	n.昆虫，触须，胸，翅膀
interrupt	v.打断讲话，中断行动，打扰，使暂时停止
presidency	n.总统 的职位
beg	v.请求，乞求，恳求，哀求，求求你，请求获准做某事
slam	n.砰的一声，猛关\nv.门等，砰地关上，放东西在某处，摔，猛地放下
melt	v.变成液体，融化，熔化，消失
entitle	v.使有权利，使有资格，名为…
harsh	adj.环境，恶劣的，艰苦的，严峻的，对待，批评
closet	adj.不愿公开承认的同性恋，酗酒者等\nn.壁橱，公开自己的同性恋身份，公开承认秘密，公开以前保密的事\nv.把…引进密室会谈，把…关在小房间里
corridor	n.通道，走廊，走廊，地带，权力走廊，权力核心
greet	v.问候，迎接，招呼，语体，她出来打招呼。，对作出反应
pitcher	n.投手，见图，壶，罐，双柄陶罐
weakness	n.缺点，弱点，缺点，不足，缺乏力量，软弱
rumor	
elbow	n.肘，肘部，费力的工作，撵走，甩掉\nv.用肘挤开，挤过，挤入等
allegation	n.陈述，说法，指控
confuse	v.使困惑，把弄糊涂，混淆，弄错，使问题，事情
initiate	n.新加入的人，新入会的人\nv.开始实施，发起，使认识，向传授，使加入
plead	v.恳求，祈求，央求，承认 有罪，认，以不知情，生病
suburb	n.郊区，近郊，城郊
motivate	v.成为…的动机，激发，激励，促动
swallow	n.燕子，吞，咽\nv.食物，吞下，咽下，紧张地，做吞咽动作，咽口水
longtime	
seemingly	v.看上去，表面上，外观上，看样子，看来，搭配
enforce	adj.搭配\nv.执行，实施，强迫实行，迫使
lend	v.借给，借出，贷出，贷，帮助 做事，搭把手
contend	v.竞争，争夺，声称，断言，主张，必须处理，不得不应付
frankly	v.坦白说，坦率地说，坦率地，坦诚地
assemble	v.集合，聚集，修建，建造，组装
hallway	n.门厅，走廊，走廊，过道
inevitable	adj.必然发生的，不可避免的，不可避免的事情
obstacle	n.障碍，阻碍，妨碍，障碍物，搭配
overwhelming	adj.难以抗拒的，令人不知所措的，巨大的，压倒性的
recession	n.衰退，萧条，搭配
motive	adj.搭配，引起运动的，起推动作用的，提供动力的\nn.动机，原因，目的，主题，基调，基本图案，主旋律
bitter	adj.愤愤不平的，充满怨恨的，带来痛苦的，令人难过的，因为痛苦的经历，激烈的，充满敌意的，怨愤的\nn.搭配，苦啤酒，苦味汁
forgive	v.原谅，宽恕，饶恕，原谅你了
drift	n.雪，沙，雪堆，沙堆，变化\nv.缓慢移动，漂流，飘移，无计划的
prosecution	n.刑事起诉，检控方，控方，执行，履行，搭配
hurry	n.匆匆忙忙，仓促，赶时间，不用着急，某人再也不愿干某事，在匆忙做某事时\nv.赶紧，匆忙，催促，急送，快点！
leap	n.跳跃，剧增，激增，剧变，迅速地，突飞猛进地\nv.跳，跳，跳跃，跳过，跃过，见图
curtain	n.窗帘，门帘，帘子，窗帘杆\nv.用帘子隔开
guilt	n.内疚，自责，犯罪，有罪，罪过，罪孽，责任，罪责\nv.使产生内疚而去做
playoff	
uncomfortable	adj.不舒服的，令人不舒适的，不自在的，不安的
limb	n.孤立无援的，肢，手臂，腿
ideology	n.思想体系，意识形态
endure	v.忍耐，忍受，语体，生活下去
behave	v.表现，举止规矩有礼，检点，作出反应，发生作用
administer	v.管理，治理，执行，实施，给予，主持宣誓仪式
dancer	n.舞蹈演员，舞蹈者
await	v.等待，等候，将发生在，将降临到
spill	n.洒出，溢出，摔落\nv.溢出，涌出，泄露秘密，走漏风声，把私生活 全部告诉某人
convict	n.已决犯，囚犯\nv.证明 …有罪
towel	n.毛巾，抹布\nv.用毛巾擦干
sweat	n.皮肤上的液体，汗，汗水，汗液，出汗，流汗，因锻炼 而流汗\nv.皮肤排出的液体，出汗，流汗，冒汗，出大汗，流很多汗，汗流浃背，浑身臭汗，大汗淋漓
undermine	v.逐渐削弱
freshman	n.一年级学生
traditionally	
govern	v.管理，统治，治理，规定，管制，制约
rhetoric	n.辞令，巧辩，花言巧语，浮夸之词，修辞学
enthusiasm	n.热情，热忱，热衷的活动，热爱的事物，搭配
injure	v.使受伤，弄伤，伤害某人的自尊，情感等
profound	adj.深刻的，极大的，强烈的，深切的，严肃的，知识渊博的，见解深刻的
trait	n.特性，品质，遗传的性格特征
apologize	v.道歉，谢罪，语体，我已经向他道过歉了。
astronomer	n.天文学家
scatter	v.撒，分散，驱散，散开
convey	v.表达，传递，传达，传送，输送，运送，转让，搭配
suspicion	n.怀疑，嫌疑，怀疑，猜疑，疑心，怀疑
relieve	v.疼痛，减轻，缓解，问题，减轻，缓和，缓解
sidewalk	n.人行道
suspend	v.中止，暂停，中止，离开学校，工作
delicate	adj.微妙的，需要谨慎处理的，易坏的，易碎的，脆弱的，娇气的，娇弱的，体弱多病的，优美的，优雅的
forehead	n.额，前额
rebuild	v.重建，使复原，恢复
bounce	n.跳起，弹回，反弹，弹性，弹力，活力，精力，朝气，弹性\nv.球，物体，弹起，反弹，弹跳，上下跳动
dedicate	v.致力于，献身于，献给，为举行命名仪式，把…专用于
altogether	n.赤身裸体\nv.完全，全部，十分，全然，不完全，总计，总共
carve	v.雕刻物件或图案，雕，刻，把某物刻在表面上，刻
scare	n.惊恐，惊吓，大恐慌\nv.使惊恐，吓唬，把某人吓得魂不附体，把某人吓得屁滚尿流，容易受惊吓，动不动就感到害怕
ankle	n.脚踝，短袜，短靴
counterpart	n.职务相当的人，作用相当的事物
historically	
firmly	
amid	prep.在中，在…之中，被…所环绕
anxious	adj.焦虑的，不安的，担心的，紧张的，使人焦虑的，渴望的，急切的
carbohydrate	n.碳水化合物，糖类，含碳水化合物的食品
diagnose	v.诊断，判断
crawl	n.缓慢移动，徐行，自由泳，爬泳，见图\nv.爬，爬行，爬，见图，疲惫地〕爬上
handsome	adj.英俊的，漂亮的，健美的，语体，漂亮的，给人印象深的
businessman	n.商人，企业家，实业家，搭配
hers	n.她的
hug	n.拥抱，紧抱\nv.拥抱，抱住，靠近 …走，贴
punish	v.处罚，惩罚，惩处，责备自己
doorway	n.门口，门道，出入口
elevator	n.电梯，升降机，见图，住的地方，升降机，起卸机
statue	n.雕像，塑像，搭配
endorse	v.赞同，认可，支持，宣传，签名，背书，在上记录违章事项
sunlight	n.阳光，日光，搭配
reluctant	adj.勉强的，不情愿的
practically	v.几乎，差不多，讲究实际地，从实际出发
sharply	v.急剧地，大幅度地，严厉地，毫不客气地，迅速地，突然地
peel	n.外皮，见图\nv.剥去 的皮，脱皮，剥落，脱落，剥落，除去 …的外皮
hesitate	v.犹豫，踌躇，迟疑，尽管做某事
huh	interjection嗯，嗯，啊，嗯，哼
metaphor	n.隐喻，暗喻，混杂隐喻，象征，搭配
servant	n.仆人，佣人，某人，某物的奴仆
diplomatic	adj.外交的，从事外交工作的，外交关系，讲究手腕的，灵活变通的\nv.搭配
chin	n.颏，下巴，不要气馁！不要灰心！，承受某事，担当某事，搭配
racism	n.种族歧视，种族暴力，种族主义
vanish	v.突然不见，消失，消失得无影无踪，不存在，灭绝
confess	v.坦白，招认，招供，承认，我承认，语体
diminish	v.减少，减小，削弱，贬低，收益递减，报酬递减
isolate	v.孤立，隔离，分隔，区别看待，分离
chop	n.排骨，被解雇，遭辞退，被取消，被中止，掌劈\nv.切，劈，砍，见图，削减，不停改变主意
hostage	n.人质，受制于某事，可能招致后患的承诺
steep	adj.陡的，陡峭的，过高的，过分昂贵的，大幅度的，急剧的\nn.搭配\nv.有丰富的历史，传统，政治等，浸泡
prohibit	v.禁止，使不可能，阻止
enroll	
stumble	v.绊脚，绊跌，绊了一下，蹒跚而行，踉跄，结巴，说错，偶然发现
descend	v.下来，下降，语体，降临，袭来，来临
cooperate	v.合作，协作，配合
shortage	n.短缺，不足，缺乏，搭配，严重不足，极度缺乏
softly	
ridiculous	adj.愚蠢的，荒唐的，可笑的\nn.搭配
credibility	n.可信度，可靠性，信用差距，搭配
sentiment	n.意见，观点，感想，公众的意见，语体，多愁善感
oversee	v.监管，监察，监督
monument	n.纪念碑，纪念塔，纪念馆，遗迹，遗址，名胜古迹，是某人，某事物的见证，是见证某人
juror	n.陪审员，陪审团成员
loyalty	n.忠诚，忠实，忠贞，忠心，忠于…的感情，搭配
nominee	n.被提名者
stiff	adj.身体，僵直的，酸痛的，材料\nn.死尸，尸体，普通工人，古板守旧的人\nv.极其腻烦，害怕，担心，非常寒冷的，冻僵的
slap	n.一巴掌，一掴，侮辱，打击，轻微的惩罚\nv.用巴掌打，掴，啪的一声放下，重重地放下，拍拍某人的背，啪啪地撞击，拍击
jaw	n.颌，下巴，下颌，某人张口结舌，嘴\nv.闲谈
grief	n.悲痛，极度悲伤，伤心事，不幸，哎哟！，失败
inmate	n.囚犯
dignity	n.庄重，尊严，体面，你的自尊心，尊贵，尊严，庄严
tightly	
specialize	v.专门研究，专门从事，专攻
tuck	n.褶，裥，面部 塑形小手术，糖果糕点\nv.把塞进，把…藏起来，在缝褶子，给…打裥，隐藏在
faint	adj.不清楚的，模糊的，微弱的希望，很小的可能性，些微的可能等\nn.昏厥\nv.晕倒，昏厥，我差点昏过去
dilemma	n.进退两难的境地，困境，搭配
shallow	adj.浅的，不深的，肤浅的，浅薄的，浅呼吸，微弱的呼吸
ancestor	n.祖先，祖宗，原种，祖先，原型
condemn	v.责备，指责，谴责，惩罚，给…判罪，给…判刑
optimistic	adj.乐观的，乐观主义的，过于有信心的，过分乐观的
shrimp	n.虾，见图，小个子，矮子
equip	v.装备，配备，使有知识和技能，使能够胜任
unite	v.联合，团结，联合工会
courtroom	n.审判室，法庭
grin	n.露齿笑，咧嘴笑，搭配\nv.露齿而笑，咧着嘴笑，笑得合不拢嘴，苦笑着忍受，默默忍受
symbolic	adj.象征的，象征性的，象征某一想法 的，符号的\nv.搭配
hostile	adj.怀有敌意的，敌对的，不友善的，强烈反对的，敌人的，敌方的，恶劣的
aunt	n.姑母，姨母，婶母，伯母
conceive	v.想象，构想，设想，构思，设想，想出
patience	n.耐心，忍耐，忍受力，克制力，失去耐心，约伯
spite	n.虽然，不顾，尽管…，恶意\nv.故意与作对，恶意对待
grasp	n.抓，握，理解力，领悟力，力所能及，把握\nv.抓牢，握紧，理解，领会，抓住机会，果断地处理棘手问题
willingness	
Cuban	
haul	n.非法物品，赃物，耗时费力的事，直到最后，长期以来\nv.拖，拉，吃力地挪向，走出等，提高
concede	v.承认某事属实，承认，认输，承认，认，让步
afterward	
ruin	n.破产，垮台，身败名裂，正在走向毁灭\nv.毁坏，毁掉，糟蹋，使破产
alongside	prep.靠在 …旁边，一起，同时，相比
thigh	n.大腿，股，大腿
discourage	v.劝阻，打消…的念头，使灰心，使泄气，阻止，防止
drawer	n.抽屉，短袜，餐具抽屉，见图
ideological	adj.思想上的，思想体系的，意识形态的
secular	adj.世俗的，非宗教的，不受教会管辖的，在俗的，不住在修道院内的
casualty	n.伤者，死者，受害者，牺牲品，急救室，急诊室
terrific	adj.极好的，极棒的，极其巨大的，大得惊人的
teammate	
instinct	n.本能，直觉，天性，性
whoever	n.不管是什么人，无论是谁，…的人，不知他
instruct	v.命令，指示，教授，指导，通知，委托出庭
skull	n.颅骨，头骨，见图，某人的笨脑袋无法明白
verdict	n.裁决，裁定，判决，正式决定，裁决，意见，搭配
manipulate	v.操纵，控制，操作，使用，推拿，推拿治疗，巧妙地移动
subsidy	n.津贴，补贴，补助金
whip	n.鞭子，党鞭，组织秘书，政党的纪律委员\nv.鞭打，抽，迅速 移动，突然移动，搅打
mushroom	n.蘑菇，见图\nv.快速成长，迅速发展
boil	n.煮沸，沸腾，疖子，疮，不如从前，生疏了\nv.沸腾，煮沸，烧开，煮，见图，沸腾，烧开
tragic	adj.悲惨的，不幸的，悲剧的，悲剧主角
mechanic	n.技工，机械工，机修工，见图，某事的方法，力学
dessert	n.甜点，甜食，甜品，苹果派，【英】巧克力奶油大蛋糕，圣代冰激凌
incredibly	v.极端地，非常地，难以置信地
fisherman	n.钓鱼者，渔民，渔夫
sock	n.袜子，短袜，使某人大吃一惊，使某人兴奋，努力，用功，闭嘴，住口\nv.猛击，狠打，使遭受损失，损害，被封住，被困住，储存，积攒
ambition	n.追求，夙愿，理想，抱负，雄心，野心，完全不想做某事
breeze	n.微风，和风，容易，轻松，搭配\nv.飘然出现，信步走进，轻松完成，轻易通过
touchdown	n.降落，着陆，持球触地得分，达阵
costly	adj.昂贵的，花太多钱的，代价高的，损失大的
ambitious	adj.有抱负的，有雄心的，野心勃勃的，宏大的，艰巨的
presumably	v.可能，大概，据推测
influential	adj.有影响力的
uncertain	adj.不确定的，无把握的，拿不准的，不清楚的，未确定的，难预料的
dissolve	v.变成液体的一部分，溶解，结束，解散
aesthetic	adj.美学的\nn.美学，美学原则
gut	n.本能的反应，本能的感觉，直觉，勇气\nv.毁坏的内部，取出…的内脏，改变…的中心部分
waist	n.腰，腰部，上半身，下半身，上身赤裸的
accomplishment	n.成就，成绩，完成，实现，才能，才艺
crush	n.拥挤的人群，压扁，见图，热恋的对象，痴情的对象\nv.压碎，压坏，压扁，见图，捣碎，弄碎，粉碎，平定叛乱
cocaine	n.可卡因，古柯碱
fortunately	v.幸运地，幸亏，语体
illusion	n.错误的观念，幻想，假象，错觉
tolerate	v.容忍，容许，宽容，忍受，忍耐
scramble	n.攀爬，爬行，争夺，争抢，忙乱，忙作一团，摩托车越野赛\nv.攀爬，爬，攀登，快速移动，匆忙移动
decorate	v.装修，装潢，装修住房，装饰圣诞树，见图
sibling	n.兄弟，姊妹，手足相争
irony	n.具有讽刺意味 的情况，反语，反话，辛辣的讽刺
spoon	n.匙，调羹，勺，一匙之量，一满匙\nv.用匙舀
alley	n.小巷，胡同，正合某人的胃口，非常适合某人
midst	n.在某事的进行过程中，正值某事发生的时候，在中部，在中间\nprep.在…中间，在…之中
rival	n.对手，竞争者，竞争的事物，搭配\nv.与…匹敌，与…媲美
persist	v.坚持，执意，继续存在
mentally	
heal	v.长好，愈合，医治，治愈，复原，坚强起来
exploit	n.英勇的行为\nv.剥削，压榨，利用，充分利用，发挥，开发
organism	n.生物，有机体，有机组织
gop	
sensation	n.感觉，触觉，感受，感觉，知觉，感觉能力
upstairs	n.楼上\nv.往楼上，在楼上
shove	n.猛推\nv.推，推挤，推撞，随便放置，乱放，去他的…，让…见鬼，滚，滚开
backyard	n.后院，后院，后花园，在自己的后院，在自己的家门口，别在我家门口
stove	n.厨灶，炉头，炉子，火炉，stave 的过去式和过去分词
comprise	v.包括，由…构成，构成，组成
grandchild	n.孙子，外孙子
dough	n.生面团，湿面团，见图，钱
reportedly	v.据说，据传，据报道
outfit	n.全套服装，一群人，全班人马，全套设备\nv.为…提供全套服装 ，配备，装备
unprecedented	adj.空前的，前所未有的
columnist	n.专栏作家
shy	adj.羞怯的，腼腆的，突然变得很害羞，某人很意做某事，不意的\nn.腼腆的,羞怯的,忸怩的，忸怩的,害羞的，胆小的,胆怯的，矜持的,拘谨的,含蓄的\nv.惊退，惊跳，回避，避开
banker	n.银行家，银行要员，庄家
caller	n.打电话者，来电者，到访者，客人
interfere	v.介入，干涉，干预，妨碍，阻止，干扰
eighth	adj.第八 的\nn.八分之一
speculation	n.猜测，推测，胡乱猜测，投机买卖，投机生意，搭配
uncover	v.发现，揭露，揭开…的盖子
stimulate	v.刺激，促使，促进，激发，鼓励，激励，使活跃，使强壮
outsider	n.局外人，外人，非成员，外部人士，外来者，赢面不大的人，不被看好的人
stance	n.观点，立场，看法，站姿
compel	v.强迫，逼迫，使发生，引起
desperately	v.绝望地，拼命地，不顾一切地，非常，极为悲伤
someday	v.将来会有一天，有朝一日
proclaim	v.宣布，声明，显示，表明
hike	n.徒步旅行，远足，大幅度上升，滚开\nv.徒步旅行，远足，大幅度提高，提起，拉起
confrontation	n.对抗，对峙，冲突，战斗，战役
scent	n.香味，臭气，臭迹，气味，使某人失去线索\nv.使…带有某种香味，预感，觉察，嗅出…的气味
colorful	
eyebrow	n.眉，见图，扬起眉毛，埋头于某事
sack	n.麻袋，粗布袋，厚纸袋，大口袋，一袋之量，见图，解雇，开除\nv.解雇，语体，擒抱，劫掠，洗劫，破坏
cease	n.不停地，持续地\nv.停止，终止，结束，停业，停止生产，停止经营等
inherit	v.继承，接手，接过，承担，经遗传得到，接收
shrink	n.精神分析学家，精神科医生\nv.缩小，收缩，变小，减少，缩小，退缩，畏缩，避免做，不做
fierce	adj.猛烈的，激烈的，见图，凶猛的，凶恶的
envision	v.想象，展望
aisle	n.通道，过道，步入婚姻的殿堂，结婚
weaken	v.变弱，削弱，减弱，虚弱
openly	v.坦白地，公开地，公然地
unfair	adj.不公平的，不公正的\nn.搭配
risky	adj.有危险的，有风险的
deploy	v.部署，调度，利用，调动
distract	v.分散，使分心
depressed	adj.沮丧的，消沉的，忧愁的，患抑郁症的，不景气的，萧条的，经济困难的，低于正常水准的
chunk	n.厚块，大块，见图，大量，大部分
invade	v.武力入侵，侵略，侵占，大量涌入，蜂拥而入，侵扰
coup	n.政变，成功之举，漂亮之举，搭配
classify	v.将…分类，把…归入一类
curiosity	n.好奇心，奇品，珍品，好奇害死猫，过于好奇要吃苦头，搭配
aggression	n.攻击性行为，敌对行为，侵犯，侵略
supportive	adj.支持的，给予帮助 的
stimulus	n.刺激，促进因素，刺激，刺激物
ecosystem	n.生态系统
feather	n.羽毛，翎，羽绒褥垫，枕头等，值得自豪的成就，卓越的成就\nv.营私自肥，中饱私囊，为装翎
boast	n.引以自豪的事物，感到骄傲的事，大话，瞎吹\nv.夸口，夸耀，吹嘘，自豪地拥有
tighten	v.使变紧，绷紧，拉紧，变得僵硬，变得僵直，加强对某事物的控制
unfold	v.展现，呈现，展示，发生，展开
supposedly	v.据说，据称，一般相信，一般看来
streak	n.色条，条痕，斑纹，个性特质\nv.飞速地跑，使布满条纹，裸奔
deem	v.认为，视为
glimpse	n.一瞥，瞟一眼，很快的一瞥，短暂的感受，短暂的体验\nv.一瞥，看一眼，语体，sth，而不说 glimpse sb，sth
premise	n.房屋及土地，前提
sneak	adj.偷偷的，令人猝不及防的\nn.打小报告的孩子，告状的小孩，鬼鬼祟祟的人，偷偷摸摸的人\nv.偷偷地走，偷偷地走，潜行，溜，偷偷地拿，给
artifact	n.artefact的另一种拼法
listener	n.收听者，认真倾听的人，有同情心的听者
disturb	v.打扰，干扰，打扰，使中断，担忧，使焦虑，使担心
disappointment	n.失望，扫兴，沮丧，令人失望的人，搭配
rib	n.肋骨，见图，肋条，排骨，肋材，肋拱\nv.开…的玩笑，取笑
debris	n.碎片，残骸，残渣，垃圾，废弃物
socially	
slavery	n.奴隶制度，奴隶身份，把某人卖为奴隶
halfway	v.中间 ，半途，成功了一半，完成某事的一半，还算体面
deliberately	v.故意地，蓄意地，慎重地，从容不迫地，不慌不忙地，故意地，特意地,故意地
regret	n.懊悔，悔恨，遗憾，惋惜，表示歉意\nv.后悔，对…感到遗憾，对…感到抱歉，搭配
carrot	n.胡萝卜，红萝卜，见图，报酬，好处，奖品，许诺，胡萝卜加大棒，威逼利诱
wheelchair	n.轮椅，见图
atop	prep.在…顶上，在…上面
embarrassed	adj.难堪的，尴尬的，拮据的，负债的，搭配
suspicious	adj.怀疑的，猜疑的，可疑的，引起怀疑的，感到怀疑的，认为有问题的
cling	v.紧紧抓住，缠着，黏着，依恋，依附
plunge	n.决定奋力一搏，决定冒险一试，骤降，突降，俯冲\nv.突然向前倒下，暴跌，骤降，猛烈地颠簸，贸然行动
refuge	n.避难，庇护，庇护所，避难处
chill	adj.寒冷的，寒气袭人的\nn.寒冷，寒气，害怕，心悸，受寒，着凉\nv.冷却，冷藏，放松，冷静，使感到很冷，寒气刺骨
legislator	n.立法者，立法委员
cheer	n.欢呼，喝彩，赞美声，给某人三声欢呼！，快乐自信的情绪，加油口号\nv.欢呼，喝彩，加油，鼓励，安慰
steer	n.小公牛\nv.汽车，船等，驾驶，改变某人
intact	adj.完好无损的，未受损伤的
peanut	n.花生，见图，微不足道的一小笔钱
thrive	v.兴旺，欣欣向荣，茁壮成长，语体，乐意做
elaborate	adj.详尽的，复杂的，精心制作的\nv.详尽说明，阐述
chew	n.嚼，咀嚼，口香糖，咀嚼用的烟草\nv.咀嚼，嚼碎，见图，不停地嚼，咬
steak	n.牛排，肉排，鳕鱼排，三文鱼排
shareholder	n.股东，股票持有者
conception	n.概念，观念，思想，想法，构思，构想，设想
conscience	n.良知，良心，愧疚的内心，不安的良心，政治犯，思想犯
considerably	v.很，非常，相当大 地
awake	adj.醒着的，理解某事物，意识到某事物，搭配\nv.醒来，唤醒，语体，唤起，激发起，被唤起
feminist	n.女权主义者
inevitably	v.必然地，不可避免地
emotionally	
expedition	n.远征，探险，远征队，探险队
similarity	n.相似之处，搭配
allegedly	v.据说
philosophical	adj.哲学的，豁达的，达观的
sprinkle	n.少量，一点，撒，小雨\nv.洒，撒，穿插着许多笑话，引语等
patron	n.赞助者，资助人，名义赞助人，顾客，主顾
blessing	n.幸事，幸运，福气，准许，同意，鼓励，有利亦有弊的情况
grandparent	n.祖父，外祖父
peasant	n.农民，佃农，乡下人，土包子，缺乏教养的人
supermarket	n.超级市场，超市
neat	adj.整洁的，整齐的，爱整洁的，好的
lawmaker	n.立法者，立法官员
beard	n.胡须，髯，须状物
widow	n.寡妇，遗孀，足球，高尔夫球等寡妇
impulse	n.冲动，突然的欲望，冲动购物，脉冲
forbid	v.禁止，不许，语体，但愿不会发生这样的事，阻止
predator	n.掠食动物，捕食性动物，见图
poke	n.戳某人，某物一下，捅，批评\nv.用手指，棒等，戳，捅，刺，通过空隙
soar	v.数量，价格等，猛增，骤升，在天上
happily	v.高兴地，快乐地，幸运地，很乐意地
enact	v.上演，扮演，将…制定成法律
autonomy	n.自治，自治权，自主能力，自主
landmark	n.地标，陆标，里程碑，重大转折，搭配
unhappy	adj.不幸福的，不快乐的，语体，忧愁的\nn.搭配
privately	v.单独，私下，心里，私下地，私下地，与公务无关地
offender	n.罪犯，有罪者，犯罪者，引发坏事的人
distinctive	adj.独特的，特别的，与众不同的
routinely	v.惯常地，例行地
regulator	n.调节器，校准器，管理者，监管者
straw	n.麦秆，稻草，禾秆，麦秆，稻草秆，吸管，抓救命稻草，不放过任何微小的机会
theological	
fragile	adj.脆弱的，易碎的，易损坏的，脆弱的，不稳定的，虚弱的身体，纤巧美丽的
objection	n.反对的理由，异议，尽管某人反对，搭配，有异议
crowded	adj.挤满人 的，拥挤的
prevail	v.盛行，流行，获胜，常识，理智占了上风
fragment	n.碎片，碎块，片断，见图\nv.成碎片，打碎，分裂
headache	adj.headache是可数名词，搭配，厉害的，非常厉害的\nn.头痛，使人头痛的事，棘手的事，难题
warmth	n.温暖，友好，热情
policeman	n.男警察，见图
mansion	n.宅第，公馆，大厦，见图，公寓
cruel	adj.令人极痛苦的，残酷的，残忍的，刻毒伤人的，为了对某人好就得对他狠\nv.残酷的，残忍的，无情的，狠心的，虐待狂的，残酷成性的，野蛮的，凶残的
grape	n.葡萄，见图
authorize	v.授权，批准，许可
driveway	n.私人车道
loyal	adj.忠贞的，忠实的，忠诚的
ego	n.自我，自我意识，自我
regain	v.重新获得，复得，恢复，重回，再到，搭配
frown	n.皱眉\nv.皱眉，不赞成，反对
molecule	n.分子
sweater	n.毛线衣，羊毛衫，针织衫
favorable	adj.favourable的美式拼法
steadily	
youngster	n.孩童，年轻人
contemplate	v.打算，想，考虑，考虑接受，视…为可能，深思
overwhelm	v.感情，使感到不能自持，使不知所措，太多，使无法解决，使应接不暇，压垮
spark	n.火，火花，火星，电，电火花\nv.引起，导致，激起某人的兴趣，希望，好奇心等
fatigue	n.疲劳，疲乏，劳累，疲劳，宽松工作服
ironically	v.具有讽刺意味的是，出乎意料的是，让人哭笑不得的是，反讽地，讽刺地
speculate	v.猜测，推测，投机，做投机买卖
bucket	n.桶，一桶之量，铲斗，勺斗\nv.倾盆而下
meantime	v.在此期间，与此同时，目前，眼下
preach	v.布道，讲道，宣讲，宣扬，鼓吹，唠叨地劝诫，令人烦厌地说教
confession	n.供词，供认，招供，忏悔，告解，信仰声明，搭配
defender	n.防守队员，后卫，捍卫者，保护者
provoke	v.激起，引起，激起辩论，讨论，激怒，挑衅，使恼火
disturbing	adj.令人不安的，使人震惊的
depart	v.离开，起程，上路，语体，辞世，离开人世，背离，违反
neighboring	
devastating	adj.毁灭性的，破坏力极强的，令人悲痛的，令人震惊的，骇人的，惊人的\nv.搭配
soak	n.泡浴，浸泡，酒鬼，经常喝醉的人\nv.浸，泡，浸掉某物，浸除某物，使湿透，把浸湿，长时间泡浴
mutter	v.咕哝，嘀咕，悄声说，私下抱怨，小声质疑
riot	n.骚乱，暴乱，暴动，见图，无法控制，不加约束，狂暴，无法无天\nv.发动骚乱，闹事
nutrient	n.养分，营养物
severely	v.严重地，严厉地，严格地，严苛地，严厉地，朴素地，朴实无华地
sovereignty	n.主权，最高统治权，最高权威，主权，独立主权
frustrate	v.使懊丧，使懊恼，使沮丧，挫败，阻挠
unidentified	adj.未被识别的，身份不明的
articulate	adj.能说会道的，口齿伶俐的，明晰的，清楚的\nv.清楚地表达，口齿清楚地讲，清晰发，连接，铰接
swell	adj.极好的，第一流的\nn.海面的起伏，浪涌，增加，增多，音量逐渐增强\nv.大小，肿，肿胀，数量，增加，增多，增大
soften	v.变软，变柔滑，变轻柔，软化，变温和，变柔和，变缓和，变温和，变柔和
accusation	n.控告，指控，指责，搭配
terribly	v.很，非常，极度，非常糟地，严重地
cue	n.提示，暗示，尾白，提示，没有对暗示作出反应，恰好，正好\nv.提示，把转到所需位置
straighten	v.变直，把…弄直，挺直身子，直起身来，把…弄整齐
seldom	v.很少，罕见，不常，语体，我不常去那里。
compelling	adj.令人信服的理由，论点，论据等，极为有趣的
honestly	v.真的，的确，真是的，真不像话，真的，不骗你，诚实地，正直地
troubled	adj.忧虑的，烦恼的，苦恼的，忧虑的表情，眼神
economically	v.在经济上，经济地，节约地，搭配
vague	adj.含糊的，不明确的，不清楚的，隐约地想到，感到，记起等\nn.搭配
foreigner	n.外国人，语体
twentieth	
weave	n.织法，编织式样\nv.布等，编，织，见图，故事
plea	n.恳求，请求，有罪 陈述，借口，托词
bulb	n.灯泡，见图，球茎，鳞茎，球根
narrator	n.叙述者，讲述者，解说员，旁白员
missionary	adj.传教的，极大的热忱，传教士般的热情\nn.传教士
sometime	adj.曾经的，以前的，有时的，偶尔的\nv.在某个时候
diplomat	n.外交官，外交家，有手腕的人，善交际的人
epidemic	n.流行病，传染病，发生次数陡增，频率突增
inherent	adj.内在的，固有的
accelerate	v.加快，加速，加速
drown	v.淹死，溺毙，盖过，淹没，浸泡，困扰，烦恼
spit	n.唾液，唾沫，口水，烤肉扦，炙扦子，岬，沙嘴，长得和某人一模一样\nv.口水，吐口水，吐唾沫，食物，饮料等
dictate	n.命令，规定，原则\nv.口授，让听写，命令，规定，指定，支配，影响，决定，搭配
stereotype	n.模式化的思想，老一套，旧框框\nv.搭配，对…存有成见，把…模式化
kneel	v.跪着，跪下，见图
pistol	n.手枪
apology	n.道歉，认错，致歉，认为做某事没有错，辩解，辩护
bore	n.令人厌烦的事，令人厌烦的人，口径，内径，涌潮\nv.bear的过去式，使厌烦，使某人厌烦得要命，钻，开凿，挖
beloved	adj.钟爱的，挚爱的，宝贝的\nn.我，她的挚爱
entertain	v.使快乐，使有兴趣，招待，款待，请客，怀有某种想法
chopped	
bomber	n.轰炸机，放置炸弹的人
nominate	v.提名，推荐，任命，指派
devise	v.想出，设计，发明，搭配
skeptical	adj.sceptical的美式拼法
scrutiny	n.仔细的审视，彻底的检查，搭配
suppress	v.镇压，制止，压制，禁止发表，查禁，封锁，抑制，克制，抑制
unfortunate	adj.不幸的，倒霉的，可叹的，令人遗憾的，不得体的\nn.不幸的人
betray	v.朋友，背叛，对…不忠，出卖
bureaucracy	n.官僚制度，官僚作风，官僚主义，官僚
clever	adj.聪明的，聪颖的，耍小聪明的，滑头的，灵巧的，伶俐的，熟练的
loser	n.不幸的人，受害者，屡屡失败的人，失败者，失败者，输家，输得起
critique	n.评论\nv.评论
aboard	prep.在 上，上\nv.在船 上，上船，请大家上船 ！
compassion	n.怜悯，同情
congregation	n.会众
awkward	adj.令人尴尬的，使人难堪的，紧张的，不舒适的，难办的
Iranian	
complication	n.使复杂化的问题，并发症
militia	n.民兵队伍，国民自卫队
concession	n.让与某人之物，让步，权利，特权
rejection	n.拒绝接受，否决，拒绝，嫌弃，厌弃
tenure	n.终身职位，终身教席，终身教职，任期，保有权
inadequate	adj.不够好的，不足的，不强的，不胜任的，不够好的，能力不足的
thief	n.小偷，贼，汽车，珠宝等窃贼，小偷
locker	n.锁柜，寄物柜，见图，体育运动中心，冷藏间
faithful	adj.忠诚的，忠实的，如实的，准确可靠的，忠于原事 的，忠贞的\nn.忠实支持者，教徒，信众，忠实的追随者
haunt	n.常去的地方\nv.经常出没于，缠扰，烦扰，萦绕在…心头，困扰
evoke	v.引起，唤起
affirmative	adj.肯定的，同意的\nn.肯定地回答，答复
vein	n.静脉，见图，叶脉，翅脉
surrender	n.投降，放弃，交出，屈服，让步\nv.投降，自首，放弃，听任某事物摆布
scar	n.皮肤上的疤痕，疤，感情，创伤\nv.在…上留下伤痕，使受创伤，损害…的外观，破坏…的景致，搭配
sailor	n.水手，海员，晕船的，不晕船的人
inspect	v.仔细检查，检验，视察，检阅
follower	n.信徒，追随者，支持者
compensate	v.弥补，补偿，语体，赔偿，补偿
hover	v.盘旋，悬停，见图，徘徊，走来走去
viable	adj.切实可行的，能存活的，能生长发育的\nn.搭配
clarify	v.澄清，讲清楚，阐明，使纯净，使净化
sketch	n.素描，速写，草图，滑稽短剧，简述，速写，概述\nv.画速写，画素描，简述，概述，补充
countless	adj.无数的，数不尽的
pupil	n.学生，小学生，瞳孔，见图
ninth	adj.第九\nn.九分之一
strive	v.努力，奋斗
neglect	n.疏忽，忽视，忽略\nv.疏于照料，疏忽，忽视，忽略，没有做某事
warfare	n.战争，化学战，核战，细菌战等
mound	n.土 堆，土冈，土丘，堆，垛，见图
tilt	n.全速地，倾斜，倾侧，倾向，偏向，企图，尝试\nv.倾斜，倾侧，倾斜，倾向于，偏向于，抨击
biologist	n.生物学家
learner	n.学习者，初学者，实习 汽车驾驶员，搭配
knot	n.线，绳等，结，蝴蝶结\nv.把…打成结，绞缠，打结，暴突，紧揪
antibiotic	n.抗生素，抗菌素
prosperity	n.兴隆，发达，昌盛，繁荣
accumulate	n.语体\nv.积累，积聚，堆积，聚集
prosecute	v.起诉，进行刑事诉讼，继续
intervene	v.干预，介入，插手，打岔，插话，阻碍，中断，介于…之间
embody	v.代表，体现，包括，收录
dull	adj.乏味的，无趣的，枯燥的，沉闷的，无聊的，语体，颜色\nv.使麻木，使迟钝，变得暗淡，变低沉
creep	n.极讨厌的人，献媚者，奴颜婢膝的人，使某人紧张\nv.悄悄地小心行进，蹑手蹑脚地移动，轻声地缓慢行进，爬行，匍匐，渐渐侵入，逐渐融进，攀缘，蔓生
crab	n.蟹，螃蟹，蟹肉，阴蝨寄生病，脾气乖戾的人，易怒的人
vinegar	n.醋
capitalism	n.资本主义
inability	n.无法，没能力
smash	n.严重的交通事故，车祸，非常成功的新电影，杀球，扣球\nv.粉碎，打碎，砸碎，见图
manuscript	n.手稿，底稿，手抄本，手写本
morality	n.道德，道德观，道德性，道义性
hopeful	adj.抱有希望的，持乐观态度的，给人希望的\nn.希望获得成功的人
disagreement	n.意见不合，分歧，争论，尖锐，根本，深刻等的分歧
purely	v.完全地，纯粹地，仅仅
soda	n.苏打水，汽水，一听 汽水，冰激凌苏打
shiny	adj.光滑发亮的，闪光的，见图，表面
stun	v.使很是震惊，使震惊，使短暂失去知觉，使晕过去
poorly	adj.身体不舒服的，健康状况不佳的\nv.糟糕地，不好地，拙劣地，蹩脚地
affection	n.喜爱，钟爱，慈爱，某人的钟爱
philosopher	n.哲学家，思想深刻的人
clutch	n.离合器，见图，某人的掌控，一小群 类似之物\nv.紧握，紧抓，见图，汽车，突然抓住，猛地抓住
silently	
conceal	v.隐匿，隐藏，隐藏，隐瞒
curl	n.鬈发，卷曲，卷曲物，螺旋状物，弯曲运动\nv.弯曲，盘绕，缠绕，呈曲线移动，旋绕
nineteenth	
goodness	n.天啊！啊呀！，看在老天爷的面上，天晓得，谁也不知道，好
remarkably	v.不寻常地，惊人地
leak	n.漏洞，裂缝，煤气，油，水等的泄漏\nv.漏，渗漏，见图，漏出，透露，泄露
trillion	num.一万亿，大量，巨额，百万兆
homicide	n.谋杀罪，杀人罪，凶杀科
herd	n.兽群，牧群，民众，老百姓，芸芸众生\nv.使集合在一起，放牧，某群人极难管理
passionate	adj.情欲强烈的，具有强烈信念的，热爱的，酷爱的\nv.搭配
psychiatrist	n.精神科医生
positively	v.真的，确实，赞成地，积极地，乐观地
snack	n.小吃，点心\nv.吃点心，吃零食
migrant	n.移民，移居者，经济移民，候鸟，迁徙动物
competence	n.能力，胜任，权限，管辖权，技能，搭配
distress	n.忧虑，苦恼，悲伤，贫困，困苦，剧痛，遇难，遇险\nv.使伤心，使不安，使忧虑
homeowner	n.房主，自己拥有住房者
imagery	n.意象，形象化描述，比喻
infect	v.传染，污染，感染，影响，使感染
paradigm	n.模型，例子，示例，范例，样式
backward	adj.向后的，朝后的，发展缓慢的，落后的
appetite	n.胃口，食欲，欲望，喜爱，搭配
offend	v.冒犯，使生气，使反感，使不快，冒犯，犯罪，违法
sympathetic	adj.表示同情的，有同情心的，赞成的，支持的，令人喜爱的人物\nv.表示同情的,有同情心的，充满怜悯的,表示同情的，宽容的,能谅解的，关心的,乐于助人的
hostility	n.敌意，敌对态度，公开的敌意，强烈的反对，战斗
condom	n.保险套，避孕套
spectator	n.观看者，观众
comet	n.彗星
bleed	v.血，流血，出血，大量出血，给…放血
choke	n.阻气门，呛住的声音，噎住的声音\nv.窒息，呼吸困难，使窒息，使呼吸困难，使透不过气，使窒息，说不出话，哽咽
pesticide	n.杀虫剂，农药
pea	n.豌豆，见图，一模一样的
delegate	n.代表\nv.授权，委托，下放，委派做，委任为代表
cautious	adj.小心的，谨慎的，慎重的
tremble	v.颤抖，发抖，战栗，摇晃，震颤，颤抖，焦虑，担忧
prejudice	n.偏见，成见，歧视，偏见，没有不利，无损，对某事物不利，有损于某事物\nv.使有偏见，使有成见，损害，不利于
designate	adj.候任的\nv.任命，选定，指派，标明，表示
robe	n.长袍，睡袍，浴衣
abruptly	
classmate	n.同班同学
hatred	n.憎恨，憎恶，仇恨，搭配
enlist	v.谋求，参军，入伍
predecessor	n.前任，前身
induce	v.劝诱，诱导，为引产，催生，诱发
rookie	n.新手，新选手
gown	n.女礼服，长袍，外科手术服
notably	v.格外地，特别地，明显地，显著地
correlate	n.相关的事物，互为关联的事物\nv.相互关联
halt	n.停止，停住，暂停，停下，慢慢停下\nv.阻止，语体，停下，停止，站住！立定！
exile	n.流亡国外，被流放者，流亡国外者，搭配\nv.放逐，流放
roar	n.吼叫声，咆哮声，轰鸣声，呼啸声\nv.吼叫，呼啸，咆哮，大声喊叫，哄笑，大笑，狂笑，轰鸣着疾驶
revive	v.重新使用，使复兴，复原，恢复精力，复苏
sour	adj.酸的，酸味的，馊的，有馊味的，酸臭的，变酸，语体\nv.变坏，变得不友善，变酸，变馊
unclear	adj.难懂的，不肯定的，不清楚的，对某事不清楚
reside	v.居住，存在于，包括，属于
originate	v.发源，开始，起源，创始，创造
lure	n.诱惑物，诱惑力，吸引力，诱饵，鱼饵\nv.引诱，诱惑，吸引
erupt	v.突然发生，爆发，爆发，喷发，见图
loom	n.织布机\nv.隐约出现，赫然耸现，逼近，临近，显得沉重且无法回避
notable	adj.显要的，显著的，值得注意的，显著的成就
dusty	adj.布满灰尘的，灰蓝色，暗粉色等
cane	n.藤条，竹茎，竹料，手杖，拐杖，藤条，藤杖\nv.用藤条鞭打，开车飞驰，猛喝酒
fortunate	adj.幸运的，巧合的，偶然发生的，侥幸的，穷苦人
disrupt	v.扰乱，使混乱
breakthrough	n.突破，重大进展，搭配
odor	n.odour的美式拼法
lobbyist	
allege	v.断言，宣称，声称，指控
countryside	adj.农村的，乡村的\nn.郊外，乡下，农村，搭配，乡间，乡村地区
hut	n.小屋，棚屋，茅舍
attain	v.得到，获得，赢得，达到
sixteen	num.十六
dinosaur	n.恐龙，守旧落伍的人，过时落后的东西
excite	v.使兴奋，使激动，引起，激起，使产生性欲，使活动
pronounce	v.发的音，宣布，宣告，宣称，判断，发表意见
confine	v.限制，把…局限于，把…限制于，把某人监禁在某处
assertion	n.断言，声明，主张
orthodox	adj.传统的，正统的，正统的，传统的，正统信仰的，正宗教义的
outbreak	n.爆发，突然发生
freshly	v.新磨的，新摘的，新做的等
grim	adj.令人担忧的，令人不快的，严肃的，非常糟糕的
bead	n.珠子，小珠，见图，小珠子，小滴，瞄准某人
profitable	adj.有利可图的，有益的，有用的
drought	n.旱灾，干旱
uphold	v.支持，维护，维持
commentator	n.评论员，实况播音员，实况解说员
believer	n.坚信某事，深信某事，信徒
grind	n.苦差事，书呆子，擦边动作，碾磨边沿动作\nv.变成碎末，磨碎，碾碎，把…磨成粉，绞碎，光滑的
prescribe	v.开给…开处方，规定，指定
wounded	adj.受伤害的，负伤的，见图，受伤害的，伤员
shotgun	n.火枪，猎枪
subway	n.地下铁道，地铁，地下通道，地下人行道
transplant	n.移植，移植的器官，移植物\nv.移植，移植，移栽，搬运，使搬迁，使迁移
explosive	adj.会爆炸的，爆炸 的，爆发的，易引发暴力的\nn.炸药，爆炸物质
illuminate	v.照射，照亮，照明，阐明，解释，使易懂
congressman	n.国会议员
Nazi	n.纳粹党员，纳粹分子，独断专横者
penetrate	v.穿过，进入，渗入，刺入
evolutionary	adj.进化的，演变的，逐步发展的
innocence	n.清白，无罪，坚持说自己无罪，阅世不深，天真，单纯，完全没有恶意
flaw	n.瑕疵，缺点，错误，缺陷，致命缺点，缺陷，缺点
optimism	n.乐观，乐观主义，搭配
skinny	adj.极瘦的，皮包骨的，紧身的，贴身的，加脱脂奶的
posture	n.姿势，仪态，态度，立场
demon	n.魔鬼，恶魔，烦恼，心魔，好手，高手，含酒精的饮料
reassure	v.使安心，使放心，使消除疑虑
rehearsal	n.排练，排演，预演，演习
invoke	v.诉诸，唤起，引起，激发出，援引，运行
correspond	v.符合，相一致，相类似，相当，通信
discard	n.因不要而打出的牌，垫出的牌\nv.扔掉，弃置，打出，垫
revival	n.复兴，复苏，再流行，重新上演
restraint	n.克制，管制措施，限制，控制，约束，管制，管束，安全装置
Sunni	n.逊尼派教徒
theirs	n.他们的，她们的
murderer	n.谋杀犯，凶手
abundance	n.充裕，丰富
despair	n.绝望，绝望的深渊，让某人感到担忧\nv.绝望，感到无望
attendant	adj.伴随的，随之而来的，附带的\nn.服务员，侍从，随从
fulfill	
ethnicity	
successor	n.继承人，继任者，接班人，换代产品，接替的事物，搭配
assassination	n.暗杀，行刺
strawberry	n.草莓，见图
crying	adj.真叫人伤心，真令人生气，迫切需要某事物\nn.哭，哭泣
guerrilla	n.游击队员
environmentalist	n.环境保护主义者，环境保护论者
trophy	n.奖杯，奖牌，英格兰足球联赛锦标，大师杯，海斯曼杯等
ironic	adj.讽刺的，用反语的
contradiction	n.矛盾，不一致，反驳，驳斥，用词上的自相矛盾，与某事相反，和某事背道而驰
rattle	n.嘎嘎声，咯吱声，拨浪鼓，响板\nv.咯吱作响，嘎啦嘎啦地响，使慌乱，使紧张，惹恼某人
shatter	v.粉碎，破碎，见图，毁坏，使破灭，搭配
descent	n.下降，降落，出身，血统，下坡路，沦落，堕落
startle	v.使吃惊，吓一跳
widen	v.变宽，增加，扩大，睁大
tease	n.爱开玩笑的人，爱戏弄别人的人，戏弄，捉弄，取笑，玩笑，性挑逗者\nv.笑，戏弄，逗弄，拿…取笑，语体
waiter	n.男服务员，男侍者，见图
vow	n.誓言，誓约，誓言，誓约，婚姻誓约\nv.立誓，起誓，立誓奉献
downstairs	n.楼下\nv.往楼下，在楼下
rigid	adj.严格死板的，僵化的，顽固的，不通融的，僵硬的，不动的
tumble	n.倒下，跌倒，摔倒，下降\nv.倒下，跌倒，摔倒，滚落，莽莽撞撞地行动，胡乱地走
financially	
statistically	
psychiatric	adj.精神病学的，精神病治疗的
eighteen	num.十八
rotate	v.旋转，转动，轮流做…，轮换，轮换位置，轮种，轮作
recount	n.重新计算选票，重点选票\nv.叙述，描述
settler	n.移民，殖民者，开拓者
polite	adj.有礼貌的，客气的，礼节性的，客套的，应酬的，在文雅人中间\nn.有礼貌的,客气的，有礼貌的,文雅的,端庄的，彬彬有礼的，规规矩矩的，安分的，听话的
scrape	n.擦伤，擦痕，困境，窘境，麻烦，刮擦声\nv.刮除，见图，清洁，打扫
fourteen	num.十四
ambulance	n.救护车
prey	n.被捕食的动物，猎物，见图，食肉猛禽，猛兽\nv.捕食，试图欺骗，使某人苦恼不已，折磨某人
bump	n.肿块，隆起之处，碰撞声，碰撞\nv.猛碰，撞，颠簸而行，拖拽，挤出，挤掉
peculiar	adj.奇怪的，异常的，为某人，某事物所特有
sadness	n.悲伤，悲痛
enthusiastic	adj.热心的，热衷的\nv.搭配
firefighter	n.消防队员
supper	n.晚饭，晚餐，夜宵，消夜
goose	n.鹅，雌鹅，加拿大雁，小鹅\nv.碰 的屁股
peach	adj.粉红色的，桃红色的\nn.桃，桃树，见图，桃红色
summarize	v.总结，概括，概述
nurture	n.教育，教养\nv.发展，培养，养育，培育
frighten	v.使害怕，使惊吓，把某人吓得要死，吓走，把某人吓得做某事
formally	v.正式地，礼貌地
vivid	adj.生动的，逼真的，清晰的，活跃的想象力，鲜艳的，鲜明的
frightening	adj.令人害怕的，吓人的，可怕的\nv.吓人的，令人毛骨悚然的，阴森恐怖的，诡异而令人恐惧的
furious	adj.狂怒的，暴怒的，猛烈的，强烈的，激烈的
undoubtedly	
omit	v.忽略，省去，删去，遗漏，语体
ruler	n.统治者，尺子，直尺，见图
obsession	adj.搭配\nn.痴迷，着魔
corpse	n.尸体
certainty	n.确实，确定性，确实，确信，确知，必然的事，确定的事
problematic	adj.有很多问题的，难对付的，成问题的
damp	adj.潮湿的，使人失望的事，湿水爆竹\nn.潮湿，湿气\nv.潮湿的，湿润的，又湿又黏的，湿热的
melody	n.歌曲，曲调，悦耳的音调，美妙的旋律，搭配
physicist	n.物理学家
utterly	v.完全地，十足地
memoir	n.回忆录，传略，实录
salesman	n.男推销员，男售货员，计算机，汽车
cultivate	v.耕，耕作，开垦，种植，培育，语体
goodbye	再见，和众人道别
realization	n.认识，领悟，意识，实现
meadow	n.草地，见图，乡间
defy	v.违抗，拒不服从，无法描述，分析
socialist	adj.社会主义的，社会党的，社会主义国家的，社会主义政府的\nn.社会主义者，社会党党员
tempt	v.劝说，鼓动，诱惑，引诱，诱使，冒危险，玩命
fundamentally	v.根本上，基本上
scrap	n.纸，布，小片，小块，碎屑\nv.放弃，抛弃，把当作废料处理，报废，打架，吵架
wildly	v.失控地，激动地，非常，极其
inject	v.注射，增加，投入
applause	n.鼓掌，喝彩，响亮的，雷鸣般的掌声
suitcase	n.手提箱，见图
evenly	v.均匀地，平均地，均等地，平稳地，有规律地，势均力敌的
supervise	v.监督，管理，指导
precede	v.先于…，走在…之前
aspiration	n.强烈愿望，志向，抱负，送气音
inclined	adj.倾向于赞同，认为，相信等，有做某事的意向，倾向于做某事
newcomer	n.新来的人，新手，新生事物
fried	adj.油炸的，油煎的，见图，思维混乱的
gravel	n.砾石，砂砾，石子，砾石采掘场
precedent	n.可援引的先例，以前有过的事例，先例，前例，惯例，打破惯例
nationalism	n.国家主义，民族主义，本国优越感，民族自豪感
indictment	n.是的明显征兆，起诉书，诉状，起诉，指控，控告
interpreter	n.口译者，解释程序
calf	n.腓，小腿肚，小牛，牛犊，崽，幼兽，怀孕
collision	n.碰撞 事故，冲突，抵触，很可能发生冲突，有可能导致严重争端，朝着可能会碰撞的方向移动
encompass	v.包含，包括，覆盖，围住
diplomacy	n.外交，外交活动，处世之道，交际手段
faction	n.派别，派系，小集团，派系斗争，派系纠纷
sixty	num.六十，六十年代，六十多度
skillet	n.长柄平底煎锅
immense	adj.巨大的
thirteen	num.十三
ashamed	adj.羞耻的，内疚的，惭愧的，感到不好意思的，难为情的
aftermath	n.后果，余殃，余波
astronaut	n.宇航员，太空人
useless	adj.无用的，无效的，有害无益，差劲的，无能的\nn.搭配
crust	n.面包皮，酥皮，硬薄外层，地壳
gasp	n.大声吸气，倒抽气，急促吸气，某人，某物的最后一口气\nv.大声吸气，倒抽气，急促吸气，渴望得到
altar	n.祭坛，圣坛，讲坛
embarrassing	adj.令人尴尬的，使人难堪的
umbrella	n.伞，雨伞，阳伞，伞状组织
mosquito	n.蚊子，见图
unconscious	adj.不省人事的，失去知觉的，无意识的，未意识到的，未意识到某事物，未觉察到某事物，无意的\nn.潜意识
intimacy	n.亲密，亲近，亲密的言语，亲切宜人，幽静
obey	v.服从，遵守，语体，搭配
divert	v.改变…的用途，改变…的方向，使转向，转移，转移，分散
thoughtful	adj.想得周到的，体贴的，关心的，沉思的，深思的，周密的
vine	n.葡萄属植物，葡萄藤，攀缘植物，蔓生植物
permanently	v.永久地，长久地
shocked	adj.吃惊的，震惊的，愤慨的，十分厌恶的，搭配，震惊的,感到意外的
awaken	v.醒来，吵醒，语体，激发起，唤起，使领悟，使醒悟
outrage	n.愤慨，震怒，令人震惊而愤慨的事件，暴行\nv.激起的愤慨，使震怒
monopoly	n.垄断，独占，专营，垄断者
loudly	
nun	n.修女，尼姑
broth	n.肉汤，米汤，菜汤
summon	v.召唤，叫来，传唤，鼓起，振作
miner	n.矿工
aloud	v.出声地，自言自语，边想边说出声
dangle	v.悬垂，吊着，悬荡，钥匙挂在梁上。，他们悬着腿坐在上山吊椅上。，将某物摆在某人面前
cigar	n.雪茄烟
jerk	adj.香料腌制的鸡肉，猪肉等\nn.猛的一动，猝然一动，笨蛋，傻瓜\nv.猝然一动，猛然一动，急拉，猛抽，浪费时间，故意刁难
mob	n.暴民，乱民，同类的一群人，那帮暴徒，黑手党\nv.团团围住，围攻，成群袭击
weep	n.搭配\nv.哭泣，流，语体，我真想大哭一场，渗出液体
liquor	n.烈酒，酒精类饮料
dioxide	n.二氧化物
accountable	adj.负有责任的
affirm	v.确认，证实，断言属实，坚定，强化
sadly	v.伤心地，悲伤地，不幸地，说来遗憾，极为，非常
emergence	n.出现，显现，摆脱
lifelong	adj.终身的，毕生的
linger	v.继续存留，逗留，流连，盯着，拖延，停留，磨蹭
applaud	v.鼓掌，语体，称赞，赞许
stabilize	v.稳固，稳定
underneath	n.下面，下部，底部，底层\nv.在下面，在…的底面，本质上
preacher	n.传道士，讲道者
plantation	n.种植园，造林地，林场
predictable	adj.可预料的，可预见的
presume	v.料想，认为，认定，认为，推定，冒昧，放肆，擅作主张，假设，设想
proponent	n.支持者，拥护者，鼓吹者
constituent	adj.构成的，组成的\nn.选区的选民，成分，构成部分
gardener	n.园艺工人，园丁，花匠，见图，园艺爱好者
sweeping	adj.影响大的，范围广的，彻底的，包含丰富信息的
manipulation	
skate	n.冰鞋，滑板，直排轮旱冰鞋，四轮旱冰鞋\nv.滑冰，溜冰，如履薄冰，处境危险，避免提起，把轻轻带过
legitimacy	
curse	n.骂人话，咒骂语，诅咒，咒语，祸因，祸根，月经，经期\nv.咒骂，臭骂，诅咒，大骂
resignation	n.辞职，辞职信，辞呈，顺从，听任
culturally	v.从文化上，与文艺有关，文化上
reconciliation	n.和解，修好，相互适应，和谐
deed	n.行为，行动，契约，证书，以行为，用行动，今天行的善事
impairment	n.智力，视力，认知能力，听力等受损
miserable	adj.极不愉快的，痛苦的，十分悲惨，总是不高兴 的，总是抱怨的
lively	adj.人，充满活力的，生气勃勃的，地方，情形
erase	v.删除，抹去，擦掉，抹掉，消除，消灭
shave	n.刮脸，刮胡子，见图，幸免，侥幸脱险\nv.刮胡子，刮脸，剃须，刮去，削去，刮掉，剃掉
irrelevant	adj.无关紧要的，不相干的
foolish	adj.愚蠢的，傻的，语体，愚笨的，傻瓜似的
frightened	adj.受惊的，害怕的，害怕的，恐慌的，害怕的，担心的
neatly	
ignorance	n.无知，愚昧，无知是福
wetland	n.湿地，沼泽地
skier	n.滑雪者
reverend	n.牧师
playground	n.操场，运动场，游乐场，娱乐［享乐］的地方
embarrassment	n.窘迫，尴尬，难为情，使为难的事，使人难堪 的人，欠账
primitive	adj.生活方式，原始的，远古的，非现代的，老式的，简陋的\nn.原始派画家
balcony	n.阳台，见图，住的地方，楼座，楼厅
brow	n.额，擦额头，眉头紧锁，眉，眉毛
mosque	n.清真寺
recycle	v.再利用，回收利用，再次应用，重新使用
coincidence	n.巧合，巧事，同时发生，纯属巧合，并非巧合
resentment	n.愤恨，不满，憎恶，搭配
feminine	adj.女性特有的，女性的，妇女的，阴性的
justification	n.正当的理由，可接受的理由，为 辩解
destructive	adj.毁灭性的，造成破坏的
repetition	n.重复，再次发生的事
niche	adj.针对特定小群体的\nn.合适 的工作，商机，市场定位，壁龛
courtyard	n.庭院，院子
terrify	v.使害怕，使恐惧
revise	v.改变，修正，温习，复习，修订，校订
bark	n.狗叫声，吠声，树皮，见图，很大的响声\nv.吠叫，大声嚷，吼叫，打错主意，认错目标
fascinate	v.深深吸引，迷住
stab	n.刺，戳，捅，一阵痛苦，失望，恐惧等\nv.刺，戳，捅，戳，背后中伤某人，背叛某人
propaganda	n.宣传，纳粹，环保主义者等的宣传，宣传活动
underscore	v.强调，在底下画线
formulate	v.规划，制定，准备，仔细思考并明确表达
prop	n.支柱，支撑物，道具，支持者，后盾\nv.把…靠在…上，支住，支撑，支撑，撑住，支持，维持
technically	v.严格根据法律地，严格遵循规则地，技巧上，与技巧有关地
fulfil	v.实现，履行，执行，符合，履行诺言
corrupt	adj.贪污受贿的，腐败的，不道德的，堕落的，不纯的，有缺陷的\nv.使堕落，使败坏，使腐化，破坏，侵蚀，损坏，破坏
specimen	n.样品，样本，标本，实例，范例，某种类型的人，…家伙
obscure	adj.无名的，微贱的，费解的，晦涩的\nv.搞混，使难理解，遮蔽，使朦胧，使听不清
monk	n.修道士，僧侣
spectacle	n.精彩的表演，壮观的场面，不同寻常的事，眼镜
thrill	n.激动，狂喜，令人激动的事，某事获得的兴奋感，为了寻求刺激而做某事\nv.使兴奋，使激动，对…感到非常兴奋
heroin	n.海洛因，吸食海洛因
bout	n.抑郁，流感，恶心等的发作，一阵，一回，一场，一番\nprep.关于
sniff	n.抽鼻子，哼，少许，一丝迹象\nv.以鼻吸气，抽鼻子，嗅，闻，嗤之以鼻地说，轻蔑地说
runway	n.跑道，延伸台道，T台
cone	n.圆锥体，交通锥，护柱，见图\nv.用圆锥形路标封闭
stroll	v.散步，漫步，闲逛，溜达
lineup	
circulate	v.循环，流传，传播，散布
endeavor	
intriguing	adj.非常有趣的，迷人的
absurd	adj.荒谬的，荒唐的，愚蠢的，荒诞，悖理
thrust	n.猛冲，猛刺，推进，要旨，中心点，推力，推进力\nv.猛推，猛塞，刺，戳，把抛在一边，拒绝考虑
temptation	n.引诱，诱惑，诱惑人的东西，搭配
feast	n.盛会，宴会，大餐，盛筵，午夜盛宴，特别的享受\nv.尽情享用某物，饱餐某物，尽情欣赏某人，某物，大饱眼福
unfamiliar	adj.不熟悉的，不了解的，对某事物不熟悉
conductor	n.指挥，见图，售票员，列车长
analogy	n.类似处，相似处，作类比，比拟
inhabitant	n.居民
intensify	v.加剧，增强
sway	n.影响力，支配，统治，摇摆，摆动，摇晃\nv.摇摆，摆动，摇晃，影响，使改变看法
postwar	
erosion	n.侵蚀，腐蚀，逐步毁坏，削弱，搭配
manifest	adj.显而易见的，明显的，明白地显现出来\nn.旅客名单，载货清单\nv.显示，表明，表露，显现，显露
sophomore	n.二年级学生
refusal	n.拒绝，回绝，直截了当的拒绝，搭配
lick	n.舔，薄薄一层油漆，颜料等，一点…也没有\nv.舌头，舔，舔吃，体育运动
unaware	adj.未觉察到的，未意识到的，搭配
predominantly	v.绝大多数，主要地
idiot	n.笨蛋，蠢材，白痴
courthouse	n.法院大楼
defect	n.缺点，缺陷，毛病，搭配\nv.背叛，叛逃，投敌，变节
accountant	n.会计师，会计
owl	n.猫头鹰，见图
fairness	n.公平，公正，说句公道话，公正地说
slash	n.砍，劈，猛削，斜线符号，长条的切口，撒尿\nv.猛削，劈，砍，大幅度削减，割腕
diner	n.用餐者，小餐馆，小饭店
finely	v.微小地，细微地，精致地，精确地，精美地
artery	n.动脉，见图，干道，干线
curator	n.博物馆馆长，动物园园长
mist	n.薄雾，雾霭，淹没在时间的迷雾中，泪眼婆娑地看某物，搭配\nv.使蒙上水汽，变得模糊不清，蒙上水汽，蒙上水汽，起雾
grower	n.种植户，种植公司，生长的植物
nonsense	n.不真实的，愚蠢的，荒谬的想法，胡说，废话
humble	adj.谦虚的，谦卑的，卑微的，低下的，愚以为，依拙见，是我的错\nv.感到谦卑，感到自惭，击败，作出谦恭的姿态，不耻下问，勇于认错
gum	n.齿龈，牙龈，口香糖，黏胶，树胶\nv.黏住，使卡住，使出故障
fishery	n.渔场，养鱼场
coefficient	n.系数
cosmic	adj.宇宙的，广大无边的，极大的
ponder	v.仔细考虑，深思
complicate	v.使更复杂，使恶化
sanctuary	n.鸟兽保护区，禁猎区，庇护所，避难所，圣坛，殿堂，圣所
denounce	v.谴责，指责，斥责，告发，检举，举报
beating	n.狠打，痛打，惨败，败北
stool	n.凳子，见图，大便，粪便
credible	adj.可信的，可靠的
tuna	n.金枪鱼，金枪鱼肉
daylight	n.日光，拉大自己与某人的差距，吓得某人魂飞魄散，狠揍某人致重伤
simmer	n.慢慢沸腾的状态，文火炖，小沸\nv.慢慢地煮，煨，炖，内心充满，积聚，酿，即将爆发
wary	adj.小心翼翼的，谨慎的
saturated	adj.湿透的，浸透的，饱和的
embed	n.随军记者\nv.嵌入，把…插入，使扎根于，将嵌入
staffer	n.雇员，职员
linen	n.家庭日用织品，亚麻布，内衣裤
robbery	n.抢劫
memorable	adj.难忘的，值得纪念的
nicely	v.很好地，令人满意地，令人愉快地，适宜地
footstep	n.脚步声
prostitute	n.娼妓，妓女\nv.出卖，为钱而滥用，卖淫
drip	n.液滴，漏，滴，滴水声\nv.滴，滴下，滴下，沥下，满是某物，充满 某物
clove	n.蒜瓣，丁香香料，cleave的过去式
shocking	adj.惊人的，骇人的，令人难以置信的，不道德的，令人憎恶的，极坏的，很糟的
elevate	v.提拔，晋升，提升，抬高，举高，增加，提高
loosen	v.变松，松开，见图，放宽
predictor	n.预测器，预示物，预报性的事物
chore	n.家庭杂务，日常琐事，令人厌烦的工作，搭配
fringe	adj.边缘 团体，事件，问题等\nn.刘海，【英】，【美】刘海，流苏\nv.在…的边缘
lengthy	adj.长时间的，过长的，冗长的，过于详尽的
hedge	n.树篱，防范措施\nv.避免正面回答，多处下注以减少风险，对冲风险，采取措施避免，被…包围
murmur	n.轻轻的谈话声，低语声，表示同意，惊讶，后悔等的低语声\nv.小声说，低语，咕哝，发出轻柔低沉的声音，私下抱怨，发牢骚
maid	n.女仆，未婚女子，姑娘，少女
rationale	n.理由，依据
lieutenant	n.陆军中尉，海军上尉，空军中尉，警督
inhabit	adj.语体\nv.居住于
injustice	n.不公正，非正义，冤枉某人
quota	n.定额，限额，配额，定量
stride	n.步伐，大步，阔步，改进，进步，进展，发展\nv.迈着大步走，大踏步走
soy	
insurer	n.承保人，保险公司
oversight	n.失察，疏忽，监管 某事
dub	n.强节拍诗歌，强节奏音乐\nv.把…称为，给…起绰号，为配音，混合录音，复制，复录
viewpoint	n.观点，看法，见解，角度，视角，观察点
unbelievable	adj.非常好 的，好得令人难以置信的，非常坏的，坏得令人难以置信的
snatch	n.谈话，音乐，歌曲等的片段，断断续续地\nv.抢去，强夺，攫取，抓走，夺走，抓紧时间，伸手抓，伸手抢
amazed	adj.大为惊奇的，惊讶的
accord	n.出于自愿，主动地，符合，一致，正式协议，一致地\nv.给予，与某事物相符
slogan	n.口号，标语，搭配
outrageous	adj.骇人的，极不公正的，蛮横的，极不寻常的，有点可笑 的
overly	v.太，非常，极为
perch	n.栖木，栖枝，高位，高处，淡水鲈鱼，河鲈\nv.处在某物的上面，坐在某物的上面，降落，停留，见图
shrine	n.圣坛，圣地，圣殿
albeit	conj.虽然，尽管
misery	n.痛苦，困苦，苦难，愁苦，悲苦，使某人不再着急，结束某动物的痛苦
adequately	
addict	n.吸毒上瘾的人，对…着迷的人
marginal	adj.小的，微不足道的，不重要的，边际的，边缘席位，选区
mustard	n.芥末酱，芥菜，芥末黄，深黄色，符合要求，符合条件
ramp	n.人造斜坡，坡道，见图，支路，岔道，匝道\nv.哄抬，提高，使增加
villager	n.村民
watercolor	
fertility	n.肥沃，肥力，生育能力，繁殖力
relaxed	adj.轻松自在的，放松的，舒适的，悠闲的，轻松的，不拘束的，随便的
hail	n.雹，冰雹，一阵弹雨，像雹子般袭来的石块等，一顿痛批\nv.把…称赞为，把…誉为，呼喊，大声招呼，下冰雹
secretly	
whatsoever	v.丝毫
garment	n.衣服，语体
activate	n.语体\nv.激活，使活动，使活化
naive	adj.无经验的，幼稚的，天真的
exert	v.运用，施加，竭力，努力，搭配
caregiver	n.看护者，护理员
kindergarten	n.学前班，幼儿园
cereal	n.谷类早餐食物，麦片，见图，谷类植物，谷物
fracture	n.骨折，骨裂，裂缝，裂痕\nv.断裂，折断，分裂
turnover	n.交易额，营业额，周转率，人事变动率，人员流动率，水果小馅饼
sensible	adj.明智的，合理的，实际的，有判断力的，适当的，合理的，朴素实用的，可感觉到的，明显的
socioeconomic	adj.社会经济的
pyramid	n.金字塔，见图，金字塔式组织，金字塔形的一堆东西
Protestant	n.新教徒
convincing	adj.有说服力的，使人信服的，压倒性的胜利，获胜
decoration	n.装饰物，装饰风格，装饰，装潢，奖章，勋章
descendant	n.后代，后裔，派生物
lump	n.块，见图，肿块，方糖\nv.无奈地接受，勉强同意，把…归并在一起
scarf	n.围巾，头巾，披肩\nv.狼吞虎咽地吃
freeway	n.高速公路
clash	n.冲突，打斗，争论，交锋，个性，文化冲突\nv.冲突，争论，争执，不相配，不协调，撞期，有时间冲突
upward	adj.升高的，上升的，向上的
mammal	n.哺乳动物
yank	n.美国人，美国佬\nv.猛拉，使劲拉
multiply	v.乘，乘以，大大增加，倍增，繁殖
pumpkin	n.南瓜，见图，小南瓜
imitate	v.模仿，仿效
notorious	adj.臭名昭著的，声名狼藉的
compost	n.堆肥，混合肥料\nv.将制成堆肥
cough	n.咳嗽，搭配，得了咳嗽，严重的咳嗽\nv.咳嗽，咳，发出咳嗽般的声音，勉强给，咳出
lethal	adj.致命的，致死的，具杀伤力的，危险的，要命的
entail	v.使必要，需要，遗赠，限定继承
toast	n.烤面包，吐司，见图，祝酒，敬酒，干杯，百老汇\nv.向…敬酒，为…举杯祝酒，烘，烤，给…取暖，使暖和
filmmaker	
credential	
swirl	n.旋动，打旋，旋涡状，螺旋形\nv.旋动，打旋，流传
broadly	v.大体上说，总体上讲，开怀地笑，多方面的，全面的
smoothly	v.平稳地，顺畅地，顺利地，顺利地，平静地，镇静地，自信地
distraction	n.使人分心的事物，让某人烦得要命，把某人逼疯，消遣，娱乐
fling	n.短暂的风流韵事，短期的尽情享乐\nv.扔某物，掷，扔，抛，移动某物，扔，抛，丢
roam	v.闲逛，漫步，漫步于，打量
heroic	adj.英雄的，英勇的，英雄的，大规模的，巨大的
heir	n.继承人，王位继承人，继任人，接班人
insure	v.给…保险，投保，为…提供保险，ensure的美式拼法
asteroid	n.小行星
tomb	n.坟墓，冢
straightforward	adj.简单的，易懂的，诚实的，坦率的，老实的
anticipation	n.预期，预料，期望，因预料到某事而做某事
frustrating	adj.令人懊丧的，令人懊恼的，令人沮丧的
glorious	adj.辉煌的，光荣的，荣耀的，壮丽的，吸引人的，晴朗的，阳光灿烂的，语体
honesty	n.诚实，正直，坦诚，说实话
encouragement	n.鼓励，鼓舞，起激励作用的事物，搭配
crisp	adj.硬的，脆响的，脆而易碎的，食物，脆爽的，脆的\nn.油炸薯片\nv.变脆
protester	n.抗议者
fearful	adj.担心的，害怕的，极坏的，骇人的
sausage	n.香肠，一点也没有！
overturn	v.翻倒，倾覆，打翻，推翻决定，裁决等
deprive	v.剥夺
standpoint	n.立场，观点，立足点
empower	v.使自主，使控制局面，授权
flourish	n.用引人注意的动作，用夸张的动作，特殊 的部分，花彩号声，花饰\nv.繁荣，兴旺，成功，茁壮成长，挥动
tug	n.拖船，猛拉，拖，拽，一阵强烈的感情\nv.拉，拖，拽，穿衣服，触动某人的心，心弦
shiver	n.颤抖，发抖，见图，使人打寒战，使人害怕\nv.颤抖，哆嗦，发抖
lobster	n.龙虾，见图，龙虾肉
solidarity	n.团结，一致
saddle	n.鞍，车座，见图，骑着马\nv.给装鞍，使承担
freeman	n.自由民
partisan	adj.偏袒的，盲目支持的，游击战的\nn.坚决支持者，忠贞分子，死硬分子，游击队员
abundant	adj.充裕的，丰富的
prone	adj.易于发生某事的，很可能…的，有…倾向的，脸朝下卧倒的，俯卧的
renewed	adj.再次发生的，再次兴起的，体力恢复的，重新振作的
aggressively	
formidable	adj.令人敬畏的，可怕的，难对付的
liberation	
confusing	adj.令人困惑的，模糊不清的，难懂的
burial	n.埋葬，葬礼，掩埋
mobilize	v.组织，鼓动，动员，调动
vigorous	adj.强有力的，积极的，强健的，精力旺盛的
unwilling	adj.不愿意的，不乐意的，勉强 的，不情愿的
fond	adj.喜欢某人，喜欢某事，爱好某物，老爱做某事，深情的，柔情的
questionable	adj.可疑的，有问题的，值得怀疑的，可能不诚实的，靠不住的
poise	n.镇定，自信，泰然自若，沉着，优雅的举止［体态，姿态］\nv.使平衡，使平稳
marital	adj.婚姻的，婚姻美满
vicious	adj.凶险的，残酷的，狠毒的，恶毒的，恶意的，剧烈的
surroundings	n.环境，周围的事物
homemade	adj.自制的，家里做的，见图
drape	v.将挂 在，披，盖，装饰
evangelical	adj.福音传道者的，基督教福音派的，狂热宣传自己的主张和信仰的
spokeswoman	n.女发言人
wedge	n.楔子，楔形，造成之间的不和\nv.把…挤入，用楔子把抵住使开着，关上
coffin	n.棺材，灵柩
tense	adj.令人紧张的，紧张的，焦虑不安的，紧张的，绷紧的\nn.时态\nv.使绷紧，僵直
archaeologist	
disturbance	n.骚乱，骚动，引起骚乱，打扰，干扰，情绪困扰，精神失常
emit	v.散发，发出
acquaintance	n.认识的人，相识的人，泛泛之交，熟人，语体，关系
unusually	v.异常地高，大，安静等，不同寻常地
contempt	n.轻蔑，轻视，鄙视，藐视法庭，毫不畏惧，藐视，搭配
bastard	n.混蛋，杂种，臭小子，忌词勿用，走运的家伙，倒霉蛋，难事，麻烦事
efficacy	n.有效性，功效
anthropologist	
dominance	n.优势，显要，突出
ample	adj.充足的，充裕的，丰满的
theorist	n.理论家
disadvantage	n.不利条件，缺点，劣势，搭配，主要缺点，大的缺点\nv.使处于不利地位
stripe	n.条纹，线条，纵纹，横纹，形形色色的
potent	adj.有效力的，效力大的，有影响力的，强有力的，有威力的，有性功能的
foremost	adj.最好的，最重要的，最前的，首要的
exclaim	v.呼喊，惊叫
dentist	n.牙科医生，牙科诊所，见图
sorrow	n.悲伤，悲痛，语体，令人悲伤的事，不幸，悲哀多于愤怒\nv.感到悲伤，表示悲伤
oyster	n.牡蛎，蚝，见图，你可以随心所欲，你想要什么就能得到什么
scholarly	adj.学术性的，勤奋好学的，有学术造诣的
exaggerate	v.夸大，夸张，言过其实，搭配
whisk	n.搅拌器，见图，吃东西的地方\nv.搅打，将急忙送离
pastry	n.油酥面团，油酥点心
decisive	adj.决定性的，关键性的，果断的，决断的，确定的，明确的，彻底的胜利
reactor	n.核反应堆
seventeen	num.十七
visually	v.表面上，外观上，视力受损的，直观地
volcano	n.火山，活火山，休眠火山，死火山
jealous	adj.嫉妒的，妒羡的，吃醋的，吃醋的丈夫
satisfying	adj.令人高兴的，令人满意的，丰足的
pasture	n.牧场，放牧，使某人离职，使某人退休，更刺激 的新职位\nv.放牧，在草地上吃草
rebellion	n.造反，叛乱，起义，镇压叛乱
constituency	n.选区，选区的全体选民，支持者，拥护者
chuckle	v.暗自发笑，偷笑，窃笑
swamp	n.沼泽\nv.使陷入，使面临，蜂拥，淹没，浸没
evidently	v.明显地，显然，据说
standardized	
deliberate	adj.故意的，有意的，蓄意的，沉着的，从容不迫的\nv.仔细考虑，反复思考
fictional	adj.虚构的，编造的，小说的
bait	n.饵，诱饵，见图，引诱物，诱饵，被故意激怒，上当发火\nv.在上装饵，故意激怒，招惹，挑衅，纵犬攻击熊，獾等
novelist	n.小说家
sore	adj.疼痛的，酸痛的，容易惹某人烦恼 的话题，恼火的，气愤的\nn.痛处，疮
subscale	
oath	n.誓言，誓约，誓词，誓词，誓言，诅咒，咒骂，搭配
embargo	n.贸易禁令，禁运，实行，取消贸易禁令\nv.禁止贸易，下令禁运，禁止发表
erect	adj.直立的，垂直的，勃起的，挺起的\nv.建造，建立，搭建，竖起，创建，确立
implant	n.植入物\nv.灌输，把植入，着床
deficiency	n.不足，缺乏，缺点，毛病
nephew	n.侄子，外甥
blur	n.模糊不清的事物，模糊的记忆，记不清的事情\nv.模糊不清，视线模糊，看不清楚，难以区分，模糊
fertilizer	n.肥料
freezing	n.在冰点以上，以下\nv.极冷的，冰点以下的，冰冻的
altitude	n.海拔
glare	n.刺眼的强光，怒视，舆论，媒体\nv.怒目而视，发出刺眼的强光
squint	n.斜视，看一眼某物，瞟一眼某物\nv.眯起眼睛看，患斜视
flashlight	n.手电筒，见图
urgency	
racist	n.种族主义者
oddly	v.奇怪地，古怪地，异常地，奇怪的是，真奇怪
differentiate	v.辨别，区别，构成…间的差别，使…不同，区别对待
collaborate	v.合作，协作，语体，通敌，勾结敌人
succession	n.连续不断，一个接一个，一个紧接一个，连续不断的人
waitress	n.女服务员，女侍者
tricky	adj.难对付的，棘手的，问题很多的，狡猾的，会耍花招的，诡计多端的
elk	n.驼鹿，麋鹿，美洲赤鹿
remnant	n.残余部分，剩余部分，零头布料
morally	v.道德上，道义上，确信但不能证明
recite	v.背诵，朗诵，详述，列举
communal	adj.共有的，公共的，社区的，种族间的，教派间的，群体的，团体的
situate	v.认为…是的部分，把…和联系起来考虑
guiding	adj.指导性的原则，指路明灯，指导者，引路明星
unemployed	adj.没有工作的，失业的，语体，失业的，被裁员的，被解雇的\nn.失业者，长期失业者
thinker	n.思想家，独立思考的人，思想积极的人，思想自由的人等
wrestle	v.摔跤，扭打，使劲搬动，努力解决某事
underestimate	n.估量过低，低估\nv.估计不足，低估，看轻，轻视，小看
spoil	n.成功的附带好处，战利品，掠夺物，赃物\nv.损坏，毁掉，糟蹋，破坏，过于宽容地对待，宠坏，惯坏，溺爱
maturity	n.成熟，到期时间，到期日
devastate	v.令极度震惊，使伤心欲绝，严重破坏，彻底破坏，摧毁
darling	adj.心爱的，惹人喜爱的，迷人的\nn.亲爱的，宝贝，好人，乐于助人的人，…的红人，…的宠儿
mama	n.妈妈
parlor	
northwestern	adj.西北部的，来自西北部的
resent	v.对…感到愤恨
petty	adj.小的，琐碎的，不重要的，小气的，小心眼的，心胸狭窄的，只关注琐事的，轻罪
temper	n.坏脾气，暴躁脾气，大发脾气，发脾气，情绪，心情\nv.使缓和，使温和，锻炼，使回火
blossom	n.花，花簇，见图，盛开，怒放\nv.开花，变得快乐，变得漂亮，兴旺
smiling	
genuinely	
obsessed	
spacecraft	n.航天器，宇宙飞船
bureaucratic	adj.官僚的，官僚主义的
globalization	n.全球化
prestigious	adj.有威望的，有声望的，有威信的
discomfort	n.不舒服，不适，尴尬，惭愧，不安
icy	adj.极冷的，被冰覆盖的，冷冷的，不友好的
backpack	n.背包，背囊，见图
massacre	n.大屠杀，惨败\nv.屠杀，使惨败，彻底击败，搞砸
spur	n.一时冲动，激励因素，鼓舞，鞭策\nv.激励，鼓励，促进，刺激，策加速，快跑
trench	n.壕沟，沟渠，海沟，战壕，堑壕
whistle	n.哨子，口哨声，哨子声，汽笛声\nv.高声，吹口哨，用口哨吹奏，向某人吹口哨
cinnamon	n.桂皮香料，肉桂
devotion	n.深爱，挚爱，奉献，忠心，虔诚，祈祷，礼拜
appropriately	
insane	adj.愚蠢的，疯狂的，精神错乱的，精神失常的
unpleasant	adj.使人不愉快的，不合意的，讨厌的，不友善的，不客气的
skeleton	n.骨头，骨骼，骨骼标本，骨骼模型，颅骨
spawn	n.成团的卵\nv.使大量出现，使大量产生，酿成，大量产卵
sew	v.缝，缝纫，缝制，缝补，缝合
inflict	v.使遭受，使承受，不请自来，把某人硬塞给某人
indict	v.控告，起诉
muddy	adj.沾满泥的，泥泞的，多泥的，糊涂的，混乱的\nv.使…沾上泥污，把水搅浑，使事情 更加复杂
profoundly	
leverage	n.影响，杠杆作用，杠杆力量，杠杆的使用\nv.为…融资，使借贷经营，充分利用
comeback	n.东山再起，重新流行，回答，反驳，得到赔偿
conflicting	
clergy	n.神职人员，牧师，教士
astonishing	adj.令人惊讶的
turmoil	n.混乱，骚乱，动乱
migrate	v.移栖，迁徙，移居，迁移，更新，转移
perfection	n.完美，完善，完美地，恰到好处，达到完美的过程，完善，完美
randomly	
rite	n.仪式，典礼，通过仪式，成人仪式，临终祈祷
offspring	n.子女，子孙，后代，幼崽
imaginary	adj.想象的，虚构的
orient	n.东方\nv.针对某事，某人，围绕某事，某人，以某事，某人为重点
adhere	v.黏附，附着，坚持，信守
radically	
pillar	n.柱子，墩，纪念柱，社会，社区
appropriation	n.拨款，擅用，私占
uneasy	adj.心神不安的，不自在的，忧虑的，不稳定的，不安定的\nn.搭配
disappearance	n.消失，失踪，消亡，不复存在
unacceptable	adj.不能接受的
privileged	adj.有特权的，特权阶层，荣幸的，幸运的，不能公开的
carriage	n.马拉的车，马车，火车，客车厢
artillery	n.炮，大炮，炮兵部队
hitter	
pavement	n.人行道，见图，城镇，路面
moist	adj.潮润的，微湿的，湿润的
mentality	n.心态
postpone	v.使延期，延迟，推迟
motif	n.主题，主旨，中心思想，基调，基本图案，主旋律
contention	n.论点，主张，争论，争端，口角，有获胜机会，失去获胜机会
beneficiary	n.受益者，受惠者，遗产继承人，受益人
helpless	adj.无法照顾自己的，无助的，不能自已的，情不自禁的
Bosnian	
critically	v.病危，重伤，重要的，极为重要地
pathway	n.小道，小径，神经通路
reconcile	v.使和谐一致，调和，协调，和解，和好
compartment	n.隔层，分隔间，见图，隔间，舱
policymaker	n.政策制定者
noisy	adj.喧闹的，吵闹的，噪声大的，嘈杂的
opposing	adj.对抗的，对立的，反对的，敌对的，相反的，相对立的，截然不同的
insult	n.辱骂，侮辱，冒犯，是对某人智商的侮辱\nv.侮辱，冒犯，侮辱某人的智商
usher	n.引座员，迎宾员，传达员，门卫\nv.引，领，招待，开启，开创
golfer	
misleading	adj.使人产生误解的，误导人的
fury	n.暴怒，狂怒，激动，激烈，热烈，狂热
embark	v.上船，装船，开始，着手
spontaneous	adj.自发的，自然而生的，一时冲动的，天真率直的，率性的
slender	adj.修长的，苗条的，纤细的，修长的腿\nn.语体
proliferation	n.激增，增殖，增生
perimeter	n.四周，周围，周边，边缘，周长
blouse	n.女式宽松短衫，女衬衫，见图
firing	
proximity	n.接近，临近，邻近
lettuce	n.莴苣，生菜，见图，搭配
manifestation	n.明显迹象，表现，显现，显示，表明
brace	n.支架，托架，颈箍，背部夹板，膝部护具\nv.准备迎接，抵住，顶住，使稳住，支撑，加固
colonel	n.上校军衔，上校
symbolize	v.象征，代表，用符号表示
flock	n.群，一大群，全体教徒，絮屑，毛棉填料\nv.成群结队地去，蜂拥而至
rivalry	n.竞争，竞赛，较量
firearm	n.火器，枪
sermon	n.布道，讲道，训诫，说教
volatile	adj.易变的，动荡不定的，易激动的，易发作的，易怒的
mule	n.骡，骡子，骡子，拖鞋式女鞋，见图
rigorous	adj.严格的，缜密的，精确的，严酷的，严厉的
linebacker	n.线卫，中后卫
delighted	adj.愉快的，高兴的
turf	n.草皮，人工草皮，一块草皮，赛马，赛马跑道\nv.用草皮覆盖，赶走某人
hurdle	n.障碍，困难，成功克服困难，栏架，跨越栏架\nv.跨越，参加跨栏赛跑
canoe	n.独木舟\nv.划独木舟，乘独木舟
sturdy	adj.结实的，坚实的，坚固的，健壮的，强健的，壮实的，坚定的，坚决的，不易改变主意的
broaden	v.增长，扩大，变宽，逐渐变宽
definitive	adj.最具权威的，最可靠的，最终的，确定的
propel	v.推动，推进，驱动，推搡
voyage	n.航行，发现之旅\nv.航海，航行
parsley	n.欧芹
replicate	v.重做，复制，自我复制
distort	v.变形，失真，反常，歪曲，曲解，扭曲
overweight	adj.体重超常的，过重的，肥胖的，超重的，搭配
stalk	n.茎，柄，梗，见图，柄状物，某人眼珠子都要掉出来了\nv.悄悄地跟踪，潜近，见图，跟踪，盯梢，高视阔步地走，大踏步走
intimidate	v.恐吓，恫吓，威胁，使害怕，使失去信心
goddess	n.女神，银幕女神
verge	n.濒于…，即将…，路边，路缘\nv.接近，濒于
plague	n.瘟疫，疫病，鼠疫，鼠灾，蝗灾等\nv.不断困扰，折磨，使苦恼，使烦恼 ，打搅
sergeant	n.军士，中士，巡佐
grandson	n.孙子，外孙
bipartisan	adj.由两党组成的，代表两党的
deter	v.制止，吓住，语体
smoker	n.吸烟者
expire	v.到期，过期，失效，届满，死亡
catastrophe	n.灾难，大祸，严重的不幸，麻烦，困境，不利的局面
withhold	v.拒绝给予，扣留
messy	adj.脏的，不整洁的，凌乱的，见图，棘手的，难办的
privatization	n.私有化，私营化
unpredictable	adj.无法预测的，反复无常的，捉摸不透的
embryo	n.胚，胚胎，在胚胎阶段，在萌芽时期
coincide	v.同时发生，相符，一致，相交，重叠
stark	adj.简陋的，无修饰的，荒凉的，明摆着的，严酷的\nv.一丝不挂的，赤裸裸的，完全疯了的
lucrative	adj.可赚大钱的，获利多的
transcend	v.超越，超过，超出
rag	n.布，旧布，抹布，报纸\nv.嘲笑，戏弄，捉弄
reopen	v.重新开张，再次开始，恢复，重新开放
homosexuality	
stall	n.货摊，摊位，畜栏，畜棚，马厩，牛棚\nv.停止运转，熄火，故意拖延，拖住，拖延
detention	n.拘留，扣押，监禁，留校惩罚，留堂，留课
liar	n.说谎者，搭配
southeastern	adj.东南部的，来自东南方的
elicit	v.套出，引起
fascination	n.着迷，迷恋，令人着迷的事物，吸引力
pact	n.条约，协定，协议
contender	n.竞争者，角逐者，争夺者
oblige	v.迫使，强迫，感到有责任做某事，语体，帮忙
vest	n.背心，汗衫，见图，防护用背心，马甲，西装背心\nv.授予，赋予，给予
bust	adj.生意失败，破产，倒闭，破的，坏的\nn.半身塑像，胸部，胸围，突击搜捕，突击搜查\nv.弄破，打烂，打碎，弄坏，警察，逮捕
signify	v.代表，表示，象征，意味着
prestige	adj.有气派的，体面的\nn.威望，声望，威信
bolster	n.长枕，垫枕\nv.增强，激励，改进
linguistic	adj.语言的，语言学的
splash	n.溅泼声，飞溅声，洒溅的斑点，一小片鲜艳的颜色，惹人注目，引起轰动\nv.哗啦作响地溅泼，飞溅，溅落，溅湿，往…上泼，哗啦哗啦地使水飞溅，以显著版面刊载，以大篇幅报道
vibrant	adj.令人兴奋的，充满活力的，精力充沛的，活跃的，明亮的，鲜艳的
sensibility	n.感情，感受力，鉴赏力，敏感性
parole	n.假释，有条件的释放\nv.准许…假释，使获假释
backdrop	n.背景，背景幕布
reformer	n.改革者，改良者，革新者
poetic	adj.诗的，诗歌特有的，富有诗意的，表达优雅的
interrogation	
shooter	n.射手，枪手，枪，投手
stain	n.污迹，污点，顽固污渍，着色剂，染色剂，某人性格\nv.染污，弄污，给染色，玷污某人的名声，名誉等
imminent	adj.即将发生的，逼近的
foil	n.箔，箔纸，衬托出某人，某物，作为某人\nv.挫败，阻止
flawed	adj.有错误的，有缺点的，有损坏的
rude	adj.粗鲁 的，无礼的，粗俗的，下流的，猛然醒悟，十分健康的\nn.粗鲁的，无礼的，无礼的，放肆的，顽皮的，不得体的
backwards	v.向后，朝后，往回，往前面，前后反过来，倒退地，退步地，每况愈下地
unveil	v.透露，展示，为…揭幕，揭去…上的覆盖物
frustrated	adj.懊丧的，懊恼的，沮丧的，性欲得不到满足的，失意的艺术家，演员
clap	n.拍手，鼓掌，砰然巨响，霹雳声，淋病\nv.拍，鼓，击，拍，快速用力把手放到，看见某人
landlord	n.房东，地主，店主
uncommon	adj.罕见的，不平常的
bunker	n.掩体，地堡，掩蔽壕，沙坑，见图，煤仓\nv.把击入沙坑
deepen	v.恶化，加剧，恶化，加强，变强烈
enduring	adj.持久的，持续的
amusement	n.开心，愉悦，乐趣，令某人发笑，娱乐活动，消遣，娱乐设施
curb	n.控制，约束，抑制，路缘\nv.控制，抑制，约束
implicit	adj.含蓄的，未言明的，隐含其中的，内含的，完全的，毫无疑问的
conquer	v.征服，击败，战胜，克服，制伏
crouch	v.蹲下，蹲伏，跪，蹲坐
interestingly	v.有趣的是，有趣地
dictator	n.独裁者，霸道的人
fetch	n.玩抛物衔回\nv.拿来，请来，找来，卖得，售得
inhale	v.吸入
genetically	
forthcoming	adj.即将到来的，即将出现的，乐于提供信息的，可得到的
siren	n.汽笛，警报器，诱人的花言巧语，妖艳而危险的女人，妖妇，塞壬
vacant	adj.空的，未被占用的，语体，空缺的，出缺
greed	n.贪婪，贪心，贪欲
environmentally	
hillside	n.山坡
referendum	n.全民投票，全民公决
weary	adj.语体，令人疲倦的\nv.非常疲倦
allocate	v.分配，配给
lush	adj.茂盛的，繁茂的，郁郁葱葱的，华丽舒适的，豪华的，悦耳动听的\nn.酒鬼，醉汉
probable	n.很有可能入选的人，很有可能获胜的人
mourn	v.悼念，哀悼，为…哀痛，对…感到痛心
millionaire	n.富豪，百万富翁
arguably	v.可论证地，可以说
scarce	adj.不足的，缺乏的，稀少的，离开，溜走\nv.几乎不
siege	n.围困，封锁，包围，解除包围，对某地实施包围，向某人展开攻势
paradox	n.自相矛盾，悖论，似非而是的说法，悖论修辞
prevailing	adj.流行的，盛行的，盛行风
barbecue	n.烧烤野餐，烤架，见图\nv.烧烤
pervasive	adj.到处存在的，到处弥漫着的，遍布的
definite	adj.清楚的，明确的，确切的，确定的，确实的，肯定的
preside	v.主持，担任主持，负责，掌管，管辖，领导，主持
discriminate	v.不公正地区别对待，歧视，区别，辨别
strangely	v.奇怪地，不寻常地
disruption	n.扰乱，打乱，中断
strategist	n.善于策划的人，战略家
nowadays	v.现今，现时
displace	v.取代，替代，使离开家园，排出，挤出
territorial	adj.领土的，属地的，有地盘意识的，领地性的‚
homosexual	adj.同性恋的
multicultural	adj.多元文化的，融合多种文化的
gradual	adj.逐渐的，逐步的，平缓的，不陡的
solitary	adj.单个的，唯一的，单独的，无伴的，喜欢独处的，不喜与人接触的，一言不发\nn.单独监禁，隐士，隐居者
casually	
angler	n.垂钓者
slump	n.突然下跌，不景气，萧条，低迷期\nv.倒下，倚，靠，暴跌，骤降，耷拉着
prohibition	n.禁止，禁令，禁律，禁酒时期
inaudible	adj.听不见的
coconut	n.椰子，见图，椰肉
dislike	n.不喜欢，讨厌，极为反感，不喜欢的东西\nv.不喜欢，讨厌，语体，不喜欢,讨厌，不喜欢
battered	adj.破旧的，残旧的，遭受虐待的妇女，妻子，丈夫
granite	n.花岗岩，花岗石
theologian	n.神学家，神学研究者
erode	v.侵蚀，腐蚀，风化，逐步损害，渐渐削弱
hum	n.嗡嗡声，低沉而持续的嘈杂声，兴奋，赞同等的嗡嗡声\nv.哼，发出嗡嗡声，忙碌，活跃，支吾，吞吞吐吐
restrain	v.阻止，制止，抑制，克制，控制，忍住，抑制，控制
syrup	n.糖浆，糖水
mimic	n.善于模仿的人\nv.模仿，学…的样子，学…的样子，模仿，像，似
illegally	
wholly	v.完全地
oppression	n.压迫，压制
ammunition	n.弹药，把柄，弹药，证据
paperwork	n.文书工作，资料，文件
indulge	v.沉溺 ，沉湎，放纵，纵容，迁就，参与，参加
steroids	
commuter	n.每天长途上班的人，通勤者，搭配
flick	n.轻打，轻弹，抖动，弹，轻轻一按开关\nv.弹，拂，晃动，拍动，抖掉，按
investigative	adj.调查研究报道，报告，工作
Texan	
dwarf	adj.矮生的\nn.小矮人，矮子，侏儒\nv.使显得矮小，使相形见绌
pear	n.梨，梨树，见图
boomer	
surpass	v.超过，胜过，超越自己
reflective	adj.能反光的，沉思的，深思的，体现…的，反映…的
contradict	v.反驳，驳斥，与…抵触，与…矛盾，自相矛盾
muscular	adj.肌肉发达的，强壮的，肌肉的，影响肌肉的
landfill	n.废弃物的填埋，填埋的废弃物，废弃物填埋场
commute	n.每天上班的路程\nv.长途上下班，通勤，减刑，把某物改换为另一物
bilateral	adj.双边的，双方的
HMO	
pluck	n.勇气，果敢\nv.拉某物，揪，扯，拉，修拔眉毛，带走某人
lunar	adj.月球的，登月的
discrepancy	n.不一致，不符，差异，出入
utter	adj.完全的，十足的，彻底的\nv.讲，说出，发出
sincere	adj.由衷的，真诚的，真心实意的，真诚的，诚恳的
demise	n.终止，结束，消亡，死亡
enrich	v.使丰富，充实，强化，使更富裕，浓缩
chant	n.反复呼喊的话语，反复唱的调子\nv.唱，喊叫，吟唱，吟诵
submarine	adj.生于海底 的，海底使用的\nn.潜艇，见图
overwhelmingly	
premature	adj.过早的，提早的，早产的，过早的，过快的，仓促的，草率的
tout	n.票贩子，黄牛\nv.赞扬，吹捧，兜售，推销，拉生意
crater	n.坑，见图，火山口
comfortably	v.家具，地方，衣服，舒服地，舒适地
exploitation	n.剥削，开发，开采，商业
clown	n.小丑，爱开玩笑的人，诙谐的人，课堂小丑，蠢人\nv.做蠢事，胡闹
ditch	n.沟，渠，搭配\nv.扔掉，抛弃，丢弃，甩掉，抛弃，逃学，逃课，甩下
secondly	v.第二，其次
loaf	n.一条，白面包，全麦面包，谷类面包等\nv.虚度光阴，闲荡
cushion	n.垫子，软垫，靠垫坐垫，减震垫，缓冲物，起缓解作用的东西\nv.缓冲，使免受冲击，减轻…的影响
vaguely	v.稍微，含糊地，不明确地，不清楚地，茫然地，心不在焉地
twilight	n.暮色，黄昏的天色，黄昏时分，薄暮时分，暮年时期，朦胧世界
adolescence	n.青春期
comprehend	v.理解，领悟，语体
dispose	v.安排，编排，处理，支配，丢弃，处理，转让，变卖，处理，解决，应付
squirrel	n.松鼠，见图\nv.储存，贮藏
destine	
responsive	adj.反应快的，灵敏的，积极的，积极回应的
understandable	adj.可以理解的，合情理的，易懂的，易于理解的
loosely	
evacuate	v.撤离，撤出，使所有人撤离 ，撤空，排泄
descriptive	adj.描写的，描绘的，描述性的
hardship	n.艰苦，贫困，搭配
squash	n.体育运动，壁球，挤，踩碎\nv.挤压，挤扁，压扁，压碎
instability	n.不稳定，精神不稳定
pity	n.真可惜，真遗憾，怜悯，同情，同情某人，请发发慈悲吧，请可怜可怜吧\nv.同情，怜悯，可怜，语体
relocate	v.迁移，搬迁，重新安置
elusive	adj.难找的，不常见到的，困难的，难实现的，难以表述的，难懂的
unwanted	adj.不需要的，多余的
bureaucrat	n.官僚，官僚主义者，官僚作风的人
claw	n.爪，螯，见图，对某人施加坏的影响，攻击某人，中伤某人\nv.抓，撕，奋力前进，努力争取，夺回，捞回
marvelous	
skepticism	n.scepticism的美式拼法
laborer	n.labourer的美式拼法
immunity	n.免除，豁免，免疫力
planetary	
nucleus	n.核，细胞核，核心，中心
cater	v.提供饮食，承办酒席，满足，迎合
Taliban	
brightly	
tornado	n.龙卷风，见图
heck	interjection唉，见鬼，…才怪呢\nn.管它呢，不管它，只是闹着玩，不为什么
declining	
conform	v.从众，像大多数人那样行事，遵守，遵从，遵照某种模式，范例
worthwhile	adj.重要的，有益的，值得做的
cuff	n.袖口，翻边，用手掌轻拍，手铐\nv.用掌轻拍，给…戴手铐
bud	n.芽，苞，蓓蕾，含苞待放\nv.发芽，长出花蕾，含苞
admiration	n.敬佩，钦佩，羡慕，搭配，极大的
sedan	n.大轿车，厢式轿车
apartheid	n.种族隔离制度
withstand	v.耐受，承受，抵挡，顶住
earring	n.耳环，耳饰，金，钻石，珍珠等耳环
expel	v.开除，驱逐，排出
extinction	n.灭绝，绝种，濒临灭绝，绝迹，消亡，搭配
reluctance	n.勉强，不情愿，搭配
forgiveness	n.原谅，宽恕
scarcely	v.几乎不，几乎没有，仅仅，刚刚，决不，一定不
cabbage	n.卷心菜，洋白菜，甘蓝，见图，植物人
slack	adj.不紧的，松弛的，萧条的，清淡的，懒散的，懈怠的，马虎的\nn.使效率提高，接过别人停下的工作，把绳子拉紧，见图\nv.松懈，懈怠，磨洋工
lumber	n.木材，木料，废旧笨重的物品\nv.缓慢而笨拙地移动，迫使担负，伐木
extensively	
societal	adj.社会的
prevalent	adj.普遍的，盛行的，流行的\nn单数, U
benign	adj.慈祥的，宽厚亲切的，良性的
calmly	
dedication	n.奉献，全身心投入，命名，落成典礼，献词
inequality	n.不平等，搭配
archaeological	
kidnap	v.绑架，劫持
windshield	n.挡风玻璃，见图，汽车
rugged	adj.不平的，崎岖的，起伏的，粗犷而英俊的，坚固的，结实的，自信而坚决的，坚毅的
preschool	adj.学龄前的\nn.幼儿园
earnest	adj.非常认真的，真诚的，认真的表情，神情，声音等\nn.真正地，认真地，是认真的，是诚挚的
coherent	adj.连贯的，有条理的，一致的，言谈条理清楚的，说话易于理解的，目标一致的，有共同信念的
canned	adj.罐装的，预录音乐，笑声
simplicity	n.朴素，简朴，简单
staple	adj.主要的，最重要的，主食，经常制作 的东西\nn.订书钉，U 形钉，基本食物，主食\nv.用订书钉装订
plaque	n.匾牌，匾额，纪念匾，牙斑
autobiography	n.自传
superstar	n.超级巨星
sleek	adj.线条流畅的，造型优美的，油亮光滑的，有光泽的，时髦阔气的\nv.使平滑光亮
intensely	
indirectly	
deduction	n.推论，推断，演绎，扣除，扣除额
whiskey	
dune	n.沙丘
grilled	
rinse	n.漂洗，冲洗，染发剂\nv.冲洗，清洗，把冲洗掉，漂洗，染，漱
vigorously	
interpersonal	adj.人与人之间的，人际关系的
staircase	n.楼梯，栏杆，梯级，见图
susceptible	adj.易得病的，易受影响的，可以做某事的
inconsistent	adj.不一致的，互相矛盾的，不符合的，时好时坏的，变化无常的
appealing	adj.有吸引力的，有趣的，恳求的眼神，表情
ambiguity	n.模棱两可，不明确
relentless	adj.严格的，无情的，坚决的，不间断的，没完没了的
fixture	n.体育比赛，固定设备，固定装置，固定装置和附加设备，是固定存在物
tester	n.测试员，试验员，测试器，测试仪，小瓶装试用品
crumble	n.酥皮水果甜点心\nv.碎裂，崩裂，坍塌，粉碎，碎裂，衰弱，崩溃
canopy	n.顶罩，罩篷，华盖，天篷状的树荫，树冠，天篷状的笼罩物
certify	v.证明，证实，核证，证实某人死亡，给颁发合格证书，正式证明有精神病
vase	n.花瓶，瓶，见图
negotiator	n.谈判代表，协商者
maternal	adj.母性的，慈母似的，母亲的，与做母亲有关的
loneliness	
cynical	adj.愤世嫉俗的，不相信人的真诚善意的，无所顾忌的，不顾他人的
blunt	adj.钝的，不锋利的，不尖的，不客气的，直言不讳的，耿直的，钝器，无效的方法\nv.减弱，把弄钝
fungus	n.真菌
accidentally	
gratitude	n.感激，搭配
astronomical	adj.极巨大的，天文数字的，天文的，天体的
authoritarian	adj.独裁的，专制的
hue	n.颜色，色调，色度，观点，看法
outraged	
disparity	n.不同，差异
deepest	
intercept	v.拦截，截住，阻截
ambiguous	adj.模棱两可的，不明确的\nv.语体，她的话模棱两可。
surviving	
cafeteria	n.自助餐厅，食堂
dire	adj.极其严重的，极可怕的，处于岌岌可危的境地，可怕的警告，预测
dismantle	v.拆开，拆卸，废除
honorable	adj.honourable的美式拼法
communism	n.共产主义，共产主义的信念
pave	v.铺，铺砌，铺筑，为某事物铺平道路，为某事物创造条件，遍地是黄金
heap	n.堆，见图，大量，许多，好得多\nv.堆积，堆放，在某物上堆满某物，对某人极力称赞，百般侮辱等
precaution	n.预防措施，语体，搭配
fry	n.炸马铃薯条，炸薯条，鱼苗\nv.油煎，油炸，油炒，见图，以电刑处死，坐电椅
glide	n.滑行，滑动，滑音，过渡音，滑音\nv.滑行，滑动，滑翔，做事顺利
nervously	
onset	n.某事的开始，搭配
activism	
unstable	adj.不稳定的，易变的，动荡不定的，易动 的，不稳固的，反复无常的，动摇不定的，不稳定的
invariably	v.始终不变地，总是
qualitative	adj.质量的，定性的，性质的，定性研究
saucepan	n.深平底锅，见图，吃东西的地方
awe	n.崇敬，赞叹，对某人非常崇敬\nv.使敬畏，使赞叹
informant	n.提供秘密消息者，线人，告密者，资料提供人
myriad	adj.无数的，极大量的\nn.无数，极大数量
reluctantly	
insufficient	adj.不足的，不够的
saut	
stew	n.炖煮的菜肴，困惑的，焦虑的\nv.炖，煨，焖，让某人自作自受
trousers	n.裤子
plausible	adj.貌似有理的，似乎是真的，花言巧语的，能言善辩的，能说会道的
sneakers	
someplace	v.某个地方，某处
energetic	adj.精力充沛的，充满活力的\nv.精力充沛的，充满活力的，精力充沛，精力充沛的，有创新思想的
secrecy	n.保密，秘密状态，让某人发誓保密
abusive	adj.谩骂的，虐待的
airborne	adj.在空中的，在飞行中的，空降的，空气传播的
harass	v.骚扰，对某人进行性，种族骚扰，反复攻击，屡次侵扰
ethic	n.伦理，道德体系，道德标准，道德规范，职业道德
embarrass	v.使尴尬，使窘迫，给出难题，使…陷入困境
substantive	adj.实质的，真实的，实际的\nn.名词
endanger	v.使处于险境，危及
grader	
billboard	n.广告牌，见图，城镇
confer	v.商谈，商议，讨论，授予称号，学位，荣誉等
daytime	n.白天，日间
paralyze	v.paralyse的美式拼法
precinct	n.购物区，步行区，选区，警区
arouse	v.引起兴趣，期望等，引起敌意，怀疑
shrub	n.灌木
underway	adj.在进行中的，在行进中的
napkin	n.餐巾，卫生巾
consolidate	v.加强，巩固，合并，统一
stressful	adj.充满压力的，紧张的
unload	v.车，船，从卸下，卸货
cockpit	n.驾驶舱，舵手座，驾驶座，见图
nationalist	adj.国家主义的，民族主义的，怀有极度民族优越感的\nn.国家主义者，民族主义者，怀有极度民族优越感者
pornography	n.色情作品
urine	n.尿
affluent	adj.富裕的，富足的
cozy	adj.cosy的一般美式拼法
takeover	n.收购，接管，夺取控制
exacerbate	v.使恶化，使加重
milky	adj.掺奶的，多乳的，像奶的，白皙光滑的，乳白色的，白色的
innings	n.局，他，她享高寿
realism	n.务实作风，实事求是，现实性，逼真
tangible	adj.确凿的，明显的，实在的，有形资产，财产
groan	n.呻吟，哼哼声，低沉的声响\nv.呻吟，哼哼，抱怨，发牢骚，发出低沉的声音
militant	adj.好斗的，暴力的，激进的
dwell	v.居住，老是想着 某事
torch	n.手电筒，见图，火把，火炬\nv.故意点燃，放火烧
lurk	v.潜伏，埋伏，暗藏，潜藏，隐身
spinach	n.菠菜
swiftly	
terminate	v.结束，终止，到达终点站
huddle	n.紧紧聚在一起的一群人，杂乱的一堆东西，聚拢听取战术指导的一群队员，私下商量，秘密商谈\nv.挤作一团，聚成一堆，蜷缩着身体，聚集，靠拢
tactical	adj.策略性的，谋略性的，策略失误，错误
attic	n.阁楼，顶楼
constellation	n.星座，一群，一系列
beetle	n.甲虫，见图\nv.急匆匆地走
populate	v.居住于，人口密集的，人口稀少的
maneuver	v.manoeuvre的美式拼法
probation	n.缓刑，试用，见习，察看期
wreck	n.汽车，飞机，遭严重毁坏的汽车，船\nv.破坏，糟蹋，使毁坏，使失事［遇难］
smack	n.打一巴掌，一拳，啪的一声，海洛因\nv.用巴掌打，掴，啪的一声打，出声地咂嘴唇，用拳猛击
Turk	n.土耳其人
civilized	adj.开化的，文明的，令人愉快的，舒适宜人的，心平气和的，有礼貌的
pirate	n.海盗，盗版者，侵犯版权者，非法翻印者，侵犯专利权者，盗版录像带\nv.剽窃，盗版，非法翻印，非法仿制
sewage	n.污水，污物
renowned	adj.有名望的，著名的
gee	interjection哎呀，哇\nv.激励某人，驾！
dusk	n.黄昏，傍晚，见图
sweetheart	n.亲爱的，甜心，亲爱的，私下签订的合同，情人，恋人
platter	n.大盘，一盘鸡肉，海鲜等套餐
masculine	adj.属于男性的，男人做的，男子气概的，阳性的
lingering	adj.拖延的，久缠不去的
crumb	n.食品屑，面包 屑，一点，少量
provocative	adj.挑逗性的
batter	n.面糊，击球手，见图\nv.殴打，连续猛击，撞击
dart	n.镖，飞镖，见图，掷镖游戏，猛冲，飞跑\nv.猛冲，飞跑，瞥，扫
reversal	n.颠倒，彻底转变，反向，失败，麻烦，厄运
disappointing	adj.令人失望的，令人沮丧的
sob	v.抽噎，啜泣，呜咽，哭诉，呜咽着说
allegiance	n.忠诚，效忠，改变拥戴对象
felony	n.重罪
retiree	n.退休者
graceful	adj.优美的，优雅的，雅致的，优雅得体的，体面的
socialism	n.社会主义
freezer	n.冷藏箱，冷冻柜，冰柜，见图，吃东西的地方，冷冻室
disastrous	adj.灾难性的，以失败告终的
adversary	n.对手，敌手
voucher	n.代金券，收据，凭单
subsidize	v.给…津贴
fingertip	n.指尖，见图，手头有某物，对某物了如指掌，完全，十足
shovel	n.铲子，铁锹，铲，铲形部分\nv.铲起，铲去私人车道，人行道等上的积雪，迅速将某物放进…里
puppet	n.木偶，布袋木偶，手偶，手偶，指偶
throne	n.宝座，御座，王位，帝位，王权，君权
intricate	adj.错综复杂的，繁复的图案
gunman	n.持枪歹徒
pastoral	adj.牧师的，牧师职责的，田园生活的，田园式的
orchard	n.果园
explosives	
fingerprint	n.指纹，脚印
renovation	
mural	n.壁画
burger	n.牛肉饼，牛肉汉堡包
glue	n.胶，胶水\nv.胶合，黏合，粘贴，盯着某物看，像钉在某物上似的一动不动
chord	n.和弦，和音，引起内心共鸣，触动心弦，弦，见图
sideline	n.副业，兼职，旁观，置身事外，界外区域，场外，边线\nv.使无法上场比赛，使不能参加活动
diaper	n.尿布，尿片
theatrical	adj.戏剧的，演剧的，戏剧性的，夸张的
turbine	n.涡轮机，汽轮机
frenzy	n.疯狂，狂乱，疯狂，狂热，热潮，争食
shining	
mankind	n.人类
serbian	
betrayal	n.背叛，出卖
baggage	n.行李，一件或几件行李可以说 piece，item of baggage。，语体
veto	n.否决，行使否决权\nv.否决，不同意，反对
shack	n.简陋的小屋，棚屋\nv.同居
eventual	adj.最终的，最后的
insurgent	n.起义者，暴动者，叛乱者
bleak	adj.没有希望的，令人沮丧的，阴冷的，阴郁的
setback	n.阻碍，挫折，搭配
veil	n.面纱，戴面纱的习俗，把某事掩盖起来，避而不谈某事\nv.罩着神秘，隐秘的面纱，以面纱掩盖，遮掩
traumatic	adj.痛苦难忘的，造成精神创伤的
restless	adj.不安宁的，烦躁的，不耐烦的，待不住的，求变的，不眠之夜
insistence	n.坚决要求，坚持，在某人的坚持之下
severity	
pounding	n.猛击，剧烈的心跳，被彻底击败，受到重创
cheerful	adj.高兴的，兴高采烈的，令人愉快的，令人振奋的，乐观的
crusade	n.改革运动，十字军东征\nv.加入十字军东征，为奋斗
Pakistani	adj.巴基斯坦的，巴基斯坦人的\nn.巴基斯坦人
deposition	n.沉积，堆积，证词，证言，罢免，废黜
lily	n.百合，见图
extraordinarily	v.极其，极端地，奇怪地
competency	
torso	n.人体躯干，人体躯干雕像
entitlement	n.权利，应得的数额
puzzled	adj.困惑的，无法理解的
stump	n.树桩，树墩，残肢，残余部分，残段\nv.把难住，难倒，迈着沉重的步子走，跺着脚走，以球触三门柱而使出局
openness	n.公开，坦率，开明，思想开通，开阔，敞开，空旷
formulation	
reconstruct	v.重现，使再现，重建，再建
ginger	adj.姜黄色的，姜味的\nn.姜，姜粉，见图，姜黄色\nv.使更加刺激
comb	n.梳子，梳状饰物，发插，梳理，鸡冠，肉冠\nv.梳，梳理，彻底搜寻，四处搜查，梳理，仔细搜寻
pancake	n.薄煎 饼，槭糖浆，粉饼
hurl	v.猛投，用力投掷，谩骂，辱骂，责骂
whoa	interjection冷静，慢些，哎呀，哇，吁
furnish	v.为配备家具，提供，供应
friction	n.不合，冲突，摩擦，摩擦力，摩擦
segregation	n.分开，隔离
kin	n.家人，家属，亲属，最近的亲属，直系亲属
voluntarily	v.自愿地，自发地，主动地，志愿地，无偿地，义务地
knowledgeable	adj.有丰富知识的，博学的
prosperous	adj.富裕的，繁荣的，兴旺的，发达的，语体
forensic	adj.法医的
foliage	n.叶子，叶
unleash	v.突然释放，发泄，解开皮带以放开
pollutant	n.污染物，污染物质
giggle	n.咯咯笑，傻笑，使某人咯咯发笑，趣事，好玩的事，搭配\nv.咯咯笑，傻笑
respectable	adj.体面的，正派的，受人尊敬的，好的
examiner	n.考官，主考人
domination	
ignorant	adj.无知的，愚昧的，因无知而产生的，粗鲁的
tick	n.钩号，蜱，壁虱，嘀嗒声，一瞬间，一刹那\nv.发出嘀嗒声，给打钩号，形成某人性格 的思想，事情发展如人所愿，一切顺利
cohort	n.同伙，支持者，一批人，一群人
dine	v.进餐，以当正餐，外出用餐，总是把某件事作为饭桌上的笑谈
disguise	n.伪装物，化装用具，伪装，乔装的，假扮的，变相的\nv.装扮，假扮，掩盖，掩饰，掩饰，掩盖
hatch	n.舱口，舱门，逃逸舱口，应急离机口，开口\nv.孵化，孵出，破壳而出，策划阴谋，秘密计划
prolonged	adj.持续很久的，长期的
mediate	v.调停，调解，斡旋，影响，减轻
lipstick	n.唇膏，口红，见图
seizure	n.夺取，占领，控制，查获，没收，突然发作
imitation	n.模仿，仿效，模仿，仿制品，赝品，人造毛皮
raft	n.木排，木筏，见图，大量某物
shifting	
cram	v.把…塞入，硬塞，见图，挤进，挤满，死记硬背，临时抱佛脚
spike	n.金属钉状物，尖状物，激增，钉鞋\nv.在…里偷偷掺入，激增，刺进，扎入，阻止…在报纸上发表
sideways	v.斜向一边地，侧面朝前地，侧着，平级地
palette	n.调色板，一组颜色
selfish	adj.自私的，自私自利的
lament	n.挽歌，哀乐，悼词\nv.悲痛，哀悼，痛惜，悲叹，抱怨
keeper	n.饲养员，看守人，保管人，守门员，我又不是某人的监护者
negatively	
worrying	adj.令人担忧的，令人发愁的
basil	n.罗勒
hmm	
ignite	v.燃烧，点燃，引发，激起
revolve	v.旋转，以…为主题，围绕，围绕…旋转
bully	adj.你，他等有啥了不起的\nn.恃强凌弱者，以大欺小者，流氓，暴徒\nv.欺侮，恐吓，威逼，胁迫，比赛开始
arsenal	n.储备的大批武器，武器库，军火库，宝库，珍藏
contaminate	v.弄脏，污染，玷污，毒害
inhibit	v.阻止，阻碍，抑制，使羞于，使怯于
startling	adj.惊人的，令人震惊的
disbelief	n.不信，怀疑
alumnus	n.校友，毕业生
plight	n.困境，苦境\nv.许婚，承诺结婚
chaotic	adj.混乱的，毫无秩序的
enormously	v.非常，极其
sickness	n.患病，恶心，呕吐，旅行眩晕
vibration	n.颤动，震颤，震动，见图
disperse	v.分散，驱散，消散
awhile	v.暂时，片刻
sober	adj.未喝醉的，清醒的，认真的，严肃的，素淡的，朴素的\nv.变得持重，酒醉后清醒过来，醒酒
madame	n.夫人，太太，女士
comrade	n.朋友，同志
sleepy	adj.困倦的，想睡的，寂静的，冷清的
peek	v.匆匆看，偷看，窥视，微微露出
youthful	adj.年轻人的，青年的，显得年轻的，年轻人的热情，精力
contradictory	adj.矛盾的，抵触的
flatten	v.变平，把…夷为平地，炸平，把身体紧贴在某物上
glowing	adj.热情赞扬的报告，叙述，描写等，以赞扬的词句，赞不绝口地
nap	n.小睡，打盹，绒面，绒毛，搭配\nv.没有防备，一不留神，小睡，打盹
roadside	n.路边，路旁
impair	v.削弱，损害，损伤
unexpectedly	
razor	n.剃刀，刮胡刀，见图，处于险境
frantic	adj.发疯似的，情绪失控的，紧张忙乱的
constructive	adj.建设性的，积极的
planting	
charcoal	n.木炭，炭笔，木炭条，深灰色
intrinsic	adj.本质的，内在的，固有的
starve	v.挨饿，饿死，使挨饿，使饿死
impatient	adj.不耐烦的，无耐心的，急躁的，迫不及待的，切盼的
reclaim	v.取回，开垦，开拓，恢复，夺回
sewer	n.下水道，阴沟，污水管
catcher	n.接球手，见图
prevalence	
cautiously	
fertile	adj.肥沃的，富饶的，可繁殖的，能生育的，能结果的，丰富的想象力
wield	v.拥有并使用权力，影响，权威等，拿起
slab	n.厚板，见图，一大块蛋糕，巧克力
daunting	adj.使人气馁的，吓人的
disgust	n.厌恶，气愤，反感，嫌恶，厌恶，作呕\nv.使反感，使感到恶心
southwestern	adj.西南部的，来自西南方的
yogurt	
prose	n.散文
eagerly	
rancher	n.牧场主，牧场工人
northeastern	adj.东北部的，来自东北部的
niece	n.侄女，外甥女
rainy	adj.多雨的，留着某物以备不时之需，未雨绸缪
mumble	v.咕哝，含糊地说
capsule	n.胶囊，小塑料容器，密封舱，太空舱
hamburger	n.汉堡包，汉堡牛肉饼，见图，碎牛肉
accidental	adj.偶然的，意外的
eighty	num.八十，八十年代，在八十到八十九岁之间，是八十多岁，八十多度
lever	n.控制杆，操纵杆，杠杆，方法，手段\nv.撬动，撑着某物使自己起来，挤走
upright	n.搭配，直柱，立柱\nv.笔直的 ，挺直的，竖直的 ，垂直的 ，直立的，正直的，诚实的
readiness	n.准备就绪，愿意，乐意
abolish	v.废除，废止
persistence	n.坚持，执着，执意，持续存在
liberate	v.使自由，使摆脱束缚，释放，解放
rhetorical	adj.修辞性疑问句，反问句，修辞的，与修辞有关的
desperation	n.绝望，拼命，不顾一切
feminism	n.女权主义
anonymity	n.匿名，不公开姓名
autonomous	adj.自治的，有自主能力的，自主的
liner	n.衬里，衬垫，见图，邮轮，大客轮，眼线笔
topple	v.不稳而倒下，倒塌，使倒台，颠覆，推翻
inferior	adj.差的，次的，低级别的，下级的，搭配\nn.下级，下属，部下
reinforcement	n.援兵，增援部队，正强化，负强化，加强，加固
morale	n.士气，斗志，精神面貌，搭配
diversion	n.转向，转移，消遣，娱乐，分散注意力的事，绕行路，支路
vastly	v.非常
almond	n.扁桃仁，扁桃树，见图
distortion	
announcer	n.播音员，节目主持人，广播员
reminiscent	adj.使人想起某事物的，回忆往事的，怀旧的
validate	v.证实，使生效，使合法化，使得到认同
dime	n.十分硬币，平常的，不稀罕的，不值钱的
pragmatic	adj.讲求实际的，务实的，重实效的
undercover	adj.暗中进行的，秘密干的
orphan	n.孤儿\nv.成为孤儿
graze	n.擦伤\nv.吃草，使啃食牧草，擦伤，擦过，掠过
founding	
persona	n.外表，形象
alleviate	v.减轻，缓和
protagonist	n.主要人物，主角，参加者，参与者，主要支持者，主要拥护者
collectively	v.集体地，共同地
comedian	n.喜剧演员，滑稽演员，有趣的人，滑稽的人
systematically	
sprawling	adj.杂乱延伸的，无计划扩展的
crunch	n.嘎吱嘎吱的声音，困难局面，困境，关键时刻，需要作出困难决定时，仰卧起坐\nv.嘎吱作响，嘎吱嘎吱地咬嚼，大量运算
mock	adj.模拟的，仿制的，假装的吃惊，害怕\nn.模拟考试，嘲笑 某人\nprefix假装的，不真实的，仿…的\nv.讥笑，嘲弄，取笑，语体，使显得无用，是对…的嘲讽
escalate	v.升级，恶化，升高，增加
cruiser	n.巡洋舰，游艇，警车
scrub	n.矮树丛，灌木丛，刷洗，擦洗\nv.擦洗，擦净，见图，清洁，打扫
foe	n.敌人，仇敌
stubborn	adj.固执的，顽固的，执拗的，倔强的，顽强的抵抗，固执的拒绝
rubble	n.碎石，碎砖，瓦砾
bathe	n.游泳\nv.洗澡，给…洗澡，游泳，语体
resemblance	n.相似，类似，与某人，某事物相似，搭配
avert	v.防止，避免，转移目光
cavity	n.腔，洞，窟窿
detain	v.留置，扣押，拘留，耽搁，阻留
genocide	n.大屠杀，种族灭绝
troubling	adj.令人担心的
crave	v.渴望，热望
redefine	
novice	n.新手，生手，初学者，见习修道士，见习修女
tenth	adj.第十的\nn.十分之一
catastrophic	
compliment	n.赞美的话，夸奖，称赞，把别人的话当作是一种夸奖，恭维的行为，赞美，讨好话，求赞美\nv.赞美，称赞
unrelated	adj.无关的，不相关的，无亲戚关系的，非亲属的
blueprint	n.计划，设想，蓝图，蓝图，蓝图，型板
progression	n.变化，发展，一列，一系列
pedestrian	adj.平淡无奇的，乏味的，缺乏想象力的，行人的\nn.行人，步行者，见图，城镇
residue	n.剩余物，残留物，渣滓，剩余，残余
agony	n.极大的痛苦，痛楚，苦难
shorten	v.变短，缩短
runoff	
professionally	v.工作上，职业上，专业地，职业地，作为职业，职业性地，由专业人员所做
accustom	v.使适应，使习惯
empathy	n.同情，同感，共鸣
deteriorate	v.恶化，语体，演变成某事，恶化成某事
collide	v.碰撞，相撞，语体，冲突，抵触，碰撞
reap	v.获得，取得，自食其果，种瓜得瓜，种豆得豆，收割
feasible	adj.可行的，可实行的，行得通的
bargaining	n.讨价还价，谈条件，谈判，谈判中所处的地位，讨价还价的能力
mastery	n.熟练，精通，控制，控制权
preventive	adj.预防的，防备的
arrogant	
oneself	n.自己，自身
dubious	adj.可疑的，靠不住的，无把握的，吃不准的，污名，耻辱，不幸，不好的，质量不佳的
facade	n.正面，表面
bypass	n.心脏搭桥手术，旁通管手术，旁道，间道，小路，旁通管，分流器，辅助管\nv.避开，绕…而行，绕过
creamy	adj.似奶油的，软厚平滑的，光滑细软的，含乳脂的，含奶油的
underlie	v.作为…的原因，构成…的基础
playwright	n.剧作家
binoculars	n.双筒望远镜，见图
vent	n.孔口，通风孔，排气道，发泄，宣泄\nv.发泄，宣泄
foresee	v.预知，预见，预料
harmless	adj.无害的，不会造成损伤的，无恶意的
peril	n.巨大的危险，危险，做某事要自担风险
bruise	n.瘀青，青肿，擦伤，擦痕，碰伤\nv.碰伤，擦伤，成瘀伤，打击，挫伤
wade	v.蹚 ，涉，干涉，介入，插手，强行闯入，上前攻击
reign	n.统治时期，领导期，任期，主宰期，支配期，极盛期\nv.为王，为君，支配，盛行，现任 冠军，主宰
rewrite	v.重写，改写
enjoyment	n.快乐，乐趣，乐事，拥有，享有
automaker	n.汽车制造商
rightly	v.正确地，有道理地，有充分理由地，且不问对还是错，不管对不对，有理由这样
sitcom	n.情景喜剧
patriotic	adj.爱国的，有爱国心的
cracker	n.薄脆饼干，圣诞彩包爆竹，爆竹，好东西
impeachment	
procession	n.行列，队伍，葬礼，婚礼，狂欢节等队伍
perpetuate	v.使持续，使长久
dictatorship	n.独裁，专制，专政，独裁国家
gosh	interjection啊呀
payoff	n.良好结果，好处，钱财，贿赂，遣散费
heterosexual	adj.异性恋的
moan	n.呻吟声，呜咽声，抱怨，呜咽声，萧萧声\nv.抱怨，发牢骚，呻吟，呜咽，哼哼，发出长而低的声音，发呜咽声
lessen	v.降低，减少
fashionable	adj.时髦的，流行的，有钱人光顾 的\nvphrase流行，流行的\nv.时髦的，流行的，时尚的，时髦的，有格调的，时髦的
conquest	n.击败，征服，占领地，征服的土地，爱情的俘虏，攻克，征服
railing	n.围栏，栏杆，见图，城镇，栏杆
expectancy	n.期待，期望
lebanese	
inheritance	n.继承物，遗产，遗传特征，遗产
methodist	n.循道公会教徒
briefcase	n.公文包，公事包，见图，办公室里
infamous	adj.声名狼藉的，臭名昭著的
brink	n.边缘，把某人逼上绝路，某处的边缘
paycheck	
plum	adj.令人垂涎的工作，角色，差事等，深紫红色的\nn.李子，梅子，李树，见图
Catholicism	
elevated	adj.智慧的，高尚的，重要的，高级的
kidnapping	
inherently	
cellar	n.地窖，地下贮藏室，酒窖
breakup	n.破裂，分裂，解散，解体
boiling	v.很热的 ，滚热的
recede	v.逐渐远去，逐渐模糊，逐渐淡漠，逐渐消失
abound	v.大量存在，富于，盛产
linkage	n.联系，关联，连接，接合，关联原则
roast	adj.烤好的，烤制的\nn.大块烤肉，户外烧烤热狗，牡蛎等野餐会，庆祝会\nv.炙，烤，见图，烘，焙
depiction	
plummet	v.骤然下降，暴跌，坠落，掉下
kindness	n.仁慈，和蔼，好意，体贴
repression	n.抑制，克制，压抑，镇压
lust	n.强烈的性欲，淫欲，强烈的欲望，享受生活的欲望\nv.对有强烈的性欲，对某物〕有强烈欲望，贪恋
masterpiece	n.杰作，名作，佳作，代表作
culminate	v.以…告终，最终达到
maze	n.街道 的纵横交错，迷宫，纷繁复杂的事物
humiliation	n.羞辱，丢脸，蒙羞
pronounced	adj.明显的，显眼的
implicate	v.表明 与有牵连，说明导致
wartime	n.战时
multinational	adj.跨国的，在多国经营的，由多个国家的人组成的，多国的\nn.跨国公司
navajo	
ordeal	n.可怕的经历，痛苦的折磨，搭配
inning	n.一局
adore	v.深爱，敬慕，爱慕，非常喜欢
literal	adj.本义的，原义的，字面意思的，直译，逐字翻译，缺乏想象力的
slippery	adj.滑的，滑溜的，见图，表面，滑头的，不可信赖的
splendid	adj.极好的，极佳的，壮丽的，华丽的，辉煌的，灿烂的，好极了，岿然独立，傲然独立
discern	v.觉察出，弄清楚，辨明，看出，辨认出
politely	
dove	n.鸽子，鸽派人物，dive的过去式
solicit	v.拉客，请求，恳求，乞求
ache	n.隐痛，轻微疼痛，苦痛，痛苦\nv.作痛，语体，我头痛得厉害。，渴望
alarming	adj.令人担忧的，令人恐慌的
thinly	v.很薄地，稀疏地，伪装，隐瞒得不够巧妙的
nasal	adj.鼻 的，有鼻音的，鼻音的\nn.鼻音
tentative	adj.不确定的，暂定的，踌躇不决的，犹豫的
outing	n.短途旅游，远足，公开指出某人是同性恋
stagger	n.蹒跚，摇晃不稳的脚步\nv.蹒跚，摇摇晃晃地走，使惊愕，硬撑，继续
nudge	v.轻推，轻推移动，推开，往前挤，劝说
conjure	v.变魔术，变戏法，用魔术变出，使突然出现，重要人物的名字
trajectory	n.轨道，轨迹，轨迹，发展轨迹
unsuccessful	adj.不成功的，失败的\nv.搭配
spicy	adj.加有香料的，辛辣的，色情的，粗俗的
intercourse	n.性交，交流，沟通
ornament	n.装饰品，点缀物，饰物，摆设，装饰，点缀\nv.用某物装饰，装饰有某物
observatory	n.天文台，观象台，气象台
uprising	n.起义，暴动
endurance	n.耐力，生理，心理承受力，耐力运动
constrain	v.阻止，妨碍，限制，束缚
pinch	n.一撮盐，胡椒粉等，捏，掐，夹，必要时\nv.捏，掐，夹，偷窃，捏住，捏紧
comforting	adj.令人宽慰的，解忧的
orderly	adj.有条理的，整齐的，守秩序的\nn.护理员，勤杂人员，勤务兵
intentionally	
dealings	
recess	n.暂停，休息，休会，休庭\nv.暂停，休会，休庭
buildup	
nationality	n.国籍，双重国籍，民族
flake	n.小薄片，古怪的人，丢三落四的人\nv.剥落，碎裂成小薄片，睡着，行为古怪
culinary	adj.烹饪的
alcoholic	adj.酒精的，喝酒引起的\nn.酗酒者，嗜酒成瘾者
reconsider	v.重新考虑
newborn	adj.新生儿，婴儿，儿子等
saga	n.一长串的事件，长篇的描述，长篇故事，家世小说，萨迦
opener	n.开启工具，首场比赛，揭幕赛，一开始，首先，首先
sliced	
degradation	n.耻辱，落魄，潦倒，退化，恶化
superiority	n.优秀，优势，优越，优越感，骄傲自大
fingernail	n.手指甲，见图
questioning	adj.怀疑的，询问的
bum	adj.蹩脚的，毫无用处的，受伤的脚踝，腿等\nn.屁股，流浪乞丐，无业游民，流连海滩者\nv.讨，乞讨，游手好闲，游荡，浪荡，漫游
exemplify	v.是…的范例，举例说明
pedal	n.踏板，脚蹬，见图，踏板，踩尽油门\nv.骑，踩动踏板
hiss	v.愤然 地低声说，发出咝咝声，发嘘声，报以嘘声
incapable	adj.无能力的
adulthood	n.成年
slower	
autopsy	n.尸体剖检，验尸
gigantic	adj.巨大的，庞大的
repertoire	n.全部剧目，常备节目，全部技能
scrutinize	v.仔细检查，认真查看，详审
rehearse	v.排练，排演，练习，演练，重复
IQ	n.智商
shuffle	n.拖着脚步走，洗牌，在忙乱中被遗漏掉\nv.拖着脚步走，移动双足，把移来移去，改变…的顺序，洗
rethink	v.再思考，重新考虑
psyche	n.心灵，灵魂，精神
residual	adj.残余的，剩余的，税后收入
loft	n.在屋顶下面，顶楼，阁楼，在农场里\nv.将击高
Kurdish	
crate	n.板条箱，装货箱，见图，破旧的汽车\nv.把…装入板条箱
uranium	n.铀
fiercely	
layoff	
lizard	n.蜥蜴，见图
tailor	n.裁缝\nv.根据特定需要制作，定做
violently	v.激烈地，剧烈地，凶猛地，暴力地，激烈地，强烈地
scattered	adj.分散的，稀疏的
compassionate	adj.充满同情心的，怜悯的
brighten	v.使更明亮，使更鲜艳，使更漂亮，使更艳丽
champ	n.冠军\nv.大声咀嚼，急不可待，迫不及待
convene	v.聚集，集合，召开
roasted	
nineteen	num.十九，说个不停，喋喋不休
wrinkle	n.皱纹，皱褶，解决小问题\nv.起皱纹，皱起，起皱，起褶
psychic	adj.有超自然力量的，通灵的，能洞察人心的，能预知未来的\nn.有神秘能力的人，通灵的人，能预知未来的人
fireworks	
comprehension	n.理解，阅读 理解测试
interviewer	n.主持面试者，采访者，提问者
painfully	v.非常地，疼痛地，痛苦地，费力地，困难地
aspire	v.追求，渴望，有志于
landowner	n.土地拥有者，地主
pardon	interjection请重复一遍，请再说一遍，对不起，请原谅\nn.赦免令，赦免状，请求某人原谅\nv.赦免，宽恕，原谅，某人做某事情有可原，对不起，请原谅
fiery	adj.火红的，火一般的，易怒的，暴躁的，怒气冲冲的
aspirin	n.阿司匹林
dependency	n.依赖，依靠，瘾，附属国，属地
pier	n.突堤码头，凸式码头，墩，支柱
bluff	adj.率直的，爽快的，豪爽的\nn.虚张声势，吓唬，要求某人做其威胁要做的事，峭壁，悬崖，陡岸\nv.虚张声势，吓唬，欺骗，骗过某人出来，穿过
slick	adj.徒有其表的，华而不实的，油嘴滑舌的，巧舌如簧的，熟练的，灵巧的，光滑的，滑溜的\nn.浮油，油层，油膜，磨光轮胎\nv.使光滑发亮
onstage	v.舞台上
hog	n.大猪，把某事做彻底，无节制地做，贪婪的人\nv.攫取，把…占为己有，独占
broccoli	n.西蓝花，见图
resonate	v.引起共鸣，发出洪亮的声音，产生共鸣，共振，充满
capitalist	adj.资本主义的\nn.资本主义者，资本家
ideally	v.理想地，非常适合的，位置理想的等
chemotherapy	n.化学疗法，化疗
knob	n.球形把手，旋钮，见图，一小块某物
attribution	
ineffective	adj.无效果的，不起作用的，不奏效的\nn.语体
squat	adj.矮胖的，粗矮的\nn.蹲坐，蹲姿，被擅自占用的房子，没有，几乎没有\nv.蹲，蹲坐，见图，擅自占用建筑物
fumble	v.笨手笨脚地做，胡乱摸找，支支吾吾地说话，笨嘴笨舌地说，丢，失，见图
Judaism	n.犹太教
cardboard	adj.硬纸板制的，显得愚蠢的，不真实的\nn.纸板，卡纸，见图
glacier	n.冰川
polling	n.投票，投票人数很多，很少，民意调查
sediment	n.沉淀物，沉积物
recollection	n.记忆中的往事，想起，记起，不记得
lobbying	
akin	adj.与某物相似的，与某物类似的
estrogen	n.oestrogen的一般美式拼法
bartender	n.酒吧侍应生，酒吧招待，酒保
evaporate	v.汽化，蒸发，逐渐消逝
succumb	v.屈服，屈从，不再抵抗，患重病，死于
seventy	num.七十，七十年代，在七十到七十九岁之间，是七十多岁，七十多度
radioactive	adj.具有放射性的
seasoned	adj.经验丰富的，已调味的，调过味的，风干的，晾干的
simulate	v.模拟，模仿，假装，伪装
stature	n.名声，声望，身高，身材
forearm	n.前臂
intrigue	n.阴谋，密谋，诡计\nv.激起…的兴趣，引起…的好奇心，迷住，密谋，施诡计
grenade	n.手榴弹，枪榴弹
shudder	n.战栗，发抖，震动，颤动\nv.打战，颤抖，剧烈震动，颤动，我一想到…就颤抖，对…感到恐惧
wink	n.眨眼，没合一下眼，无法入睡\nv.眨，使眼色，闪烁，明灭，对…睁一只眼闭一只眼，假装没看见
stellar	adj.星的，星球的，非常出色的，优秀的，变得极受欢迎，出名
coarse	adj.粗的，粗糙的，粗线条构成的，粗的，粗鲁的
incumbent	adj.做某事是某人的职务，现任总统，现任牧师，本届政府等\nn.在职者，现任者
celebrated	adj.著名的，闻名的
baked	
regimen	n.养生之道，摄生法
goddamn	adj.该死的
perpetrator	n.作恶者，犯罪者
whine	v.哀诉，嘀咕，悲鸣，哀叫，嘎嘎响
fetus	n.foetus的一般美式拼法
extremist	n.极端主义者，过激分子
contour	n.外形，轮廓，等高线
wardrobe	n.衣柜，衣橱，固定式，嵌入式衣柜，全部衣服
doctoral	adj.博士的
grease	n.油脂，润滑油\nv.给…涂油，向某人行贿，买通某人，闪电般地，非常快地
episcopal	adj.主教的
imaginative	adj.富有想象力的，创新的
hopeless	adj.没有成功可能的，无望的，没有希望的，糟透的，不行的，无能的，绝望的
pathetic	adj.无用的，差劲的，令人生厌的，招人怜悯的，可怜的
confide	v.吐露，托付给，向…吐露个人隐私
struggling	
fasten	v.衣服，袋子等，扣牢，系牢，缚紧
decay	n.腐烂，朽烂，破败，衰败，衰退，没落，搭配\nv.腐烂，变坏，语体，破败，毁坏
silhouette	n.侧面影像，黑色轮廓，剪影，见图，剪影，侧影
revisit	v.重游，再访，重新考虑，再次讨论
hen	n.母鸡，成年雌禽
resonance	n.嘹亮，洪亮，共鸣，共鸣，共振
conserve	n.蜜饯，果酱\nv.保护，保存，节约
noodle	n.面条
moonlight	n.月光，半夜潜逃\nv.从事第二职业，兼职，做工赚钱
portrayal	n.描绘，描写，描述，扮演，表现
shaky	adj.摇晃的，颤抖的，衰弱的，不全面的，不完整的，没有把握的
villain	n.主要反面人物，反派角色，首犯，主要肇事者，为害的事物，坏人
industrialized	adj.工业化的
generosity	n.慷慨，大方，慷慨之举
capitalize	v.把…大写，给提供资金，核定的资本，充分利用
sift	v.筛，细查，详查，严密检查，挑选出，筛选
bail	n.保释金，三柱门上的横木，搭配\nv.摆脱困境，保释，帮助…摆脱困境，把某人保释出来
deliberation	n.细想，考虑，商议，从容，谨慎
compass	n.指南针，罗盘，罗经方位点，指南针，圆规
podium	n.表演台，讲台，乐队指挥台，斜面高桌
hoop	n.环，箍，环，大圈，篮圈
brightness	
outset	n.在开头时，从一开始
pastel	adj.浅的，淡的，柔和的，用彩色粉笔画的，用蜡笔画的\nn.彩色粉笔，彩色粉笔画，蜡笔画，淡而柔和的色彩
schooling	n.学校教育
dropout	n.退学者，辍学者，隐士，遁世者
flooding	n.水灾，洪水泛滥
repay	v.付还，偿还，语体，酬报，报答
irresponsible	adj.不负责任的
stimulation	
grouping	n.团体，集团，分组，分类
jeopardize	v.危及，危害，损害
chili	n.chilli的美式拼法
sprout	n.球芽甘蓝，见图，苗，芽，嫩枝\nv.发芽，抽芽，开始长出，突然大量出现，大量冒出，开始长
spinal	adj.脊柱的，脊椎的
categorize	v.对…进行分类，把…列作
pigeon	n.鸽子，见图
mutually	v.大家都能接受的，都能获益的，都方便的等，相互排斥 的
heighten	v.加强，增加，提高意识
gland	n.腺
expressive	adj.富于感情的，明确表露想法的，体现出某种感情
meaningless	adj.无目的的，无意义的，无价值的，不重要的
moose	n.驼鹿，鹿角，蹄，鹿
equate	v.使等同，同等看待，相当于，等于
yearn	v.渴望，向往，语体
unsure	adj.无把握的，不确知的，缺乏自信
unseen	adj.未受注意的，未被看见的\nn.需即席翻译的文章
theoretically	v.按理说，按道理讲，在理论上，从理论上说
prostitution	n.卖淫
ceramics	n.陶瓷工艺，见图，陶瓷制品
adorn	v.装饰
unify	v.统一，成一体
famed	adj.著名的，出名的
turnout	n.投票人数，出席人数，到场人数，避车道
rabbi	n.拉比
inaugural	adj.就职的，就任的，首次的，开幕的，首次的
detainee	n.被拘留者
acceleration	n.加快，增速，加速能力，加速性能，加速度
indifference	n.缺乏兴趣，漠不关心
shiite	n.什叶派教徒
wavelength	n.波长，相投，不合
contingency	n.意外事件，不测事件，胜诉酬金
spiral	n.螺线，螺旋线，螺旋式过程，恶性通货膨胀\nv.螺旋式上升，急剧恶化，急剧而失控地上升
distinctly	v.清楚地，明白地，非常，很，极，非常不舒服，不自在
paw	n.爪子，手\nv.用爪子 抓，摸弄
whirl	n.尝试某事，接连不断的活动，十分兴奋，一片混乱\nv.急转，迅速旋转，混乱
flirt	n.与人调情者，爱调情的人\nv.调情，打情骂俏，不认真地考虑某事，冒险做某事
computerized	
sovereign	adj.权力至高无上的，至高无上的权力，控制权，主权独立的，有主权的，独立自主的\nn.君主，£1 金镑
plow	v.plough的一般美式拼法
atrocity	n.暴行
flutter	n.紧张，困惑，激动，一阵感觉\nv.振，拍打，飘扬，飘动，悸动，颤抖，颤动
incur	v.引致，带来，招致，遭受，引起
flicker	n.闪烁，摇曳，霎时的感情，犹豫，激动等\nv.闪烁，摇曳，闪现，抖动，颤动
Finn	
brag	v.自夸，吹嘘
tortilla	n.薄玉米饼，玉米粉圆饼
plank	n.木板，板条，要点，核心
exhausted	adj.筋疲力尽的，疲惫不堪的，语体，见图，耗尽的
postmodern	adj.后现代主义的，受后现代主义影响的，后现代的
blaze	n.火，火灾，烈火，大火，熊熊的火焰，光\nv.火，熊熊燃烧，光，闪耀，发强光
familiarity	n.精通，通晓，熟悉，亲切感，亲切，随和
physiological	
carpenter	n.木匠，木工
glamorous	adj.有魅力的，令人向往的，奢华的
slate	n.岩石，板岩，板石，房顶上，石板瓦\nv.严厉批评，预定 做某事
souvenir	n.纪念品，纪念物
narrowly	v.勉强地，差一点，狭隘地，有限地
successive	adj.连续的，接连的，相继的
conversely	v.相反地，另一方面
disciple	n.追随者，门徒，信徒，耶稣的十二门徒之一
biscuit	n.饼干，烤饼，淡褐色，是听过的空前惊人 的事
angrily	
lousy	adj.非常糟糕的，感觉不适，不擅长的，不起眼的
monastery	n.寺院，修道院
sniper	n.狙击手
headlight	n.前灯，车头灯，见图，汽车，惊慌失措
backlash	n.强烈反应，反对，抵制
bakery	n.面包 烘房，面包 店
vet	n.兽医，老兵，退伍军人\nv.审查，检查，审查
intern	n.实习医生，实习生\nv.拘留，扣押
divorced	adj.离婚的，脱离的，没有关系的
hesitation	n.犹豫，踌躇，迟疑
apron	n.围裙，母亲的控制，停机坪，台口
nostalgia	n.对过去美好时光的留恋，恋旧，怀旧，搭配
coyote	n.丛林狼，郊狼
uneven	adj.不平坦的，崎岖的，不规则的，不均匀的，不平等的
waterfall	n.瀑布，见图，乡间
preclude	v.阻止，防止，使不可能，排除，消除
litter	n.垃圾，垃圾，废弃物，见图，幼小的动物\nv.使凌乱，把弄乱，充满某物，乱扔
exquisite	adj.精美的，精致的，细致的，敏感的，强烈的
immerse	v.使浸没，潜心于某事，专注于某事
bodyguard	n.贴身卫士，保镖，警卫员，警卫队
thug	n.恶棍，暴徒
initiation	n.入会，成年，发起，实施
preheat	v.预热
misunderstanding	n.误解，误会，小争执，不和，搭配
mustache	n.moustache的一般美式拼法
consciously	
aura	n.气氛，气息，韵味
competitiveness	n.竞争力，好胜，要强
honeymoon	n.蜜月，和谐时期，蜜月期\nv.度蜜月
jealousy	n.妒忌，嫉妒，一阵嫉妒，搭配
flap	n.某物的一片，片状垂悬物，动作，拍打，拍动\nv.振，扑动，飘动，摆动，激动，紧张
cadet	n.学员
drastic	adj.激烈的，严厉的，突然的
chilling	adj.令人毛骨悚然的，令人害怕的
farewell	interjection再见，再会\nn.告别，欢送派对，晚宴，酒会等
woe	n.困难，难题，悲伤，悲哀，我好苦啊
ripple	n.波纹，细浪，涟漪，此起彼伏的声音，逐渐扩散的情绪，波痕\nv.起涟漪，起细浪，传开，传遍，涌起，发出潺潺声
striped	adj.有条纹的，见图
patriotism	
eighteenth	
advent	n.某事物的出现，降临节
imbalance	n.不平衡，失调
moderately	v.普通地，一般地，有限地，适度地，适量地，有节制地，价格不贵的，价格适中的
broadcaster	n.广播员，播音员，电视台，广播公司
seam	n.缝，线缝，矿层，煤层，铁矿层等
alienate	v.使疏远，失去…的支持，使格格不入，疏远
dolphin	n.海豚
restructure	v.重新组织，调整，改组
sting	n.伤，刺伤处，蜇伤处，昆虫，刺，螫刺，螫针\nv.刺，蜇，叮，刺痛，产生剧痛，使感到气愤，向索取过高的价钱，在…上敲竹杠
shortcoming	n.缺点，短处
sandal	n.凉鞋，见图
exhaustion	n.精疲力竭，神经衰弱，用光，耗尽
longing	n.渴望，盼望
booster	n.加强剂量，起推动作用的事物，令人鼓舞的事情，助推火箭，拥护者，热心支持者
indoors	v.往室内，在室内
Kurd	n.库尔德人
ubiquitous	adj.似乎无处不在的
carved	
pinpoint	n.极小的范围，非常精确地\nv.查明，准确地说出，描述，准确地找出，为…准确定位
swimmer	n.会游泳的人，游泳运动员，正在游泳的人
scenery	n.风景，景色，舞台布景，搭配
mince	n.切 碎的肉，肉末\nv.切碎，剁碎，绞碎，扭扭捏捏地走，直言不讳地说，毫不遮掩地说
glamour	n.魅力，诱惑力，奢华，华丽，雍容华贵，魅力 女艺人，男艺人
pivotal	adj.关键性的，核心的
cosmos	n.宇宙
haze	n.烟雾，霾，懵懂，迷糊，迷惑\nv.戏弄，起雾
liberalism	n.自由主义
dissent	n.异议，意见分歧，异议，不同意见\nv.持异议，不同意
solitude	n.独处，独居
ragged	adj.衣服等，破旧的，人，衣衫褴褛的
drunken	adj.酒醉的，有醉态的，纵酒派对，狂欢，闹事等
celery	n.芹菜，见图
courageous	adj.勇敢的，有胆量的\nv.语体
sculptor	n.雕刻家，雕塑家
lavender	n.薰衣草，浅紫色
disconnect	n.脱节，不相干\nv.切断的电力 等供应，分离，脱离，停止的水 等供应，脱离，不联系
luckily	v.幸运地，幸好
gleaming	
authenticity	n.真实性，确实性，可靠性
converge	v.汇合，集中，聚集，聚会，汇集，观点、目标〕趋同
trivial	adj.微不足道的，没有什么价值的
Syrian	
deception	n.欺骗
expanse	n.宽广的空间
inventor	n.发明者，发明家
reinvent	v.改革，改良，重塑自己的形象，改变自己的形象，无谓地重复，徒劳，白费功夫
fines	
boxer	n.拳击手，拳师狗
famine	n.饥荒，饥馑
systemic	adj.影响全部的
clump	n.丛，簇，群，土块，沉重的脚步声\nv.以沉重的步子行走，结成块，聚成簇
eerie	adj.怪异可怕的
nebula	n.星云，星云状的星系
arrogance	n.傲慢
disappoint	v.失望，让某人的希望，期望，计划破灭
harden	v.变硬，坚固，硬化，变得更坚定
liaison	n.联络，联系，联络员，联系人，私通
vapor	n.vapour的美式拼法
dwelling	n.住宅，寓所，住处
trooper	n.装甲兵，骑兵，州警察，满口粗话
evacuation	
decidedly	v.肯定地，无疑地，明显地，坚决地，坚定地
carving	n.雕刻物，雕刻图案，雕刻工作，雕刻艺术
clamp	n.夹子，夹具，夹钳，夹钳，车轮固定夹\nv.夹紧，固定，对某人实行制裁，制约等，夹住，夹紧
hinder	v.阻碍，妨碍，语体
irrational	adj.非理性的，不合理的，荒谬的
pristine	adj.极其新鲜的，洁净的，崭新的，簇新的，未受损害的
armored	
patiently	
diver	n.潜水员，潜水者，跳水者
plaster	n.灰泥，熟石膏，膏药，创可贴\nv.在…上厚厚地涂抹，覆盖，在上抹灰泥，把梳平
abnormal	adj.不正常的，反常的，变态的
redemption	n.救赎，赎罪，兑换，兑现，不可救药的，无可挽回的
improper	adj.不诚实的，不合法的，不道德的，不理智的
creditor	n.债权人，债主
bamboo	n.竹，竹子
prosper	v.兴旺，发达
pianist	n.钢琴演奏者，钢琴家
heartbeat	n.心跳，心搏，非常接近某事物，一下子，某事物的中心
interception	
downward	adj.下降的，向下的，下降的，下跌的
tread	n.轮胎胎面花纹，梯面，踏步板，脚步声，走路声\nv.踩到里面，上面，踩，踏，步步小心，言行谨慎
stifle	v.抑止，阻止，压制，强忍住，压抑，感到窒息，透不过气来
sentimental	adj.多愁善感的，感情用事的，柔情的，感情上的，情绪上的，非理性的
insecurity	
recognizable	
inclination	n.意向，倾向，倾斜，弯腰
boarding	n.登机，上船，并排钉在一起的木板
pilgrimage	n.朝圣之旅，旅行
monumental	adj.丰碑式的，伟大的，极大 的，纪念碑 的，纪念性的，作为纪念的
memorize	v.记住，熟记
upscale	adj.适合高消费阶层的，高档的
thyme	n.百里香
ninety	num.九十，九十年代，在九十到九十九岁之间，是九十多岁，九十多度
superficial	adj.不仔细察看的，研究的，肤浅的，浅薄的，不深入的，外表
puff	n.吸，抽，一阵，一团，一股，干酪，果酱\nv.喘粗气，抽，吸，一阵阵喷出，冒出，喷着气 前进
snort	n.哼声，喷鼻息声，少量毒品\nv.发哼声，哼着鼻子，用鼻吸入
rig	n.海上石油钻台，钻塔，大型卡车，船帆的装配\nv.操纵，给装帆，给穿上特别 的衣服，仓促拼凑出，草草做成
pecan	n.山核桃，山核桃树，见图
misunderstand	v.误解，误会
excursion	n.短途旅行，短途出行，涉足 某事
superpower	n.超级大国
modernity	n.现代性，现代状态
hallmark	n.特点，特征，标志，印记\nv.在上打印记
cucumber	n.黄瓜，见图
nightclub	n.夜总会，语体
sharpen	v.变锋利，使增强，加强，使提高，使改进
turnaround	n.所需时间，好转，起色，转机，彻底改变，转变
crooked	adj.弯曲的，不直的，歪的，见图
asphalt	n.沥青，柏油
mortar	n.砂浆，灰浆，迫击炮，研钵，臼
savor	n.savour的美式拼法
demonstrator	n.示威者，游行者，示范 人员
impending	adj.逼近的，即将发生的
microscope	n.显微镜，目镜，镜臂，粗调旋钮
spear	n.矛，标枪，嫩芽，嫩枝，嫩茎\nv.用矛刺，用叉叉起，用尖物叉起
weekday	n.工作日
bloc	n.集团，阵营
dorm	n.寝室，学生宿舍楼
ledge	n.岩架，窄平的架子，壁架
overtime	n.超时工作，加班时间，额外工作时间，加班费，非常活跃，加时，延长时间
mediation	
occupant	n.居住者，住户，使用者，占有人
bitterness	
chimney	n.，烟道，见图，烟囱，裂口，裂缝
lateral	adj.侧面的，横 的，平级的，同级的
aroma	n.芳香，香气，香味
thwart	v.阻挠，阻碍
curved	adj.弯曲的，波浪形的，弧形的，扭曲的
buffet	n.自助餐，快餐部，饮食柜台，餐具架\nv.猛烈袭击，打击，伤害，把…推来搡去，把…抛来抛去
stint	n.固定时期\nv.节制，吝惜
dispense	v.分发，分配，提供，施予，伸张正义，配，发
jog	n.慢跑，见图，轻碰，轻推\nv.慢跑，轻碰，轻推，唤起某人的记忆，如常进行，照旧继续
awfully	v.非常
cruelty	n.残忍，残酷，残暴，不公平，不公正
lantern	n.提灯，灯笼
plateau	n.高原，平稳时期，稳定期\nv.达到稳定时期，达到并保持稳定水平
slaughter	n.屠宰，宰杀，屠杀，杀戮，残杀\nv.屠宰，屠杀，杀戮，残杀，使惨败
heroine	n.女英雄，女主角，女主人公，受崇拜的女人，女偶像
retrospect	n.回顾，回想
trot	n.马，小跑，骑马小跑，连续地，一个接一个地\nv.疾走，小跑，碎步急行，小跑，走，去
socialize	v.交友，交际，交往，使适应社会，使合群
damaging	adj.造成损害的，造成伤害的，产生不良影响的
mingle	v.混合，应酬，交际
clubhouse	n.俱乐部会所
pony	n.矮种马，小型马\nv.搞到，拿出
grapple	v.扭打，揪斗，搏斗，尽力解决，设法理解
stocking	n.长筒袜，男袜，只穿袜子没穿鞋的
centerpiece	
imperative	adj.紧急的，极重要的，祈使的\nn.紧急的事，观念，信念，祈使语气
congratulate	v.祝贺，向…道喜，为自己感到高兴
heightened	
seriousness	n.认真，严肃，严重，说正经的，严肃认真地
indifferent	adj.不关心的，不在乎的，不太好的，一般的，平庸的
impoverished	
respectful	adj.有礼貌的，恭敬的
eternity	n.似乎很漫长的一段时间，永恒，永生
martyr	n.殉道者，烈士，诉苦者，乞怜者，受某事物的折磨\nv.处死，使殉教
synagogue	n.犹太会堂，犹太教堂
ominous	adj.不吉利的，不祥的
howl	n.叫声，长嚎，嚎叫，咆哮，怒号，呼啸\nv.嘷叫，长嚎，嚎哭，咆哮，大声叫喊，怒吼
modernization	
rotten	adj.腐烂的，变质的，非常糟糕的，恶劣的，不友善的，刻薄的，不诚实的，感到不舒服\nv.宠坏某人，被某人迷得神魂颠倒，对某人极为迷恋
deceive	v.欺骗，语体，自欺，使误信，误导
crane	n.起重机，吊车，鹤\nv.伸长看，探头看
ethanol	n.乙醇
vodka	n.伏特加，一杯伏特加
farmhouse	n.农场住宅，农舍，见图，乡间
relic	n.遗物，遗迹，遗风，遗俗
hype	n.大肆宣传，炒作\nv.大肆宣传，使兴奋，使来劲
jeopardy	n.在危险中
offseason	
vie	v.竞争
faded	
crow	n.乌鸦，啼叫，笔直地，沿直线地\nv.啼叫，得意扬扬地说话，夸口，欢叫
variability	
empowerment	
footprint	n.脚印，足迹，见图，占位面积
churn	n.搅乳器，奶桶，客户流失量\nv.反胃，剧烈翻腾，转动，运转，搅
materialize	v.成为现实，实现，发生，出现，突然出现
unfinished	adj.未竟的，未完成的，未竟之事
irregular	adj.不规则的，不平整的，不对称的，无规律的，间隔不均匀的\nn.非正规军人
anguish	n.极度痛苦
decree	n.命令，法令，判决，裁定\nv.裁定，判决，颁布
abstraction	n.抽象概念，心不在焉，出神，抽象手法，抽象艺术
transitional	adj.过渡的，过渡政府
collaborator	n.通敌者，勾结者，合作者，协作者
downturn	n.下降，衰退
indefinitely	v.无限期地，不清楚地，模糊粗略地
prominence	n.重要，杰出，著名，重视某事物
commanding	adj.指挥的，统率的，令人肃然起敬的，威严的，居高临下的，视野开阔的，遥遥领先的，胜券在握的
butcher	n.肉铺老板，肉贩，肉店，肉铺，刽子手\nv.屠宰，血腥屠杀，弄坏，搞糟
lesion	n.损伤，损害，病变
temperament	n.气质，性情，性格，禀性
thankful	adj.感谢的，感激的，为…感到高兴的
muster	n.被认为合格，通过检查，集合士兵\nv.鼓起，积聚信心〕，争取，召集，集合，集结
democratization	
promoter	n.主办者，承办者，倡导者，提倡者
oblivious	adj.不知道的，未觉察到的
narcotic	adj.毒品的，麻醉 的\nn.毒品，缉毒警察，麻醉药，麻醉性镇痛药
bodily	adj.身体的，肉体的\nv.全身地，整体地，全部地
multitude	n.众多 的人，事物，大众，民众，群众，众人
chilly	adj.寒冷的，严寒的，寒冷的风，微风，空气等
degrade	v.贬低，羞辱，使恶化，分解，降解
cloak	n.斗篷，披风，伪装，掩盖物，幌子\nv.掩盖，掩饰，笼罩，遮盖
drummer	n.鼓手
vitality	n.精力，活力，生机，生命力
playful	adj.活泼的，爱玩的，闹着玩的，开玩笑的，不认真的
mildly	v.轻微地，稍微，说得婉转些，温和地，和善地
convoy	n.车队，舰队，援助，救援，食品运送车队等\nv.护送，护航
lag	n.时间间隔，相隔的时间\nv.落后 ，拖后，给加上防冻 层
disruptive	adj.引起混乱的，扰乱性的，捣乱的
flank	n.胁部，胁腹，见图，侧翼，侧面\nv.位于…两侧
unconstitutional	adj.违反宪法的
lash	n.鞭打，睫毛，突然 的一甩，鞭梢\nv.捆扎，捆绑，捆扎，风，雨
outskirts	n.远离城市中心的地区，市郊，郊区
abide	v.某人不能容忍某人，某事物，居住，遵从
enclose	v.随信附上，随信装入，兹附上，将⋯围起来
accumulation	
fluctuation	n.波动，起伏
darken	v.变暗，变得不乐观，消极，阴沉下来，别再让我见到你
imprison	v.监禁，禁锢，束缚，限制
irritate	v.使烦躁，激怒，使疼痛
flare	n.闪光装置，信号灯，信号弹，喇叭裤\nv.突然烧起来，烧旺，突然爆发，突然加剧，恶化
momentarily	v.片刻地，短暂地，马上，立刻
retaliation	n.报复，反击
tasty	adj.好吃的，味道好的，味美可口的，特别有趣的，与奇闻趣事有关的，性感的
crushed	
unpopular	adj.不受欢迎的，不得人心的\nn.搭配
worsen	v.变得更差，恶化
haircut	n.理发，发型，发式
archaeology	n.考古学
devour	v.狼吞虎咽地吃，如饥似渴地阅读，津津有味地看，心中充满
hefty	adj.高大健壮的，笨重的，大量的，巨额的，用力的，重重的
parasite	n.寄生植物，寄生动物，寄生虫，靠他人为生的人，寄生虫
simplify	v.使简易，使简单，简化
thicken	v.变厚，变浓，密集
yep	v.是，对
handkerchief	n.手帕
noticeable	adj.容易注意到的，明显的，显著的
sensory	adj.感官的，感觉上的
complementary	adj.互为补充的，互补的，互补色的，余角的，互为余角的
envy	n.羡慕，忌妒，是令某人羡慕 的事物\nv.羡慕，妒忌，我庆幸自己没遇到你，她等所处的糟糕情况
rove	v.漫游，流浪，流动记者，扫视，时刻寻找艳遇，好色
curiously	
radiate	v.散发，流露，焕发，散发，发射，从中心散开
whereby	v.由此，借以
pry	v.冒昧地问，打听，探听，撬开，撬起，私下，避开窥视的目光
dresser	n.碗柜，碗橱，衣橱，见图，穿着新潮者
denomination	n.教派，宗派，面值
customary	adj.风俗的，惯例的，合乎习俗的，习惯性的
stigma	n.耻辱，羞辱，见不得人的感觉，柱头
bitterly	v.痛苦地，愤恨地，极其寒冷的
mystical	adj.神秘的，神奇的，不可思议的，神秘主义的，通灵的
humane	adj.人道的，仁慈的
grate	n.金属炉架，见图\nv.磨碎，擦碎，粗声粗气地说话，使人烦恼，使人难受，发出刺耳的摩擦声
boycott	n.抵制行动，杯葛行动，受抵制时期\nv.抵制，排斥，杯葛，拒绝参加
skim	v.撇去，略读，浏览，掠过，擦过，打水漂
referee	n.裁判，见图，证明人，介绍人，推荐人，仲裁员，公断者，调解人\nv.当裁判，为…担任裁判
pudding	n.布丁，甜食，甜点心，不加糖布丁
alas	interjection唉，哎呀\nv.不幸地
intuition	n.直觉力，直觉感知，直觉知识
deceased	n.死者，已故之人
accustomed	adj.习惯于某事，语体，惯常的，通常的
reckon	v.认为，以为，估算，估计，认为…是…，计算
restrictive	adj.限制的，约束的
granddaughter	n.孙女，外孙女
sociologist	
dissatisfaction	n.不满意，不满足
eccentric	adj.怪异的，古怪的，不同圆心的\nn.行为古怪的人
refrigerate	v.冷冻，冷藏
charismatic	adj.有超凡魅力的，有感召力的，灵恩教会，运动
overhear	v.无意中听到，偶然听到
gracious	adj.有礼貌的，仁慈的，和蔼的，亲切的，豪华舒适的，华丽的
enthusiast	n.热衷者，爱好者，热心的人
volcanic	adj.火山的，由火山作用引起的
continuum	n.统一体，连续体
insurgency	n.暴动，叛乱
entertainer	n.表演者，艺人
stink	n.恶臭，难闻的气味，强烈抱怨，大吵大闹，卖力地工作\nv.散发恶臭，发臭味，让人感觉糟糕，令人厌恶，使…充满难闻的味道
diversify	v.产品品种多样化，扩大经营范围，多元化，多样化，投资多元化，进行多种投资
demeanor	
overthrow	n.打倒，推翻\nv.颠覆，推翻，背弃，摒弃
doctorate	n.博士学位
tempting	adj.诱人的，吸引人的
grumble	v.不断地发牢骚，抱怨，发出隆隆声，还不错
quake	n.地震\nv.颤抖，哆嗦，怕得发抖，剧烈颤动，震动
reckless	adj.轻率的，鲁莽的，不顾后果的
drawback	n.不利因素，缺点，毛病
foreground	n.前景，见图，处于最突出的地位，成为众所瞩目者
toxin	n.毒素
muffin	n.松饼，见图，英式松饼
dazzling	adj.使人目眩的，令人眼花的，令人印象深刻的，特别吸引人的
vengeance	n.报仇，报复，复仇，过度地，猛烈地
clout	n.力量，权势，猛击\nv.猛击
glossy	adj.有光泽的，光滑的，见图，表面，用高光纸印刷的杂志\nn.用高光纸印刷的杂志，光纸相片，光面相片
heavyweight	n.重量级人物，有影响力的人物 ，要人，重量级拳击手
ape	n.猿，勃然大怒，暴跳如雷\nv.模仿，模仿，照搬
drastically	
salsa	n.萨尔萨舞曲，辣番茄酱
moth	n.蛾，见图
lighten	v.减轻，减少，变亮，明亮，变得轻松，变得高兴，露出喜色
influx	n.大量涌入
ghetto	n.少数民族聚居区，贫民区，犹太人居住区
terrifying	adj.极其可怕的，骇人听闻的
rooftop	n.屋顶
sizable	adj.sizeable的另一种拼法
handicap	n.残障，残疾，障碍，不利条件，给弱者的让杆数，让步赛\nv.妨碍，阻碍
phony	adj.phoney的一般美式拼法
hemisphere	n.半球，见图，一半，半球
housewife	n.家庭妇女，家庭主妇
apprentice	n.学徒，徒弟
cavalry	n.骑兵，坦克部队，装甲兵部队
catfish	n.鲶鱼，鲶
outward	adj.外表的，表面的，外出旅行，出航等，朝外的，向外的
supernatural	adj.超自然的，奇异的，神奇的\nn.超自然事件，超自然力量，超自然体
allude	v.影射，暗指
rogue	adj.胡作非为的，无赖的，离群而危险的\nn.捣蛋鬼，淘气鬼，无赖，流氓
starving	
seduce	v.诱奸，勾引，引诱，诱使
amaze	v.使大为惊奇，使惊愕
coax	v.劝诱，哄，诱导，耐心地摆弄，哄劝说出
entrepreneurial	
cleric	n.神职人员，牧师，教士
affective	adj.情感的
wig	n.假发\nv.担心
climber	n.登山运动员，善于攀爬的人，攀缘植物
normative	adj.合乎规范的，按规定准则的
renovate	v.修复，整修，翻新
mutation	n.突变，变异，语音变化，音变
brutality	n.野蛮行为，野蛮事件
electorate	n.全体选民
grievance	n.不平，委屈，不满，不平的事，搭配
meteor	n.流星
rein	n.缰绳，放任，对不加约束，给予某人绝对自由，对某人\nv.开始对…严加控制，用缰绳勒马
attest	v.证明，作为证据，作证，证实
pneumonia	n.肺炎
eyewitness	n.目击者，见证人
commercially	v.商业上，从商业角度来看，商业化地，大量生产 地，可买到地，商店里有售地
duct	n.管道，槽，细管，导管
pathogen	n.病原体
uniquely	
monarch	n.君主，国王，女王
helm	n.舵轮，掌权，领导，掌舵，开始掌管
pulp	n.软的物质，浆状物，水果，蔬菜\nv.把…捣成 浆状，把打得血肉模糊，把化成纸浆
woo	v.极力劝说，争取…的支持，拉拢，向求爱，求婚
stomp	v.踏着重步走，跺脚，重踩
nostril	n.鼻孔，见图
crank	n.曲轴，曲柄，怪人，骚扰电话，骚扰信\nv.用曲轴启动，快速大量地制造，加大…的音量
crook	n.骗子，无赖，罪犯，曲柄杖，臂弯\nv.使弯曲
paranoid	adj.多疑的，疑神疑鬼的，患偏执狂的，患妄想狂的
spacious	adj.宽敞的，广阔的，广大的，见图
annoyed	adj.烦恼的，生气的
scalp	n.头皮，某人的头皮\nv.倒卖，炒卖，剥下的头皮作为战利品
seep	v.渗漏，逐渐移动，渐渐散开
curry	n.咖喱食品，搭配\nv.讨好，奉承，拍马屁
relish	n.享受，乐趣，调味汁\nv.喜爱，享受
cherish	v.重视，珍视，钟爱，珍爱
unravel	v.理解，解释，阐明，解开，拆散，松开
eruption	
censorship	n.审查，检查
eyelid	n.眼睑，眼皮，见图
smuggle	v.走私，偷运，偷偷携带，夹带
commonplace	adj.常见的，屡见不鲜的\nn.平常事，常见事物，老生常谈，老掉牙的话，平淡无奇的事物
mislead	v.将…引入歧途，误导
boredom	n.厌倦，厌烦，无聊
persuasive	adj.有说服力的
visualize	v.设想，想象
avid	adj.劲头十足的，热衷的
incidentally	v.顺便提一下，偶然地
soothing	
emanate	v.发出，表现出，散发自，来自
farmland	n.农田，耕地，牧地
deregulation	
unrealistic	adj.不现实的，不切实际的
contraction	n.肌肉挛缩，子宫收缩，收缩，缩小
nanny	n.保姆，奶奶，外婆，保姆国家，保姆政府
inaccurate	adj.不完全准确的
commemorate	v.庆祝，为…举行纪念活动
mythology	n.神话，错误的想法，不正确的看法
groom	n.新郎，马夫\nv.擦洗，刷洗，培养，培训，梳妆，打扮，诱骗，勾引
simultaneous	adj.同时发生的，同步的\nv.语体
filthy	adj.十分肮脏的，污秽的，淫秽的，下流的，下流话，故事\nv.十分肮脏的，腰缠万贯的，非常有钱的
exceptionally	v.极其，非常
defer	v.延期，推迟，服从，遵从，听从
attacker	n.攻击者，袭击者，进攻队员
outweigh	v.比…更重要，比…更有价值
abrupt	adj.突然的，出其不意的，生硬的，粗鲁的
rampant	adj.猖獗的，泛滥的，失控的，过于繁茂的
demographics	
antiquity	n.古代，古老，年代久远，古迹，古物，古建筑
generalization	n.概括，泛论，归纳，概括
downside	n.不足之处，不利方面，缺点
nestle	v.舒适地安顿下来，偎依，依靠，坐落在
nonexistent	adj.不存在的
shred	n.细条，碎片，把某事物批评得体无完肤，破烂的，破碎的，彻底毁掉的\nv.把…切成细条，把…撕成碎片，把放进碎纸机粉碎
veer	v.改变方向，转向，转变，改变
tabloid	n.通俗小报
fulfillment	
caucus	n.政党会议，党团会议，派别，小团体
refreshing	adj.消除疲劳的，提神的，清凉的，令人耳目一新的
ailment	n.小病，不适
gunfire	n.炮火，炮火声
amazingly	
reunite	v.再联合，重新结合，重聚
fugitive	adj.逃跑的，逃亡的，短暂的\nn.逃犯，逃亡者
intrusion	n.干扰，侵扰，闯入，侵入
versatile	adj.多才多艺的，有多种用途的，多功能的，万用的
battalion	n.营，队伍
unchanged	
nuisance	n.讨厌 的人，妨害
Lutheran	
dizzy	adj.头晕目眩的，令人眩晕的高处，粗心大意的，糊里糊涂的，健忘的，极繁忙的
rumble	n.隆隆声\nv.发出隆隆声，轰鸣着缓慢行进，发出咕噜声，识破，看穿
juicy	adj.多汁的，多液的，绘声绘色 的流言，细节，描述等
contestant	n.竞争者，选手，参加竞赛者
intentional	adj.故意的，蓄意的
growl	v.低声吼叫，怒气冲冲地低声说
purity	n.纯，纯洁，洁净，纯正
brokerage	n.经纪业务，掮客业务，佣金，手续费，经纪费，经纪行
putt	n.见图\nv.轻击
vomit	n.呕吐物，吐出物\nv.呕吐，呕出，吐出，语体
reiterate	v.重说，重申
rhythmic	adj.有节奏的，节奏强劲的
sag	v.下垂，下陷，下弯，衰退
frantically	
endlessly	
delightful	adj.令人愉快的，讨人喜欢的
conditioner	n.护发素，织物柔软剂，衣物柔顺剂
illicit	adj.非法的，违禁的，社会不容许的
perpetual	adj.连续不断的，无休止的，一再重复的，永久的，永恒的
makeshift	adj.权宜的，临时的
goodwill	n.好意，亲善，友善，互表友爱的季节，商誉
wrongdoing	n.不法行为，不道德行为，坏事
aerobic	adj.需氧的，有氧健身运动
skeptic	n.sceptic的美式拼法
covert	adj.秘密的，隐藏的\nn.树丛
facet	n.方面，多方面的，琢面，刻面，小平面
disarm	v.裁军，裁减军备，解除武装，缴的械，解除的武装，使消解怒气，使消除敌意，拆除，取出的起爆药
beckon	v.示意，召唤，引诱，吸引，可能发生
improvise	v.临时做 ，即兴作出，临时拼凑，即兴创作，即兴发表
slipper	n.室内便鞋，拖鞋，见图
challenger	
candidacy	n.候选人资格
preoccupation	n.全神贯注，入神，使人全神贯注的事物，使人入神的事物
handgun	n.手枪
Buddhist	
suicidal	adj.想自杀的，有自杀倾向的，可能导致死亡的，可能造成大破坏 的
mole	n.鼹鼠，痣，内奸，潜伏的间谍
assortment	n.各式各样，什锦
impede	v.妨碍，阻碍
wince	v.龇牙咧嘴，皱眉蹙额，感到不安，畏缩
subside	v.逐渐减弱，平静下来，平息，沉降，下陷，平息，平静下来
collegiate	adj.大学的，学院的，分为学院的
needy	adj.缺食物 的，贫困的，穷人，需要关爱的
baseman	
hypothesize	v.假设，假定
internally	
outspoken	adj.坦率的，直言不讳的
petal	n.花瓣，见图
graffiti	n.涂鸦，乱涂乱画，涂鸦，见图
cliche	
barren	adj.贫瘠的，荒芜的，不孕的，不育的，不结果实的，不结籽的，沉闷无趣的，没有吸引力的
hinge	n.铰链，合叶，铰链，见图\nv.给…装铰链，取决于
hierarchical	adj.按等级划分的，等级制度的
celestial	adj.天空的，天上的，天堂的，天体，极美的，异常美丽的
forefront	n.位于最前列，处于领先地位，是某人首先考虑，注意到等的事情
clench	v.握紧拳头，咬紧牙关等，紧握，紧咬
timetable	n.运行时间表，时刻表，火车，公共汽车时刻表，课程表\nv.为…安排 时间，安排
mundane	adj.平凡的，平淡的，乏味的，世俗的，尘世间的，人世间的
raspberry	n.悬钩子，覆盆子，山莓，见图，呸呸声，嘘声
presbyterian	n.长老会教徒
prudent	adj.明智谨慎的，慎重的，审慎的
spokesperson	n.发言人
wreckage	n.残骸，残余，搭配
unanimous	adj.一致通过的，无异议的，一致同意的，意见一致的
lest	conj.免得，以免，唯恐，生怕
tavern	n.小旅店，客栈，酒馆，酒吧
assassin	n.暗杀者，刺客
etch	v.蚀刻，凿刻，铭刻在记忆中，脑海里
flute	n.长笛，见图，长笛杯，细长香槟杯
nightly	adj.每晚的，每夜的
continuation	n.延续，继续部分，继续，连续，持续
dangerously	
popcorn	n.爆玉米花
barracks	n.兵营，营房
smear	n.污点，污迹，子宫颈涂片检查，涂片试验，污蔑，诽谤\nv.涂抹，涂，抹，说谎，污蔑，诽谤
assassinate	v.暗杀，行刺
liberalization	
preoccupied	adj.全神贯注的，入神的
worthless	adj.无价值的，没用处的，一无是处的，不中用的
intellect	n.智力，领悟力，理解力，思维能力
persecution	
outright	adj.直率的，毫不掩饰的，完全的，彻底的，毫无疑问的胜利者\nv.直率地，坦率地，完全地，彻底地，一次性付款买下，完全拥有某物
tremendously	
stunned	adj.说不出话来
quotation	n.引语，引文，语录，报价，行情，引用，引述
infuse	v.使充满，向…灌输，泡
rake	n.耙子，见图，酒色之徒，浪荡子，坡度，倾角\nv.耙，耙平，仔细搜寻，扫射，横扫，耙
coping	n.墙压顶，护顶，盖顶
trickle	n.涓涓细流，滴，少量人 的移动\nv.滴，淌，涓涓地流，缓慢而零星地移动
inflate	v.充气，膨胀，吹嘘，吹捧，涨价
chestnut	adj.栗色的，红棕色的\nn.栗子，见图，栗子树，栗色，红棕色
windy	adj.风大的，多风的，夸夸其谈的，空话连篇的
differing	
perennial	adj.持续的，长久的，反复出现的，多年生的\nn.多年生植物
overlap	n.交叉的数量，重叠部分\nv.与部分重叠，交搭，叠盖，部分交叉，重叠，交叉
longevity	n.寿命，长寿，持久，持续时间
cilantro	n.芫荽叶，香菜
handler	n.驯兽师，驯犬员，搬运工，操作者
muse	n.灵感，创作冲动的源泉，缪斯\nv.沉思着说，沉思，冥想，默想
obsolete	adj.废弃的，淘汰的，过时的
culprit	n.罪犯，造成破坏 的人，问题的起因，困难的起源
bankrupt	adj.破产的，倒闭的，缺乏的，沦丧的\nn.破产者，核实的，未核实的破产者\nv.使破产，使极其贫困
greatness	
recycled	
anomaly	n.异常现象，反常现象
variant	n.变体，变化形式，异体，变体
intellectually	
insignificant	adj.微不足道的，无足轻重的，微不足道的数目，数量
mogul	n.电影业，传媒业，赌博业等大亨
wail	v.大声哭叫，哀诉，恸哭，痛哭，呼啸，尖啸
watcher	n.观察者，观察员
overtake	v.追上，超过，超越，超过，突然降临到
kinship	n.亲属关系，紧密联系
wonderfully	v.非常好，非常
sequel	n.续集，续篇，随之而来的事，后果，后续的事
blender	n.搅拌器，见图，吃东西的地方
excavation	
bunk	n.卧铺，铺位，双层床，见图，溜走，悄悄离开\nv.过夜，逃学，旷工，早退
sweaty	adj.满是汗的，被汗水湿透的，闷热得 使人出汗的
surrogate	adj.替代的，代理的\nn.替代品，代孕母亲
jointly	
causal	adj.因果关系的，前因后果的，表示原因的
scissors	n.剪刀，见图
greedy	adj.贪婪的，贪心的，贪吃的，贪喝的，贪婪的人
salvage	n.抢救，抢救出的财物\nv.抢救出，挽救，挽回
bedside	n.床侧，床边，见图
disadvantaged	adj.社会地位低下的，处于弱势地位的，社会地位低下者，弱势群体
punitive	adj.惩罚性的，重税，价格急剧上涨等
disparate	adj.迥然不同的，不相干的
storytelling	
sophistication	
negotiating	
entree	
anecdote	n.轶事，趣闻
misconduct	n.不端行为，不诚实行为，胡作非为
admittedly	v.诚然，确实地，不可否认地
soybean	
frail	adj.瘦弱的，虚弱的，衰弱的，瘦弱的身体，虚弱的体格，心理脆弱的
dismissal	n.解雇，开除，否定，轻视，驳回诉讼
contentious	adj.引起争论的，有争议的，爱争论的
helper	n.帮手，助手，佣人
plywood	n.胶合板，夹板
trumpet	n.小号，见图\nv.吹嘘，大肆宣扬，吼叫
rash	adj.急躁的，鲁莽的，轻率的\nn.皮疹，起疹子，大量的某事物
disgusting	adj.令人吃惊的，让人无法接受的
universally	
autograph	n.亲笔签名\nv.在…上亲笔签名
orchestrate	v.精心策划，将编配成管弦乐曲
intently	
hone	v.磨炼，训练，提高，磨
gunshot	n.枪炮射击，枪炮声，子弹
verb	n.动词，搭配
indispensable	adj.必需的，不可或缺的
congestion	
revolt	n.反抗，违抗，反叛，叛乱，造反，起义，镇压叛乱\nv.反叛，叛乱，造反，起义，反抗，拒绝服从，使作呕
dye	n.染料，染发\nv.染，给…染色
sever	v.切断，割断，与…断绝，语体
pamphlet	n.小册子
buckle	n.金属扣环，扣子，带扣，见图\nv.弯曲，扭曲，变形，膝盖
cocoa	n.可可粉，可可饮料
discredit	n.名誉丧失，信用丧失\nv.损坏的名声，使不再相信
ancestral	
bun	n.小圆甜糕点，小圆面包，圆发髻，见图
ooh	interjection嗬，哇，呀
procedural	adj.程序性的，手续上的
freak	adj.反常的，怪异的\nn.狂热爱好者，怪异的人，控制欲强的人，畸形\nv.突然发怒，产生强烈反应，心烦意乱，吓得要死
factual	adj.事实的，与事实相关的
salute	n.敬礼，致敬，颂扬，致敬，致意，鸣礼炮\nv.行军礼，致敬，赞扬，颂扬，向…打招呼，向…致意
fern	n.蕨类植物，羊齿植物，见图
inscription	n.碑文，铭文，题词
citrus	n.柑橘属果树，柑橘属水果
swarm	n.成群移动的昆虫，蜂群，人群\nv.成群结队地移动，蜂拥，涌往，成群飞离蜂巢，挤满
pajamas	n.pyjamas的美式拼法
stepfather	n.继父，后父
blockbuster	n.轰动一时的书籍
tidal	adj.潮汐的，潮水的
raisin	n.葡萄干
deterioration	
mitigate	v.减轻，缓解，缓和
interruption	
unrest	n.动荡，动乱，骚动，搭配
soothe	v.抚慰，安慰，使平息，减轻，缓和
experimentation	n.试验，实验，尝试
clasp	n.扣子，扣环，紧握，紧抱\nv.握紧，抱紧，抓住，抱紧某人，搂紧某人
obstruction	n.堵塞 ，阻塞，见图，阻挠，拖延，阻挡
tow	n.牵引，拖，拉，见图，紧跟在后，拖着\nv.牵引，拖，拉，见图
blush	n.脸红，乍一想，经初步考虑\nv.脸红，语体，感到羞愧，尴尬
mailbox	n.信箱，见图，邮箱，邮筒，电子邮箱，电子信箱
Spaniard	n.西班牙人
vantage	
alteration	n.变动，改动
grit	n.沙砾，沙粒，坚毅，勇气，粗碾的谷物\nv.撒沙砾，咬紧牙关，下定决心，咬紧牙关
puddle	n.小水坑
fend	v.独立生活，照料自己，挡开…的攻击，避开，回避
shutter	n.百叶窗，窗板，见图，快门\nv.使停业，使关闭
ivy	n.常春藤，见图
visionary	adj.有远见的，有眼光的，梦幻中的，空想的\nn.有远见的人，看见异象的圣人
symbolism	n.象征主义
doubtful	adj.不确定的，未必发生的，有疑问的，感到怀疑的，不大可能成功的，靠不住的，有问题的
despise	v.鄙视，看不起，藐视
dismay	n.忧虑，失望，沮丧\nv.使担心，使失望，使忧虑
enjoyable	adj.使人愉快的，令人快乐的
outgoing	adj.好交际的，外向的，即将卸任的总统，总理等，外出的，离开的
intruder	n.非法闯入者，不请自来者，不速之客
jelly	n.果冻，果酱，肉冻，胶冻，胶冻状物
emulate	v.效仿，模仿
ceremonial	adj.礼仪的，仪式的，无实权的，礼仪性的\nn.典礼，仪式
bladder	n.膀胱，皮囊，气囊
refrain	n.反复句，叠句，副歌，经常重复的话\nv.克制，抑制，忍住
untouched	adj.没有变化的，未受损害的，未受任何影响的，未碰 过的
lavish	adj.大量的，使人印象深刻的，昂贵的，慷慨的，大方的\nv.慷慨地给予
ballroom	n.舞厅，舞场
knuckle	n.指节，指关节，肘，粗鲁的\nv.开始努力工作，屈服，认输
retrospective	adj.涉及以往的，回顾的，有追溯效力的\nn.回顾展
pilgrim	n.朝圣者，香客
midwestern	
milestone	n.重大事件，里程碑，里程标
curtail	v.减少，缩减，削减，限制
amusing	adj.逗人发笑的，好笑的，有趣的，有点好笑的\nv.语体
hamper	n.有盖篮子，洗衣筐\nv.阻碍，妨碍，牵制
reappear	v.再现，再出现
lineage	n.血统，世系，宗系
booming	
motto	n.箴言，格言，座右铭
damned	n.该下地狱的人\nv.damn的另一种形式
fragrant	adj.香的，芳香的
banquet	n.宴会，宴席，筵席
phenomenal	adj.极大的，非凡的，惊人的
gravy	n.肉汁，意外之财，飞来之福
luxurious	adj.豪华的，华丽舒适的
ratify	v.批准，正式签署
irresistible	adj.无法抗拒的，非常诱人的，不可遏止的，不可避免的
peacefully	
fireman	n.消防队员，见图
imposing	adj.壮观的，宏伟的，气势雄伟的
bourgeois	adj.中产阶级的，过分注重名利的，追求物质享受的，市侩的，庸俗的，资产阶级的
ballpark	
glamor	n.glamour的美式拼法
murky	adj.阴暗的，黑暗的，朦胧的，复杂的，难以理解的
rosemary	n.迷迭香叶，迷迭香
sighting	n.看见，发现
upheaval	n.激变，剧变，动乱
inadvertently	v.不经意地，非故意地
seasoning	n.调味品，佐料
sparkling	adj.闪亮的，闪光的，非常干净的，光洁闪亮的，起泡的
psychologically	
tuberculosis	n.结核病
fluorescent	adj.发亮的，发荧光的
lava	n.岩浆，熔岩，火山岩，见图
pineapple	n.菠萝，凤梨，见图
mediator	n.调停者，斡旋者，解决纷争的人
anthrax	n.炭疽
womb	n.子宫
tutor	n.家庭教师，私人教师，助教，导师\nv.给…当家庭教师，指导
depressing	adj.令人沮丧的，让人忧愁的
chalk	n.白垩，粉笔，截然不同的\nv.用粉笔写，赢得，取得，记下
crossroads	n.十字路口，交叉路口，关键时期，转折点，活动中心，汇集地
enclave	n.飞地
lifting	
displacement	n.被迫迁徙，排水量
leftist	adj.左派的，左翼的
furnace	n.火炉，熔炉，锅炉
pigment	n.颜料，色素
nuance	n.细微差别
gadget	n.设计精巧的小机械
stunt	n.特技表演，特技，噱头，引人注目的花招，做愚蠢 的事\nv.抑制，阻碍…的成长
alcoholism	n.酗酒
wisely	
intuitive	adj.直觉的，有直觉力的
eradicate	v.根除，消灭
underwater	adj.水下的，水下 用的
undercut	v.以低于的价格出售，削弱，使降低效率
augment	v.增大，提高，加强
shun	v.避开，躲开
fortress	n.堡垒
touching	adj.令人同情的，感人的，动人的\nprep.涉及，关于，有关
caption	n.说明文字，字幕
devastation	
racer	n.参赛者
safeguard	n.保障条款，保护措施\nv.保护，保卫
larva	adj.见图\nn.幼虫，幼体，见图
rapper	n.说唱乐歌手
midday	n.中午，正午
interdisciplinary	adj.跨学科的
barber	n.男理发师，理发店
fallout	n.放射性坠尘，辐射性尘埃，影响，结果
heed	n.注意某事，慎重考虑某事\nv.注意
scam	n.骗局，诡计，欺诈\nv.诈骗，骗取
malaria	n.疟疾
horrific	adj.可怕的，恐怖的，令人恐惧的
unsafe	adj.危险的，不安全的，处于危险中的，证据不可靠的，不安全的性行为
avoidance	n.回避，避开，避免
liken	v.将…比作
scant	adj.不足的，缺乏的，浅浅的一杯，一茶匙等
allergic	adj.过敏的，过敏引起的，不喜欢某事，对某事反感
lurch	n.突然的移动，危难时弃某人于不顾\nv.突然不稳地行走 ，蹒跚而行，感到心猛地一跳，胃里猛地翻腾了一下，感到束手无策，无法控制局面
gamble	n.冒险，碰运气，搭配\nv.赌博，投机，冒险，碰运气，赌掉，赌光
brisk	adj.轻快的，活泼的，精力充沛的，麻利的，利落的
bounty	n.奖励金，赏金，丰富，富足，慷慨，好施，仁爱
cramped	adj.狭窄的，狭小的，见图，受限制的，拥挤的，小而难认的，密密麻麻的
authoritative	adj.权威性的，可信的，可靠的，权威的，有威信的，威严的
rocker	n.摇椅，弧形弯脚，发疯，摇滚青年
irritation	n.恼怒，生气，令人气恼的事物，疼痛
ostensibly	v.表面地，假装地，谎称地
blindness	
flea	n.跳蚤，一顿臭骂轰走某人
reaffirm	v.重申，再次确定
coma	n.昏迷，搭配
hymn	n.圣歌，赞美诗，歌颂某事物的书，彼此理解且想法相同
gala	n.庆典，演出盛会，运动会
jumper	n.套头毛衣，无袖连衣裙，跳跃的人
tolerant	adj.宽容的，容忍的，能在…情况下生存的，能耐…的
solemn	adj.严肃的，庄重的，郑重的，庄严的，隆重的，隆重的仪式
rainfall	n.雨量
heave	n.拉，推，举，起伏\nv.拉，举，举，抬，扔
concur	v.意见一致，同意，同时发生
cranberry	n.越橘，见图
disregard	n.忽视，轻视，无视\nv.忽视，轻视，无视，不顾
glaze	n.釉，釉料，液浆，透明色料，光油\nv.变得目光呆滞，给…上釉，在浇液浆，给…安装玻璃
hound	n.猎犬，狗\nv.骚扰，烦扰，迫使某人离开
crib	n.婴儿床，婴儿摇床，饲料槽，秣槽\nv.抄袭，剽窃
dread	n.恐惧，害怕\nv.畏惧，惧怕，担心
camper	n.露营者，野营车，旅行拖车，宿营拖车，参加营地活动的儿童
livelihood	n.生计
chemist	n.化学家，药剂师，药房
outnumber	v.比…多，在数量上胜过
paddle	n.短桨，桨，赤脚涉水，球拍，见图\nv.用桨划，涉水，蹚水，拨水，用戒尺打
stringent	adj.严格的，严厉的，银根紧的，紧缩的
spaghetti	n.意大利粉，意大利面条，肉酱意粉，见图
alphabet	n.字母表
pentagon	n.五边形，五角形，见图
revealing	adj.揭露性的，揭示内情的，暴露的
syllable	n.音节
deprivation	n.缺少，匮乏
amused	adj.被逗乐的，感到有趣的，愉悦的微笑，神情，表情等
inflammation	n.发炎，炎症
limestone	n.石灰岩
expansive	adj.友善健谈的，开朗的，广阔的，辽阔的，广泛的
punctuate	v.在…中加标点，被打断
autism	n.孤独症，自闭症
motherhood	n.母亲身份
inscribe	v.雕刻，印制，题写
sliding	
federally	
handwriting	n.笔迹，字迹，搭配
energize	v.使增强决心，使充满活力，使运转
prod	n.刺，戳，捅，激励，提醒，刺戳的工具\nv.刺，戳，捅，激励，促使，督促
backer	n.支持者，赞助者，资助者
pollute	v.污染，毁掉，败坏，毒害 某人的思想
clumsy	adj.笨拙的，不灵活的，笨重的，笨拙的，不得体的
Martian	n.火星人
singular	adj.单数的，卓越的，非凡的，突出的\nn.单数形式
hypocrisy	n.伪善，虚伪
outpost	n.边远村落，偏远居民区
belongings	n.所有物，财产，财物
coil	n.卷，圈，匝，线圈，绕组，盘管\nv.卷缠，盘绕
infer	v.推断，推定
motivational	
mourning	n.哀痛，悲痛，哀悼，服丧的，丧服
bedtime	n.就寝时间，睡觉时间
instinctively	
Haitian	
scripture	n.经文，经籍，圣书，《圣经》
captive	adj.被关押的，遭监禁的，非自愿的听众，专属市场，垄断市场，受某事物禁锢，受某事物影响而无法摆脱\nn.战俘，俘虏，囚徒
conservatism	n.守旧，保守主义，保守主义，保守党的政治主张
overt	adj.公开的，不加隐瞒的
textual	adj.正文的，原文的
cartel	n.卡特尔，同业联盟
curly	adj.卷曲的，见图，弯的，弯曲的
gin	n.金酒，杜松子酒，金罗美牌戏
fundamentalist	n.原教旨主义者，基要主义者
unreasonable	adj.不讲道理的，不合理的，过高的
germ	n.病菌，细菌，观念，理论，感情等的萌芽
rename	v.给…重新命名，给…改名
hysterical	adj.歇斯底里的，行为 失控的，极可笑的，极滑稽的
drugstore	n.药店，药房
affinity	n.喜好，喜爱，类同，密切关系
fraternity	n.教育界同仁，科学界同仁，犯罪团伙等，男生联谊会，兄弟会
richness	n.丰富，丰足，富饶，浓烈，浓郁
folly	n.蠢事，荒唐事，怪异的装饰性建筑
strangle	v.扼死，勒死，绞死，限制 …的成长
unofficial	adj.非官方的，非正式批准的，非公事的，私事的，私人的
pup	n.小狗，幼犬，小海豹，小水獭，粗鲁的小子，自负的小子
stray	adj.走失的，迷路的，流浪的，离散的，零落的\nn.走失 的动物，离开同类的人，离开原位的东西\nv.走离，走失，迷路，离题，走神，看往别处
appetizer	n.开胃小吃
hunch	n.直觉，预感\nv.弓身，弓背，耸起双肩
chic	adj.时髦的，漂亮的，雅致的，奢华的
lineman	n.前锋，进攻，防守前锋，养护工人
elude	v.逃避，躲避，使找不到，使错过，使不记得，把难倒
contingent	adj.依情况而变的，视条件而定的\nn.代表团，分遣队
sprawl	n.杂乱扩展的大片地区，摊开手脚\nv.摊开手脚躺 着，杂乱地延伸
advancing	adj.年事渐高
daring	adj.勇敢的，大胆的，大胆的，别出心裁的\nn.勇气，胆量
firsthand	
tanker	n.油罐车，油船，油轮
overflow	n.容纳不下的东西，溢出物，超出的数额，排水管\nv.从…溢出，泛滥，满是，有许多，挤满，挤不下
shoreline	n.海 滨线，海 岸线
dreadful	adj.糟糕透顶的，极其讨厌的，极糟的，可怕的
twitch	n.抽搐，颤动，猛的一拉，一动\nv.颤动，抽动，抽搐，猛拉，急扯
brigade	n.旅，帮，伙，队
elegance	
aesthetics	
paramount	adj.至高无上的，最重要的
sponge	n.海绵，用海绵擦拭，海绵蛋糕，吃白食的人，揩油者\nv.用湿布 擦洗，吃白食，揩油，用湿布 吸掉，用湿布 揩掉，用海绵抹上
carton	n.硬纸盒，塑料盒，见图，包装箱
suffice	v.足够，无须多说，只要说…就够了
engender	v.引起，产生
artisan	n.工匠，手艺人
needless	adj.不用说，当然，不必要的，可以避免的
inconsistency	n.反复无常，变化不定，不一致，互相矛盾
limo	n.大型豪华轿车，机场巴士
towering	adj.高大的，高耸的，出众的，杰出的，超群的，怒气冲天
burgeoning	
dissertation	n.专题论文
asparagus	n.芦笋，石刁柏，见图
powerless	adj.无权力［利］的，无力量的，无能为力的
preferably	v.最好是
cracked	adj.有裂缝的，破裂的，见图，嘶哑的
shriek	n.尖叫声\nv.尖叫，尖声喊叫，尖声说
opaque	adj.不透明的，难懂的，隐晦的，晦涩的
nausea	n.恶心，呕吐感，搭配
menace	n.危险的事物，威胁，恐吓，讨厌鬼，捣蛋鬼，恐吓地，威胁地\nv.威胁，恐吓
cactus	n.仙人掌
horseback	n.骑着马
numb	adj.麻木的，失去感觉的，迟钝的，呆滞的\nv.使麻木，使失去感觉，使迟钝，使呆滞
rewarding	adj.值得做的，有益的，有意义的
hastily	v.飞快地，仓促地
academically	
socialization	n.社会化，适应社会的过程，社会主义化
falter	v.变弱，衰退，结巴地说，支支吾吾地说，犹豫，踌躇，蹒跚，踉跄，摇晃
fuss	n.紧张不安，大惊小怪，小题大做，无谓的关注，大吵大闹\nv.烦恼，过于讲究细节，吵闹，对某人
warden	n.监察员，管理人，护林员，公园管理员等，监狱长
amazement	n.吃惊，惊奇
famously	v.关系很好，著名地，出名地
orchid	n.兰花，见图
pluralism	n.多元化，多元文化，多元主义
pouch	n.小袋，见图，邮件袋，文件袋，侧袋
miraculous	adj.不可思议的，神奇的，非凡的，神迹的
crackdown	n.取缔，制裁，镇压
humiliate	v.使蒙羞，羞辱
willingly	
gravitational	adj.引力的，重力引起的
unnoticed	v.不被注意的
racially	
cherokee	
tyranny	n.暴虐，专横，暴政，苛政，专制统治，多数人的暴政，严酷的事物
breadth	n.宽度，阔度，广泛性，广度
vividly	
heavenly	adj.极好的，令人非常愉快的，非常美丽的，天堂的，天国的
scurry	v.急跑，急走，急赶
gangster	n.黑帮成员
sterile	adj.不能生育的，不育的，无菌的，消过毒的，刻板的，缺乏新意 的，呆板的，乏味的
orphanage	n.孤儿院
multilateral	adj.多国的，多边的
extinct	adj.灭绝的，绝种的，绝迹的，消亡的，死的，不再活跃的
cupboard	n.橱柜，衣柜，碗柜，食品柜，见图
impetus	n.刺激，推动，促进，动量，冲力
muted	adj.减弱的，温和的，委婉的，柔和的，不耀眼的，柔和的，弱化的
plump	adj.丰满的，胖乎乎的，圆润的，饱满的\nv.使更圆，使更软，突然重重地坐下，蓦地扔下，膨胀柔软
lad	n.男孩，年轻男子，小伙子，伙伴，哥们儿，伙伴之一
unilateral	adj.一方的，单边的，单方面的，单方面 裁军
gorilla	n.大猩猩，凶悍的彪形大汉
assimilation	n.吸收，同化
residency	n.居住权，居留许可，驻留时间，驻留期，居住，定居，专科住院医生实习期
asshole	n.笨蛋，蠢货，忌词勿用。，屁眼，肛门
cloning	
futile	adj.无用的，徒劳的
cultivation	n.开垦，耕作，栽培，种植，培养
salty	adj.咸的，含盐的，不正经的，下流的
posit	v.认为，假定
cutter	n.切割器具，刀具，切割工，剪裁工，小艇
bowel	n.肠，排大便，肠道，大解，排便
reshape	
refinery	n.精炼厂，提炼厂，精制厂，炼油厂
conspicuous	adj.显著的，显眼的，引人注目的，引人注目的，惹人注意的，因缺席而引起注意
tenor	adj.次中音的\nn.男高音，男高音声部，一般趋向，一般进程
ordinarily	v.通常地，一般情况下，平常地，普普通通地
emptiness	n.空虚，寂寥，空旷
platoon	n.排
hustle	n.忙碌，喧闹，欺诈行为，卖力，努力\nv.推搡，硬挤，拼命干，努力干，匆忙做某事，仓促去某处
barefoot	v.赤脚的
invasive	adj.有创的，需手术的，扩散性的，侵入的，入侵性的，扩散的
upbeat	adj.乐观的，积极向上的
ruthless	adj.无情的，冷酷的，坚决的
placebo	n.安慰剂，无效对照剂，安慰剂效应
outlaw	n.不法之徒，逃犯\nv.将…定为非法，全面禁止
cripple	n.跛子，瘸子，感情有缺陷者\nv.使跛，使瘸，严重损坏
ballad	n.抒情歌曲，情歌，叙事诗歌，民歌，歌谣
braid	n.带子，穗带，发辫，辫子，见图\nv.把…编成辫子，把…打成缏子
shady	adj.背阴的，成荫的，可能不诚实的，可疑的，不正当的
footing	n.状况，基础，立足之本，以平等的地位
waver	v.减弱，动摇，犹疑不决，举棋不定，摇曳，摇摆
salient	adj.重要的，显著的，突出的
carcass	n.动物尸体，残骸，骨架
motorist	n.汽车驾驶员，司机
screenplay	n.电影剧本
banish	v.驱逐，赶走，驱除，排除，放逐，将…驱逐出境
magician	n.巫师，术士，魔术师，变戏法的人
prophecy	n.预言
broom	n.扫帚，见图，金雀花
candid	adj.坦诚的，率直的，直言不讳的
trendy	adj.时髦的，受新潮思想影响的\nn.时髦人物，追逐时尚的人
ecstasy	n.狂喜，欣喜若狂，变得欣喜若狂，“狂喜”迷幻药
unison	n.一起，一齐，共同，一致
unthinkable	adj.不能接受的，难以置信的，难以想象的，难以想象 的事情
bestow	v.给予，赠给，授予
assimilate	v.吸收，理解，掌握，融入，同化
beet	n.甜菜，甜菜，甜菜根，见图，脸红的
bandage	n.绷带，见图\nv.用绷带包扎
intimidating	adj.令人紧张不安的，令人胆怯的
fairway	n.球道，见图
gloom	n.昏暗，幽暗，忧郁，绝望，搭配
misconception	n.错误想法，误解，错误印象
lining	n.衬里，里子，见图，膜，内膜
hoist	n.吊升机械，起重机，吊起，提起，升起\nv.吊起，升起，提起，搬起石头砸自己的脚，害人反害己
tangle	n.纠结的一团，乱成一团，纷乱，混乱，争吵，打架\nv.缠结在一起，乱成一团，争吵，打架
rearrange	v.重新整理，重新布置，重新安排
undertaking	n.任务，事业，许诺，保证，丧葬业，殡仪业
flier	n.flyer的另一种拼法
hasten	v.加速，加紧，抢着，急忙，赶快，我得赶紧补充说，赶往
jagged	adj.凹凸不平的，锯齿状的，见图，表面
prolong	v.延长，拉长，拖长，延长痛苦
doughnut	n.炸面圈，多福饼，甜甜圈
dysfunction	
relinquish	v.放弃，交出
commence	v.开始，着手，语体
hesitant	adj.犹豫的，迟疑的，有疑虑的
flurry	n.一阵忙乱，微飘，一阵
apprehension	n.忧虑，担心，逮捕，拘捕，了解，明白
clog	n.木底鞋，木屐，见图\nv.阻塞，塞住
dismal	adj.凄凉的，阴沉的，差劲的，不成功的，糟糕的
noteworthy	adj.值得注意的，显著的
plume	n.飘升的烟状物，羽毛，大羽，羽饰\nv.飘升
Emmy	n.艾美奖
sweetness	n.甜，芬芳，愉悦，美好，和蔼可亲，亲切友善
algae	n.藻类
infantry	n.步兵
unmarried	adj.未婚的，独身的
sloppy	adj.马虎的，不仔细的，草率的，宽松的，不整洁的，邋遢的，痴情得可笑的，肉麻的，不够结实的，软塌塌的
transcribe	v.记录，记下，誊写，抄写，标注，把…转成另一种语言
predicament	n.困境，窘况，尴尬的处境
sinus	n.窦，窦道
garnish	n.装饰菜\nv.在上加饰菜
override	v.否决，改变，比…更重要，凌驾，超驰控制，超控，使用手动控制让停下来
notch	n.等级，水平，切口，凹口，刻痕，山峡，峡谷\nv.赢得，获取
attentive	adj.注意听的，关注的，注意的，专心的，照顾周到的
perish	v.死亡，腐坏，老化，但愿…不会成真
tangled	adj.纠结的，缠绕在一起的，复杂的，混乱的
donkey	n.驴，很久，多年
healer	n.用自然力的治疗师，抚平创伤的事物
dealership	n.特许经销商
blueberry	n.越橘果，蓝莓，越橘树，蓝莓树，见图
vicinity	n.在…附近，大约 300万英镑，1,500美元，20亿年等
humility	n.谦逊，谦恭
pleasing	adj.使人愉快的，惬意的
televised	
caffeine	n.咖啡因，咖啡碱
locus	n.地点，中心，核心
anthem	n.颂歌，圣歌，赞美诗，经典歌曲
vanity	n.虚荣，自负，梳妆台，某事物的微不足道
mango	n.芒果，见图
bulky	adj.庞大的，笨重的，体积大的，又高又胖的，大块头的
limp	adj.软的，不强壮的\nn.跛行\nv.跛行，一瘸一拐地走，缓慢地行进，艰难地行驶，艰难地进展
motionless	adj.一动不动的，静止的
tickle	n.痒，发痒，挠某人痒痒\nv.呵痒，搔痒处，使发痒，使感到痒，使开心，使高兴
bony	adj.骨瘦如柴的，瘦得皮包骨的，多骨的，多骨的，骨质的
scour	v.搜寻，翻找，搜查，擦净，擦亮，见图，清洁
freshwater	adj.淡水的，见图，生活在淡水中的
dilute	adj.稀释的，冲淡的\nv.稀释，使变淡，降低，削弱
billionaire	n.亿万富翁
kite	n.风筝，见图，鸢，空头支票\nv.增加，开，使用 骗钱
compress	n.敷布，压布\nv.压紧，压缩
waterway	n.水路，航道
jockey	n.赛马骑师，见图\nv.激烈竞争
skyline	n.轮廓，天际线
lunge	v.猛扑，猛冲
mortal	adj.不会长生不死的，终有一死的，致命的打击，危险，伤害等\nn.普通人，草民，平民百姓，凡人
ascend	v.上升，升高，攀登，登上，语体，通往高处，向上，上升
ultraviolet	adj.紫外线的
twig	n.细枝，嫩枝，见图\nv.突然明白，突然懂得
downhill	adj.下坡的，都是容易做的，一切都好办了\nv.向山下，恶化，每况愈下
pageant	n.盛大的演出，选美，缤纷场景
ashore	v.在岸上，向岸上
rectangular	adj.长方形的，矩形的
eldest	adj.年龄最大的
rum	adj.异常的，古怪的，离奇的\nn.朗姆酒，一杯朗姆酒
alligator	n.短吻鳄，见图，短吻鳄皮革
overshadow	v.使显得较不重要，使相形见绌，给蒙上阴影，遮蔽，遮挡
persuasion	n.说服，劝服，信仰，信念，…种类的，…派别的
unhealthy	adj.对健康有害的，会致病的，反常的，病态的
repeal	v.废除
ensue	v.继而发生，因而发生
intimately	
havoc	n.灾难，混乱
bilingual	adj.双语的，包含两种语言的，会说两种语言的
borrower	n.借款者，借方
evade	v.不谈论某事物，回避谈论，不做某事，逃避
terrified	adj.非常害怕的，极度惊恐的
chlorine	n.氯，氯气
sulfur	n.sulphur的美式拼法
riches	n.财富，财宝
inference	n.推论，推断的结果，推理，推断
sane	adj.心智健全的，神志正常的，明智的，理智的，不让某人担忧，让某人冷静下来
robber	n.强盗，盗贼，抢劫者
monarchy	n.君主政体，君主制，君主国，君主及王室成员
deity	n.神，女神
somber	
engulf	v.吞没，包围，完全包围，遮住
unsettle	v.使心绪不宁，使担忧
subtly	
containment	n.控制，抑制
magnify	v.放大，夸张，夸大，使加重，放大
colonist	n.殖民地开拓者，殖民地居民，移民
admirer	n.爱慕者，崇拜者
ascertain	adj.语体\nv.弄清，确定，查明
misguided	adj.帮倒忙的，错误的
sinister	adj.不祥的，凶兆的，阴险的，邪恶的
outburst	n.突然迸发，突发，激增
incarnation	n.前世，今世，来世，阶段，某事物的化身，道成肉身
mower	n.割 草机，草坪修剪机，刈割者
auditorium	n.听众席，观众席，音乐厅，礼堂，会堂
microscopic	adj.极小的，微小的，小得难以看清的，用显微镜的
poisoning	n.中毒，酒精，铅，辐射等中毒
caretaker	n.管理员，看管人，代理经理，看守政府
juggle	v.玩杂耍，边抛边接，玩杂耍，见图，同时应付
plainly	v.明晰地，清楚地，坦白地，直率地，简单地，简朴地，朴素地
limousine	n.大型豪华轿车，见图，机场巴士
plentiful	adj.丰富的，充足的
guitarist	n.吉他手，弹吉他者
starvation	n.挨饿，饥饿，饿死，饥饿节食，不够维持基本生活的工资，极低的工资
deflect	v.转向，偏斜，转移，引开，干扰，使分心
defiance	n.违抗，拒绝服从
luminous	adj.发光的，夜明的，色彩鲜艳的
shear	v.给剪羊毛，给剪，被剥夺了某事物，折断，扭断
amplify	v.放大，增强，详述，阐述
lofty	adj.巍峨的，高耸的，高尚的，崇高的，高傲的，傲慢的
foyer	n.休息厅，门厅，酒店，剧院，电影院等门厅
staggering	adj.大得惊人的，令人吃惊的
modernist	
snowy	adj.多雪的，积雪的，雪白的，纯白的
casket	n.小盒，小箱，见图，棺材
inauguration	
rot	n.腐败，腐烂，腐烂部分，腐化，堕落，阻止不良情况恶化\nv.腐败，腐烂，烂在地狱里，监狱里
horrify	v.使震惊，使毛骨悚然
fume	v.生气，冒烟，冒气
meager	
dent	n.凹痕，凹坑，见图，减少，削减，耗减\nv.撞凹，瘪进，见图，损害，伤害
pollen	n.花粉
remotely	v.稍微，略微，毫无兴趣，趣味，可能等
rusty	adj.生锈的，荒疏的，荒废的，生疏的
terrestrial	adj.地球的，陆地的，陆生的，陆栖的，地面电视
jug	n.壶，罐，【英】，【美】罐，酒瓶
alienation	n.疏离感，疏远
perk	n.额外收入 ，津贴\nv.滤煮，活跃 起来，看起来更为鲜亮
permeate	v.渗透，渗入，弥漫，充满，充斥
defiant	adj.违抗的，反叛的
swollen	adj.肿起的，肿胀的，涨满的，涨水的，骄傲自满，自负，自高自大\nv.swell 的过去分词
grunt	n.呼噜声，嘟哝声，咕哝声，做粗活工资低的工人，步兵\nv.发出哼声，嘟哝着说，发出咕噜声
loophole	n.漏洞，空子，法律，税收的漏洞，搭配
bash	n.猛击，痛打，热闹的聚会，痛快的玩乐，狂欢，试试看\nv.猛击，猛撞，严厉批评，猛烈抨击，继续努力工作，大量地粗制滥造
acquaint	v.熟悉某事，了解某事，把某事告知某人
statistic	adv.搭配\nn.统计数字，统计学，统计数据，一个数据
afflict	v.使受痛苦，折磨
pollster	n.民意调查者，民意测验者
apiece	v.每个，每人，每件
amass	v.积聚，积累，大量收集
skater	
implicitly	
slum	n.贫民窟，贫民区，非常脏乱的地方\nv.过穷日子，过简陋生活
inefficient	adj.效率低的
soaring	
cyclist	n.骑自行车者
sidebar	n.补充报道，花絮报道，私谈，私下商量
traverse	n.横过山坡\nv.跨过，穿过，横越，横穿
protector	n.保护者，保护物
thermometer	n.温度计，寒暑表，体温计，糖果，肉类温度计
hippie	n.嬉皮士
disdain	n.鄙视，轻视，藐视\nv.鄙视，轻视，藐视，不屑于做某事
prominently	
vigor	n.vigour的美式拼法
comer	n.感兴趣的人，想参加的人，来者
savvy	adj.聪明有见识的，能应对实际情况的\nn.实际知识和能力，见识
oppressive	adj.暴虐的，残酷的，不公平的，闷热的，令人烦闷的，压抑的，令人郁闷的
mow	v.割，刈，新割的牧草，草等，大量杀死，扫杀
unnatural	adj.不正常的，反常的，看似虚假的，不真实的，不自然的
precursor	n.前身，先驱
poignant	adj.令人伤心的，令人充满同情 的
vibrate	v.颤动，震动，振动
swoop	n.突然袭击，突击搜查，向下猛冲，猛扑\nv.向下猛冲，向下猛扑，突然袭击，突然搜查
marketer	
minivan	n.小客车，小面包车
cleansing	
impart	v.赋予，给予，传授，透露，告知
parachute	n.降落伞，见图\nv.跳伞，空投
centralized	
trafficking	n.非法买卖，非法交易，贩卖人口
treadmill	n.跑步机，见图，体育运动中心，单调而枯燥的工作
discontent	n.不满意，不满足，不愉快
coaster	n.垫子，托垫，沿海航行的轮船
dissident	n.持不同政见者
faintly	
amuse	v.使开心，逗笑，语体，他们觉得那笑话真是好笑。，给…提供娱乐
arousal	n.唤起，激起
hiker	n.徒步旅行者，远足者
mommy	n.妈咪
speedy	adj.迅速的，快速的，及时的，快速的
underline	v.在…之下画线，强调，使突出
eclectic	adj.兼收并蓄的，博采众长的\nn.博采众长的人
intimidation	
newfound	
stained	
snag	n.小问题，小障碍，语体，残桩，暗桩\nv.划破，钩破，获得，抢到
sly	adj.狡猾的，狡诈的，诡秘的微笑，一瞥，眨眼等
relegate	v.降低…的地位，贬低，将降级
prom	n.高中生正式舞会，滨海步行道，漫步音乐会
quantify	v.测定…的数量，用数量表示，量化
conspire	v.密谋，共谋，搞阴谋，凑在一起，共同导致
geologist	
pundit	n.权威，专家
bearded	
oust	v.强迫放弃职权，把…撵走
shadowy	adj.神秘的，难以捉摸的，多阴影的，幽暗的，模糊的
abdomen	n.腹，见图
entice	v.诱惑，诱使
speculative	adj.猜测的，猜想的，投机的，揣摩的，忖度的
interpretive	adj.解释的，理解的，表演的，演绎的
recurring	
uniformed	adj.穿制服的
Communion	n.交流，交融，教会，教派，宗教团体，圣餐
deterrent	n.制止物，威慑物，威慑力量，核威慑力
swelling	n.肿块，肿胀处，膨胀，肿胀
squarely	v.直接地，坚定地，完全地，毫无疑问地，端端正正地
storyteller	n.讲故事的人
timeless	adj.万古长新的，永不过时的，永恒的，恒久的
pioneering	adj.开创性的，先驱的，探索性的
demolish	v.拆毁，毁掉，推翻，驳倒，彻底摧毁，彻底破坏，轻易击败
berth	n.泊位，停泊处，卧铺，铺位，舱位\nv.停泊，使停泊
radiant	adj.容光焕发的，喜悦的，灿烂的，明亮的，辐射的，放射的
orbital	adj.轨道的，环城的\nn.外环高速公路
backbone	n.脊骨，脊柱，见图，某事物的骨干，骨气，毅力
nope	v.不，不是
marrow	n.骨髓，西葫芦，冷得刺骨，惊得目瞪口呆等
furiously	
transnational	adj.跨国的，在多国经营的
greasy	adj.多脂的，沾油脂的，油腻的，见图，表面，滑的
checkpoint	n.关卡，检查站
iris	n.鸢尾属植物，见图，虹膜
stitch	n.缝纫，一针，缝，缝合伤口\nv.缝，缝合，缝补，缝缀，拼凑起，组织起，安排，筹备
supernova	n.超新星
bonding	n.特殊关系的形成，男人之间，女人之间的感情联络，键合
postseason	adj.赛季后的
denote	v.意指，表示，表示，代表
devoid	adj.毫无某物，完全没有某物
immoral	adj.不道德的，道德败坏的，放荡的，淫荡的，伤风败俗的
assorted	adj.各种各样的
armchair	adj.神游者，光说不练的球迷等\nn.扶手椅，见图
NAFTA	
stiffen	v.变僵直，绷紧，变坚强，变强硬，变严厉
grieve	v.感到悲痛，使伤心
receptive	adj.乐于接受的，愿意倾听的
seminary	n.神学院，学校
Populist	adj.代表人民的，平民主义的
bathtub	n.浴缸，澡盆
darkened	
harness	n.挽具，马具，系带，见图，做正常工作\nv.控制，将拴在一起，将拴到…上，给套上挽具
leftover	adj.剩余的，未用完的，未吃完的\nn.剩饭菜，遗留物，残存物
coercion	n.强迫，胁迫，逼迫
fatality	n.死亡，致命性，宿命，听天由命
drizzle	n.蒙蒙细雨，毛毛雨\nv.下蒙蒙细雨，下毛毛雨，洒
walkway	n.人行通道，连廊
dissipate	v.消散，消失，浪费，挥霍，耗费
publicize	v.公布，宣传，宣扬，被广泛报道
incompetent	adj.不称职的，不胜任的
chaplain	n.牧师，神父
subordinate	adj.下级的，从属的，次要的\nn.部下，下级，部属\nv.使处于次要地位，使从属于
visibly	v.显然，明显地，显而易见地
semifinal	
pediatrician	n.paediatrician的美式拼法
uninsured	
finale	n.终场，最后一幕，终曲，结尾，大结局
mahogany	n.桃花心木，红木，桃花心木科的树，深赤褐色
bulge	n.膨胀，鼓起部分，骤增，暴涨\nv.鼓起，胀出
reimbursement	
ensuing	adj.随后的，因而发生的，随后的几天，几个月
diocese	n.主教辖区，教区
pessimistic	adj.悲观的，悲观主义的
quarry	n.采石场，追捕的对象，猎物\nv.开采，挖
Dane	n.丹麦人
savior	
obscene	adj.猥亵的，淫秽的，下流的，不公平的，不道德的，令人震怒的
scarcity	n.不足，短缺，稀少
cynicism	
combustion	n.燃烧
grandma	n.奶奶，外婆
invader	n.侵略军，侵略者
ventilation	
turbulent	adj.骚乱的，动乱的，风大浪高的，狂风大作的
holistic	adj.整体的，全面的，整体医学，治疗，疗法等
inviting	adj.诱人的，吸引人的
manure	n.粪肥
tenet	n.原则，信条，宗旨，教义
straddle	v.跨坐，跨立，横跨…的两边，跨越…的两边，包括，跨越
longitudinal	adj.纵观的，纵长的，纵向的，经度的
affirmation	
ethnographic	
luncheon	n.午餐，午宴
aggravate	v.使加重，使恶化，惹怒，激怒
insanity	n.精神错乱，极端愚蠢的行为
cornerstone	n.基础，柱石，基石，奠基石
exaggerated	adj.夸大的，言过其实的，夸张的，引人注目的\nv.搭配
rustic	adj.质朴的，乡村的，乡村风味的，用木头粗制的\nn.乡下人，庄稼人，乡巴佬
seductive	adj.性感的，勾引人的，有吸引力的，有诱惑力的
mantle	n.承担，负有…的责任，一层雪，一片黑暗等\nv.覆盖
rigor	n.rigour的美式拼法
gloomy	adj.令人沮丧的，令人扫兴的，阴郁的，沮丧的，阴暗的，幽暗的
disposable	adj.一次性的，用完即丢弃的，可使用的，可支配的
sling	n.悬带，吊带，吊索，吊链，背带，投石器\nv.扔，掷，抛，撵走，遣送，挂，吊，悬
warhead	n.导弹弹头，核弹头，化学弹头等
troublesome	adj.引起麻烦的，令人烦恼 的
wreath	n.花圈，花环，花冠
torn	v.tear的过去分词
annoy	v.使恼怒，使生气，语体
amidst	prep.在…中间，在…当中
managerial	adj.经理的，管理的，经营的
geometric	adj.几何图形的，几何的，几何学的
wooded	adj.多树木的，长满树木的
condemnation	n.责难，谴责，责备
nighttime	n.夜间
scribble	n.乱涂的无意义的东西，涂鸦，潦草的字\nv.潦草地写，乱涂，乱画，乱写
scorer	n.记分员，得分运动员
molest	v.对性骚扰，猥亵，调戏，袭击，伤害
contaminant	n.污染物，致污物
umpire	n.裁判员，评判员，见图\nv.当裁判
imprisonment	n.囚禁，服刑，刑期
flop	n.失败之作，重重坠下，重坠声，扑通声\nv.猛然坐下，猛然躺下，垂下，落下，失败，砸锅
revel	v.狂欢，纵酒，作乐，陶醉于，沉湎于
indicative	adj.显示出…，是…的迹象，陈述语气的\nn.陈述语气
tidy	adj.整洁的，整齐的，整洁的，爱整齐的，一大笔钱，利润\nn.整洁的，整齐的，非常整洁的，被悉心照料的\nv.使整洁，整理，收拾，把…收拾起来
blackness	
dysfunctional	adj.失常的，反常的，有机能障碍的，有故障的
typewriter	n.打字机，见图
lagoon	n.潟湖，环礁湖，小湖
ambivalence	
blizzard	n.暴风雪，大量
humorous	adj.幽默的，诙谐的\nv.语体
insofar	v.到…的程度
divisive	adj.造成不和的，导致分裂的
buyout	n.控制股权收购
unmistakable	adj.不会弄错的，清楚明白的，显然的
beware	v.谨防，当心，注意
melon	n.甜瓜，香瓜，见图
smoky	adj.烟雾弥漫的，冒出大量烟的，有烟熏味的，似烟的
sensational	adj.令人极度兴奋的，轰动的，大肆渲染的，耸人听闻的，极好的，绝妙的
usefulness	n.有用，实用性
wrath	n.愤怒，狂怒
videotape	n.录像带\nv.把…录在录像 带上
pertinent	adj.直接相关的，有关的
vineyard	n.葡萄园，见图
condominium	n.公寓，公寓楼
nontraditional	
unanswered	adj.未回答的，未解答的，悬而未决的，未回复 的
shimmering	
flinch	v.退缩，畏缩，尴尬，生气，不回避某事
pulpit	n.讲坛，布道坛
presumption	n.假定，推测，设想，推定，认定
endow	v.捐款，资助，使 …具有，天生具有，给予，赋予
downplay	v.淡化…的重要性，对…轻描淡写
anyhow	v.尽管如此，至少，随便地，杂乱无章地
bullshit	n.瞎扯，胡说八道，废话\nv.胡说，瞎吹，乱说
acknowledgment	
racket	n.吵闹，喧嚣，敲诈，勒索，非法勾当，球拍
vocation	n.使命感，天职，工作，职业，神召
waterfront	n.滨水地区，水边土地
rounded	adj.圆形的，全面的，一应俱全的，完善的
levee	n.堤，堤岸
abandonment	
tart	adj.酸的，尖刻的回答，话语等\nn.甜馅饼，苹果馅，糖浆馅，果酱馅等甜馅饼\nv.把…装饰得俗丽，打扮自己
favored	adj.favoured的美式拼法
witty	adj.说话风趣的，妙趣横生的
stale	adj.不新鲜的，变味的，不新鲜的，污浊的，不再有趣的，没有新意的，乏味的，疲沓的，厌倦的，腻烦的
obedience	n.服从，顺从，遵从，盲目的，毫无怀疑的，完全的服从
equitable	adj.公平合理的，公正的
careless	adj.不小心的，粗心的，疏忽的，自然的，随意的，不担心的，不在意的\nn.不小心的，粗心的，疏忽的，笨拙的，不灵活的，马虎的，不仔细的，草率的，轻率的，鲁莽的
fret	n.品\nv.烦恼，发愁
disseminate	v.散布，广泛传播
fetal	adj.foetal的一般美式拼法
flatter	v.奉承，讨好，向…献媚，使显得漂亮，使显得更重要，自以为，自信
worldview	
injunction	n.禁 令，训谕，忠告，指令
errand	n.差事，跑腿
lapse	n.疏忽，失误，疏忽，过失，过错，时间间隔\nv.慢慢结束，逐渐中止，期满终止，失效，语体，放弃
rapist	n.强奸犯
kitten	n.小猫，焦虑，烦躁
realist	n.现实主义者，务实的人，现实主义作家
hamlet	n.小村庄
photon	n.光子
frying	
ballistic	adj.突然发怒
improvisation	
barge	n.驳船，平底载货船\nv.笨拙地走动，乱碰乱撞，闯入，打扰
runaway	adj.失控的，轻易的，迅速的，控制不住的\nn.离家出走者
envoy	n.使者，使节
coexist	v.共存，共处
sucker	n.人，容易上当受骗的人，傻瓜，对某人\nv.骗去做
judiciary	n.司法部，司法系统
chromosome	n.染色体
traitor	n.卖国者，叛徒，背叛者
unconventional	adj.非常规的，不落俗套的
markedly	
espouse	v.支持，拥护
powdered	adj.粉状的，以粉状出售的，布满粉的，涂粉的
chopper	n.斩肉刀，屠刀，直升机，前轮伸出式摩托车
adherence	n.坚持，信守，信奉
showdown	n.摊牌，最后的较量
traction	n.牵引术，附着摩擦力，牵引力
sunscreen	n.防晒霜，防晒油
graveyard	n.墓地，坟场，垃圾场，失败之处，失意之地
rodent	n.啮齿动物
scientifically	
lame	
journalistic	
iceberg	n.冰山
parrot	n.鹦鹉，见图，鹦鹉学舌般，机械地\nv.不假思索 地重复，鹦鹉学舌般重复
midtown	v.靠近市中心区，在市中心附近
deserted	adj.空寂无人的，被遗弃的妻子，丈夫，孩子等
faulty	adj.有故障的，有缺陷的，错误的
unification	n.联合，统一
thump	n.重击声，砰的一声，重击，狠打\nv.捶打，重击，发出重击声，砰砰作响，噔噔地跑
paralysis	n.瘫痪，麻痹，不知所措，瘫痪，停顿
strew	v.撒，散播，充满某事物，散布于，点缀于
tempo	n.速度，节奏，步调
acquit	v.宣判…无罪，表现好，得体
wilt	v.枯萎，凋谢，花凋谢了。，这盆植物枯萎了。
enrichment	
botanical	adj.植物的
divinity	n.神学，神性，神
flowing	adj.松松垂下的，飘拂的，平滑的，连贯的
wane	n.正在减小，日渐衰败\nv.逐渐减弱，亏，缺
unfairly	
forceful	adj.气势强大的，易说服人的，有力的，有说服力的，有影响力的，有力度的，强迫的，使用武力的
tack	n.钉子，平头钉，工字钉，见图\nv.把…钉上，抢风航行，暂缝，粗缝，增补，附加
emblem	n.标志，徽章，纹章，标志，象征
bland	adj.平淡乏味的，平淡无奇的，淡而无味的
styling	n.款式，样式，定型产品，摩丝，喷发胶等
stakeholder	n.参与人，投资者，有权益关系者，财产保管人，赌金保管人
hegemony	n.霸权，支配权
homage	n.致敬
mashed	adj.捣烂的，醉酒的，恍惚的
displaced	
thriving	adj.欣欣向荣的，兴旺发达的
mobilization	
psychosocial	
clipping	n.剪报，剪下物
immensely	v.非常，极度
imagined	
palpable	adj.明显的，显而易见的，完全的，彻底的
mantra	n.曼怛罗，老话，口头禅，曼怛罗，真言
whim	n.突发的念头，一时的兴致
spotted	adj.有圆点的，有斑点的
watchdog	n.监察委员会，监察人员，看门狗
pickle	n.腌菜，泡菜，醋渍黄瓜，腌黄瓜，处于困境\nv.腌制
stationary	adj.不动的，静止的
continual	adj.持续的，不间断的，多次重复的，频繁的
ridicule	n.嘲笑，奚落\nv.嘲笑，奚落，讥笑
denim	n.粗斜棉布，劳动布
pitching	
rectangle	n.长方形，矩形，见图
angular	adj.瘦骨嶙峋的，有尖角的
imperfect	adj.有缺点的，不完美的\nn.未完成过去式
revert	v.恢复，回复，回到，重提，归还
periphery	n.外围，边缘，稍有牵连的，处于外围的
patronage	n.赞助，资助，惠顾，光顾，恩惠
startled	
clinician	n.临床医师
hospitalize	v.送入院治疗
ringing	adj.洪亮的，响亮的，清脆的，强有力的支持
comparatively	v.相对地，比较地
poisonous	adj.有毒的，引起中毒的，充满敌意的，令人很不愉快的，以挑拨是非为乐的\nv.搭配
statesman	n.政治家
Marxist	adj.马克思主义的\nn.马克思主义者
stimulating	adj.使人兴奋的，饶有趣味的，充满新思想的，增加活力的，让人兴奋的
zest	n.热心，热情，兴趣，刺激性，趣味性
appointee	
invaluable	adj.极有价值的
infusion	n.注入，灌输，注射，注射用药物，草药泡剂
ulcer	n.溃疡
proactive	adj.积极的，主动的，预先采取行动的，先发制人的
shampoo	n.洗发剂，香波，洗头发，洗发并做发型，洗涤剂\nv.用洗发剂洗，用洗涤剂洗
translucent	adj.半透明的
brutally	
triumphant	adj.扬扬得意的，耀武扬威的，胜利的，成功的
sensual	adj.肉体上的，官能的，喜欢 感官享受的，刺激性欲的，性感的
hoof	n.蹄，见图，顺便，顺带着\nv.跑，快步走
chandelier	n.枝形吊灯，见图
contaminated	adj.被污染的
halve	v.将…减半，把…分成两半，对半分
concentrated	adj.浓缩的，全神贯注的，全力以赴的
unpaid	adj.未支付的，未偿还的，不收报酬的，无偿的
enthusiastically	
precarious	adj.不稳定的，不安全的，危险的，可能倒的，不稳的，不牢靠的
grassy	adj.长满草的
mosaic	adj.摩西的\nn.马赛克，镶嵌图案，镶嵌画般的东西，镶嵌细工似的图案
winding	
rosy	adj.充满成功希望的，美好的，粉红色的
downstream	v.顺流而下，向下游方向
shredded	
clam	n.蛤，蛤蜊，蚬，见图\nv.突然闭口，突然沉默不语
breathtaking	adj.激动人心的，惊人的，令人惊叹的
passionately	
avalanche	n.雪崩，雪片般飞来的某物，突然大量到来的某物
robotic	adj.机器人的，像机器人的，呆板机械的
squadron	n.飞行中队，海军分遣舰队
festive	adj.欢乐的，欢庆的，节庆场合，纪念活动，圣诞节期间
biker	n.摩托车手，骑自行车 的人
ramification	n.衍生后果，派生影响
sluggish	adj.行动缓慢的，反应迟缓的
grope	n.爱抚\nv.摸索，摸索着走，努力寻找，爱抚
venerable	adj.令人尊敬的，年高德劭的，尊者…，…法师
seventeenth	
microbe	n.微生物
repetitive	adj.重复乏味的
footnote	n.脚注，补充说明
serene	adj.宁静的，安宁的，平静的
notation	n.记号，符号，记法
sanitation	n.公共卫生，环境卫生
gust	n.一阵狂风，一阵暴雨，一阵狂笑\nv.一阵阵劲吹
fluffy	adj.绒毛般的，轻而柔软的，见图，表面，松软的
stern	adj.严格的，苛刻的，具有坚强的性格，有坚定的决心\nn.船尾，艉部
incompatible	adj.不能和睦相处的，合不来的，不相容的，不能共存的，不相配的，相互排斥的
blurt	v.不假思索地说出，脱口而出，说漏嘴
vain	adj.自负的，自视过高的，虚荣的，徒劳，无结果，白白地，徒劳的\nv.搭配
vigil	n.守夜，值夜，静坐抗议
suppression	
orthodoxy	n.正统观念，普遍接受的观点
nonviolent	
stressor	
neutron	n.中子
minced	
stairway	n.楼梯
fir	n.冷杉，枞，冷杉
excavate	v.发掘，挖出，见图，挖掘，开凿
intrude	v.打扰，干涉，闯入，侵扰
holler	v.呼喊，大叫
hearty	adj.热情友好的，强健的，丰盛的，假装热情友好的
cerebral	adj.脑的，大脑的，影响大脑的，思想深奥的，诉诸理性的
cornerback	
retarded	adj.弱智的，智力发育迟缓的
modernism	n.现代主义，现代派
crocodile	n.鳄鱼，见图，鳄鱼皮，两人一排成纵队行进的人
cider	n.苹果酒，苹果汁
fidelity	n.忠诚，忠贞，忠实，忠诚，忠实，忠实性
symmetry	n.对称，相似，相等
earthly	adj.毫无缘由，用处等，尘世的，人间的
finalist	n.决赛选手，决赛队
innate	adj.天生的，与生俱来的，根深蒂固的
dearly	v.非常，很，代价巨大地，亲爱的弟兄姊妹
dope	adj.极好的\nn.毒品，蠢人，傻瓜，药物检测，内幕消息\nv.给…服用麻醉剂，给服用违禁药物，感到昏昏沉沉，觉得迷迷糊糊
parishioner	n.教区居民
snail	n.蜗牛，以蜗牛的速度，极慢地，慢吞吞地
zeal	n.热情，热忱
braille	n.布莱叶盲文
rejoin	v.重返，回到，回答，反驳
decipher	v.辨认，解释，解译，破译
exemplary	adj.模范的，可作楷模的，儆戒性的，惩戒性的
electronically	
osteoporosis	n.骨质疏松
shattered	adj.感到震惊难过的，精疲力竭的，极度疲劳的
deplete	v.减少，损耗
martini	n.马丁尼酒
perverse	adj.任性的，一意孤行的，不合情理的
proficiency	n.熟练，精通
favorably	
standoff	n.僵持
coronary	adj.冠状动脉的，心脏的，与心脏有关的\nn.冠状动脉病
obsessive	adj.痴迷的，迷恋的，过度的\nn.强迫症患者
rhyme	n.押韵短诗，儿歌，童谣，押韵词，同韵词，押韵\nv.押韵，成韵，用…押韵，使成韵
sincerely	v.由衷地，真诚地，真心实意地，谨上，敬上，谨启
analogous	adj.相似的，类似的
Colombian	
legion	adj.众多的，大批的\nn.军团，众多，大批，无数
patriarchal	adj.由男性统治 的，家长的，族长的，家长 特有的
gait	n.步态，步伐
gleam	n.微光，闪光，闪光，闪亮，闪现的光芒，某事物仅仅是某人的一个构想\nv.发微光，闪烁，闪现，表露
kosher	adj.按犹太教规制成的，供应符合犹太教规食物的，诚实可靠的，合法的
caravan	n.旅行拖车，旅行拖车停车场，大篷车，有篷马车，旅行队
unresolved	adj.未解答的，未解决的
gambler	
sect	n.派别，宗派，教派
sectarian	adj.教派之间的暴力，冲突，谋杀等，宗派的，教派的
resurrection	n.复活，复兴，恢复
brittle	adj.脆的，易碎的，脆弱的，冷淡的
adept	adj.内行的，熟练的
handicapped	adj.残疾的，弱智的，残障人士
foray	n.短暂尝试，突袭，短暂旅行
torque	n.转矩
outdated	adj.过时的，陈旧的，不合潮流的，过时的
fragmented	
coastline	n.海岸线，海岸地形
thrift	n.节省，节俭
necessitate	v.使成为必需，需要
installment	
daycare	
precipitate	adj.仓促的，贸然的，轻率的\nn.沉淀物\nv.促成，加速，沉淀，淀析，使陷入
subsistence	n.维持生活，生存，生计，生存农耕，农业等
subtract	v.减去，减掉
nourish	v.滋养，给…营养，保持，怀有，培养
slug	n.鼻涕虫，蛞蝓，子弹，少量烈酒，硬币状金属片，假硬币\nv.决出胜负，决一雌雄，用拳猛击，猛击，狂饮
understandably	
likeness	n.相似，相像，画，肖像，相片
strategically	
scold	n.语体\nv.责骂，斥责
hysteria	n.歇斯底里，狂热情绪的爆发，癔病
upbringing	n.抚育，养育，培养，教养，搭配
sixteenth	n.十六分之一
intolerance	n.偏狭，偏执，不容异己，种族
drinker	n.经常喝酒的人，酗酒者，酒徒，常喝咖啡，葡萄酒
festivity	n.庆祝活动，庆典，欢乐，欢庆
reflex	n.反应能力，反射动作，反射作用，下意识的动作，本能反应
rebuilding	
barrage	n.掩护炮火，弹幕，火力网，连珠炮似的批评，拦河坝，堰堤
inspiring	adj.鼓舞人心的，启发灵感的
slowdown	n.减少，减速，怠工
conglomerate	n.大型联合企业，企业集团，工业，金融，媒体等集团
rust	n.锈，铁锈，锈病\nv.生锈，锈坏，锈烂
cheerleader	n.啦啦队队员，见图，鼓励者
insulate	v.使绝缘，使隔热，使隔音，使免除
honorary	adj.荣誉的，名誉的，无报酬的，名誉的
disproportionate	adj.不均衡的，不相称的，不成比例的
consolation	n.安慰，起安慰作用的人
dissatisfied	adj.不满意的，不满足的
operative	adj.运作中的，工作着的，可使用的，最重要的词，关键词，与医疗手术有关的\nn.工人，技工，特工，特务，间谍，密探，中央情报局，联邦调查局
Englishman	n.英格兰男人，英国人的家就是他的城堡
transmitter	n.发报机，发射机，传送者，传输者，传播者，传播媒介
bailout	
curricular	adj.课程的
anthology	n.选集
vacancy	n.空位，空缺，空房间，无聊，空虚
imprint	n.印记，压痕，出版者名称\nv.在…上压印，铭记在心，留在脑海里
audition	n.试镜，试演，试唱\nv.试演，试唱，对…面试，让…试演
receptionist	n.接待员，见图，住的地方
addictive	adj.使人成瘾的，使人入迷的，使人沉溺其中的
unbearable	adj.难以忍受的，承受不住的，无法容忍的
notoriously	
wares	n.商品，货物
prehistoric	adj.史前的，有历史记载以前的，非常陈旧的，老掉牙的
eloquent	adj.雄辩的，有口才的，能言善辩的，清楚表明的，形象显示的
nicotine	n.尼古丁，烟碱
globally	
nongovernmental	
regiment	n.团，大群，大量\nv.严格控制
ascent	n.上升，攀登，向上的路，上坡路，提高，前进
apricot	n.杏，杏黄色，见图
quaint	adj.奇特的，别致的，古色古香的
seedling	n.籽苗，种苗，幼苗，见图
herring	n.鲱鱼
nigger	n.黑鬼
tofu	n.豆腐
thirsty	adj.渴的，口渴的，渴望的，渴求的，干旱的，缺水的
anecdotal	adj.轶事的，趣闻的
tapestry	n.挂毯，壁毯，丰富多彩的画面
skid	n.打滑，见图，处境越来越坏的，使某事失败\nv.打滑，失控滑向一侧，见图
smoked	adj.熏三文鱼，咸猪肉，香肠等
hospice	n.临终安养院，善终医院
adjective	n.形容词
brilliance	n.才智，才华，光辉，灿烂
scarlet	adj.绯红色的，猩红色的，鲜红色的，涨得通红
misfortune	n.不幸，厄运，不幸事故，灾难，搭配
hostess	n.女主人，女主持人，女领座员，女招待
abuser	
inception	n.开创，开端
clad	adj.穿衣服的，穿得暖和的，得体的，单薄的
reverence	n.尊敬，崇敬
winery	n.酿酒厂
balk	v.畏缩不前，犹豫，突然止步，拒绝跳跃，做假动作，佯投，阻止，妨碍
monstrous	adj.极端错误的，道德败坏的，极不公正的，巨大的
obese	adj.病态肥胖的，臃肿的
thoughtfully	
lecturer	n.讲课者，讲授者，演讲者，讲师
profess	v.自称，伪称，妄称，声称自己无辜，声称，公开表明
unintended	
jihad	n.圣战，奉献，牺牲
moratorium	n.暂停，允许延期偿债的法律
ore	n.矿石，矿砂
headnote	
sprig	n.带叶 的小枝
pharmacist	n.药剂师
monologue	n.长篇独白
feud	n.长期不和，长期争斗，世仇\nv.长期争斗，结仇，结怨
embryonic	adj.萌芽阶段的，胚胎的
casserole	n.炖锅菜，砂锅菜，炖锅，砂锅，见图\nv.用炖锅 烹饪
audible	adj.听得见的
beaten	adj.偏远的，人迹罕至的，被踏成的，走出来的，颓丧的，失意的，锻打的，锤薄的
disgrace	n.丢脸，耻辱，出丑，是耻辱，是丢脸的事\nv.给…丢脸，给…带来耻辱，被羞辱
resurgence	n.复苏，再次出现，再起
squirm	v.扭动，蠕动，扭来扭去，羞愧难当，极为困窘
fledgling	adj.新形成的\nn.学飞的幼鸟
brilliantly	
pantry	n.食品储藏室
anew	v.重新开始，重新，再
RBI	
fuse	n.保险丝，烧断保险丝，见图，引信\nv.结合，融为一体，结合，融合，熔断，熔化
fabricate	v.编造，捏造，语体，制造，生产
sow	n.母猪，牝猪\nv.播，散布，激起，生活放荡，滥交
modernize	v.使现代化，采用现代方法和设备，现代化
disapproval	n.不赞同，反对
tendon	n.腱
avocado	n.鳄梨，牛油果，见图
GNP	n.国民生产总值
getaway	n.逃跑，逃走，作案后逃跑用的汽车，车辆，面包车
plaid	n.彩格，格子，见图，彩格呢披肩
complexion	n.面色，面容，气色，苍白，白皙，红润等的面色
wrench	n.扳手，扳钳，破坏 某事物，伤感，离愁别绪，猛拧，猛扭，猛拉\nv.猛扭，猛拧，猛拉，挣脱开来，扭伤
collateral	adj.附带性的破坏，波及无辜，附属的，附带的，伴随的，旁系的，非直系的\nn.担保品，抵押品
stoop	n.曲背，门阶\nv.俯身，弯腰，弓背站立，弯腰曲背站立，堕落 到去做…
unused	adj.不在使用的，从未用过的，不习惯于 某事
ecstatic	adj.狂喜的，欣喜若狂的，狂热的评论，赞美，鼓掌
waive	v.宣布放弃，宣布取消
paramedic	n.护理人员，医务辅助人员
thaw	n.融雪期，化冰期，解冻期，回暖，缓和，改善\nv.融化，冰雪融化，解冻，变得温和
disintegrate	v.碎裂，分裂，解体，衰微，瓦解，崩溃
hardy	adj.能吃苦耐劳的，坚强的，强壮的，耐寒的
obliterate	v.完全毁灭，忘却，抹去，遮蔽，覆盖
infiltrate	v.渗透，混入，潜入，使秘密进入，使潜入
decency	n.正派，规矩，礼貌，一般的，人类的，公共的道德
brandy	n.白兰地，见图
notwithstanding	v.尽管
enlightened	adj.开明的，开明的态度，方法等，有见识的
extravagant	adj.奢侈的，挥霍的，过度的，大手大脚的
testosterone	n.睾丸素，睾丸甾酮
Belgian	adj.比利时的，比利时人的\nn.比利时人
chatter	n.聊天，闲谈，唠叨，鸣叫声，啾啾叫声，吱吱叫声\nv.唠叨，喋喋不休，鸣叫，啁啾，吱吱叫，打战，咯咯作响
cub	n.幼兽，幼年童子军，幼年童子军成员
predictive	adj.预测的，预言的，前瞻的
interrogate	v.讯问，审问，盘问
grieving	
inflammatory	adj.使人激愤的，煽动性的，引发炎症的
visitation	n.视察，巡视，探访，探望，探视，探视权，显现，出现
hypertension	n.高血压
conceivable	adj.可以相信的，可想象的
zucchini	n.小胡瓜，密生西葫芦，见图
entrust	v.委托，交付
taut	adj.拉紧的，绷紧的，见图，忧虑的，紧张不安的
exploratory	adj.探索的，勘探的
incremental	adj.增长的，逐渐的，逐步的
cutback	n.削减，裁减
remedial	adj.补习课程，班，老师等，补救的
detach	v.拆下，分开，拆开，卸下，使自己摆脱某人，某事物
biopsy	n.活组织检查，活体检视
brew	n.泡好的饮料，泡好的茶，啤酒，一罐啤酒，一杯啤酒\nv.酿造，泡开，泡，沏，煮
sacrament	n.圣餐，圣事，圣礼
gymnastics	n.体操，非常聪明的想法，遣词造句的高超技巧
reorganization	
clientele	n.顾客，主顾
endowment	n.捐赠的款项，捐款，资助，天赋，天资
biomass	n.生物量
zipper	n.拉链，见图
adrenaline	
mediocre	adj.一般的，平凡的，平庸的
heartland	n.中心区域，心脏地带，最重要地区，根据地，大本营
sparse	adj.稀少的，稀疏的
narrate	v.解说，讲，叙述，描述
snore	v.打鼾，打呼噜
beacon	n.灯标，灯塔，无线电 信标，引路人，指路明灯，烽火
speck	n.小斑点，小片，见图
tattered	adj.破旧的，破烂的
cellphone	n.移动电话，手机，见图
rendition	n.表演，演奏，翻译，译文
saloon	n.酒馆，雅座酒吧，厢式小客车，大轿车
pleasantly	
preseason	adj.赛季前的
unanimously	
curfew	n.宵禁，宵禁时间，儿童晚上必须回家 的时间
gritty	adj.坚定的，有勇气的，逼真的，活生生的，含沙砾的
glisten	v.闪光
courtship	n.求爱期，恋爱期，求偶
victimization	
rift	n.分歧，嫌隙，裂痕，裂缝，裂口，缝隙
melting	adj.让人同情的，令人爱怜的
takeoff	
gracefully	
admirable	adj.令人钦佩的，极其出色的
remorse	n.懊悔，悔恨
shortfall	n.不足之数，差额
Buddhism	n.佛教
cubicle	n.小室，小房间，小隔间，见图，体育运动中心
progressively	
principally	v.主要地
beforehand	v.事先，预先，事前
undecided	adj.未决定的，未定局的
margarine	n.麦淇淋，人造黄油
lookout	n.注意某人，某事，留心某人，某事，密切注视，留心
objectivity	
affidavit	n.书面证词，誓证
folded	
satire	n.讽刺，讥讽，讽刺作品
dues	
cot	n.婴儿床，见图，行军床，折叠床
makeover	n.打扮，装扮，重新布置，翻新
batting	
behold	v.见到，看，注视
pew	interjection呸！\nn.教堂长椅，见图，请坐
Ethiopian	
wring	v.费力弄到，拧，把拧干，绞出
tedious	adj.枯燥乏味的，冗长的
nostalgic	adj.留恋过去的，怀旧的
turbulence	n.湍流，紊流，不稳定的强气流，骚乱，骚动，波动
differentiation	
dignified	adj.庄重的，有尊严的
parody	n.滑稽模仿作品，拙劣的模仿\nv.滑稽地模仿
caste	n.种姓，社会阶层
relentlessly	
neutralize	v.使失效，抵消，中和，使中立
proportional	adj.成比例的，相称的
Austrian	adj.奥地利的，奥地利人的\nn.奥地利人
fleeting	adj.短暂的，飞逝的
pedestal	n.基座，台座，柱脚，见图，支柱，立柱盆
biographer	n.传记作者
abdominal	
diarrhea	
delineate	v.说明，阐明，解释，详细绘明，标明，标示
spew	v.喷出，涌出，发泄，破口大骂，呕吐
omission	n.省略，删节，遗漏，省略的东西
annoyance	n.烦恼，气恼，令人烦恼的事物
paranoia	n.多疑，瞎猜疑，偏执狂，妄想狂
Kuwaiti	
emeritus	adj.荣誉退休教授，董事等
reptile	n.爬行动物，短吻鳄，鬣蜥，蜥蜴
foreclosure	
insecure	adj.无自信的，没有把握的，无保障的，不安全的，不牢固的
majestic	adj.雄伟的，壮丽的，威严的
confound	v.使困惑，使惊讶，证明…有错，挫败
mathematician	n.数学家，数学教师
surreal	adj.超现实的，离奇的，荒诞的
cleanse	v.使清洁，清洗，清除
lotion	n.洗液，洗剂，护肤液
identifiable	adj.可识别的，可辨认的
cadre	n.骨干队伍
commend	v.赞扬，推荐，推崇，得到认可，得到赞同
encircle	v.围绕，环绕
confiscate	v.把…充公，没收
dynasty	n.王朝，朝代，王朝，家族
burglary	n.入室盗窃
coroner	n.验尸官
generously	
paradoxically	v.自相矛盾地，反常地
boldly	
preferable	adj.更好的，更合适的，更可取的
amnesty	n.赦免，大赦，赦免期
rediscover	
disgusted	adj.气愤的，厌恶的，反感的
forcefully	
rink	n.滑冰场，旱冰场
rafter	n.椽
resurrect	v.使复活，恢复
individualism	n.个人主义，我行我素
neuron	n.神经元，神经细胞
deli	n.熟食店
backfire	v.发生意外，产生事与愿违的结果，逆火，回火
resilience	n.恢复力，复原力，适应力，弹性
downright	v.十足地，彻底地
buttocks	
delicately	
menopause	n.绝经期，更年期
yugoslav	
halftime	
derail	v.出轨，脱轨，破坏，干扰
bewildered	adj.困惑的，不知所措的，晕头转向的
individuality	n.个性，特性
revitalize	v.使恢复元气，给…注入新的活力
reassurance	n.令人安心的保证，能消除疑惧的言行
downsize	v.裁，紧缩
impediment	n.言语 障碍，阻碍，障碍，绊脚石
captivity	n.被俘，拘禁，囚禁，关押
steward	n.男乘务员，男服务员，负责人，管事，干事，保护者，负责人，主管，看管人
watery	adj.充满水的，与水有关的，微弱的，苍白的
electromagnetic	adj.电磁的，电磁体的，电磁波谱
kayak	n.独木舟，单人划子，桨，单人划子，独木舟
tentatively	
awkwardly	
storefront	n.店面，铺面，临街的教堂，小型律师事务所，学校等
sparkle	n.闪耀，闪光，生气，活力，闪光，光芒\nv.闪闪发光，闪耀，闪烁，发亮，闪耀
defeated	adj.沮丧的，失魂落魄的
bipolar	adj.涉及对立国家 的，两极的，双相型障碍
manageable	adj.易控制的，易管理的，易处理的
guise	n.伪装，外表，幌子
electrode	n.电极
remake	n.重新录制的唱片，重新摄制的电影\nv.重新摄制，重新录制，再建，重新制作
ornate	adj.华丽的，豪华的，华美的，华美的镜子
edible	adj.可以食用的
colonization	
disciplined	adj.遵守纪律的
eggplant	n.茄子，见图
booklet	n.小册子
thunderstorm	n.雷暴
patriot	n.爱国者
stronghold	n.备受支持的地方，据点，大本营，堡垒，要塞
thrilling	adj.引人入胜的，令人激动的
schoolteacher	n.教师
skyscraper	n.摩天大楼
anxiously	
pronouncement	n.公告，声明
expend	v.花费，耗费
inexperienced	adj.经验不足的，不熟练的
airy	adj.通风的，快活的，无忧无虑的，漫不经心的
outpatient	n.门诊病人
resilient	adj.有复原力的，适应力强的，坚韧的，有弹性的
erratic	adj.不规则的，不确定的，不稳定的
redesign	
refinement	n.改进，改善，改良品，经过改进的东西，改良，改进，精炼
chute	n.滑道，斜槽，溜槽，滑梯
reciprocal	adj.相互的，交互的，互惠的
neurological	
hilarious	adj.极好笑的，极有趣的
dispel	v.驱散，消除
syringe	n.注射器，注射筒，见图\nv.灌洗，冲洗
taunt	n.言语挑衅，侮辱，嘲弄，讥笑\nv.挑衅，侮辱，嘲弄，奚落
stylistic	adj.文体上的，艺术风格上的
yawn	n.打呵欠，见图，乏味的人\nv.打呵欠，巨大差距，张得很开，豁开
envelop	v.包住，覆盖
handshake	n.握手，交换信号，搭配
theorize	v.建立理论，从理论上说明
kindly	adj.友善的，亲切的，和蔼的，体贴的\nv.友善地，亲切地，不愿意接受某种情况，赞成某人／某事，同意某人／某事
revere	v.尊敬，崇敬
renounce	v.宣布放弃，宣布与…断绝关系，宣布摒弃
Mormon	n.摩门教教徒
distrust	n.不信任，怀疑\nv.不信任，怀疑
emigrate	v.移居外国
swath	
bribe	n.贿赂，好处，搭配\nv.贿赂，收买，诱哄
wiggle	v.摆动，扭动
overstate	v.把…讲得过分，夸大，夸张
breeder	n.育种者，饲养者，繁殖者，栽培者
cringe	v.畏缩，退缩，感到难堪
disapprove	v.不赞同，反对，语体，不批准，不同意
whichever	n.无论哪个，无论哪些，…的那个人
lore	n.知识，传说
choral	adj.合唱的
gag	n.玩笑，笑话，封口布\nv.作呕，用布堵住，压制的言论自由，限制发言，急切地想做某事
simplistic	adj.过分简单化的
czar	n.tsar的另一种拼法，银行业巨头，毒枭，卫生权威等
emphatically	
proclamation	n.公告，声明，宣言
climax	n.高潮，顶点，性高潮，搭配\nv.达到顶点，达到性高潮
improbable	adj.不大可能发生的，未必确实的，不可思议的
roadway	n.车行道
wrapper	n.包装纸，见图
ukrainian	
closeness	
victimize	v.不公正地对待，使受害，迫害
unearth	v.发掘，掘出，找到，发现，揭露
ambivalent	adj.矛盾的，矛盾的态度，情绪等
caliber	n.calibre的美式拼法
subgroup	n.小团体，小集团，小分组
confinement	n.监禁，关押，禁闭，分娩，产期
hearth	n.壁炉周围的地面，家庭，家和家人
humid	adj.潮湿的，潮湿的空气，气候等
obstruct	v.阻塞，堵塞，阻挠，阻止，妨碍
shortstop	n.游击手
trudge	v.艰难地走，步履沉重地走
glean	v.费力地搜集，拾
generalize	v.概括，作出类推，归纳，笼统地表达，将…推广到
smuggler	n.走私者
bungalow	n.平房，见图，单层小屋
suggestive	adj.暗示的，示意的，启发的，引起联想的，挑动情欲的，有色情意味的
faucet	n.水龙头，旋塞，见图
worldly	adj.财产，尘世的，世俗的，生活经验丰富的，老成练达的
stash	n.一批贮藏物\nv.储藏，存放，隐藏
humiliating	adj.使蒙受耻辱的，丢脸的，不光彩的
centimeter	
shard	n.锋利碎片
fillet	n.肉片，鱼片\nv.剔除的骨头
dialect	n.方言，地方话，土语
pretest	
varsity	n.学校代表队，校队，大学
arid	adj.干燥的，干旱的，无创见的，无新意的
kettle	n.水壶，壶，水壶，见图，吃东西的地方
biased	adj.有偏见的，偏袒一方的，有偏重的，有偏向的
recruiter	
unreliable	adj.不可信赖的，不可靠的
dwindle	v.逐渐减少，缩小，变小
transient	adj.短暂的，转瞬即逝的，一时的，逗留时间很短的，流动性的\nn.流浪者，游民
rejoice	v.喜悦，欣喜，有个滑稽的名字，称呼叫…
doorstep	n.门阶，见图，在某人住所近旁，在某人家门口\nv.上门拜访，登门采访
attributable	adj.可归因于…的
patriarch	n.家长，族长，年高德劭的男性，主教
substitution	n.代替，替换，替代品，替代的人
unspoken	adj.没有明说的，默契的，心照不宣的，未说出的
anthropological	
welcoming	adj.友好的，热情的，欢迎的，殷勤的，令人感到惬意的，舒适的
unequal	adj.不平等的，不公正的，不均衡的，不相等的，不相同的
mare	n.母马，母驴，似乎重要但实际上无价值的发现，混乱的局势
gal	n.女孩，女子
tutoring	
misdemeanor	
loot	n.战利品，掠夺物，赃物，被盗物品，大量购买 之物\nv.抢劫，洗劫，掠夺
inconvenience	n.不便，麻烦，麻烦事，不便之处\nv.给带来不便，添麻烦，打扰
sleeper	n.睡得…的人，睡得不熟的人，易醒的人，睡得很熟的人，不易醒的人，在睡觉的人
caricature	n.人物漫画，讽刺性描写，夸张性描述，漫画手法，讽刺描述法\nv.把…画成漫画，用漫画表现，使滑稽化
legalize	v.使合法化，使得到法律认可。
Peruvian	
foothill	n.山麓丘陵
propulsion	n.推进力，火箭，风，核能
evergreen	adj.常青的，常绿的，事业经久不衰的\nn.常青树，常绿树
attire	n.服装，衣服
backcountry	
outfielder	
recurrence	n.再次发生，再次出现
saucer	n.杯托，见图
synonymous	adj.相同的，近似的，同义的
macho	adj.富有男子汉气概的，大男人的
strained	adj.紧张的，不自然的，不友好的，心力交瘁的
picket	n.纠察队，纠察线，纠察队员，哨兵\nv.抗议，担任纠察队员，在…布置哨兵
clothe	v.给…穿衣，为…提供衣服
combatant	n.战斗人员，战士
colonialism	n.殖民主义，殖民政策
derivative	adj.非独创的，模仿他人的，抄袭的\nn.派生物，提取物，衍生物，衍生品
adoptive	adj.收养的
twirl	v.旋转，转动，缠绕
nominal	adj.象征性的金额，收费，费用等，名义上的，有名无实的
recapture	v.使重温，使再次经历，重新抓获，收复
frontal	adj.前面的，正面的，正面攻击，前额的
splendor	
blatant	adj.公然的，露骨的
viability	
overboard	v.从船舷掉入水中，做事 过分，走极端，抛弃某事物，去除某事物
cohesion	n.团结，凝聚力，紧密关系，连贯，衔接
funnel	n.漏斗，见图，烟囱\nv.流经漏斗形空间，通过小口子，使汇集
abstinence	n.节制，戒酒，禁欲
distorted	
pictorial	adj.画的，图画的，照片的
fanatic	n.狂热者，盲信者，入迷的人
airway	n.气道，航线
hopelessly	v.没有希望地，无望地，完全地，爱得不能自拔，绝望地
ancestry	n.祖先，祖宗
upstate	adj.北部地区的
remembrance	n.纪念，悼念，怀念，记忆
detachment	n.冷静，超然，客观，分遣队，支队，分离，脱离
repercussion	n.持续影响，反响，后果，政治
frivolous	adj.不严肃的，草率的，轻浮的
exceedingly	v.非常，极其
accelerated	
familial	adj.家庭的，家庭特有的
decoy	n.诱饵，用作诱饵的人，假鸟
baton	n.指挥棒，接力棒，警棍，权杖，官杖
vial	n.小瓶
wrinkled	adj.有皱纹的，有皱褶的
thirst	n.渴，口渴，饮水不足，缺水，对知识，教育\nv.感到口渴，渴望，渴求
admiral	n.海军上将
flashy	adj.俗艳的，招摇的，穿着奢华招眼的
dweller	n.居住在城里，镇上，洞穴中等的人
tame	adj.驯化的，由人驯养的，见图，平淡的，枯燥乏味的\nv.制服，控制，驾驭，驯服，使驯化
mindful	adj.记着 某事的，考虑到某事的
nonfiction	
bison	n.犎牛，北美野牛
mussels	
relive	v.再次体验，重温
deport	v.将驱逐出境
debacle	n.大败，崩溃
detrimental	adj.有害的，不利的
amen	n.阿门，同意，赞成
genus	n.属
blare	v.刺耳地大声鸣响
oversized	adj.大于一般的，太大的
gobble	v.狼吞虎咽，大嚼，咯咯叫，吞并，很快消耗掉
attainment	n.获得，达到，实现，成就，造诣，学识，技能
jolt	n.震惊，颠簸，震动，摇晃\nv.震动，摇晃，颠簸，使吃惊
ardent	adj.热心的，热切的，热烈的，热情的
naturalist	n.博物学家
centennial	
unprepared	adj.无准备的，不愿意做某事
appalling	adj.骇人听闻的，令人震惊的，可怕的，极坏的，糟透的
righteous	adj.义愤，正派的，正直的
subpoena	n.传票\nv.用传票传唤出庭作证
provisional	adj.临时的，暂时的，暂定的
mend	n.正在好转，修补过的地方\nv.修理，修补，缝补，变得健康，愈合
cheerfully	
metaphysical	adj.形而上学的，玄学的
teller	n.银行出纳员，清点选票的人，点 票员
internalize	v.使内在化
demolition	
tweak	v.捏，拧，扭，对作小小的改进
spiritually	
leafy	adj.多叶的，多树木的，植物茂盛的
devout	adj.虔诚的，笃信宗教的，真诚的，衷心的，诚挚的
proprietor	n.业主，老板，报社，汽车修理厂，咖啡馆等老板
boiler	n.锅炉
fielder	n.守场员，外场手，外野手
reorganize	v.重新安排，改组
grimace	n.脸部扭曲，怪相，鬼脸\nv.扭曲脸部，做怪相
unjust	adj.不公平的，不公正的，不合理的
exporter	n.出口商，出口公司，出口国
narration	n.旁白，解说，讲述
powerfully	
baggy	adj.宽松下垂的，肥大的，见图
rearview	
ailing	adj.不景气的，状况不佳的，处境困难的，生病的，身患痼疾的
strife	n.冲突，纠纷，争斗
exaggeration	n.夸张，夸大，言过其实，搭配
Jordanian	
accentuate	v.使突出，强调
primer	n.涂底料，底层涂料，底漆，雷管，火帽，入门指南
leash	n.绳子，皮带，控制某人\nv.系住，牵住
gutter	n.排水沟，檐沟，雨水槽，见图，社会最底层的恶劣环境\nv.摇曳不定
auditory	adj.听觉的
propensity	n.倾向，习性
ponytail	n.马尾辫，见图
adventurous	adj.大胆创新的，喜欢冒险的，有冒险精神的
bottled	adj.瓶装水，啤酒等
reinstate	v.使复职，恢复
Islamist	n.伊斯兰教徒
delusion	n.错觉，妄想，妄自尊大
breathless	adj.气喘吁吁的，喘不过气来的，激动的，以惊人的速度，闷热无风的，令人透不过气的
privatize	v.使私营化，使归私有
plutonium	n.钚
synthesize	v.合成，综合
solidify	v.变成固体，使巩固，使坚固，使稳固
ascribe	v.把…归因于，认为是…所写，认为是…的特点
stabilization	
trafficker	n.做非法买卖的人，人贩子
uncanny	adj.离奇的，不可思议的
aspiring	adj.有抱负的，有志向的
pane	n.一块玻璃
feeder	n.饲料容器，供应的源泉，供给装置，进料器
dampen	v.使潮湿，减退，抑制，降低
rouse	v.唤醒，激励，使振奋，激起
childbirth	n.分娩，生孩子
smother	v.完全覆盖，厚厚地覆盖，使窒息，把…闷死，压抑，克制
eject	v.驱逐，赶出，强迫匆匆离职，喷射，射出
backstage	v.后台，私下，幕后
flatly	v.断然拒绝，否认，反对某事等，平淡地
sincerity	n.真诚，真挚，诚实
marshal	n.元帅，司礼官，典礼官，司仪，主事官员，联邦法院执行官\nv.整理，调集，集结，控制，组织
forgiving	adj.宽容的，宽大的
trainee	n.接受工作培训的人，实习生
undesirable	adj.不受欢迎的，不合意的，讨厌的\nn.不良分子，不受欢迎的人
horde	n.一大群
hideous	adj.极丑的，极难看的
infancy	n.婴儿期，初期，初创期
mute	adj.缄默的，不会说话的，哑的\nn.弱音器，哑巴\nv.减弱…的声音，消除…的声音，使听起来柔和，使弱化，减弱，缓和
craftsman	n.工匠，手艺人
alternately	
escalating	
intersect	v.相交，交叉，分隔
eyeball	n.眼球，见图，怒目相视，瞪眼对视，深陷于某事\nv.盯住，打量
professionalism	n.专业水准，专业素质，职业精神，雇用职业选手的做法，职业化
watermelon	n.西瓜，见图
oatmeal	n.燕麦片，燕麦片粥，浅棕色，淡棕色
treacherous	adj.背信弃义的，不忠的，阴险的，暗藏危险的
dormitory	n.寝室，学生宿舍楼
quirky	adj.离奇的，古怪的，奇特的
outstretched	adj.张开的，伸开的
stairwell	n.楼梯井
hassle	n.麻烦，争论，争吵，搭配\nv.搅扰，烦扰，不断打扰
moderation	n.有节制地，适度地，节制，克制，缓和，减轻
stricken	adj.受灾的，患病的，受困扰的，受苦的
stipulate	v.规定，约定
adultery	n.通奸，私通
remarry	v.再婚，再娶，再嫁
foreman	n.工头，领班，陪审团团长
intrusive	adj.干涉的，打扰的
confidently	
metabolic	adj.新陈代谢的
memorandum	n.公务便条，备忘录，协议备忘录
dwindling	
infinitely	v.极多地
methodological	
embodiment	n.某事物的化身
overdue	adj.过期未完成的，过期未付的，过期未还的，早该发生的
mover	n.有权势的人，移动的人，搬家工人，搬动工具
fragmentation	
cameraman	n.摄影师
cognition	n.认识，认知
sweatshirt	n.长袖运动衫
prolific	adj.多产的，作品丰富的，进球次数 多的，多产的，多育的，大量存在的
gladly	v.乐意地，热切地，高兴地，快乐地
mythical	adj.神话的，只存在于神话中的，想象中的，虚构的，非真实的
leukemia	n.白血病
marginalize	v.使显得不重要，使边缘化
mulch	n.腐叶，覆盖料\nv.用腐叶覆盖
upwards	v.向上，朝上，上升，…以上
unnamed	adj.未提及名字的
syndicated	
powerhouse	n.强大的组织，重要的地方，身强力壮的人，精力充沛的人
defective	adj.有问题的，有毛病的，有缺陷的
shabby	adj.肮脏破旧的，衣衫褴褛的，衣着寒酸的，不公平的，不仁慈的
censor	n.检查员，监察员，审查官\nv.审查
schoolchild	n.学童，中小学生
construe	v.将…理解 为
overhaul	n.大检修，彻底改革\nv.彻底检修，全面改革
conducive	adj.有助于某事，有益于某事
conceptualize	v.形成概念，使概念化
trough	n.容器，食槽，饮水槽，低谷，低谷，萧条期
warmly	v.友好地，亲切地，温暖地，暖和地，热情地，热烈地
ludicrous	adj.荒唐的，愚蠢荒谬的，可笑的
trappings	n.标志
tenderness	
beige	n.米黄色，浅棕色
throng	n.一大群人，人群\nv.蜂拥而至，群集，挤满，被某人，某物挤满
scoff	v.嘲笑，讥笑，嘲弄，狼吞虎咽地吃
veggie	adj.由蔬菜做成的\nn.素食主义者，蔬菜
generalized	adj.笼统的，普遍的，概括性的
sanity	n.精神健全，神志正常，明智，理智
pitfall	n.问题，困难，隐患，陷阱
articulation	n.发音，咬字，表达，关节，铰接
revolutionize	v.使彻底变革，给…带来革命
mammoth	adj.巨大的，庞大的\nn.猛犸，毛象
fervor	
dagger	n.匕首，短剑，对某人怒目而视，势不两立，剑拔弩张
hem	n.褶边\nv.给…缝褶边，吞吞吐吐，支支吾吾，把围住，限制
revolver	n.左轮手枪
abduction	
determinant	n.决定性因素
chiefly	v.大部分地，主要地
shrewd	adj.善于判断的，精明的，敏锐的，判断准确的，英明的
predatory	adj.掠食的，捕食其他动物为生的，利用别人的弱点谋取利益的，损人利己的
subtlety	n.敏锐，机敏，微妙，巧妙，微妙之处
cavern	n.大洞穴
involuntary	adj.无意识做出的，非故意的，非自愿的
thicket	n.灌木丛，矮树林
Nigerian	
idealism	n.理想主义
prowess	n.高超技艺
booze	n.酒
magistrate	n.治安法官，地方法官
burglar	n.小偷，窃贼
diffusion	
campfire	n.营火，篝火
specificity	
clerical	adj.办公室工作的，神职人员的，牧师的，教士的
overlapping	
ooze	n.淤泥，软泥，缓缓流动，流淌\nv.渗出，慢慢地流出，充满，洋溢着
hamstring	n.腘绳肌腱，腘旁腱，腘绳肌腱受伤，问题，扭伤等\nv.阻碍，束缚，使无能为力
spearhead	n.先锋，前导，先头部队\nv.当…的先锋，带头
argentine	
taiwanese	
shallot	n.青葱
steaming	adj.十分炎热的，滚烫的，大醉的，烂醉的\nn.结帮抢劫，团伙抢劫
goggle	v.瞪大眼睛看
bristle	n.短而硬的毛发，胡茬，鬃毛，刷子毛\nv.发怒，竖起，耸起，充满，充斥着
enlightenment	n.领悟，启发，开导，觉悟，般若
sweetie	n.糖果，讨人喜欢的人，亲爱的
locality	n.地区
truce	n.休战，停战，停止争辩，停战期
dugout	n.休息棚，壕沟，地洞，独木舟
astonished	adj.吃惊的，惊讶的
mistakenly	
preschooler	n.学龄前儿童，幼儿园学童
multiculturalism	n.多元文化论
padded	adj.装有衬垫的，有护垫的
shortcut	
antisocial	adj.反社会的，危害社会的，不考虑他人利益的，不喜欢社交的，不合群的
underside	n.下侧，下表面，底部
baron	n.男爵，巨头，大王
beak	n.鸟嘴，喙，见图，鹰钩鼻，法官
tenuous	adj.缥缈的，脆弱的，不确定的，纤细的
simulated	adj.模仿的，模拟的，仿真的，假装的
misty	adj.多雾的，眼睛充满泪水的，泪眼模糊的，不清楚的，蒙眬的，模糊的
hanger	n.衣架
scowl	n.怒容，不悦之色\nv.怒视
pedagogical	adj.教学的
strikingly	v.惹人注目地，醒目地，突出地，出众地
refute	v.批驳，反驳，驳斥，否认
spontaneously	
reassuring	adj.使人安心的，使人放心的
meticulous	adj.对细节十分注意的，一丝不苟的
eminent	adj.著名的，杰出的，显赫的
knowingly	v.会意地，故意地，有意地
vaccination	
housekeeper	n.管家，宾馆勤杂工
garner	v.得到，收集
shingle	n.木瓦，屋面板，墙面板，小圆石，卵石，挂牌开业
sinner	n.罪人，有罪过者
decorated	
collage	n.拼贴画，拼贴艺术
sympathize	v.同情，支持
neglected	
militarily	
biotech	
richly	v.富丽堂皇地，华丽地，昂贵地，色彩浓艳的，味道浓郁的
imperialism	n.帝国主义，扩张主义，势力的扩张
backseat	
stillness	
canister	n.霰弹筒，金属小圆桶
fraudulent	adj.骗人的，欺诈性的，欺诈活动，行为
onslaught	n.攻击，猛攻，猛烈抨击，某事的袭击
relational	
realistically	v.现实地，实际地，逼真地，栩栩如生地
pastime	n.消遣，娱乐
budge	v.移动，挪动，改变主意，让步
submerge	v.使浸没，淹没，潜入水中，没入水中，掩盖，遮掩
usable	adj.可用的
antioxidant	n.抗氧化物
homecoming	n.返乡，回家，校友返校活动，校友日
peacekeeper	
incorrectly	
forage	n.饲料，搜寻，翻找\nv.四处搜寻，搜寻，翻找
institutionalize	v.把送到收容机构，使成惯例，使制度化
illumination	n.光亮，照明，彩饰，图案装饰，彩灯，灯饰，阐明
showroom	n.陈列室
blister	n.疱，水泡，气泡，浮泡\nv.起泡，起水泡
hindsight	n.事后聪明，事后回想
imposition	n.实施，过分的要求，无理要求
sliver	n.小块，薄片，碎片，裂片
saturate	n.饱和脂肪\nv.浸湿，使湿透，使充满，使充斥，使市场饱和，使饱和
thorn	n.刺，带刺的灌木，荆棘，某人的肉中刺，使人苦恼 的人
uniformly	
discreet	adj.谨慎的，审慎的，雅致的
pebble	adj.见图\nn.卵石，小圆石，砾石，见图
whereabouts	n.去向，行踪\nv.在哪里，在哪一带
shrinking	
raging	adj.强烈的，激烈的，没完没了的，剧烈的
rebellious	adj.叛逆的，反叛的，反抗的，造反的
swivel	n.旋转接头，旋轴\nv.旋转，转动
bookshelf	n.书架，见图，卧室
divergent	
Arabian	adj.阿拉伯的，阿拉伯人的
ignition	n.点火装置，见图，汽车，点火开关
jut	v.突出，伸出，将翘起
sputter	v.发出噼噼啪啪声，毕毕剥剥作响，急促而慌乱地说，语无伦次地说
inward	adj.内心的，精神的，向内的，向中心的
quarrel	n.争吵，吵架，争执，不同意的原因，争执的缘由，搭配\nv.争吵，吵架，争执，不同意，抱怨
throttle	n.节流阀，油门，见图，油门大开地，全速地\nv.掐，勒，掐死，阻挡，压制
methane	n.甲烷，沼气
dementia	n.痴呆
newsroom	n.新闻编辑室
woodland	n.林地，林区，见图，乡间
hitch	n.故障，障碍，语体，结\nv.搭便车，搭顺风车，把向上拉，结婚，攀上，爬上
gaping	adj.豁开的，敞开的，张大的
topping	n.配料，浇头
allusion	n.暗示，暗指，间接提到，典故
bulldozer	n.推土机
fad	n.一时的狂热，时尚，风尚
homogeneous	adj.由同种族人组成的，由同类组成的
perjury	n.伪证罪，伪证
heady	adj.醇浓的，令人陶醉的，使人飘飘然的，使人兴奋的
repel	v.使厌恶，使反感，击退，驱逐，驱除
murderous	adj.杀气腾腾的，可能杀人的，凶残的，恶狠狠的目光
condone	v.宽恕，原谅
blackout	n.停电，断电，新闻封锁，灯火管制，暂时性昏厥
iced	adj.冰镇的，加冰块的，裹糖霜的
ferocious	adj.凶猛的，凶残的，可怕的，狂暴的，猛烈的
rehabilitate	v.协助康复，帮助恢复正常生活，恢复…的名誉，使恢复原状，修复
profitability	n.获利，赢利，利润
subdued	adj.柔和的，不强烈的，抑郁的，沉默寡言的，闷闷不乐的
gulp	n.一大口，吞咽，一大口空气\nv.大口吞咽，快速吞下，倒吸气，大口吸气，大口喘气
sociological	
cashier	n.出纳员\nv.开除，革除
flair	n.天赋，天分，才能，独特的处事风格，有创意的行事作风
handcuff	v.给戴上手铐
bloated	adj.发胀的，膨胀的，臃肿的
pertaining	
pricey	adj.昂贵的，价格高的
gloss	n.光泽，光亮，光鲜的外表，注释，粉饰性的描述\nv.给…注释，给…注解，避免谈论，对…轻描淡写
espionage	n.谍报活动，间谍行为
seismic	adj.地震的，地震引起的，极大的，极为严重的，非常重要的
spree	n.作乐，狂欢
infinity	n.无限，无穷，无穷大
wildflower	
giddy	adj.头晕的，眩晕的，傻乎乎的，激动不已的，令人眩晕的顶峰
delicacy	n.珍馐，佳肴，谨慎，圆熟，老练，脆弱，敏感
bogus	adj.假冒的，伪造的
inland	adj.内陆的，内地的\nv.在内地，向内陆
prenatal	adj.产前的，孕期的
contemplation	n.沉思，冥想，默想
delve	v.探索，探究，查考，搜寻，翻找
frigid	adj.性冷淡的，冷淡的，不友好的，寒冷的，酷寒的
itinerary	n.旅行计划，预定行程
ethos	n.精神特质，道德意识
flipping	v.该死的 ，讨厌的
puree	v.把…捣压成酱
nibble	n.一小口，少量食品，小吃，对某事略微的兴趣\nv.啃，一点一点地咬，见图，轻咬
ghostly	adj.幽灵似的，像鬼似的
insistent	adj.坚持的，坚决要求的，持续不断的
stylist	n.发型师，文体家，追求优美写作风格的人，具有独特风格者，自成流派者
cypress	n.柏树
afloat	adj.经济上周转得开的，不欠债的，漂浮的
economical	adj.经济的，节约的，没说实话
adamant	adj.固执的，坚定不移的
gush	n.涌流，喷出之物，一阵宽慰，自怜等\nv.大量涌出，喷出，涌出，喷出，吹捧，夸张地表达
overrun	n.超出的时间，超出的成本\nv.超出，超过，在…泛滥，横行于，占领，侵占，蹂躏
fella	n.家伙，男友
convent	n.女修道院
rationality	
graphite	n.石墨
jig	n.吉格舞，吉格舞曲，夹具\nv.跳吉格舞，蹦跳，上下急动
imaginable	adj.可想象到的，所有能想象得到的
unpublished	adj.未出版的，未发表的
galley	n.厨房，桨帆船，活字盘，长条校样
covenant	n.契约，合同
expulsion	n.驱逐，赶走，开除，除名，排出
esteem	n.尊敬，敬重，表达某人敬意的象征\nv.尊敬，敬重
dichotomy	n.对立，截然相反
barricade	n.路障，街垒，见图\nv.设路障于，以障碍物阻塞
masculinity	n.男性，阳性，男子气
ecologist	n.生态学家
madden	v.使狂怒，使极为恼火
academia	n.学术，学术界
bog	n.沼泽，泥塘，厕所\nv.使停滞，耽搁，使陷入泥沼中，滚开
subversive	adj.颠覆性的，颠覆性宣传，宣传资料\nn.颠覆分子，破坏分子
deduct	v.减去，扣除
Croatian	
tinker	n.小贩，补锅匠，顽童，小淘气\nv.做小改动，做小修补，摆弄
troll	n.怪物\nv.拖捞，拖钓，搜寻，询问
concerted	adj.一致的努力，行动，攻击等
quartet	n.四重唱组合，四重奏乐团，四重唱曲，四重奏曲
dummy	adj.假的，仿真的\nn.用于服装，人体模型，仿制，仿制品，仿真物品
truthful	adj.诚实的，一向说实话的，真实的，如实的
landslide	n.山崩，滑坡，塌方
wrestler	n.摔跤运动员，摔跤手
fieldwork	n.实地考察，野外考察
taint	n.污点，瑕疵，玷污\nv.使受负面影响，玷污，败坏，污染，沾污
sled	
contextual	adj.与上下文有关的，与上下文有关的信息，因素等
tandem	n.双人自行车，协同工作，一起工作
astonishment	n.惊异，惊讶
trample	v.踩，践踏，踩死某人，侵犯，无视
incorporation	
improperly	
timid	adj.胆小的，胆怯的，羞怯的\nn.语体
destabilize	v.使不稳定，破坏…的稳定
ambush	n.伏击，埋伏，埋伏地点
borrowing	n.借贷，借款，贷款，借用的词语，外来语，借来的概念
taboo	adj.禁忌的，忌讳的，忌讳的，为社会习俗所不容的，禁止接触的，禁止使用的\nn.禁忌，忌讳，搭配
edgy	adj.紧张不安的，赶时髦的，前卫的
undocumented	
penalize	v.处罚，惩罚，不公平对待，判罚
rut	n.车辙，刻板乏味，一成不变，发情期
upstream	v.向上游，逆流
urgently	
felon	n.重罪犯
clarification	n.澄清，阐明
vulgar	adj.低俗的，粗俗的，无礼的，粗俗的，粗野的，庸俗的，低级的
censored	
homelessness	
accompaniment	n.伴奏，伴随物，配料，在…的伴随下
wrongly	v.不正确地，错误地，不公正地，不道德地
ax	
creepy	adj.使人紧张的，令人毛骨悚然的
entourage	n.随从，随行人员
slit	n.狭长的切口，狭缝\nv.切开，裁开，撕开，割断某人的喉咙
rummage	n.翻找，乱翻，旧杂货\nv.翻找，乱翻
neutrino	n.中微子
deference	n.尊敬，敬重，服从，出于对某事的尊重
doze	v.小睡，打瞌睡，打盹儿，睡着
flora	n.植物群
obligate	v.使有义务，使有责任，感到有义务，觉得欠了人情
eyepiece	n.目镜，见图
discriminatory	adj.歧视的，区别对待的
janitor	n.看门人，门房，管理员
recourse	n.手段，途径，依赖，求助，不使用 某事物
purport	n.大意，主旨\nv.声称是…，据称是…，像是…
medically	
birdie	n.小鸟儿，小鸟球，羽毛球，见图\nv.以小鸟球打入
corroborate	v.证实
adversity	n.逆境，不幸，厄运
impatience	n.不耐烦，无耐心，渴望，企盼
semantic	adj.语义的
anglo	
yolk	n.蛋黄，蛋白，见图
deserving	adj.需要帮助的，需要赞助的，值得…，该得…
connotation	n.隐含意义，联想的含义
remodel	v.改变形状
incite	v.煽动，鼓动，激起
campsite	n.营地，见图，住的地方，扎营地，营位
primate	n.灵长目动物，大主教
parchment	n.羊皮纸，仿羊皮纸，羊皮纸文件，仿羊皮纸文件
anarchy	n.无政府状态，混乱状态
cumin	n.孜然，孜然芹
artificially	
roadblock	n.路障，障碍
coerce	v.强制，胁迫，迫使
oily	adj.含油的，涂油的，似油的，油质的，油性的
immortal	adj.不死的，永存的，不朽的，流传百世的
oats	n.燕麦
quicker	
assertive	adj.果断的，积极的，自信的
spore	n.孢子，芽孢
flagship	n.旗舰，旗舰产品，旗舰店
picturesque	adj.美丽的，古雅的，风景如画的，生动的，形象化的，绘声绘色的
whack	n.重击，数量，做你应做的一份，试着做某事\nv.猛击，重击，放，塞
noticeably	
arithmetic	adj.算术的\nn.算术
relieved	adj.宽慰的，不再忧虑的，搭配
terrorize	v.恐吓，恫吓，威胁
rainforest	
palate	n.腭，味觉
wreak	v.造成浩劫，混乱，破坏，施行报复
recurrent	adj.一再发生的，重复出现的
seminal	adj.开创性的，有重大影响的，产生精液的，含精液的
axe	n.斧头，长柄斧，被解雇，被开除，取消，别有企图，有个人动机，有私心\nv.突然解雇，突然开除，砍掉，取消，废止
wad	n.一叠，一沓，见图，一团\nv.把压成一团
depressive	adj.抑郁的，抑郁症的\nn.抑郁症患者
gruesome	adj.令人厌恶的，可怕的
skeletal	adj.像骨骼的，骨骼的，骨瘦如柴的
acutely	v.强烈地，深深地
unsuccessfully	
rented	adj.租用的住处，住房，公寓等
hive	n.蜂箱，一箱蜜蜂，见图，人群繁忙的场所，熙熙攘攘的地方\nv.将出售
rodeo	n.牛仔竞技表演
measurable	adj.明显的，显著的，可测量的，可度量的
subvert	v.颠覆，暗中破坏，腐蚀，败坏，使放弃
publicist	n.广告员，宣传员，公关人员
liter	n.litre的美式拼法
menacing	adj.威胁的，不祥的，凶兆的
debilitating	
geopolitical	
caveat	n.警告，提醒，告诫
patterned	adj.有图案装饰的
ravine	n.沟壑，峡谷
bustling	adj.繁忙的，热闹的
abnormality	n.不正常，变异，变态
folklore	n.民间传说，民俗
depress	v.使沮丧，使忧愁，使抑郁，使不景气，按下，压下，推下，语体
repressive	adj.残酷的，严苛的，压抑的，抑制的，克制的
quicken	v.变快，加快，心跳，脉搏，呼吸加快
redirect	v.使改变用途，使改变方向，使改变路线，改寄，转寄
joyful	adj.欢乐的，令人高兴的
crackle	v.发劈啪声
tributary	n.支流
songwriter	n.歌词作者，词曲作者
unpack	v.打开取出，分析，剖析
tablecloth	n.桌布，台布
stately	adj.缓慢而庄严的，正式的，雄伟的，高贵的
secretive	adj.守口如瓶的，遮遮掩掩的，神秘的
horrifying	adj.可怕的，恐怖的，令人震惊的
penchant	n.一种，某人对某事物的嗜好
abduct	n.语体\nv.劫持，绑架
drone	n.嗡嗡声，雄蜂，公蜂，寄生虫，无人遥控飞机\nv.发出持续的嗡嗡声，嗡嗡作响，唠唠叨叨
commando	n.突击队员，没穿内衣
sitter	n.临时保姆，模特
modestly	
crumbling	
thrash	n.剧烈的摆动，敲击摇滚乐，闹哄哄的聚会\nv.猛烈摆动，翻腾，毒打，痛打，轻易击败，大败，重创
hospitalization	
boon	n.裨益，为生活带来方便的东西，有用之物
pointless	adj.无益的，无用的
lengthen	v.延长，加长，语体
accelerator	n.加速装置，油门，见图，汽车，粒子加速器
waking	adj.醒着的时刻，生活，日子等
ploy	n.计策，手段，花招
pretense	n.pretence的美式拼法
seated	adj.入座的，坐下来的，请坐
liturgy	n.礼拜仪式，礼拜公祷文，祈祷书
teeter	v.站立不稳，摇摇欲坠，蹒跚行走，濒临
stirring	adj.激动人心的，令人振奋的\nn.开始 的征兆
logically	
bale	n.大捆，大包\nv.把绑成一大捆
converse	adj.相反的\nn.反面的事实\nv.谈话，交谈
unborn	adj.未出生的
stroller	n.轻便婴儿车，散步者，闲逛者
barley	n.大麦
slay	v.杀害，残杀，谋杀，逗得…大笑
conformity	n.遵守，遵从，依照，与…一致，符合…
benevolent	adj.仁慈的，仁爱的，乐善好施的
coward	n.胆小鬼，懦夫
briskly	
fabrication	n.捏造的信息，制造，生产
fearless	adj.无畏的，不怕的
clockwise	v.顺时针方向地
croat	
microorganism	n.微生物
Georgian	adj.乔治一世至三世时期风格的
deceptive	adj.造成假象的，似是而非的，欺骗的，欺诈的
strut	n.支柱，撑杆，支杆，趾高气扬的步态，昂首阔步的样子\nv.趾高气扬地走，架子十足地走，展示自己的本领
dormant	adj.蛰伏的，休眠的
Californian	
destroyer	n.驱逐舰，破坏者
vertically	
balancing	
glittering	adj.闪光的，闪耀的，辉煌的，非常成功的，盛大的，华丽的，众星云集的
acclaimed	adj.备受推崇的，广受欢迎的
manpower	n.劳动力，人力
toasted	
carnage	n.大屠杀，残杀
relativity	n.相对性
juncture	n.特定时刻［关头］
coherence	n.连贯，条理，一致，凝聚力
rebirth	n.再生，复兴，复生，复活
ration	n.配给量，定量配给，口粮配给，定量口粮，合理 的量\nv.定量供应，配给，限定…的量
birch	n.桦树，桦木，用桦条笞打，鞭笞
antidote	n.解毒剂，缓解之物
barbed	adj.有倒钩 的，尖酸刻薄的，带刺的
treatise	n.专著，专题论文
purge	n.清洗行动，整肃，泻药\nv.清除，清洗，肃清，清除，销毁，除去，删除，消除，涤除
reactive	adj.反应的，回应的，能起反应的，化学性质活泼的
lunchtime	n.午餐时间
quiver	n.轻微的颤抖，箭筒，箭囊，箭袋\nv.颤抖，发抖
legitimize	v.使看起来可以接受，使显得正当，使合法化，赋予合法地位
lobe	n.耳垂，叶，脑叶，肺叶
deteriorating	
ingenious	adj.精巧的，巧妙的
labyrinth	n.迷宫，曲径，复杂难懂的事物
intertwine	v.紧密相关，使）缠绕，交织在一起
vigilant	adj.警惕的，警觉的，警戒的\nv.语体
antelope	n.羚羊
appal	v.使惊骇，使震惊
birthplace	n.出生地，发源地，发祥地
contagious	adj.接触传染的，患接触传染病的，富于感染力的，会蔓延的
inspirational	adj.启发灵感的，鼓舞人心的
replay	n.重赛，重放，回放，重播，重复的事\nv.重新举行，重放，回放，重播
counterproductive	adj.产生相反效果的，适得其反的
saliva	n.涎，唾液
disarmament	n.裁军，裁减军备，搭配
Utopian	
autobiographical	
enlighten	v.指导，教导，启迪
sushi	n.寿司，见图
headphone	
sporadic	adj.不时发生的，零星的
sufferer	n.患者，受害者，受苦者
totalitarian	adj.极权主义的，极权主义国家，政权
troupe	n.演出团，剧团，歌舞团
veterinarian	n.兽医
contrasting	adj.对比的，对照的
stiffness	
blockade	n.封锁，堵塞物，障碍物\nv.封锁
outcry	n.公众的强烈抗议 ，呐喊
conveniently	v.方便地，便利地，合宜地，近便，便利
oregano	n.牛至
stewardship	n.管理方式，组织工作
shin	n.胫，胫部\nv.快速地爬上，爬下
unavoidable	adj.不可避免的
prosthesis	n.义肢，假体
pore	n.毛孔，气孔，细孔\nv.仔细阅读，凝视，注视
surfer	n.冲浪者，网上冲浪者
reunification	
lemonade	n.柠檬汽水，柠檬饮料
milieu	n.社会背景，周围环境
rooster	n.公鸡
topical	adj.热门话题的，当前受到关注的
encode	v.把…译成电码
ligament	n.韧带
unconditional	adj.不加限制的，无条件的
plop	n.扑通声，啪嗒声\nv.扑通 地落下，把…扑通 一声放入，重重地坐下
superstition	n.迷信
supremacy	n.至高无上，最高地位
victorious	adj.得胜的，胜利的，战胜的
rave	adj.高度评价\nn.狂欢晚会，吹捧，好评\nv.极力夸奖某事物，对某事物赞不绝口，咆哮，胡言乱语，语无伦次
hugely	
spaceship	n.宇宙飞船
hazy	adj.雾蒙蒙的，朦胧的，模糊的，不清楚的
swan	n.天鹅\nv.悠闲地享受，马马虎虎地做事
smallpox	n.天花
squid	n.枪乌贼，鱿鱼，见图
groin	n.腹股沟，海岸防波堤
stench	n.恶臭，臭气，歪风邪气
sabotage	n.蓄意破坏\nv.暗中破坏，故意破坏
solvent	adj.有还债 能力的\nn.溶剂
thematic	adj.主题的，专题的，题目的
crutch	n.拐杖，腋杖，拄着腋杖，支撑，依靠
dashboard	n.仪表板，见图，汽车
insensitive	adj.麻木不仁的，漠不关心的，置之不理的，没有反应的，身体无感觉的，麻木的
correctness	
puffy	adj.肿胀的，鼓起的，松软的
ingenuity	n.心灵手巧，善于创造发明，足智多谋
tally	n.账目，积分，得分\nv.符合，吻合，计算
cascade	n.小瀑布，瀑布状物\nv.瀑布似的落下，大量倾泻，向下传达，向下传授
rescuer	
geographically	
Baltic	
foreseeable	adj.在可预见的将来，不久，很快，可预料的，很可能发生的
conscientious	adj.勤勉认真的，细心负责的
charisma	n.个人魅力，感召力
Diaspora	n.大流散，大移居
baptism	n.洗礼，浸礼，火的洗礼，初次的痛苦经历
subtitle	n.字幕，副标题，小标题
composting	
retribution	n.严厉的惩罚
budding	adj.崭露头角的艺术家，演员，作家等，开始发展的
parochial	adj.只关心本地区的，教区的
stony	adj.铺着石头的，多石的，石质的，冷酷的，无情的
Caucasian	n.白种人，高加索人
totality	n.整体，全部，总数，总额
bloodshed	n.流血事件，杀戮，残杀
decry	v.反对，谴责
apprehend	v.逮捕，拘捕，了解，明白
fennel	n.茴香，见图
shaman	n.萨满教巫师
coupling	n.挂钩，连接装置，连接，联结，结合，交配，交媾
shawl	n.披巾，披肩大围巾
predominant	adj.占优势的，占主导地位的，最普遍的，最显著［突出］的
tyrant	n.暴君，专制君主，暴君似的人，专横的人
reliably	
peddle	v.售卖，兜售，散布，兜售
depletion	
transcendent	adj.超常的，卓越的，出类拔萃的
tremor	n.轻微地震，小震，微震，颤抖，发抖
sinking	
worrisome	adj.令人焦虑的
solidly	
unheard	adj.没被听到的，没人倾听的
occupancy	n.使用人数，占用人数，占用 ，居住
planter	n.花盆，种植园主，种植园管理者，插秧机
stormy	adj.暴风雨的，充满激烈情绪的，波涛汹涌的
subjectivity	
fastball	n.快球
knack	n.技能，本领，有做某事的习惯，搭配
instructive	adj.有教育意义的，有启发性的，增长知识的
languish	v.被迫滞留，受煎熬，变得衰弱，未能取得进展
serpent	n.蛇
fiddle	n.小提琴，欺诈，欺骗行为，难做，费事\nv.不停拨弄，篡改，伪造，造假账，拉小提琴
commotion	n.突然的混乱，喧闹
Frenchman	n.法国男人
stretcher	n.担架，担架床，见图\nv.用担架抬送
bask	v.晒太阳，取暖，沐浴在阳光中，沉浸在
animosity	n.憎恶，仇恨，敌意
predictably	
airwaves	n.广播和电视节目
incomprehensible	adj.难懂的，不可理解的
easel	n.画架，见图
flawless	adj.无缺点的，无痕的，无瑕的，完美的
staunch	adj.坚定的，忠实可靠的\nv.止住的流出，使止血
spasm	n.痉挛，抽搐，背部，肩部，喉咙等痉挛
streamline	v.精简，简化…使效率更高，使…成为流线型
staging	n.演出，临时工作台，脚手架
squander	v.浪费，挥霍
discontinue	v.停止，中断，终止
beggar	n.乞丐，叫花子，幸运，懒惰，无礼等的家伙\nv.无法形容，相信，使变穷，使贫穷
medic	n.医生，医科学生，随军卫生员
intestine	n.肠
etiquette	n.礼仪，礼节
segregated	adj.分开的，隔离的
tripod	n.三脚架，见图
prematurely	
caress	n.爱抚，抚摸，亲吻\nv.爱抚，抚摸，轻触，轻拍
shutdown	n.停工，歇业，停机
miraculously	
fruitful	adj.富有成效的，多产的，丰饶的
medicinal	adj.有疗效的，有药效的，为了药用，药用的，药的
wicker	n.干枝条，干柳条，芦苇秆
ketchup	n.番茄酱
impatiently	
matchup	
restroom	
crushing	adj.惨重的，使人难以承受的，强烈批评的
immature	adj.不成熟的，幼稚的，发育未全的
thirds	
dishwasher	n.洗碗机，洗碗工，洗碟工
harshly	
junkie	n.吸毒成瘾者，有毒瘾者，瘾君子，电视迷，体育迷等
hobble	v.跛行，一瘸一拐地走，妨碍，捆缚的腿
prognosis	n.预后，预断，预测，展望
intermediary	n.调解人，中间人
Bourbon	n.波旁威士忌酒
bruised	
queer	adj.同性恋的，奇怪的，难以解释的，脑子有问题的\nn.同性恋者\nv.破坏 某人的计划
deportation	
fraught	adj.充满问题，困难，危险等，焦虑不安的
pathologist	
riddle	n.谜，谜语，谜团，奥秘，费解之事，打哑谜，粗筛\nv.在…上弄许多小洞，摇动使灰落下
squeal	n.长而尖锐的声音\nv.发出长而尖锐的声音，用长而尖的声音说，举报，告密
appellate	
galactic	adj.星系的
inadequacy	n.不够好，不胜任，不足，欠缺，缺点，不足之处
dribble	n.口水，少量某物，运球，带球\nv.流口水，垂涎，使从口中淌出，慢慢滴淌，运，带
perceptual	
negligence	n.疏忽，玩忽职守
volatility	
cheekbone	n.颧骨，颊骨
silky	adj.丝一般柔软光亮的，丝制的，丝绸的，柔和的，轻柔的
torrent	n.湍流，急流，连珠炮似的话语
tort	n.民事侵权行为
locomotive	adj.与运动有关的\nn.机车，火车头
unconsciously	
weakly	
primal	adj.原始的，本能的
